id;name;surname;patronymic;course;enrollmentDate;group;faculty;speciality;studyForm;status;email;phone;dateOfBirth;age


st20250001;Vitalina;Bachynska;Serhiivna;1;2025-09-01;1;f001;sp001;BUDGET;ACTIVE;v.bachynska@ukma.edu.ua;+380503809944;2006-04-12;19
st20250002;Daria;Bobko;Ihorivna;1;2025-09-01;1;f001;sp001;BUDGET;ACTIVE;d.bobko@ukma.edu.ua;+380503809945;2007-08-23;18
st20250003;Ivan;Bozhenko;Ihorovych;1;2025-09-01;1;f001;sp001;BUDGET;ACTIVE;i.bozhenko@ukma.edu.ua;+380503809946;2006-11-05;18
st20250004;Hordii;Bondarenko;Serhiiovych;1;2025-09-01;1;f001;sp001;BUDGET;ACTIVE;h.bondarenko@ukma.edu.ua;+380503809947;2007-01-14;18
st20250005;Sofiia;Bordachenko;Oleksandrivna;1;2025-09-01;1;f001;sp001;BUDGET;ACTIVE;s.bordachenko@ukma.edu.ua;+380503809948;2006-09-30;18
st20250006;Veronika;Burmetska;Valentynivna;1;2025-09-01;1;f001;sp001;BUDGET;ACTIVE;v.burmetska@ukma.edu.ua;+380503809949;2007-05-18;18
st20250007;Mykola;Vashchuk;Volodymyrovych;1;2025-09-01;1;f001;sp001;BUDGET;ACTIVE;m.vashchuk@ukma.edu.ua;+380503809950;2006-03-22;19
st20250008;Yurii;Voloshanovych;Kostiantynovych;1;2025-09-01;1;f001;sp001;BUDGET;ACTIVE;y.voloshanovych@ukma.edu.ua;+380503809951;2007-12-11;17
st20250009;Artem;Voloshchenko;Oleksiiovych;1;2025-09-01;1;f001;sp001;BUDGET;ACTIVE;a.voloshchenko@ukma.edu.ua;+380503809952;2006-07-07;19
st20250010;Roman;Hvozdik;Andriiovych;1;2025-09-01;1;f001;sp001;BUDGET;ACTIVE;r.hvozdik@ukma.edu.ua;+380503809953;2007-02-28;18
st20250011;Nikita;Hella;Serhiiovych;1;2025-09-01;1;f001;sp001;BUDGET;ACTIVE;n.hella@ukma.edu.ua;+380503809954;2006-10-15;18
st20250012;Ihor;Hordiienko;Volodymyrovych;1;2025-09-01;2;f001;sp001;BUDGET;ACTIVE;i.hordiienko@ukma.edu.ua;+380503809955;2007-06-04;18
st20250013;Arsenii;Hrokh;Mykolaiovych;1;2025-09-01;2;f001;sp001;CONTRACT;ACTIVE;a.hrokh@ukma.edu.ua;+380503809956;2006-01-20;19
st20250014;Maksym;Demkiv;Romanovych;1;2025-09-01;2;f001;sp001;BUDGET;ACTIVE;m.demkiv@ukma.edu.ua;+380503809957;2007-09-12;17
st20250015;Vadim;Dudar;Andriiovych;1;2025-09-01;2;f001;sp001;BUDGET;ACTIVE;v.dudar@ukma.edu.ua;+380503809958;2006-08-08;19
st20250016;Diana;Yezovit;Maksymivna;1;2025-09-01;2;f001;sp001;BUDGET;ACTIVE;d.yezovit@ukma.edu.ua;+380503809959;2007-04-01;18
st20250017;Oleksandr;Zaionchkivskyi;Volodymyrovych;1;2025-09-01;2;f001;sp001;BUDGET;ACTIVE;o.zaionchkivskyi@ukma.edu.ua;+380503809960;2006-12-25;18
st20250018;Mariia;Zanko;Andriivna;1;2025-09-01;2;f001;sp001;CONTRACT;ACTIVE;m.zanko@ukma.edu.ua;+380503809961;2007-11-18;17
st20250019;Andrii;Zaiats;Serhiiovych;1;2025-09-01;2;f001;sp001;BUDGET;ACTIVE;a.zaiats@ukma.edu.ua;+380503809962;2006-05-09;19
st20250020;Illia;Kabysh;Anatoliiovych;1;2025-09-01;2;f001;sp001;BUDGET;ACTIVE;i.kabysh@ukma.edu.ua;+380503809963;2007-03-27;18
st20250021;Daryna;Kazmirchuk;Vasylivna;1;2025-09-01;2;f001;sp001;BUDGET;ACTIVE;d.kazmirchuk@ukma.edu.ua;+380503809964;2006-02-14;19
st20250022;Sofiia;Karachentseva;Oleksiivna;1;2025-09-01;2;f001;sp001;CONTRACT;ACTIVE;s.karachentseva@ukma.edu.ua;+380503809965;2007-07-21;18
st20250023;Denys;Kolisnyk;Maksymovych;1;2025-09-01;3;f001;sp001;BUDGET;ACTIVE;d.kolisnyk@ukma.edu.ua;+380503809966;2006-09-05;18
st20250024;Sofiia;Korzh;Olehivna;1;2025-09-01;3;f001;sp001;BUDGET;ACTIVE;s.korzh@ukma.edu.ua;+380503809967;2007-01-30;18
st20250025;Andrii;Korotkov;Kostiantynovych;1;2025-09-01;3;f001;sp001;BUDGET;ACTIVE;a.korotkov@ukma.edu.ua;+380503809968;2006-11-12;18
st20250026;Stanislav;Koshynskyi;Mykhailovych;1;2025-09-01;3;f001;sp001;BUDGET;ACTIVE;s.koshynskyi@ukma.edu.ua;+380503809969;2007-08-04;18
st20250027;Bohdan;Kravchuk;Tarasovych;1;2025-09-01;3;f001;sp001;BUDGET;ACTIVE;b.kravchuk@ukma.edu.ua;+380503809970;2006-04-19;19
st20250028;Andrii;Kurliak;Yuriiovych;1;2025-09-01;3;f001;sp001;BUDGET;ACTIVE;a.kurliak@ukma.edu.ua;+380503809971;2007-10-09;17
st20250029;Kateryna;Lavruk;Serhiivna;1;2025-09-01;3;f001;sp001;BUDGET;ACTIVE;k.lavruk@ukma.edu.ua;+380503809972;2006-06-25;19
st20250030;Ivan;Lastivka;Ivanovych;1;2025-09-01;3;f001;sp001;BUDGET;ACTIVE;i.lastivka@ukma.edu.ua;+380503809973;2007-02-05;18
st20250031;Sofiia;Leshchenko;Anatoliivna;1;2025-09-01;3;f001;sp001;BUDGET;ACTIVE;s.leshchenko@ukma.edu.ua;+380503809974;2006-01-11;19
st20250032;Kira;Liatambur;Dmytrivna;1;2025-09-01;3;f001;sp001;BUDGET;ACTIVE;k.liatambur@ukma.edu.ua;+380503809975;2007-05-29;18
st20250033;Oleksandr;Maletskyi;Viktorovych;1;2025-09-01;3;f001;sp001;BUDGET;ACTIVE;o.maletskyi@ukma.edu.ua;+380503809976;2006-12-02;18
st20250034;Anna;Martazina;Serhiivna;1;2025-09-01;4;f001;sp001;BUDGET;ACTIVE;a.martazina@ukma.edu.ua;+380503809977;2007-09-17;17
st20250035;Rostyslav;Masiian;Ivanovych;1;2025-09-01;4;f001;sp001;BUDGET;ACTIVE;r.masiian@ukma.edu.ua;+380503809978;2006-08-22;19
st20250036;Anna;Matiashchuk;Serhiivna;1;2025-09-01;4;f001;sp001;BUDGET;ACTIVE;a.matiashchuk@ukma.edu.ua;+380503809979;2007-03-08;18
st20250037;Viacheslav;Mokliak;Serhiiovych;1;2025-09-01;4;f001;sp001;BUDGET;ACTIVE;v.mokliak@ukma.edu.ua;+380503809980;2006-10-31;18
st20250038;Mykhailo;Nekhai;Ihorovych;1;2025-09-01;4;f001;sp001;BUDGET;ACTIVE;m.nekhai@ukma.edu.ua;+380503809981;2007-07-14;18
st20250039;Artur;Nikolaichuk;Kyrylovych;1;2025-09-01;4;f001;sp001;BUDGET;ACTIVE;a.nikolaichuk@ukma.edu.ua;+380503809982;2006-05-03;19
st20250040;Oleksandr;Obrazhei;Valeriiovych;1;2025-09-01;4;f001;sp001;BUDGET;ACTIVE;o.obrazhei@ukma.edu.ua;+380503809983;2007-11-26;17
st20250041;Hlib;Piatachenko;Oleksandrovych;1;2025-09-01;4;f001;sp001;BUDGET;ACTIVE;h.piatachenko@ukma.edu.ua;+380503809984;2006-02-18;19
st20250042;Viktoriia;Polishchuk;Yuriivna;1;2025-09-01;4;f001;sp001;BUDGET;ACTIVE;v.polishchuk@ukma.edu.ua;+380503809985;2007-04-10;18
st20250043;Krystyna;Popkova;Viacheslavivna;1;2025-09-01;4;f001;sp001;CONTRACT;ACTIVE;k.popkova@ukma.edu.ua;+380503809986;2006-12-08;18
st20250044;Dmytro;Poplavskyi;Viktorovych;1;2025-09-01;5;f001;sp001;CONTRACT;ACTIVE;d.poplavskyi@ukma.edu.ua;+380503809987;2007-08-16;18
st20250045;Veronika;Prosvirkin;Oleksandrivna;1;2025-09-01;5;f001;sp001;BUDGET;ACTIVE;v.prosvirkin@ukma.edu.ua;+380503809988;2006-06-02;19
st20250046;Mykhailo;Pulov;Volodymyrovych;1;2025-09-01;5;f001;sp001;BUDGET;ACTIVE;m.pulov@ukma.edu.ua;+380503809989;2007-01-22;18
st20250047;Dariia;Radko;Oleksandrivna;1;2025-09-01;5;f001;sp001;BUDGET;ACTIVE;d.radko@ukma.edu.ua;+380503809990;2006-09-14;18
st20250048;Vladyslav;Rezanov;Yevhenovych;1;2025-09-01;5;f001;sp001;CONTRACT;ACTIVE;v.rezanov@ukma.edu.ua;+380503809991;2007-10-28;17
st20250049;Nikita;Riznyk;Yuriiovych;1;2025-09-01;5;f001;sp001;BUDGET;ACTIVE;n.riznyk@ukma.edu.ua;+380503809992;2006-03-05;19
st20250050;Sofiia;Samoilych;Oleksandrivna;1;2025-09-01;5;f001;sp001;BUDGET;ACTIVE;s.samoilych@ukma.edu.ua;+380503809993;2007-05-11;18
st20250051;Maksym;Sviatun;Oleksandrovych;1;2025-09-01;5;f001;sp001;BUDGET;ACTIVE;m.sviatun@ukma.edu.ua;+380503809994;2006-11-20;18
st20250052;Tetiana;Soltys;Mykolaivna;1;2025-09-01;5;f001;sp001;BUDGET;ACTIVE;t.soltys@ukma.edu.ua;+380503809995;2007-07-03;18
st20250053;Daria;Trukhan;Romanivna;1;2025-09-01;5;f001;sp001;BUDGET;ACTIVE;d.trukhan@ukma.edu.ua;+380503809996;2006-01-29;19
st20250054;Oleksandra;Flomboim;Oleksiivna;1;2025-09-01;6;f001;sp001;BUDGET;ACTIVE;o.flomboim@ukma.edu.ua;+380503809997;2007-02-15;18
st20250055;Anastasiia;Khmara;Yuriivna;1;2025-09-01;6;f001;sp001;BUDGET;ACTIVE;a.khmara@ukma.edu.ua;+380503809998;2006-08-01;19
st20250056;Anastasiia;Shapoval;Oleksandrivna;1;2025-09-01;6;f001;sp001;BUDGET;ACTIVE;a.shapoval@ukma.edu.ua;+380503809999;2007-09-08;17
st20250057;Mykhailo;Shaposhnikov;Artemii Pavlovych;1;2025-09-01;6;f001;sp001;BUDGET;ACTIVE;m.shaposhnikov@ukma.edu.ua;+380503810000;2006-12-13;18
st20250058;Damir;Shakhin-Krupchan;Hiunaiovych;1;2025-09-01;6;f001;sp001;CONTRACT;ACTIVE;d.shakhin-krupchan@ukma.edu.ua;+380503810001;2007-04-26;18
st20250059;Anhelina;Shepetiuk;Artemivna;1;2025-09-01;6;f001;sp001;BUDGET;ACTIVE;a.shepetiuk@ukma.edu.ua;+380503810002;2006-06-18;19
st20250060;Anastasiia;Shkarovska;Serhiivna;1;2025-09-01;6;f001;sp001;BUDGET;ACTIVE;a.shkarovska@ukma.edu.ua;+380503810003;2007-11-09;17
st20250061;Anna;Shkut;Serhiivna;1;2025-09-01;6;f001;sp001;CONTRACT;ACTIVE;a.shkut@ukma.edu.ua;+380503810004;2006-03-10;19
st20250062;Yehor;Shcheholev;Tymofiiovych;1;2025-09-01;6;f001;sp001;CONTRACT;ACTIVE;y.shcheholev@ukma.edu.ua;+380503810005;2007-08-27;18
st20250063;Anastasiia;Yatskevych;Ivanivna;1;2025-09-01;6;f001;sp001;CONTRACT;ACTIVE;a.yatskevych@ukma.edu.ua;+380503810006;2006-01-05;19


st20250064;Rinata;Abdurakhimova;Rashidivna;1;2025-09-01;1;f001;sp002;BUDGET;ACTIVE;r.abdurakhimova@ukma.edu.ua;+380503809944;2006-03-12;19
st20250065;Volodymyr;Antosiuk;Serhiiovych;1;2025-09-01;1;f001;sp002;BUDGET;ACTIVE;v.antosiuk@ukma.edu.ua;+380503809945;2007-11-20;17
st20250066;Polina;Astrashenok;Ihorivna;1;2025-09-01;1;f001;sp002;BUDGET;ACTIVE;p.astrashenok@ukma.edu.ua;+380503809946;2006-05-08;19
st20250067;Kira;Babych;Oleksiivna;1;2025-09-01;1;f001;sp002;BUDGET;ACTIVE;k.babych@ukma.edu.ua;+380503809947;2007-01-14;18
st20250068;Vladyslav;Badion;Ruslanovych;1;2025-09-01;1;f001;sp002;BUDGET;ACTIVE;v.badion@ukma.edu.ua;+380503809948;2006-08-30;19
st20250069;Danylo;Beha;Volodymyrovych;1;2025-09-01;1;f001;sp002;BUDGET;ACTIVE;d.beha@ukma.edu.ua;+380503809949;2007-04-22;18
st20250070;Ivan;Bohatyrchuk;Ihorovych;1;2025-09-01;1;f001;sp002;CONTRACT;ACTIVE;i.bohatyrchuk@ukma.edu.ua;+380503809950;2006-12-05;18
st20250071;Yuliana;Briukhovetska;Bohdanivna;1;2025-09-01;1;f001;sp002;BUDGET;ACTIVE;y.briukhovetska@ukma.edu.ua;+380503809951;2007-09-11;17
st20250072;Inna;Burdeina;Ihorivna;1;2025-09-01;1;f001;sp002;BUDGET;ACTIVE;i.burdeina@ukma.edu.ua;+380503809952;2006-10-27;18
st20250073;Artem;Haidiay;Ihorovych;1;2025-09-01;2;f001;sp002;CONTRACT;ACTIVE;a.haidiay@ukma.edu.ua;+380503809953;2007-02-16;18
st20250074;Danylo;Hamza;Volodymyrovych;1;2025-09-01;2;f001;sp002;BUDGET;ACTIVE;d.hamza@ukma.edu.ua;+380503809954;2006-07-03;19
st20250075;Yulianna;Hnatiuk;Liubomyrivna;1;2025-09-01;2;f001;sp002;BUDGET;ACTIVE;y.hnatiuk@ukma.edu.ua;+380503809955;2007-05-19;18
st20250076;Maksym;Hryhorenko;Yuriiovych;1;2025-09-01;2;f001;sp002;CONTRACT;ACTIVE;m.hryhorenko@ukma.edu.ua;+380503809956;2006-09-24;18
st20250077;Bohdan;Hrytsenko;Oleksandrovych;1;2025-09-01;2;f001;sp002;CONTRACT;ACTIVE;b.hrytsenko@ukma.edu.ua;+380503809957;2007-03-31;18
st20250078;Kseniia;Hunaza;Olekhivna;1;2025-09-01;2;f001;sp002;BUDGET;ACTIVE;k.hunaza@ukma.edu.ua;+380503809958;2006-01-09;19
st20250079;Artem;Diatlov;Oleksandrovych;1;2025-09-01;2;f001;sp002;BUDGET;ACTIVE;a.diatlov@ukma.edu.ua;+380503809959;2007-11-04;17
st20250080;Kristina;Ivanenko;Ihorivna;1;2025-09-01;2;f001;sp002;CONTRACT;ACTIVE;k.ivanenko@ukma.edu.ua;+380503809960;2006-08-21;19
st20250081;Olha;Ivanyna;Oleksandrivna;1;2025-09-01;2;f001;sp002;CONTRACT;ACTIVE;o.ivanyna@ukma.edu.ua;+380503809961;2007-06-15;18
st20250082;Andrii;Ziulkovskyi;Denysovych;1;2025-09-01;2;f001;sp002;BUDGET;ACTIVE;a.ziulkovskyi@ukma.edu.ua;+380503809962;2006-04-30;19
st20250083;Daria;Kolomoiets;Oleksandrivna;1;2025-09-01;3;f001;sp002;BUDGET;ACTIVE;d.kolomoiets@ukma.edu.ua;+380503809963;2007-10-12;17
st20250084;Artem;Kondratenko;Vitaliiovych;1;2025-09-01;3;f001;sp002;BUDGET;ACTIVE;a.kondratenko@ukma.edu.ua;+380503809964;2006-02-28;19
st20250085;Polina;Kostiuk;Vasylivna;1;2025-09-01;3;f001;sp002;BUDGET;ACTIVE;p.kostiuk@ukma.edu.ua;+380503809965;2007-07-07;18
st20250086;Varvara;Kreiman;Serhiivna;1;2025-09-01;3;f001;sp002;BUDGET;ACTIVE;v.kreiman@ukma.edu.ua;+380503809966;2006-11-19;18
st20250087;Mariia;Krysa;Orestivna;1;2025-09-01;3;f001;sp002;BUDGET;ACTIVE;m.krysa@ukma.edu.ua;+380503809967;2007-05-23;18
st20250088;Yevheniia;Kriuchko;Denysivna;1;2025-09-01;3;f001;sp002;BUDGET;ACTIVE;y.kriuchko@ukma.edu.ua;+380503809968;2006-01-04;19
st20250089;Mykhailo;Kurta;Mykolaiovych;1;2025-09-01;3;f001;sp002;BUDGET;ACTIVE;m.kurta@ukma.edu.ua;+380503809969;2007-09-29;17
st20250090;Anton;Markov;Olehovych;1;2025-09-01;3;f001;sp002;CONTRACT;ACTIVE;a.markov@ukma.edu.ua;+380503809970;2006-12-14;18
st20250091;Illia;Martyniuk;Serhiiovych;1;2025-09-01;3;f001;sp002;CONTRACT;ACTIVE;i.martyniuk@ukma.edu.ua;+380503809971;2007-03-08;18
st20250092;Bohdan;Martynov;Denysovych;1;2025-09-01;3;f001;sp002;BUDGET;ACTIVE;b.martynov@ukma.edu.ua;+380503809972;2006-06-21;19
st20250093;Viktoriia;Matiitso;Volodymyrivna;1;2025-09-01;4;f001;sp002;BUDGET;ACTIVE;v.matiitso@ukma.edu.ua;+380503809973;2007-11-28;17
st20250094;Ihor;Movchan;Mykolaiovych;1;2025-09-01;4;f001;sp002;BUDGET;ACTIVE;i.movchan@ukma.edu.ua;+380503809974;2006-04-15;19
st20250095;Oleksandra;Muratova;Ihorivna;1;2025-09-01;4;f001;sp002;BUDGET;ACTIVE;o.muratova@ukma.edu.ua;+380503809975;2007-08-01;18
st20250096;Ivan;Mialkovskyi;Danylovych;1;2025-09-01;4;f001;sp002;BUDGET;ACTIVE;i.mialkovskyi@ukma.edu.ua;+380503809976;2006-02-11;19
st20250097;Volodymyr;Nikolaiev;Yevhenovych;1;2025-09-01;4;f001;sp002;BUDGET;ACTIVE;v.nikolaiev@ukma.edu.ua;+380503809977;2007-07-25;18
st20250098;Yaroslav;Palamarchuk;Pavlovych;1;2025-09-01;4;f001;sp002;BUDGET;ACTIVE;y.palamarchuk@ukma.edu.ua;+380503809978;2006-10-30;18
st20250099;Alina;Parashchii;Oleksandrivna;1;2025-09-01;4;f001;sp002;BUDGET;ACTIVE;a.parashchii@ukma.edu.ua;+380503809979;2007-05-14;18
st20250100;Daria;Perepelytsia;Hennadiivna;1;2025-09-01;4;f001;sp002;BUDGET;ACTIVE;d.perepelytsia@ukma.edu.ua;+380503809980;2006-12-02;18
st20250101;Kostiantyn;Pozharov;Serhiiovych;1;2025-09-01;4;f001;sp002;BUDGET;ACTIVE;k.pozharov@ukma.edu.ua;+380503809981;2007-09-05;17
st20250102;Sofiia;Prutska;Ihorivna;1;2025-09-01;4;f001;sp002;BUDGET;ACTIVE;s.prutska@ukma.edu.ua;+380503809982;2006-03-27;19
st20250103;Khrystyna;Revchuk;Yevheniivna;1;2025-09-01;5;f001;sp002;BUDGET;ACTIVE;k.revchuk@ukma.edu.ua;+380503809983;2007-11-15;17
st20250104;Ivan;Rudniev;Yevhenovych;1;2025-09-01;5;f001;sp002;CONTRACT;ACTIVE;i.rudniev@ukma.edu.ua;+380503809984;2006-04-06;19
st20250105;Beata;Skvortsova;Olekhivna;1;2025-09-01;5;f001;sp002;BUDGET;ACTIVE;b.skvortsova@ukma.edu.ua;+380503809985;2007-08-22;18
st20250106;Marta;Skvortsova;Olekhivna;1;2025-09-01;5;f001;sp002;BUDGET;ACTIVE;m.skvortsova@ukma.edu.ua;+380503809986;2006-01-18;19
st20250107;Oleksii;Solovar;Maksymovych;1;2025-09-01;5;f001;sp002;CONTRACT;ACTIVE;o.solovar@ukma.edu.ua;+380503809987;2007-05-01;18
st20250108;Mariia;Soshko;Ihorivna;1;2025-09-01;5;f001;sp002;BUDGET;ACTIVE;m.soshko@ukma.edu.ua;+380503809988;2006-10-10;18
st20250109;Uliana;Tanchuk;Hennadiivna;1;2025-09-01;5;f001;sp002;BUDGET;ACTIVE;u.tanchuk@ukma.edu.ua;+380503809989;2007-03-14;18
st20250110;Oleh;Tretiak;Oleksandrovych;1;2025-09-01;5;f001;sp002;BUDGET;ACTIVE;o.tretiak@ukma.edu.ua;+380503809990;2006-11-02;18
st20250111;Nikita;Fedorov;Antonovych;1;2025-09-01;5;f001;sp002;CONTRACT;ACTIVE;n.fedorov@ukma.edu.ua;+380503809991;2007-07-19;18
st20250112;Yelyzaveta;Freilikhman;Yevheniivna;1;2025-09-01;5;f001;sp002;CONTRACT;ACTIVE;y.freilikhman@ukma.edu.ua;+380503809992;2006-06-26;19
st20250113;Anastasiia;Khaminova;Andriivna;1;2025-09-01;6;f001;sp002;BUDGET;ACTIVE;a.khaminova@ukma.edu.ua;+380503809993;2007-12-09;17
st20250114;Arina;Khmel;Andriivna;1;2025-09-01;6;f001;sp002;BUDGET;ACTIVE;a.khmel@ukma.edu.ua;+380503809994;2006-09-01;19
st20250115;Kateryna;Khominich;Ihorivna;1;2025-09-01;6;f001;sp002;BUDGET;ACTIVE;k.khominich@ukma.edu.ua;+380503809995;2007-04-12;18
st20250116;Oleksandra;Chumachenko;Viacheslavivna;1;2025-09-01;6;f001;sp002;CONTRACT;ACTIVE;o.chumachenko@ukma.edu.ua;+380503809996;2006-02-15;19
st20250117;Andrii;Shehynskyi;Andriiovych;1;2025-09-01;6;f001;sp002;BUDGET;ACTIVE;a.shehynskyi@ukma.edu.ua;+380503809997;2007-01-28;18
st20250118;Vladyslava;Shtompil;Yuriivna;1;2025-09-01;6;f001;sp002;CONTRACT;ACTIVE;v.shtompil@ukma.edu.ua;+380503809998;2006-07-11;19
st20250119;Mykhailo;Shcherbak;Antonovych;1;2025-09-01;6;f001;sp002;CONTRACT;ACTIVE;m.shcherbak@ukma.edu.ua;+380503809999;2007-11-02;17


st20250120;Arsenii;Bakhmetov;Ruslanovych;1;2025-09-01;1;f001;sp003;CONTRACT;ACTIVE;a.bakhmetov@ukma.edu.ua;+380503809944;2007-03-12;18
st20250121;Oleksandra;Bezsmertna;Vladyslavivna;1;2025-09-01;1;f001;sp003;BUDGET;ACTIVE;o.bezsmertna@ukma.edu.ua;+380503809945;2006-11-20;18
st20250122;Artem;Vasylevych;Maksymovych;1;2025-09-01;1;f001;sp003;BUDGET;ACTIVE;a.vasylevych@ukma.edu.ua;+380503809946;2007-05-08;18
st20250123;Bohdan;Vlasenko;Mykhailovych;1;2025-09-01;1;f001;sp003;CONTRACT;ACTIVE;b.vlasenko@ukma.edu.ua;+380503809947;2006-08-14;19
st20250124;Illia;Hlazunov;Volodymyrovych;1;2025-09-01;2;f001;sp003;CONTRACT;ACTIVE;i.hlazunov@ukma.edu.ua;+380503809948;2007-02-22;18
st20250125;Myroslav;Horshkov;Dmytrovych;1;2025-09-01;2;f001;sp003;BUDGET;ACTIVE;m.horshkov@ukma.edu.ua;+380503809949;2006-12-05;18
st20250126;Oleksandr;Datsenko;Ruslanovych;1;2025-09-01;2;f001;sp003;CONTRACT;ACTIVE;o.datsenko@ukma.edu.ua;+380503809950;2007-09-11;17
st20250127;Petro;Zoria;Ruslanovych;1;2025-09-01;2;f001;sp003;CONTRACT;ACTIVE;p.zoria@ukma.edu.ua;+380503809951;2006-10-27;18
st20250128;Arina;Kuznietsova;Volodymyrivna;1;2025-09-01;3;f001;sp003;CONTRACT;ACTIVE;a.kuznietsova@ukma.edu.ua;+380503809952;2007-04-16;18
st20250129;Denys;Krotov;Yevhenovych;1;2025-09-01;3;f001;sp003;CONTRACT;ACTIVE;d.krotov@ukma.edu.ua;+380503809953;2006-07-03;19
st20250130;Matvii;Levchenko;Yevhenovych;1;2025-09-01;3;f001;sp003;CONTRACT;ACTIVE;m.levchenko@ukma.edu.ua;+380503809954;2007-05-19;18
st20250131;Maksym;Levytskyi;Mykhailovych;1;2025-09-01;3;f001;sp003;BUDGET;ACTIVE;m.levytskyi@ukma.edu.ua;+380503809955;2006-09-24;18
st20250132;Dmytro;Lishylenko;Mykolaiovych;1;2025-09-01;4;f001;sp003;CONTRACT;ACTIVE;d.lishylenko@ukma.edu.ua;+380503809956;2007-03-31;18
st20250133;Ivan;Martyniuk;Mykhailovych;1;2025-09-01;4;f001;sp003;CONTRACT;ACTIVE;i.martyniuk@ukma.edu.ua;+380503809957;2006-01-09;19
st20250134;Polina;Moskalenko;Oleksandrivna;1;2025-09-01;4;f001;sp003;CONTRACT;ACTIVE;p.moskalenko@ukma.edu.ua;+380503809958;2007-11-04;17
st20250135;Mykhailo;Nurmakhamedov;Maksymovych;1;2025-09-01;4;f001;sp003;BUDGET;ACTIVE;m.nurmakhamedov@ukma.edu.ua;+380503809959;2006-08-21;19
st20250136;Illia;Osipov;Andriiovych;1;2025-09-01;5;f001;sp003;CONTRACT;ACTIVE;i.osipov@ukma.edu.ua;+380503809960;2007-06-15;18
st20250137;Yuliia;Skorobohach;Romanivna;1;2025-09-01;5;f001;sp003;CONTRACT;ACTIVE;y.skorobohach@ukma.edu.ua;+380503809961;2006-04-30;19
st20250138;Maksym;Smetaniuk;Viktorovych;1;2025-09-01;5;f001;sp003;CONTRACT;ACTIVE;m.smetaniuk@ukma.edu.ua;+380503809962;2007-10-12;17
st20250139;Vladyslav;Smyrnov;Oleksandrovych;1;2025-09-01;5;f001;sp003;CONTRACT;ACTIVE;v.smyrnov@ukma.edu.ua;+380503809963;2006-02-28;19
st20250140;Danylo;Sokolovskyi;Vitaliiovych;1;2025-09-01;6;f001;sp003;CONTRACT;ACTIVE;d.sokolovskyi@ukma.edu.ua;+380503809964;2007-07-07;18
st20250141;Kyrylo;Fedorov;Yuriiovych;1;2025-09-01;6;f001;sp003;CONTRACT;ACTIVE;k.fedorov@ukma.edu.ua;+380503809965;2006-11-19;18
st20250142;Ostap;Filatov;Oleksiiovych;1;2025-09-01;6;f001;sp003;CONTRACT;ACTIVE;o.filatov@ukma.edu.ua;+380503809966;2007-05-23;18
st20250143;Yaroslav;Khalaim;Yevhenovych;1;2025-09-01;6;f001;sp003;CONTRACT;ACTIVE;y.khalaim@ukma.edu.ua;+380503809967;2006-01-04;19
st20250144;Ivan;Yanhol;Tarasovych;1;2025-09-01;6;f001;sp003;CONTRACT;ACTIVE;i.yanhol@ukma.edu.ua;+380503809968;2007-09-29;17


st20250145;Sofiia;Anopko;Oleksiivna;1;2025-09-01;1;f001;sp004;BUDGET;ACTIVE;s.anopko@ukma.edu.ua;+380503809969;2006-03-22;19
st20250146;Anastasiia;Bezkorovaina;Artemivna;1;2025-09-01;1;f001;sp004;BUDGET;ACTIVE;a.bezkorovaina@ukma.edu.ua;+380503809970;2007-08-11;18
st20250147;Margarita;Bondarenko;Serhiiivna;1;2025-09-01;1;f001;sp004;BUDGET;ACTIVE;m.bondarenko@ukma.edu.ua;+380503809971;2006-05-14;19
st20250148;Ilona;Vydyborets;Ihorivna;1;2025-09-01;1;f001;sp004;BUDGET;ACTIVE;i.vydyborets@ukma.edu.ua;+380503809972;2007-02-28;18
st20250149;Artem;Horbunov;Romanovych;1;2025-09-01;1;f001;sp004;BUDGET;ACTIVE;a.horbunov@ukma.edu.ua;+380503809973;2006-12-05;18
st20250150;Hryhorii;Dolmazov;Mykolaiovych;1;2025-09-01;2;f001;sp004;BUDGET;ACTIVE;h.dolmazov@ukma.edu.ua;+380503809974;2007-04-19;18
st20250151;Heorhii;Zubenko;Denysovych;1;2025-09-01;2;f001;sp004;BUDGET;ACTIVE;h.zubenko@ukma.edu.ua;+380503809975;2006-11-20;18
st20250152;Veronika;Kachai;Ruslanivna;1;2025-09-01;2;f001;sp004;BUDGET;ACTIVE;v.kachai@ukma.edu.ua;+380503809976;2007-09-11;17
st20250153;Roman;Kysil;Yuriiovych;1;2025-09-01;2;f001;sp004;BUDGET;ACTIVE;r.kysil@ukma.edu.ua;+380503809977;2006-01-08;19
st20250154;Oleksandr;Kovalenko;Oleksandrovych;1;2025-09-01;2;f001;sp004;BUDGET;ACTIVE;o.kovalenko@ukma.edu.ua;+380503809978;2007-07-14;18
st20250155;Arina;Korotych;Maksymivna;1;2025-09-01;3;f001;sp004;BUDGET;ACTIVE;a.korotych@ukma.edu.ua;+380503809979;2006-10-27;18
st20250156;Daryna;Liakhovska;Yaroslavivna;1;2025-09-01;3;f001;sp004;BUDGET;ACTIVE;d.liakhovska@ukma.edu.ua;+380503809980;2007-03-31;18
st20250157;Kateryna;Markovska;;1;2025-09-01;3;f001;sp004;BUDGET;ACTIVE;k.markovska@ukma.edu.ua;+380503809981;2006-08-16;19
st20250158;Artem;Melnychenko;Romanovych;1;2025-09-01;3;f001;sp004;BUDGET;ACTIVE;a.melnychenko@ukma.edu.ua;+380503809982;2007-11-04;17
st20250159;Mariana;Mytskaniuk;Yuriivna;1;2025-09-01;3;f001;sp004;BUDGET;ACTIVE;m.mytskaniuk@ukma.edu.ua;+380503809983;2006-06-21;19
st20250160;Oleksandra;Osadcha;Pavlivna;1;2025-09-01;4;f001;sp004;BUDGET;ACTIVE;o.osadcha@ukma.edu.ua;+380503809984;2007-05-19;18
st20250161;Mariana;Pekna;Ivanivna;1;2025-09-01;4;f001;sp004;BUDGET;ACTIVE;m.pekna@ukma.edu.ua;+380503809985;2006-01-09;19
st20250162;Yelyzaveta;Perkova;Denysivna;1;2025-09-01;4;f001;sp004;CONTRACT;ACTIVE;y.perkova@ukma.edu.ua;+380503809986;2007-12-25;17
st20250163;Vladyslava;Petrenko;Serhiiivna;1;2025-09-01;4;f001;sp004;BUDGET;ACTIVE;v.petrenko@ukma.edu.ua;+380503809987;2006-04-30;19
st20250164;Vladyslav;Pokotylo;Oleksandrovych;1;2025-09-01;4;f001;sp004;BUDGET;ACTIVE;v.pokotylo@ukma.edu.ua;+380503809988;2007-10-12;17
st20250165;Oleksii;Pushkash;Andriiovych;1;2025-09-01;5;f001;sp004;BUDGET;ACTIVE;o.pushkash@ukma.edu.ua;+380503809989;2006-02-28;19
st20250166;Viacheslav;Rozputnii;Yuriiovych;1;2025-09-01;5;f001;sp004;BUDGET;ACTIVE;v.rozputnii@ukma.edu.ua;+380503809990;2007-07-07;18
st20250167;Vladyslav;Savchenko;Vadymovych;1;2025-09-01;5;f001;sp004;BUDGET;ACTIVE;v.savchenko@ukma.edu.ua;+380503809991;2006-11-19;18
st20250168;Roman;Sydorenko;Dmytrovych;1;2025-09-01;5;f001;sp004;BUDGET;ACTIVE;r.sydorenko@ukma.edu.ua;+380503809992;2007-05-23;18
st20250169;Mykhailo;Sych;Oleksandrovych;1;2025-09-01;5;f001;sp004;BUDGET;ACTIVE;m.sych@ukma.edu.ua;+380503809993;2006-01-04;19
st20250170;Stepan;Solomko;Valentynovych;1;2025-09-01;6;f001;sp004;BUDGET;ACTIVE;s.solomko@ukma.edu.ua;+380503809994;2007-09-29;17
st20250171;Oleksandr;Sorokivskyi;Andriiovych;1;2025-09-01;6;f001;sp004;BUDGET;ACTIVE;o.sorokivskyi@ukma.edu.ua;+380503809995;2006-12-14;18
st20250172;Albina;Trtovac;Islamivna;1;2025-09-01;6;f001;sp004;BUDGET;ACTIVE;a.trtovac@ukma.edu.ua;+380503809996;2007-03-08;18
st20250173;Nazar;Frolov;Dmytrovych;1;2025-09-01;6;f001;sp004;BUDGET;ACTIVE;n.frolov@ukma.edu.ua;+380503809997;2006-06-21;19
st20250174;Liudomyr;Chaikovskyi;Kostiantynovych;1;2025-09-01;6;f001;sp004;BUDGET;ACTIVE;l.chaikovskyi@ukma.edu.ua;+380503809998;2007-11-28;17
st20250175;Tamara;Shkolna;Dmytrivna;1;2025-09-01;6;f001;sp004;BUDGET;ACTIVE;t.shkolna@ukma.edu.ua;+380503809999;2006-04-15;19
st20250176;Anna;Yasinska;Valeriivna;1;2025-09-01;6;f001;sp004;BUDGET;ACTIVE;a.yasinska@ukma.edu.ua;+380503810000;2007-08-01;18


st20250177;Sofiia;Banit;Viktorivna;1;2025-09-01;1;f001;sp005;CONTRACT;ACTIVE;s.banit@ukma.edu.ua;+380503809969;2006-03-14;19
st20250178;Yurii;Bobrovnik;Serhiiovych;1;2025-09-01;1;f001;sp005;CONTRACT;ACTIVE;y.bobrovnik@ukma.edu.ua;+380503809970;2007-11-20;17
st20250179;Daryna;Bohaievska;Yuriivna;1;2025-09-01;1;f001;sp005;CONTRACT;ACTIVE;d.bohaievska@ukma.edu.ua;+380503809971;2006-05-08;19
st20250180;Daria;Burenko;Vadymivna;1;2025-09-01;1;f001;sp005;CONTRACT;ACTIVE;d.burenko@ukma.edu.ua;+380503809972;2007-01-14;18
st20250181;Timur;Bieliaienko;Oleksandrovych;1;2025-09-01;1;f001;sp005;CONTRACT;ACTIVE;t.bieliaienko@ukma.edu.ua;+380503809973;2006-08-30;19
st20250182;Dmytro;Vakh;Ruslanovych;1;2025-09-01;1;f001;sp005;CONTRACT;ACTIVE;d.vakh@ukma.edu.ua;+380503809974;2007-04-22;18
st20250183;Nikita;Velbovets;Romanovych;1;2025-09-01;2;f001;sp005;CONTRACT;ACTIVE;n.velbovets@ukma.edu.ua;+380503809975;2006-12-05;18
st20250184;Kateryna;Halych;Mykolaivna;1;2025-09-01;2;f001;sp005;CONTRACT;ACTIVE;k.halych@ukma.edu.ua;+380503809976;2007-09-11;17
st20250185;Anastasiia;Dziuba;Radyslavivna;1;2025-09-01;2;f001;sp005;CONTRACT;ACTIVE;a.dziuba@ukma.edu.ua;+380503809977;2006-10-27;18
st20250186;Nazar;Diachenko;Ihorovych;1;2025-09-01;2;f001;sp005;BUDGET;ACTIVE;n.diachenko@ukma.edu.ua;+380503809978;2007-02-16;18
st20250187;Illia;Zhelvakov;Yuriiovych;1;2025-09-01;2;f001;sp005;CONTRACT;ACTIVE;i.zhelvakov@ukma.edu.ua;+380503809979;2006-07-03;19
st20250188;Yeva;Yefimova;Ruslanivna;1;2025-09-01;2;f001;sp005;CONTRACT;ACTIVE;y.yefimova@ukma.edu.ua;+380503809980;2007-05-19;18
st20250189;Bohdan;Kobziev;Andriiovych;1;2025-09-01;3;f001;sp005;CONTRACT;ACTIVE;b.kobziev@ukma.edu.ua;+380503809981;2006-09-24;18
st20250190;Kristina;Kostyk;Denysivna;1;2025-09-01;3;f001;sp005;CONTRACT;ACTIVE;k.kostyk@ukma.edu.ua;+380503809982;2007-03-31;18
st20250191;Daria;Kryvsun;Viacheslavivna;1;2025-09-01;3;f001;sp005;CONTRACT;ACTIVE;d.kryvsun@ukma.edu.ua;+380503809983;2006-01-09;19
st20250192;Bohdan;Li;;1;2025-09-01;3;f001;sp005;CONTRACT;ACTIVE;b.li@ukma.edu.ua;+380503809984;2007-11-04;17
st20250193;Dmytro;Makarenko;Yuriiovych;1;2025-09-01;3;f001;sp005;CONTRACT;ACTIVE;d.makarenko@ukma.edu.ua;+380503809985;2006-08-21;19
st20250194;Anastasiia;Mykytiuk;Leonidivna;1;2025-09-01;3;f001;sp005;CONTRACT;ACTIVE;a.mykytiuk@ukma.edu.ua;+380503809986;2007-06-15;18
st20250195;Daria;Miroshnichenko;Oleksandrivna;1;2025-09-01;4;f001;sp005;CONTRACT;ACTIVE;d.miroshnichenko@ukma.edu.ua;+380503809987;2006-04-30;19
st20250196;Nazarii;Nazarenko;Ihorovych;1;2025-09-01;4;f001;sp005;CONTRACT;ACTIVE;n.nazarenko@ukma.edu.ua;+380503809988;2007-10-12;17
st20250197;Mykola;Novikov;Viktorovych;1;2025-09-01;4;f001;sp005;CONTRACT;ACTIVE;m.novikov@ukma.edu.ua;+380503809989;2006-02-28;19
st20250198;Borys;Petliovanyi;Leonidovych;1;2025-09-01;4;f001;sp005;CONTRACT;ACTIVE;b.petliovanyi@ukma.edu.ua;+380503809990;2007-07-07;18
st20250199;Volodymyr;Pohribnyi;Volodymyrovych;1;2025-09-01;4;f001;sp005;BUDGET;ACTIVE;v.pohribnyi@ukma.edu.ua;+380503809991;2006-11-19;18
st20250200;Daria;Pokatilova;Volodymyrivna;1;2025-09-01;4;f001;sp005;CONTRACT;ACTIVE;d.pokatilova@ukma.edu.ua;+380503809992;2007-05-23;18
st20250201;Antonii;Polovko;Ihorovych;1;2025-09-01;5;f001;sp005;CONTRACT;ACTIVE;a.polovko@ukma.edu.ua;+380503809993;2006-01-04;19
st20250202;Yurii;Ponomarenko;Yaroslavovych;1;2025-09-01;5;f001;sp005;CONTRACT;ACTIVE;y.ponomarenko@ukma.edu.ua;+380503809994;2007-09-29;17
st20250203;Marta;Prokopiuk;Liubomyrivna;1;2025-09-01;5;f001;sp005;CONTRACT;ACTIVE;m.prokopiuk@ukma.edu.ua;+380503809995;2006-12-14;18
st20250204;Mykhailo;Riabchenko;Ihorovych;1;2025-09-01;5;f001;sp005;CONTRACT;ACTIVE;m.riabchenko@ukma.edu.ua;+380503809996;2007-03-08;18
st20250205;Daria;Syniavska;Ihorivna;1;2025-09-01;5;f001;sp005;CONTRACT;ACTIVE;d.syniavska@ukma.edu.ua;+380503809997;2006-06-21;19
st20250206;Vladyslav;Skyrda;Ihorovych;1;2025-09-01;5;f001;sp005;CONTRACT;ACTIVE;v.skyrda@ukma.edu.ua;+380503809998;2007-11-28;17
st20250207;Danylo;Solovei;Romanovych;1;2025-09-01;6;f001;sp005;BUDGET;ACTIVE;d.solovei@ukma.edu.ua;+380503809999;2006-04-15;19
st20250208;Vladyslav;Stetsiuk;Volodymyrovych;1;2025-09-01;6;f001;sp005;BUDGET;ACTIVE;v.stetsiuk@ukma.edu.ua;+380503810000;2007-08-01;18
st20250209;Ivan;Ulianchenko;Mykolaiovych;1;2025-09-01;6;f001;sp005;CONTRACT;ACTIVE;i.ulianchenko@ukma.edu.ua;+380503810001;2006-12-13;18
st20250210;Vira;Yakovleva;Andriivna;1;2025-09-01;6;f001;sp005;BUDGET;ACTIVE;v.yakovleva@ukma.edu.ua;+380503810002;2007-04-26;18






st20250211;Anastasiia;Anokhina;Kostiantynivna;1;2025-09-01;1;f002;sp006;CONTRACT;ACTIVE;a.anokhina@ukma.edu.ua;+380501234501;2006-03-12;19
st20250212;Diana;Babanko;Yuriivna;1;2025-09-01;1;f002;sp006;CONTRACT;ACTIVE;d.babanko@ukma.edu.ua;+380501234502;2007-08-23;18
st20250213;Mariia;Baklan;Serhiivna;1;2025-09-01;1;f002;sp006;CONTRACT;ACTIVE;m.baklan@ukma.edu.ua;+380501234503;2006-11-05;18
st20250214;Anastasiia;Boiko;Vasylivna;1;2025-09-01;1;f002;sp006;BUDGET;ACTIVE;a.boiko@ukma.edu.ua;+380501234504;2007-01-14;18
st20250215;Valeriia;Bulakivska;Mykhailivna;1;2025-09-01;1;f002;sp006;CONTRACT;ACTIVE;v.bulakivska@ukma.edu.ua;+380501234505;2006-09-30;18
st20250216;Mariia;Vashchuk;Serhiivna;1;2025-09-01;1;f002;sp006;CONTRACT;ACTIVE;m.vashchuk@ukma.edu.ua;+380501234506;2007-05-18;18
st20250217;Yakiv;Vashchenko;Tymofiiovych;1;2025-09-01;2;f002;sp006;CONTRACT;ACTIVE;y.vashchenko@ukma.edu.ua;+380501234507;2006-03-22;19
st20250218;Anastasiia;Verhun;Maksymivna;1;2025-09-01;2;f002;sp006;CONTRACT;ACTIVE;a.verhun@ukma.edu.ua;+380501234508;2007-12-11;17
st20250219;Arina;Herasymych;Anatoliivna;1;2025-09-01;2;f002;sp006;CONTRACT;ACTIVE;a.herasymych@ukma.edu.ua;+380501234509;2006-07-07;19
st20250220;Khrystyna;Honcharuk;Volodymyrivna;1;2025-09-01;2;f002;sp006;CONTRACT;ACTIVE;k.honcharuk@ukma.edu.ua;+380501234510;2007-02-28;18
st20250221;Solomiia;Hovorukha;Mykolaivna;1;2025-09-01;2;f002;sp006;BUDGET;ACTIVE;s.hovorukha@ukma.edu.ua;+380501234511;2006-10-15;18
st20250222;Anastasiia;Hrecha;Ihorivna;1;2025-09-01;2;f002;sp006;CONTRACT;ACTIVE;a.hrecha@ukma.edu.ua;+380501234512;2007-06-04;18
st20250223;Taisiia;Hryniv;Oleksandrivna;1;2025-09-01;3;f002;sp006;CONTRACT;ACTIVE;t.hryniv@ukma.edu.ua;+380501234513;2006-01-20;19
st20250224;Kira;Dakhnenko;Serhiivna;1;2025-09-01;3;f002;sp006;CONTRACT;ACTIVE;k.dakhnenko@ukma.edu.ua;+380501234514;2007-09-12;17
st20250225;Sofiia;Davyhora;Vitaliivna;1;2025-09-01;3;f002;sp006;CONTRACT;ACTIVE;s.davyhora@ukma.edu.ua;+380501234515;2006-08-08;19
st20250226;Valeriia;Dobrodniak;Anatoliivna;1;2025-09-01;3;f002;sp006;CONTRACT;ACTIVE;v.dobrodniak@ukma.edu.ua;+380501234516;2007-04-01;18
st20250227;Yevheniia;Dmukhovska;Eduardivna;1;2025-09-01;3;f002;sp006;CONTRACT;ACTIVE;y.dmukhovska@ukma.edu.ua;+380501234517;2006-12-25;18
st20250228;Roman;Zhitynskyi;Ihorovych;1;2025-09-01;3;f002;sp006;BUDGET;ACTIVE;r.zhitynskyi@ukma.edu.ua;+380501234518;2007-11-18;17
st20250229;Sofiia;Zadorozhna;Viacheslavivna;1;2025-09-01;3;f002;sp006;CONTRACT;ACTIVE;s.zadorozhna@ukma.edu.ua;+380501234519;2006-05-09;19
st20250230;Anastasiia;Zadorozhna;Valeriivna;1;2025-09-01;4;f002;sp006;BUDGET;ACTIVE;a.zadorozhna@ukma.edu.ua;+380501234520;2007-03-27;18
st20250231;Oksana;Zadorozhna;Serhiivna;1;2025-09-01;4;f002;sp006;BUDGET;ACTIVE;o.zadorozhna@ukma.edu.ua;+380501234521;2006-02-14;19
st20250232;Sofiia;Zaluzhniak;Oleksandrivna;1;2025-09-01;4;f002;sp006;CONTRACT;ACTIVE;s.zaluzhniak@ukma.edu.ua;+380501234522;2007-07-21;18
st20250233;Oleksandr;Ilyshnytskyi;Yuriiovych;1;2025-09-01;4;f002;sp006;CONTRACT;ACTIVE;o.ilyshnytskyi@ukma.edu.ua;+380501234523;2006-09-05;18
st20250234;Volodymyr;Ilin;Oleksiiovych;1;2025-09-01;4;f002;sp006;CONTRACT;ACTIVE;v.ilin@ukma.edu.ua;+380501234524;2007-01-30;18
st20250235;Yulianna;Ivashkevych;Viacheslavivna;1;2025-09-01;4;f002;sp006;CONTRACT;ACTIVE;y.ivashkevych@ukma.edu.ua;+380501234525;2006-11-12;18
st20250236;Polina;Isaienko;;1;2025-09-01;4;f002;sp006;CONTRACT;ACTIVE;p.isaienko@ukma.edu.ua;+380501234526;2007-08-04;18
st20250237;Mariia;Kovalenko;Sviatoslavivna;1;2025-09-01;5;f002;sp006;CONTRACT;ACTIVE;m.kovalenko@ukma.edu.ua;+380501234527;2006-04-19;19
st20250238;Anna;Kononenko;Yevheniivna;1;2025-09-01;5;f002;sp006;CONTRACT;ACTIVE;a.kononenko@ukma.edu.ua;+380501234528;2007-10-09;17
st20250239;Maksym;Korablin;Andriiovych;1;2025-09-01;5;f002;sp006;BUDGET;ACTIVE;m.korablin@ukma.edu.ua;+380501234529;2006-06-25;19
st20250240;Oleksandra;Kohteva;Maksymivna;1;2025-09-01;5;f002;sp006;CONTRACT;ACTIVE;o.kohteva@ukma.edu.ua;+380501234530;2007-02-05;18
st20250241;Sofiia;Kozarii;Viacheslavivna;1;2025-09-01;5;f002;sp006;CONTRACT;ACTIVE;s.kozarii@ukma.edu.ua;+380501234531;2006-01-11;19
st20250242;Liliia;Kozeletska;Andriivna;1;2025-09-01;5;f002;sp006;BUDGET;ACTIVE;l.kozeletska@ukma.edu.ua;+380501234532;2007-05-29;18
st20250243;Anna;Kolomiiets;Olehivna;1;2025-09-01;5;f002;sp006;CONTRACT;ACTIVE;a.kolomiiets@ukma.edu.ua;+380501234533;2006-12-02;18
st20250244;Sofiia;Kotsiubynska;Maksymivna;1;2025-09-01;5;f002;sp006;CONTRACT;ACTIVE;s.kotsiubynska@ukma.edu.ua;+380501234534;2007-09-17;17
st20250245;Sofiia;Kravchenko;Viacheslavivna;1;2025-09-01;6;f002;sp006;CONTRACT;ACTIVE;s.kravchenko@ukma.edu.ua;+380501234535;2006-08-22;19
st20250246;Irina;Kryvynchuk;Mykhailivna;1;2025-09-01;6;f002;sp006;CONTRACT;ACTIVE;i.kryvynchuk@ukma.edu.ua;+380501234536;2007-03-08;18
st20250247;Vasilisa;Klymkina;Denysivna;1;2025-09-01;6;f002;sp006;CONTRACT;ACTIVE;v.klymkina@ukma.edu.ua;+380501234537;2006-10-31;18
st20250248;Anastasiia;Kyriienko;Dmytrivna;1;2025-09-01;6;f002;sp006;BUDGET;ACTIVE;a.kyriienko@ukma.edu.ua;+380501234538;2007-07-14;18
st20250249;Khrystyna;Krasnokutska;Hennadiivna;1;2025-09-01;6;f002;sp006;CONTRACT;ACTIVE;k.krasnokutska@ukma.edu.ua;+380501234539;2006-05-03;19
st20250250;Amina;Kukiukova;Denysivna;1;2025-09-01;6;f002;sp006;CONTRACT;ACTIVE;a.kukiukova@ukma.edu.ua;+380501234540;2007-11-26;17
st20250251;Anastasiia;Kuleshyna;Serhiivna;1;2025-09-01;6;f002;sp006;CONTRACT;ACTIVE;a.kuleshyna@ukma.edu.ua;+380501234541;2006-02-18;19


st20250252;Yelyzaveta;Shtyfurak;Mykhailivna;1;2025-09-01;1;f002;sp007;BUDGET;ACTIVE;y.shtyfurak@ukma.edu.ua;+380501234542;2007-04-10;18
st20250253;Yevheniia;Alokhina;Oleksiivna;1;2025-09-01;1;f002;sp007;CONTRACT;ACTIVE;y.alokhina@ukma.edu.ua;+380501234543;2006-12-08;18
st20250254;Vladyslav;Artamonov;Vitaliiovych;1;2025-09-01;1;f002;sp007;CONTRACT;ACTIVE;v.artamonov@ukma.edu.ua;+380501234544;2007-08-16;18
st20250255;Tymur;Arremskyi;Artemovych;1;2025-09-01;1;f002;sp007;CONTRACT;ACTIVE;t.arremskyi@ukma.edu.ua;+380501234545;2006-06-02;19
st20250256;Anna;Velychko;Olehivna;1;2025-09-01;1;f002;sp007;CONTRACT;ACTIVE;a.velychko@ukma.edu.ua;+380501234546;2007-01-22;18
st20250257;Mariia;Vesela;Volodymyrivna;1;2025-09-01;1;f002;sp007;BUDGET;ACTIVE;m.vesela@ukma.edu.ua;+380501234547;2006-09-14;18
st20250258;Daria;Vysootska;Anatoliivna;1;2025-09-01;1;f002;sp007;CONTRACT;ACTIVE;d.vysootska@ukma.edu.ua;+380501234548;2007-10-28;17
st20250259;Vitaliia;Borovyk;Viktorivna;1;2025-09-01;1;f002;sp007;CONTRACT;ACTIVE;v.borovyk@ukma.edu.ua;+380501234549;2006-03-05;19
st20250260;Yaroslava;Halyha;Tarasovych;1;2025-09-01;2;f002;sp007;CONTRACT;ACTIVE;y.halyha@ukma.edu.ua;+380501234550;2007-05-11;18
st20250261;Ihor;Hasak;Maksymovych;1;2025-09-01;2;f002;sp007;CONTRACT;ACTIVE;i.hasak@ukma.edu.ua;+380501234551;2006-11-20;18
st20250262;Hlib;Hosua;Mykytovych;1;2025-09-01;2;f002;sp007;CONTRACT;ACTIVE;h.hosua@ukma.edu.ua;+380501234552;2007-07-03;18
st20250263;Anastasiia;Hnatiuk;Oleksandrivna;1;2025-09-01;2;f002;sp007;BUDGET;ACTIVE;a.hnatiuk@ukma.edu.ua;+380501234553;2006-01-29;19
st20250264;Arina;Hrebeniuk;Andriivna;1;2025-09-01;2;f002;sp007;CONTRACT;ACTIVE;a.hrebeniuk@ukma.edu.ua;+380501234554;2007-02-15;18
st20250265;Denys;Dolhorukov;Oleksandrovych;1;2025-09-01;2;f002;sp007;BUDGET;ACTIVE;d.dolhorukov@ukma.edu.ua;+380501234555;2006-08-01;19
st20250266;Ivetta;Didovets;Serhiivna;1;2025-09-01;2;f002;sp007;CONTRACT;ACTIVE;i.didovets@ukma.edu.ua;+380501234556;2007-09-08;17
st20250267;Yeva;Didkivska;Volodymyrivna;1;2025-09-01;3;f002;sp007;CONTRACT;ACTIVE;y.didkivska@ukma.edu.ua;+380501234557;2006-12-13;18
st20250268;Illia;Yevhorovskyi;Mykhailovych;1;2025-09-01;3;f002;sp007;CONTRACT;ACTIVE;i.yevhorovskyi@ukma.edu.ua;+380501234558;2007-04-26;18
st20250269;Oksana;Yefimchuk;Vasylivna;1;2025-09-01;3;f002;sp007;CONTRACT;ACTIVE;o.yefimchuk@ukma.edu.ua;+380501234559;2006-06-18;19
st20250270;Arina;Zavirukha;Ruslanivna;1;2025-09-01;3;f002;sp007;CONTRACT;ACTIVE;a.zavirukha@ukma.edu.ua;+380501234560;2007-11-09;17
st20250271;Viktoriia;Zablotska;Yuriivna;1;2025-09-01;3;f002;sp007;CONTRACT;ACTIVE;v.zablotska@ukma.edu.ua;+380501234561;2006-03-10;19
st20250272;Vlada;Ziubanova;Myroslavivna;1;2025-09-01;3;f002;sp007;CONTRACT;ACTIVE;v.ziubanova@ukma.edu.ua;+380501234562;2007-08-27;18
st20250273;Kateryna;Zhornіak;Ivanivna;1;2025-09-01;3;f002;sp007;BUDGET;ACTIVE;k.zhorniak@ukma.edu.ua;+380501234563;2006-01-05;19
st20250274;Daria;Ivanenko;Mykolaivna;1;2025-09-01;4;f002;sp007;CONTRACT;ACTIVE;d.ivanenko@ukma.edu.ua;+380501234564;2007-03-12;18
st20250275;Oleksii;Kashpruk;Hennadiiovych;1;2025-09-01;4;f002;sp007;CONTRACT;ACTIVE;o.kashpruk@ukma.edu.ua;+380501234565;2006-11-20;18
st20250276;Andrii;Kapshuk;Oleksandrovych;1;2025-09-01;4;f002;sp007;CONTRACT;ACTIVE;a.kapshuk@ukma.edu.ua;+380501234566;2007-05-08;18
st20250277;Khrystyna;Karmazinska;Vitaliivna;1;2025-09-01;4;f002;sp007;CONTRACT;ACTIVE;k.karmazinska@ukma.edu.ua;+380501234567;2006-08-14;19
st20250278;Veronika;Kydanchuk;Pavlivna;1;2025-09-01;4;f002;sp007;CONTRACT;ACTIVE;v.kydanchuk@ukma.edu.ua;+380501234568;2007-02-22;18
st20250279;Anastasiia;Kovalova;Serhiivna;1;2025-09-01;4;f002;sp007;CONTRACT;ACTIVE;a.kovalova@ukma.edu.ua;+380501234569;2006-12-05;18
st20250280;Daryna;Kondratiuk;Valentynivna;1;2025-09-01;4;f002;sp007;BUDGET;ACTIVE;d.kondratiuk@ukma.edu.ua;+380501234570;2007-09-11;17
st20250281;Anastasiia;Korniienko;Olekhivna;1;2025-09-01;5;f002;sp007;CONTRACT;ACTIVE;a.korniienko@ukma.edu.ua;+380501234571;2006-10-27;18
st20250282;Sofiia;Korneliuk;Mykolaivna;1;2025-09-01;5;f002;sp007;CONTRACT;ACTIVE;s.korneliuk@ukma.edu.ua;+380501234572;2007-04-16;18
st20250283;Iryna;Kravchenko;Oleksandrivna;1;2025-09-01;5;f002;sp007;CONTRACT;ACTIVE;i.kravchenko@ukma.edu.ua;+380501234573;2006-07-03;19
st20250284;Daria;Lavrentieva;Dmytrivna;1;2025-09-01;5;f002;sp007;CONTRACT;ACTIVE;d.lavrentieva@ukma.edu.ua;+380501234574;2007-05-19;18
st20250285;Sofiia;Lytovka;Oleksandrivna;1;2025-09-01;5;f002;sp007;CONTRACT;ACTIVE;s.lytovka@ukma.edu.ua;+380501234575;2006-09-24;18
st20250286;Olesia;Linnik;Yuriivna;1;2025-09-01;5;f002;sp007;CONTRACT;ACTIVE;o.linnik@ukma.edu.ua;+380501234576;2007-03-31;18
st20250287;Markian;Leshchii;Vladyslavovych;1;2025-09-01;5;f002;sp007;CONTRACT;ACTIVE;m.leshchii@ukma.edu.ua;+380501234577;2006-01-09;19
st20250288;Anna;Liuta;Ivanivna;1;2025-09-01;6;f002;sp007;CONTRACT;ACTIVE;a.liuta@ukma.edu.ua;+380501234578;2007-11-04;17
st20250289;Danylo;Mamentovych;Dmytrovych;1;2025-09-01;6;f002;sp007;CONTRACT;ACTIVE;d.mamentovych@ukma.edu.ua;+380501234579;2006-08-21;19
st20250290;Anna;Maslovska;Ihorivna;1;2025-09-01;6;f002;sp007;CONTRACT;ACTIVE;a.maslovska@ukma.edu.ua;+380501234580;2007-06-15;18
st20250291;Polina;Naumenko;Oleksandrivna;1;2025-09-01;6;f002;sp007;CONTRACT;ACTIVE;p.naumenko@ukma.edu.ua;+380501234581;2006-04-30;19
st20250292;Anastasiia;Nosalska;Andriivna;1;2025-09-01;6;f002;sp007;CONTRACT;ACTIVE;a.nosalska@ukma.edu.ua;+380501234582;2007-10-12;17
st20250293;Marharita;Mushta;Ivanivna;1;2025-09-01;6;f002;sp007;CONTRACT;ACTIVE;m.mushta@ukma.edu.ua;+380501234583;2006-02-28;19


st20250294;Valeriia;Panfilova;Volodymyrivna;1;2025-09-01;1;f002;sp008;BUDGET;ACTIVE;v.panfilova@ukma.edu.ua;+380501234584;2007-07-07;18
st20250295;Ivanna;Baliuk;Anatoliivna;1;2025-09-01;1;f002;sp008;CONTRACT;ACTIVE;i.baliuk@ukma.edu.ua;+380501234585;2006-11-19;18
st20250296;Olha;Biloshitska;Oleksandrivna;1;2025-09-01;1;f002;sp008;BUDGET;ACTIVE;o.biloshitska@ukma.edu.ua;+380501234586;2007-05-23;18
st20250297;Ivan;Volokh;Viktorovych;1;2025-09-01;1;f002;sp008;CONTRACT;ACTIVE;i.volokh@ukma.edu.ua;+380501234587;2006-01-04;19
st20250298;Anna;Voron;Anatoliivna;1;2025-09-01;1;f002;sp008;CONTRACT;ACTIVE;a.voron@ukma.edu.ua;+380501234588;2007-09-29;17
st20250299;Serhii;Voznytskyi;Serhiiovych;1;2025-09-01;1;f002;sp008;BUDGET;ACTIVE;s.voznytskyi@ukma.edu.ua;+380501234589;2006-12-14;18
st20250300;Anzhelika;Budziak;Andriivna;1;2025-09-01;1;f002;sp008;CONTRACT;ACTIVE;a.budziak@ukma.edu.ua;+380501234590;2007-03-08;18
st20250301;Oleksandr;Hryshko;Oleksandrovych;1;2025-09-01;2;f002;sp008;CONTRACT;ACTIVE;o.hryshko@ukma.edu.ua;+380501234591;2006-06-21;19
st20250302;Anna;Hrybok;Oleksandrivna;1;2025-09-01;2;f002;sp008;CONTRACT;ACTIVE;a.hrybok@ukma.edu.ua;+380501234592;2007-11-28;17
st20250303;Andrii;Honcharov;Andriiovych;1;2025-09-01;2;f002;sp008;CONTRACT;ACTIVE;a.honcharov@ukma.edu.ua;+380501234593;2006-04-15;19
st20250304;Vladyslav;Horodnichev;Oleksiiovych;1;2025-09-01;2;f002;sp008;CONTRACT;ACTIVE;v.horodnichev@ukma.edu.ua;+380501234594;2007-08-01;18
st20250305;Daria;Zubok;Nykodymivna;1;2025-09-01;2;f002;sp008;CONTRACT;ACTIVE;d.zubok@ukma.edu.ua;+380501234595;2006-02-11;19
st20250306;Anna;Zhuravlova;Dmytrivna;1;2025-09-01;2;f002;sp008;BUDGET;ACTIVE;a.zhuravlova@ukma.edu.ua;+380501234596;2007-07-25;18
st20250307;Tetiana;Ivaniutina;Olekhivna;1;2025-09-01;3;f002;sp008;CONTRACT;ACTIVE;t.ivaniutina@ukma.edu.ua;+380501234597;2006-10-30;18
st20250308;Danylo;Kazakov;Serhiiovych;1;2025-09-01;3;f002;sp008;CONTRACT;ACTIVE;d.kazakov@ukma.edu.ua;+380501234598;2007-05-14;18
st20250309;Bohdana;Koshman;Ihorivna;1;2025-09-01;3;f002;sp008;BUDGET;ACTIVE;b.koshman@ukma.edu.ua;+380501234599;2006-12-02;18
st20250310;Mariia;Kuzma;Oleksiivna;1;2025-09-01;3;f002;sp008;BUDGET;ACTIVE;m.kuzma@ukma.edu.ua;+380501234600;2007-09-05;17
st20250311;Olesia-Natalia;Kucherenko;Ihorivna;1;2025-09-01;3;f002;sp008;CONTRACT;ACTIVE;o.kucherenko@ukma.edu.ua;+380501234601;2006-03-27;19
st20250312;Danylo;Lahodnyi;Viktorovych;1;2025-09-01;3;f002;sp008;CONTRACT;ACTIVE;d.lahodnyi@ukma.edu.ua;+380501234602;2007-11-15;17
st20250313;Viktoriia;Lytosh;Oleksandrivna;1;2025-09-01;4;f002;sp008;BUDGET;ACTIVE;v.lytosh@ukma.edu.ua;+380501234603;2006-04-06;19
st20250314;Zakhar;Lopatin;Serhiiovych;1;2025-09-01;4;f002;sp008;BUDGET;ACTIVE;z.lopatin@ukma.edu.ua;+380501234604;2007-08-22;18
st20250315;Yuliia;Maksymuk;Vasylivna;1;2025-09-01;4;f002;sp008;CONTRACT;ACTIVE;y.maksymuk@ukma.edu.ua;+380501234605;2006-01-18;19
st20250316;Andrii;Marchuk;Valentynovych;1;2025-09-01;4;f002;sp008;CONTRACT;ACTIVE;a.marchuk@ukma.edu.ua;+380501234606;2007-05-01;18
st20250317;Mariia;Nestor;Serhiivna;1;2025-09-01;4;f002;sp008;BUDGET;ACTIVE;m.nestor@ukma.edu.ua;+380501234607;2006-10-10;18
st20250318;Ivan;Parkhomenko;Ihorovych;1;2025-09-01;4;f002;sp008;BUDGET;ACTIVE;i.parkhomenko@ukma.edu.ua;+380501234608;2007-03-14;18
st20250319;Daniil;Pashkevych;Romanovych;1;2025-09-01;5;f002;sp008;CONTRACT;ACTIVE;d.pashkevych@ukma.edu.ua;+380501234609;2006-11-02;18
st20250320;Anna;Petrenko;Oleksandrivna;1;2025-09-01;5;f002;sp008;CONTRACT;ACTIVE;a.petrenko@ukma.edu.ua;+380501234610;2007-07-19;18
st20250321;Oleksandr;Petrusha;Serhiiovych;1;2025-09-01;5;f002;sp008;CONTRACT;ACTIVE;o.petrusha@ukma.edu.ua;+380501234611;2006-06-26;19
st20250322;Danylo;Polіukhovych;Bohdanovych;1;2025-09-01;5;f002;sp008;CONTRACT;ACTIVE;d.poliukhovych@ukma.edu.ua;+380501234612;2007-12-09;17
st20250323;Roman;Prysmitskiy;Andriiovych;1;2025-09-01;5;f002;sp008;CONTRACT;ACTIVE;r.prysmitskiy@ukma.edu.ua;+380501234613;2006-09-01;19
st20250324;Anna;Rodionova;Ihorivna;1;2025-09-01;5;f002;sp008;CONTRACT;ACTIVE;a.rodionova@ukma.edu.ua;+380501234614;2007-04-12;18
st20250325;Yevheniia;Samystrok;Anatoliivna;1;2025-09-01;6;f002;sp008;CONTRACT;ACTIVE;y.samystrok@ukma.edu.ua;+380501234615;2006-02-15;19
st20250326;Karіna;Sіrobaba;Ruslanіvna;1;2025-09-01;6;f002;sp008;BUDGET;ACTIVE;k.sirobaba@ukma.edu.ua;+380501234616;2007-01-28;18
st20250327;Uliana;Smyrnova;Maksymivna;1;2025-09-01;6;f002;sp008;BUDGET;ACTIVE;u.smyrnova@ukma.edu.ua;+380501234617;2006-07-11;19
st20250328;Alіna;Shybynevych;Maratіvna;1;2025-09-01;6;f002;sp008;CONTRACT;ACTIVE;a.shybynevych@ukma.edu.ua;+380501234618;2007-11-02;17
st20250329;Yegor;Cherniak;Volodymyrovych;1;2025-09-01;6;f002;sp008;CONTRACT;ACTIVE;y.cherniak@ukma.edu.ua;+380501234619;2006-03-12;19
st20250330;Ksenіia;Yatskіv;Vasylіvna;1;2025-09-01;6;f002;sp008;BUDGET;ACTIVE;k.yatskiv@ukma.edu.ua;+380501234620;2007-08-23;18


st20250331;Hlіb;Shaposhnіkov;Tarasovych;1;2025-09-01;1;f002;sp009;BUDGET;ACTIVE;h.shaposhnikov@ukma.edu.ua;+380501234621;2006-11-05;18
st20250332;Nadiia;Burdeina;Andriivna;1;2025-09-01;1;f002;sp009;CONTRACT;ACTIVE;n.burdeina@ukma.edu.ua;+380501234622;2007-01-14;18
st20250333;Anna;Hryshchuk;Oleksiivna;1;2025-09-01;1;f002;sp009;BUDGET;ACTIVE;a.hryshchuk@ukma.edu.ua;+380501234623;2006-09-30;18
st20250334;Vladyslav;Horovyi;Valeriiovych;1;2025-09-01;1;f002;sp009;CONTRACT;ACTIVE;v.horovyi@ukma.edu.ua;+380501234624;2007-05-18;18
st20250335;Veronika;Danyleiko;Oleksandrivna;1;2025-09-01;1;f002;sp009;CONTRACT;ACTIVE;v.danyleiko@ukma.edu.ua;+380501234625;2006-03-22;19
st20250336;Amina;Zubovych;Volodymyrivna;1;2025-09-01;1;f002;sp009;BUDGET;ACTIVE;a.zubovych@ukma.edu.ua;+380501234626;2007-12-11;17
st20250337;Viktoriia;Kalіton;Ruslanivna;1;2025-09-01;2;f002;sp009;BUDGET;ACTIVE;v.kaliton@ukma.edu.ua;+380501234627;2006-07-07;19
st20250338;Oleksandra;Kaliushko;Fedorivna;1;2025-09-01;2;f002;sp009;CONTRACT;ACTIVE;o.kaliushko@ukma.edu.ua;+380501234628;2007-02-28;18
st20250339;Yevhen;Kyryliuk;Yevheniiovych;1;2025-09-01;2;f002;sp009;BUDGET;ACTIVE;y.kyryliuk@ukma.edu.ua;+380501234629;2006-10-15;18
st20250340;Maksym;Kobets;Maksymovych;1;2025-09-01;2;f002;sp009;CONTRACT;ACTIVE;m.kobets@ukma.edu.ua;+380501234630;2007-06-04;18
st20250341;Roman;Kozachenko;Andriiovych;1;2025-09-01;2;f002;sp009;CONTRACT;ACTIVE;r.kozachenko@ukma.edu.ua;+380501234631;2006-01-20;19
st20250342;Lіlіia;Kornіienko;Oleksandrіvna;1;2025-09-01;2;f002;sp009;CONTRACT;ACTIVE;l.korniienko@ukma.edu.ua;+380501234632;2007-09-12;17
st20250343;Artem;Kulak;;1;2025-09-01;3;f002;sp009;CONTRACT;ACTIVE;a.kulak@ukma.edu.ua;+380501234633;2006-08-08;19
st20250344;Daryna;Kulyk;Vasylivna;1;2025-09-01;3;f002;sp009;BUDGET;ACTIVE;d.kulyk@ukma.edu.ua;+380501234634;2007-04-01;18
st20250345;Oleksandr;Kuzmenko;Vitaliiovych;1;2025-09-01;3;f002;sp009;CONTRACT;ACTIVE;o.kuzmenko@ukma.edu.ua;+380501234635;2006-12-25;18
st20250346;Zakhar;Lytvyniuk;Olehovych;1;2025-09-01;3;f002;sp009;CONTRACT;ACTIVE;z.lytvyniuk@ukma.edu.ua;+380501234636;2007-11-18;17
st20250347;Anastasiia;Lіviakov;Yurіiovych;1;2025-09-01;3;f002;sp009;BUDGET;ACTIVE;a.liviakov@ukma.edu.ua;+380501234637;2006-05-09;19
st20250348;Anastasiia;Lonska;Serhiivna;1;2025-09-01;3;f002;sp009;CONTRACT;ACTIVE;a.lonska@ukma.edu.ua;+380501234638;2007-03-27;18
st20250349;Anastasiia;Maksymenko;Ruslanіvna;1;2025-09-01;4;f002;sp009;BUDGET;ACTIVE;a.maksymenko@ukma.edu.ua;+380501234639;2006-02-14;19
st20250350;Karina;Mamchyts;Olehivna;1;2025-09-01;4;f002;sp009;CONTRACT;ACTIVE;k.mamchyts@ukma.edu.ua;+380501234640;2007-07-21;18
st20250351;Nadiia;Osniatska;Pavlivna;1;2025-09-01;4;f002;sp009;CONTRACT;ACTIVE;n.osniatska@ukma.edu.ua;+380501234641;2006-09-05;18
st20250352;Irina;Pankratova;Valeriiovyna;1;2025-09-01;4;f002;sp009;CONTRACT;ACTIVE;i.pankratova@ukma.edu.ua;+380501234642;2007-01-30;18
st20250353;Kateryna;Prudko;Oleksiivna;1;2025-09-01;4;f002;sp009;CONTRACT;ACTIVE;k.prudko@ukma.edu.ua;+380501234643;2006-11-12;18
st20250354;Anastasiia;Romanenko;Angelina Serhiivna;1;2025-09-01;4;f002;sp009;CONTRACT;ACTIVE;a.romanenko@ukma.edu.ua;+380501234644;2007-08-04;18
st20250355;Anastasiia;Rudovska;Serhiivna;1;2025-09-01;5;f002;sp009;CONTRACT;ACTIVE;a.rudovska@ukma.edu.ua;+380501234645;2006-04-19;19
st20250356;Viktoriia;Riaba;Romanivna;1;2025-09-01;5;f002;sp009;CONTRACT;ACTIVE;v.riaba@ukma.edu.ua;+380501234646;2007-10-09;17
st20250357;Liuda;Sabadash;Dmytrivna;1;2025-09-01;5;f002;sp009;CONTRACT;ACTIVE;l.sabadash@ukma.edu.ua;+380501234647;2006-06-25;19
st20250358;Olesia;Sahan;Vitaliivna;1;2025-09-01;5;f002;sp009;CONTRACT;ACTIVE;o.sahan@ukma.edu.ua;+380501234648;2007-02-05;18
st20250359;Kristina;Serbina;Olehivna;1;2025-09-01;5;f002;sp009;CONTRACT;ACTIVE;k.serbina@ukma.edu.ua;+380501234649;2006-01-11;19
st20250360;Polina;Turovets;Volodymyrivna;1;2025-09-01;5;f002;sp009;CONTRACT;ACTIVE;p.turovets@ukma.edu.ua;+380501234650;2007-05-29;18
st20250361;Yulia;Chubar;Serhiivna;1;2025-09-01;6;f002;sp009;CONTRACT;ACTIVE;y.chubar@ukma.edu.ua;+380501234651;2006-12-02;18
st20250362;Lіana;Shevchenko;Bohdanivna;1;2025-09-01;6;f002;sp009;CONTRACT;ACTIVE;l.shevchenko@ukma.edu.ua;+380501234652;2007-09-17;17
st20250363;Daria;Yashchenko;Maksymivna;1;2025-09-01;6;f002;sp009;BUDGET;ACTIVE;d.yashchenko@ukma.edu.ua;+380501234653;2006-08-22;19






st20250364;Oleksii;Buhutskyi;Yuriiovych;1;2025-09-01;1;f003;sp010;CONTRACT;ACTIVE;o.buhutskyi@ukma.edu.ua;+380501234654;2007-06-04;18
st20250365;Anastasiia;Bohunova;Denysivna;1;2025-09-01;1;f003;sp010;BUDGET;ACTIVE;a.bohunova@ukma.edu.ua;+380501234655;2006-01-20;19
st20250366;Anastasiia;Bilokon;Serhiivna;1;2025-09-01;1;f003;sp010;BUDGET;ACTIVE;a.bilokon@ukma.edu.ua;+380501234656;2007-09-12;17
st20250367;Oleksandra;Vladymyrova;Serhiivna;1;2025-09-01;1;f003;sp010;CONTRACT;ACTIVE;o.vladymyrova@ukma.edu.ua;+380501234657;2006-08-08;19
st20250368;Maiia;Homma;Kostiantynivna;1;2025-09-01;1;f003;sp010;CONTRACT;ACTIVE;m.homma@ukma.edu.ua;+380501234658;2007-04-01;18
st20250369;Andrii;Hordovskyi;Kostiantynovych;1;2025-09-01;1;f003;sp010;BUDGET;ACTIVE;a.hordovskyi@ukma.edu.ua;+380501234659;2006-12-25;18
st20250370;Kira;Demianiuk;Denysivna;1;2025-09-01;2;f003;sp010;BUDGET;ACTIVE;k.demianiuk@ukma.edu.ua;+380501234660;2007-11-18;17
st20250371;Mykola;Zharoid;Andriiovych;1;2025-09-01;2;f003;sp010;CONTRACT;ACTIVE;m.zharoid@ukma.edu.ua;+380501234661;2006-05-09;19
st20250372;Sofiia;Zakharova;Oleksandrivna;1;2025-09-01;2;f003;sp010;CONTRACT;ACTIVE;s.zakharova@ukma.edu.ua;+380501234662;2007-03-27;18
st20250373;Rostyslav;Zenkov;Serhiiovych;1;2025-09-01;2;f003;sp010;BUDGET;ACTIVE;r.zenkov@ukma.edu.ua;+380501234663;2006-02-14;19
st20250374;Oleksandr;Kaposhko;Oleksandrovych;1;2025-09-01;2;f003;sp010;BUDGET;ACTIVE;o.kaposhko@ukma.edu.ua;+380501234664;2007-07-21;18
st20250375;Ivan;Karavatskyi;Ivanovych;1;2025-09-01;2;f003;sp010;BUDGET;ACTIVE;i.karavatskyi@ukma.edu.ua;+380501234665;2006-09-05;18
st20250376;Oleh;Karpenko;Ihorovych;1;2025-09-01;3;f003;sp010;BUDGET;ACTIVE;o.karpenko@ukma.edu.ua;+380501234666;2007-01-30;18
st20250377;Alina;Kyrylenko;Oleksandrivna;1;2025-09-01;3;f003;sp010;BUDGET;ACTIVE;a.kyrylenko@ukma.edu.ua;+380501234667;2006-11-12;18
st20250378;Mykhailo;Kozych;Vitaliiovych;1;2025-09-01;3;f003;sp010;BUDGET;ACTIVE;m.kozych@ukma.edu.ua;+380501234668;2007-08-04;18
st20250379;Illia;Kolotusha;Olehovych;1;2025-09-01;3;f003;sp010;BUDGET;ACTIVE;i.kolotusha@ukma.edu.ua;+380501234669;2006-04-19;19
st20250380;Adelaida;Kotneko;Yevheniivna;1;2025-09-01;3;f003;sp010;BUDGET;ACTIVE;a.kotneko@ukma.edu.ua;+380501234670;2007-10-09;17
st20250381;Vladyslava;Lisova;Serhiivna;1;2025-09-01;3;f003;sp010;BUDGET;ACTIVE;v.lisova@ukma.edu.ua;+380501234671;2006-06-25;19
st20250382;Marharyta;Lopushanska;Sviatoslavivna;1;2025-09-01;4;f003;sp010;BUDGET;ACTIVE;m.lopushanska@ukma.edu.ua;+380501234672;2007-02-05;18
st20250383;Oleksandr;Maksymenko;Serhiiovych;1;2025-09-01;4;f003;sp010;CONTRACT;ACTIVE;o.maksymenko@ukma.edu.ua;+380501234673;2006-01-11;19
st20250384;Olha;Maletina;Hryhorivna;1;2025-09-01;4;f003;sp010;BUDGET;ACTIVE;o.maletina@ukma.edu.ua;+380501234674;2007-05-29;18
st20250385;Nataliia;Melnyk;Viktorivna;1;2025-09-01;4;f003;sp010;BUDGET;ACTIVE;n.melnyk@ukma.edu.ua;+380501234675;2006-12-02;18
st20250386;Anastasiia;Merkulova;Antonivna;1;2025-09-01;4;f003;sp010;BUDGET;ACTIVE;a.merkulova@ukma.edu.ua;+380501234676;2007-09-17;17
st20250387;Kateryna;Myroniuk;Vitaliivna;1;2025-09-01;4;f003;sp010;BUDGET;ACTIVE;k.myroniuk@ukma.edu.ua;+380501234677;2006-08-22;19
st20250388;Yaroslav;Mudryi;Olehovych;1;2025-09-01;5;f003;sp010;CONTRACT;ACTIVE;y.mudryi@ukma.edu.ua;+380501234678;2007-03-08;18
st20250389;Levko;Pedchenko;Borysovych;1;2025-09-01;5;f003;sp010;BUDGET;ACTIVE;l.pedchenko@ukma.edu.ua;+380501234679;2006-10-31;18
st20250390;Anna;Pertsova;Viacheslavivna;1;2025-09-01;5;f003;sp010;CONTRACT;ACTIVE;a.pertsova@ukma.edu.ua;+380501234680;2007-07-14;18
st20250391;Denys;Plakhtii;Hennadiiovych;1;2025-09-01;5;f003;sp010;CONTRACT;ACTIVE;d.plakhtii@ukma.edu.ua;+380501234681;2006-05-03;19
st20250392;Diana;Protsiuk;Oleksandrivna;1;2025-09-01;5;f003;sp010;BUDGET;ACTIVE;d.protsiuk@ukma.edu.ua;+380501234682;2007-11-26;17
st20250393;Kateryna;Rudenko;Dmytrivna;1;2025-09-01;5;f003;sp010;BUDGET;ACTIVE;k.rudenko@ukma.edu.ua;+380501234683;2006-02-18;19
st20250394;Arsen;Savenko;Andriiovych;1;2025-09-01;6;f003;sp010;BUDGET;ACTIVE;a.savenko@ukma.edu.ua;+380501234684;2007-04-10;18
st20250395;Illia;Semeniuk;Oleksandrovych;1;2025-09-01;6;f003;sp010;CONTRACT;ACTIVE;i.semeniuk@ukma.edu.ua;+380501234685;2006-12-08;18
st20250396;Dasha;Soldatenko;Serhiivna;1;2025-09-01;6;f003;sp010;BUDGET;ACTIVE;d.soldatenko@ukma.edu.ua;+380501234686;2007-08-16;18
st20250397;Oleksandr;Stroievyi;Serhiiovych;1;2025-09-01;6;f003;sp010;BUDGET;ACTIVE;o.stroievyi@ukma.edu.ua;+380501234687;2006-06-02;19
st20250398;Maksym;Ulchenko;Serhiiovych;1;2025-09-01;6;f003;sp010;CONTRACT;ACTIVE;m.ulchenko@ukma.edu.ua;+380501234688;2007-01-22;18
st20250399;Anton;Usatenko;Yuriiovych;1;2025-09-01;6;f003;sp010;BUDGET;ACTIVE;a.usatenko@ukma.edu.ua;+380501234689;2006-09-14;18
st20250400;Kyrylo;Usatenko;Denysovych;1;2025-09-01;6;f003;sp010;BUDGET;ACTIVE;k.usatenko@ukma.edu.ua;+380501234690;2007-10-28;17
st20250401;Mariia;Furmanova;Oleksandrivna;1;2025-09-01;6;f003;sp010;CONTRACT;ACTIVE;m.furmanova@ukma.edu.ua;+380501234691;2006-03-05;19
st20250402;Yehor;Khrystevych;Kostiantynovych;1;2025-09-01;6;f003;sp010;CONTRACT;ACTIVE;y.khrystevych@ukma.edu.ua;+380501234692;2007-05-11;18
st20250403;Anna;Tsepkalova;Andriivna;1;2025-09-01;6;f003;sp010;BUDGET;ACTIVE;a.tsepkalova@ukma.edu.ua;+380501234693;2006-11-20;18
st20250404;Kateryna;Shapoval;Valeriivna;1;2025-09-01;6;f003;sp010;BUDGET;ACTIVE;k.shapoval@ukma.edu.ua;+380501234694;2007-07-03;18
st20250405;Marharyta;Yurchenko;Vasylivna;1;2025-09-01;6;f003;sp010;BUDGET;ACTIVE;m.yurchenko@ukma.edu.ua;+380501234695;2006-01-29;19
st20250406;Daria;Yatsiuk;Oleksandrivna;1;2025-09-01;6;f003;sp010;BUDGET;ACTIVE;d.yatsiuk@ukma.edu.ua;+380501234696;2007-02-15;18


st20250407;Viktoriia;Bekalo;Volodymyrivna;1;2025-09-01;1;f003;sp011;BUDGET;ACTIVE;v.bekalo@ukma.edu.ua;+380501234697;2006-08-01;19
st20250408;Antonina;Bondarenko;Andriivna;1;2025-09-01;1;f003;sp011;BUDGET;ACTIVE;a.bondarenko@ukma.edu.ua;+380501234698;2007-09-08;17
st20250409;Anastasiia;Bratash;Oleksiivna;1;2025-09-01;1;f003;sp011;CONTRACT;ACTIVE;a.bratash@ukma.edu.ua;+380501234699;2006-12-13;18
st20250410;Yevhenii;Vasylenko;Leonidovych;1;2025-09-01;1;f003;sp011;BUDGET;ACTIVE;y.vasylenko@ukma.edu.ua;+380501234700;2007-04-26;18
st20250411;Ostap;Verbylo;Yuriiovych;1;2025-09-01;1;f003;sp011;BUDGET;ACTIVE;o.verbylo@ukma.edu.ua;+380501234701;2006-06-18;19
st20250412;Diana;Voloshchuk;Serhiivna;1;2025-09-01;1;f003;sp011;BUDGET;ACTIVE;d.voloshchuk@ukma.edu.ua;+380501234702;2007-11-09;17
st20250413;Mykyta;Velykozhon;Volodymyrovych;1;2025-09-01;1;f003;sp011;CONTRACT;ACTIVE;m.velykozhon@ukma.edu.ua;+380501234703;2006-03-10;19
st20250414;Nazar;Halych;Andriiovych;1;2025-09-01;1;f003;sp011;BUDGET;ACTIVE;n.halych@ukma.edu.ua;+380501234704;2007-08-27;18
st20250415;Anna;Hryshkevych;Mykhailivna;1;2025-09-01;2;f003;sp011;CONTRACT;ACTIVE;a.hryshkevych@ukma.edu.ua;+380501234705;2006-01-05;19
st20250416;Anna;Bohomolova;Pavlivna;1;2025-09-01;2;f003;sp011;CONTRACT;ACTIVE;a.bohomolova@ukma.edu.ua;+380501234706;2007-03-12;18
st20250417;Arina;Homonilova;Romanivna;1;2025-09-01;2;f003;sp011;BUDGET;ACTIVE;a.homonilova@ukma.edu.ua;+380501234707;2006-11-20;18
st20250418;Daria;Dimohlo;Oleksiivna;1;2025-09-01;2;f003;sp011;BUDGET;ACTIVE;d.dimohlo@ukma.edu.ua;+380501234708;2007-05-08;18
st20250419;Dmytrii;Dokuchaiev;Oleksandrovych;1;2025-09-01;2;f003;sp011;BUDGET;ACTIVE;d.dokuchaiev@ukma.edu.ua;+380501234709;2006-08-14;19
st20250420;Iryna;Dubyna;Vitaliivna;1;2025-09-01;2;f003;sp011;CONTRACT;ACTIVE;i.dubyna@ukma.edu.ua;+380501234710;2007-02-22;18
st20250421;Milana;Yevhenieva;Yuriivna;1;2025-09-01;2;f003;sp011;CONTRACT;ACTIVE;m.yevhenieva@ukma.edu.ua;+380501234711;2006-12-05;18
st20250422;Illia;Zubal;Andriiovych;1;2025-09-01;2;f003;sp011;CONTRACT;ACTIVE;i.zubal@ukma.edu.ua;+380501234712;2007-09-11;17
st20250423;Viktoriia;Karpenko;Oleksandrivna;1;2025-09-01;3;f003;sp011;BUDGET;ACTIVE;v.karpenko@ukma.edu.ua;+380501234713;2006-10-27;18
st20250424;Tymofii;Kotseba;Denysovych;1;2025-09-01;3;f003;sp011;BUDGET;ACTIVE;t.kotseba@ukma.edu.ua;+380501234714;2007-04-16;18
st20250425;Denys;Korobchynskyi;Ihorovych;1;2025-09-01;3;f003;sp011;BUDGET;ACTIVE;d.korobchynskyi@ukma.edu.ua;+380501234715;2006-07-03;19
st20250426;Roman;Kuzmenko;Yuriiovych;1;2025-09-01;3;f003;sp011;BUDGET;ACTIVE;r.kuzmenko@ukma.edu.ua;+380501234716;2007-05-19;18
st20250427;Tymofii;Loktionov;Kostiantynovych;1;2025-09-01;3;f003;sp011;BUDGET;ACTIVE;t.loktionov@ukma.edu.ua;+380501234717;2006-09-24;18
st20250428;Nataliia;Mahas;Vasylivna;1;2025-09-01;3;f003;sp011;BUDGET;ACTIVE;n.mahas@ukma.edu.ua;+380501234718;2007-03-31;18
st20250429;Vladyslav;Maiba;Vitaliiovych;1;2025-09-01;3;f003;sp011;BUDGET;ACTIVE;v.maiba@ukma.edu.ua;+380501234719;2006-01-09;19
st20250430;Kostiantyn;Maltsev;Romanovych;1;2025-09-01;4;f003;sp011;BUDGET;ACTIVE;k.maltsev@ukma.edu.ua;+380501234720;2007-11-04;17
st20250431;Nataliia;Malchenko;Oleksandrivna;1;2025-09-01;4;f003;sp011;BUDGET;ACTIVE;n.malchenko@ukma.edu.ua;+380501234721;2006-08-21;19
st20250432;Lada;Matviienko;Yevhenivna;1;2025-09-01;4;f003;sp011;CONTRACT;ACTIVE;l.matviienko@ukma.edu.ua;+380501234722;2007-06-15;18
st20250433;Pavlo;Mochalov;Oleksandrovych;1;2025-09-01;4;f003;sp011;BUDGET;ACTIVE;p.mochalov@ukma.edu.ua;+380501234723;2006-04-30;19
st20250434;Matvii;Orliuk;Maksymovych;1;2025-09-01;4;f003;sp011;CONTRACT;ACTIVE;m.orliuk@ukma.edu.ua;+380501234724;2007-10-12;17
st20250435;Makarii;Pokotylo;Liubomyrovych;1;2025-09-01;4;f003;sp011;BUDGET;ACTIVE;m.pokotylo@ukma.edu.ua;+380501234725;2006-02-28;19
st20250436;Daria;Potapenko;Viacheslavivna;1;2025-09-01;4;f003;sp011;CONTRACT;ACTIVE;d.potapenko@ukma.edu.ua;+380501234726;2007-07-07;18
st20250437;Bohdan-Liubomyr;Prytula;Volodymyrovych;1;2025-09-01;5;f003;sp011;BUDGET;ACTIVE;b.prytula@ukma.edu.ua;+380501234727;2006-11-19;18
st20250438;Veronika;Roshchyna;Ruslanivna;1;2025-09-01;5;f003;sp011;CONTRACT;ACTIVE;v.roshchyna@ukma.edu.ua;+380501234728;2007-05-23;18
st20250439;Hlib;Savchenko;Ihorovych;1;2025-09-01;5;f003;sp011;CONTRACT;ACTIVE;h.savchenko@ukma.edu.ua;+380501234729;2006-01-04;19
st20250440;Tetiana;Sahun;Andriivna;1;2025-09-01;5;f003;sp011;CONTRACT;ACTIVE;t.sahun@ukma.edu.ua;+380501234730;2007-09-29;17
st20250441;Daniil;Sirik;Dmytrovych;1;2025-09-01;5;f003;sp011;CONTRACT;ACTIVE;d.sirik@ukma.edu.ua;+380501234731;2006-12-14;18
st20250442;Maryna;Tymoshenko;Valeriivna;1;2025-09-01;5;f003;sp011;BUDGET;ACTIVE;m.tymoshenko@ukma.edu.ua;+380501234732;2007-03-08;18
st20250443;Mariia;Tkachuk;Ihorivna;1;2025-09-01;5;f003;sp011;CONTRACT;ACTIVE;m.tkachuk@ukma.edu.ua;+380501234733;2006-06-21;19
st20250444;Kateryna;Trekhleb;Andriivna;1;2025-09-01;6;f003;sp011;CONTRACT;ACTIVE;k.trekhleb@ukma.edu.ua;+380501234734;2007-11-28;17
st20250445;Mark;Chaika;Vitaliiovych;1;2025-09-01;6;f003;sp011;CONTRACT;ACTIVE;m.chaika@ukma.edu.ua;+380501234735;2006-04-15;19
st20250446;Feliks;Chumak;Volodymyrovych;1;2025-09-01;6;f003;sp011;CONTRACT;ACTIVE;f.chumak@ukma.edu.ua;+380501234736;2007-08-01;18
st20250447;Nazarii;Shapovalov;Romanovych;1;2025-09-01;6;f003;sp011;BUDGET;ACTIVE;n.shapovalov@ukma.edu.ua;+380501234737;2006-12-13;18
st20250448;Zoriana;Sheremet;Oleksandrivna;1;2025-09-01;6;f003;sp011;CONTRACT;ACTIVE;z.sheremet@ukma.edu.ua;+380501234738;2007-04-26;18


st20250449;Veronika;Babych;Vadymivna;1;2025-09-01;1;f003;sp012;CONTRACT;ACTIVE;v.babych@ukma.edu.ua;+380501234739;2006-06-18;19
st20250450;Mariia;Babulevych;Heorhiivna;1;2025-09-01;1;f003;sp012;BUDGET;ACTIVE;m.babulevych@ukma.edu.ua;+380501234740;2007-11-09;17
st20250451;Oleksandra;Bachynska;Vadymivna;1;2025-09-01;1;f003;sp012;CONTRACT;ACTIVE;o.bachynska@ukma.edu.ua;+380501234741;2006-03-10;19
st20250452;Valeriia;Brotska;Viktorivna;1;2025-09-01;1;f003;sp012;BUDGET;ACTIVE;v.brotska@ukma.edu.ua;+380501234742;2007-08-27;18
st20250453;Kateryna;Buhlak;Andriivna;1;2025-09-01;1;f003;sp012;BUDGET;ACTIVE;k.buhlak@ukma.edu.ua;+380501234743;2006-01-05;19
st20250454;Anastasiia;Harbuza;Serhiivna;1;2025-09-01;1;f003;sp012;CONTRACT;ACTIVE;a.harbuza@ukma.edu.ua;+380501234744;2007-03-12;18
st20250455;Denys;Holovko;Valeriiovych;1;2025-09-01;1;f003;sp012;BUDGET;ACTIVE;d.holovko@ukma.edu.ua;+380501234745;2006-11-20;18
st20250456;Daria;Hrebiannyk;Yevhenivna;1;2025-09-01;2;f003;sp012;BUDGET;ACTIVE;d.hrebiannyk@ukma.edu.ua;+380501234746;2007-05-08;18
st20250457;Maksym;Huk;Andriiovych;1;2025-09-01;2;f003;sp012;BUDGET;ACTIVE;m.huk@ukma.edu.ua;+380501234747;2006-08-14;19
st20250458;Yevheniia;Hurando;Mykolaivna;1;2025-09-01;2;f003;sp012;CONTRACT;ACTIVE;y.hurando@ukma.edu.ua;+380501234748;2007-02-22;18
st20250459;Kateryna;Derevianko;Olehivna;1;2025-09-01;2;f003;sp012;BUDGET;ACTIVE;k.derevianko@ukma.edu.ua;+380501234749;2006-12-05;18
st20250460;Lev;Kahan;Yuriiovych;1;2025-09-01;2;f003;sp012;BUDGET;ACTIVE;l.kahan@ukma.edu.ua;+380501234750;2007-09-11;17
st20250461;Solomiia;Kalinichenko;Vitaliivna;1;2025-09-01;2;f003;sp012;BUDGET;ACTIVE;s.kalinichenko@ukma.edu.ua;+380501234751;2006-10-27;18
st20250462;Sofiia;Koval;Volodymyrivna;1;2025-09-01;2;f003;sp012;CONTRACT;ACTIVE;s.koval@ukma.edu.ua;+380501234752;2007-04-16;18
st20250463;Kostiantyn;Kotenko;Yevheniiovych;1;2025-09-01;3;f003;sp012;BUDGET;ACTIVE;k.kotenko@ukma.edu.ua;+380501234753;2006-07-03;19
st20250464;Alisa;Kurochkina;Dmytrivna;1;2025-09-01;3;f003;sp012;CONTRACT;ACTIVE;a.kurochkina@ukma.edu.ua;+380501234754;2007-05-19;18
st20250465;Yaroslava;Kushnir;Dmytrivna;1;2025-09-01;3;f003;sp012;BUDGET;ACTIVE;y.kushnir@ukma.edu.ua;+380501234755;2006-09-24;18
st20250466;Yuliia;Kushniruk;Oleksandrivna;1;2025-09-01;3;f003;sp012;BUDGET;ACTIVE;y.kushniruk@ukma.edu.ua;+380501234756;2007-03-31;18
st20250467;Kateryna;Mazur;Anatoliivna;1;2025-09-01;3;f003;sp012;CONTRACT;ACTIVE;k.mazur@ukma.edu.ua;+380501234757;2006-01-09;19
st20250468;Vladyslava;Makhnenko;Oleksandrivna;1;2025-09-01;3;f003;sp012;BUDGET;ACTIVE;v.makhnenko@ukma.edu.ua;+380501234758;2007-11-04;17
st20250469;Yeva;Movenko;Hlibivna;1;2025-09-01;4;f003;sp012;BUDGET;ACTIVE;y.movenko@ukma.edu.ua;+380501234759;2006-08-21;19
st20250470;Anastasiia;Nikolaichuk;Dmytrivna;1;2025-09-01;4;f003;sp012;BUDGET;ACTIVE;a.nikolaichuk@ukma.edu.ua;+380501234760;2007-06-15;18
st20250471;Olena;Pavlova;Andriivna;1;2025-09-01;4;f003;sp012;BUDGET;ACTIVE;o.pavlova@ukma.edu.ua;+380501234761;2006-04-30;19
st20250472;Orysia;Pidhora;Yaroslavivna;1;2025-09-01;4;f003;sp012;CONTRACT;ACTIVE;o.pidhora@ukma.edu.ua;+380501234762;2007-10-12;17
st20250473;Anna;Plakhotniuk;Yuriivna;1;2025-09-01;4;f003;sp012;BUDGET;ACTIVE;a.plakhotniuk@ukma.edu.ua;+380501234763;2006-02-28;19
st20250474;Dmytro;Radchenko;Oleksiiovych;1;2025-09-01;4;f003;sp012;CONTRACT;ACTIVE;d.radchenko@ukma.edu.ua;+380501234764;2007-07-07;18
st20250475;Anna;Semerenko;Valentynivna;1;2025-09-01;5;f003;sp012;CONTRACT;ACTIVE;a.semerenko@ukma.edu.ua;+380501234765;2006-11-19;18
st20250476;Poliina;Semenova;Yuriivna;1;2025-09-01;5;f003;sp012;CONTRACT;ACTIVE;p.semenova@ukma.edu.ua;+380501234766;2007-05-23;18
st20250477;Oleksandra;Stetsenko;Serhiivna;1;2025-09-01;5;f003;sp012;BUDGET;ACTIVE;o.stetsenko@ukma.edu.ua;+380501234767;2006-01-04;19
st20250478;Alisa;Terletska;Oleksiivna;1;2025-09-01;5;f003;sp012;BUDGET;ACTIVE;a.terletska@ukma.edu.ua;+380501234768;2007-09-29;17
st20250479;Liliia;Khomenko;Vladyslavivna;1;2025-09-01;5;f003;sp012;BUDGET;ACTIVE;l.khomenko@ukma.edu.ua;+380501234769;2006-12-14;18
st20250480;Olha;Chepeliuk;Oleksandrivna;1;2025-09-01;5;f003;sp012;BUDGET;ACTIVE;o.chepeliuk@ukma.edu.ua;+380501234770;2007-03-08;18
st20250481;Oleksandra;Sharapova;Andriivna;1;2025-09-01;6;f003;sp012;BUDGET;ACTIVE;o.sharapova@ukma.edu.ua;+380501234771;2006-06-21;19
st20250482;Aryna;Shylo;Volodymyrivna;1;2025-09-01;6;f003;sp012;BUDGET;ACTIVE;a.shylo@ukma.edu.ua;+380501234772;2007-11-28;17
st20250483;Alisa;Yakymenko;Vitaliivna;1;2025-09-01;6;f003;sp012;BUDGET;ACTIVE;a.yakymenko@ukma.edu.ua;+380501234773;2006-04-15;19


st20250484;Viktoriia;Andrieieva;Serhiivna;1;2025-09-01;1;f003;sp013;BUDGET;ACTIVE;v.andrieieva@ukma.edu.ua;+380501234774;2007-08-01;18
st20250485;Veronika;Baliuk;Olekhivna;1;2025-09-01;1;f003;sp013;BUDGET;ACTIVE;v.baliuk@ukma.edu.ua;+380501234775;2006-12-13;18
st20250486;Sofiia;Berezovska;Ihorivna;1;2025-09-01;1;f003;sp013;BUDGET;ACTIVE;s.berezovska@ukma.edu.ua;+380501234776;2007-04-26;18
st20250487;Yana;Bilova;Ivanivna;1;2025-09-01;1;f003;sp013;BUDGET;ACTIVE;y.bilova@ukma.edu.ua;+380501234777;2006-06-18;19
st20250488;Valeriia;Biloshapka;Mykolaivna;1;2025-09-01;1;f003;sp013;BUDGET;ACTIVE;v.biloshapka@ukma.edu.ua;+380501234778;2007-11-09;17
st20250489;Anastasiia;Bondaruk;Andriivna;1;2025-09-01;1;f003;sp013;BUDGET;ACTIVE;a.bondaruk@ukma.edu.ua;+380501234779;2006-03-10;19
st20250490;Feliks;Bulba;Kostiantynovych;1;2025-09-01;2;f003;sp013;CONTRACT;ACTIVE;f.bulba@ukma.edu.ua;+380501234780;2007-08-27;18
st20250491;Anastasiia;Hladka;Olehivna;1;2025-09-01;2;f003;sp013;BUDGET;ACTIVE;a.hladka@ukma.edu.ua;+380501234781;2006-01-05;19
st20250492;Marharyta;Hratsons;Andriivna;1;2025-09-01;2;f003;sp013;BUDGET;ACTIVE;m.hratsons@ukma.edu.ua;+380501234782;2007-03-12;18
st20250493;Sofiia;Denysiuk;Mykolaivna;1;2025-09-01;2;f003;sp013;BUDGET;ACTIVE;s.denysiuk@ukma.edu.ua;+380501234783;2006-11-20;18
st20250494;Mariia;Deshchenko;Vitaliivna;1;2025-09-01;2;f003;sp013;CONTRACT;ACTIVE;m.deshchenko@ukma.edu.ua;+380501234784;2007-05-08;18
st20250495;Viktoriia;Dovhaliok;Yuriivna;1;2025-09-01;2;f003;sp013;CONTRACT;ACTIVE;v.dovhaliok@ukma.edu.ua;+380501234785;2006-08-14;19
st20250496;Bohdan;Yeremenko;Yuriiovych;1;2025-09-01;3;f003;sp013;BUDGET;ACTIVE;b.yeremenko@ukma.edu.ua;+380501234786;2007-02-22;18
st20250497;Ilona;Ziakun;Oleksandrivna;1;2025-09-01;3;f003;sp013;BUDGET;ACTIVE;i.ziakun@ukma.edu.ua;+380501234787;2006-12-05;18
st20250498;Oksana;Zozulia;Ivanivna;1;2025-09-01;3;f003;sp013;BUDGET;ACTIVE;o.zozulia@ukma.edu.ua;+380501234788;2007-09-11;17
st20250499;Viktoriia;Iniashych;Mykhailivna;1;2025-09-01;3;f003;sp013;BUDGET;ACTIVE;v.iniashych@ukma.edu.ua;+380501234789;2006-10-27;18
st20250500;Varvara;Ishchenko;Oleksandrivna;1;2025-09-01;3;f003;sp013;BUDGET;ACTIVE;v.ishchenko@ukma.edu.ua;+380501234790;2007-04-16;18
st20250501;Tymur;Kalabishka;Tarasovych;1;2025-09-01;3;f003;sp013;BUDGET;ACTIVE;t.kalabishka@ukma.edu.ua;+380501234791;2006-07-03;19
st20250502;Kseniia;Kyrychenko;Yuriivna;1;2025-09-01;4;f003;sp013;BUDGET;ACTIVE;k.kyrychenko@ukma.edu.ua;+380501234792;2007-05-19;18
st20250503;Sofiia;Kovalenko;Oleksandrivna;1;2025-09-01;4;f003;sp013;BUDGET;ACTIVE;s.kovalenko@ukma.edu.ua;+380501234793;2006-09-24;18
st20250504;Anastasiia;Konovalenko;Yuriivna;1;2025-09-01;4;f003;sp013;BUDGET;ACTIVE;a.konovalenko@ukma.edu.ua;+380501234794;2007-03-31;18
st20250505;Sofiia;Konovalenko;Yuriivna;1;2025-09-01;4;f003;sp013;BUDGET;ACTIVE;s.konovalenko@ukma.edu.ua;+380501234795;2006-01-09;19
st20250506;Myrra;Korchak;Maksymivna;1;2025-09-01;4;f003;sp013;BUDGET;ACTIVE;m.korchak@ukma.edu.ua;+380501234796;2007-11-04;17
st20250507;Sofiia;Kot;Oleksandrivna;1;2025-09-01;4;f003;sp013;BUDGET;ACTIVE;s.kot@ukma.edu.ua;+380501234797;2006-08-21;19
st20250508;Daryna;Kushch;Serhiivna;1;2025-09-01;5;f003;sp013;BUDGET;ACTIVE;d.kushch@ukma.edu.ua;+380501234798;2007-06-15;18
st20250509;Anita;Kuzmenko;Maksymivna;1;2025-09-01;5;f003;sp013;BUDGET;ACTIVE;a.kuzmenko@ukma.edu.ua;+380501234799;2006-04-30;19
st20250510;Natalia;Laskevych;Ihorivna;1;2025-09-01;5;f003;sp013;BUDGET;ACTIVE;n.laskevych@ukma.edu.ua;+380501234800;2007-10-12;17
st20250511;Anna;Lysenko;Serhiivna;1;2025-09-01;5;f003;sp013;BUDGET;ACTIVE;a.lysenko@ukma.edu.ua;+380501234801;2006-02-28;19
st20250512;Nataliia;Lysenko;Serhiivna;1;2025-09-01;5;f003;sp013;CONTRACT;ACTIVE;n.lysenko@ukma.edu.ua;+380501234802;2007-07-07;18
st20250513;Sofiia;Maslieieva;Serhiivna;1;2025-09-01;5;f003;sp013;BUDGET;ACTIVE;s.maslieieva@ukma.edu.ua;+380501234803;2006-11-19;18
st20250514;Yelyzaveta;Mkrtychan;Valeriivna;1;2025-09-01;6;f003;sp013;BUDGET;ACTIVE;y.mkrtychan@ukma.edu.ua;+380501234804;2007-05-23;18
st20250515;Karina;Moshchuk;Vadymivna;1;2025-09-01;6;f003;sp013;BUDGET;ACTIVE;k.moshchuk@ukma.edu.ua;+380501234805;2006-01-04;19
st20250516;Sofiia;Mykalo;Oleksandrivna;1;2025-09-01;6;f003;sp013;BUDGET;ACTIVE;s.mykalo@ukma.edu.ua;+380501234806;2007-09-29;17
st20250517;Roman;Manchennko;Yevheniiovych;1;2025-09-01;6;f003;sp013;BUDGET;ACTIVE;r.manchennko@ukma.edu.ua;+380501234807;2006-12-14;18
st20250518;Veronika;Nehoda;Ihorivna;1;2025-09-01;6;f003;sp013;BUDGET;ACTIVE;v.nehoda@ukma.edu.ua;+380501234808;2007-03-08;18
st20250519;Yelyzaveta;Nestroieva;Vitaliivna;1;2025-09-01;6;f003;sp013;CONTRACT;ACTIVE;y.nestroieva@ukma.edu.ua;+380501234809;2006-06-21;19
st20250520;Sofiia;Otsotsiuk;Valeriivna;1;2025-09-01;7;f003;sp013;BUDGET;ACTIVE;s.otsotsiuk@ukma.edu.ua;+380501234810;2007-11-28;17
st20250521;Veronika;Pavliuk;Serhiivna;1;2025-09-01;7;f003;sp013;BUDGET;ACTIVE;v.pavliuk@ukma.edu.ua;+380501234811;2006-04-15;19
st20250522;Daria;Petrovska;Vitaliivna;1;2025-09-01;7;f003;sp013;CONTRACT;ACTIVE;d.petrovska@ukma.edu.ua;+380501234812;2007-08-01;18
st20250523;Anna;Polehenko;Serhiivna;1;2025-09-01;7;f003;sp013;BUDGET;ACTIVE;a.polehenko@ukma.edu.ua;+380501234813;2006-12-13;18
st20250524;Lilia;Polyvoda;Hryhorivna;1;2025-09-01;7;f003;sp013;BUDGET;ACTIVE;l.polyvoda@ukma.edu.ua;+380501234814;2007-04-26;18
st20250525;Anastasiia;Samburska;Serhiivna;1;2025-09-01;7;f003;sp013;BUDGET;ACTIVE;a.samburska@ukma.edu.ua;+380501234815;2006-06-18;19
st20250526;Bohdana;Slobodeniuk;Ruslanivna;1;2025-09-01;8;f003;sp013;BUDGET;ACTIVE;b.slobodeniuk@ukma.edu.ua;+380501234816;2007-11-09;17
st20250527;Mariia;Stambirska;Vladyslavivna;1;2025-09-01;8;f003;sp013;BUDGET;ACTIVE;m.stambirska@ukma.edu.ua;+380501234817;2006-03-10;19
st20250528;Nataliia;Siomka;Leonidivna;1;2025-09-01;8;f003;sp013;BUDGET;ACTIVE;n.siomka@ukma.edu.ua;+380501234818;2007-08-27;18
st20250529;Sofiia;Tkachenko;Anatoliivna;1;2025-09-01;8;f003;sp013;CONTRACT;ACTIVE;s.tkachenko@ukma.edu.ua;+380501234819;2006-01-05;19
st20250530;Veronika;Urupa;Oleksandrivna;1;2025-09-01;8;f003;sp013;BUDGET;ACTIVE;v.urupa@ukma.edu.ua;+380501234820;2007-03-12;18
st20250531;Mariia;Khilnich;Vitaliivna;1;2025-09-01;8;f003;sp013;BUDGET;ACTIVE;m.khilnich@ukma.edu.ua;+380501234821;2006-11-20;18
st20250532;Anna;Tsapkun;Ihorivna;1;2025-09-01;9;f003;sp013;BUDGET;ACTIVE;a.tsapkun@ukma.edu.ua;+380501234822;2007-05-08;18
st20250533;Stanislava;Chihina;Anatoliivna;1;2025-09-01;9;f003;sp013;CONTRACT;ACTIVE;s.chihina@ukma.edu.ua;+380501234823;2006-08-14;19
st20250534;Olha;Yatsenko;Vitaliivna;1;2025-09-01;9;f003;sp013;BUDGET;ACTIVE;o.yatsenko@ukma.edu.ua;+380501234824;2007-02-22;18






st20250535;Kira;Apresova;Oleksiivna;1;2025-09-01;1;f004;sp014;CONTRACT;ACTIVE;k.apresova@ukma.edu.ua;+380501234825;2007-04-12;18
st20250536;Nataliia;Avramenko;Anatoliivna;1;2025-09-01;1;f004;sp014;CONTRACT;ACTIVE;n.avramenko@ukma.edu.ua;+380501234826;2006-05-18;19
st20250537;Oleh;Baklanov;Vitaliiovych;1;2025-09-01;1;f004;sp014;CONTRACT;ACTIVE;o.baklanov@ukma.edu.ua;+380501234827;2007-01-22;18
st20250538;Marat;Baltak;Dmytrovych;1;2025-09-01;1;f004;sp014;CONTRACT;ACTIVE;m.baltak@ukma.edu.ua;+380501234828;2006-08-30;19
st20250539;Anastasiia;Beliakova;Oleksiivna;1;2025-09-01;1;f004;sp014;CONTRACT;ACTIVE;a.beliakova@ukma.edu.ua;+380501234829;2007-11-15;17
st20250540;Oleksandra;Benkovska;Volodymyrivna;1;2025-09-01;1;f004;sp014;CONTRACT;ACTIVE;o.benkovska@ukma.edu.ua;+380501234830;2006-02-05;19
st20250541;Maksym;Bereziuk;Viacheslavovych;1;2025-09-01;1;f004;sp014;CONTRACT;ACTIVE;m.bereziuk@ukma.edu.ua;+380501234831;2007-09-24;17
st20250542;Anastasiia;Berezovska;Viktorivna;1;2025-09-01;1;f004;sp014;CONTRACT;ACTIVE;a.berezovska@ukma.edu.ua;+380501234832;2006-12-11;18
st20250543;Violeta;Bespalova;Ivanivna;1;2025-09-01;1;f004;sp014;CONTRACT;ACTIVE;v.bespalova@ukma.edu.ua;+380501234833;2007-03-08;18
st20250544;Nazar;Bidulin;Artemovych;1;2025-09-01;1;f004;sp014;CONTRACT;ACTIVE;n.bidulin@ukma.edu.ua;+380501234834;2006-06-14;19
st20250545;Anna;Bilobrova;Yuriivna;1;2025-09-01;1;f004;sp014;CONTRACT;ACTIVE;a.bilobrova@ukma.edu.ua;+380501234835;2007-10-21;17
st20250546;Nataliia;Bodnar;Volodymyrivna;1;2025-09-01;1;f004;sp014;CONTRACT;ACTIVE;n.bodnar@ukma.edu.ua;+380501234836;2006-04-03;19
st20250547;Nazarii;Bodeichuk;Andriiovych;1;2025-09-01;1;f004;sp014;CONTRACT;ACTIVE;n.bodeichuk@ukma.edu.ua;+380501234837;2007-08-16;18
st20250548;Nazarii;Bohonis;Mykhailovych;1;2025-09-01;1;f004;sp014;CONTRACT;ACTIVE;n.bohonis@ukma.edu.ua;+380501234838;2006-01-29;19
st20250549;Danyl;Bolhar;Oleksandrovych;1;2025-09-01;1;f004;sp014;CONTRACT;ACTIVE;d.bolhar@ukma.edu.ua;+380501234839;2007-05-12;18
st20250550;Anastasiia;Borychevska;Eduardivna;1;2025-09-01;1;f004;sp014;CONTRACT;ACTIVE;a.borychevska@ukma.edu.ua;+380501234840;2006-10-25;18
st20250551;Nika;Bozhko;Serhiivna;1;2025-09-01;1;f004;sp014;CONTRACT;ACTIVE;n.bozhko@ukma.edu.ua;+380501234841;2007-02-18;18
st20250552;Artem;Buchok;Kostiantynovych;1;2025-09-01;1;f004;sp014;CONTRACT;ACTIVE;a.buchok@ukma.edu.ua;+380501234842;2006-07-07;19
st20250553;Mariia;Buromenska;Mykhailivna;1;2025-09-01;1;f004;sp014;CONTRACT;ACTIVE;m.buromenska@ukma.edu.ua;+380501234843;2007-12-01;17
st20250554;Vitalina;Butkevych;Viktorivna;1;2025-09-01;1;f004;sp014;CONTRACT;ACTIVE;v.butkevych@ukma.edu.ua;+380501234844;2006-09-15;18
st20250555;Artem;Chernysh;Viktorovych;1;2025-09-01;2;f004;sp014;CONTRACT;ACTIVE;a.chernysh@ukma.edu.ua;+380501234845;2007-04-28;18
st20250556;Dmytro;Chornyi;Dmytrovych;1;2025-09-01;2;f004;sp014;CONTRACT;ACTIVE;d.chornyi@ukma.edu.ua;+380501234846;2006-11-09;18
st20250557;Yelyzaveta;Dmitrieva;Oleksandrivna;1;2025-09-01;2;f004;sp014;CONTRACT;ACTIVE;y.dmitrieva@ukma.edu.ua;+380501234847;2007-06-23;18
st20250558;Viktor;Dolych;Oleksandrovych;1;2025-09-01;2;f004;sp014;CONTRACT;ACTIVE;v.dolych@ukma.edu.ua;+380501234848;2006-02-14;19
st20250559;Vladyslav;Dubovenko;Vitaliiovych;1;2025-09-01;2;f004;sp014;CONTRACT;ACTIVE;v.dubovenko@ukma.edu.ua;+380501234849;2007-09-05;17
st20250560;Mykhailo;Dubovyi;Serhiiovych;1;2025-09-01;2;f004;sp014;CONTRACT;ACTIVE;m.dubovyi@ukma.edu.ua;+380501234850;2006-05-22;19
st20250561;Alisa;Firsova;Maksymivna;1;2025-09-01;2;f004;sp014;CONTRACT;ACTIVE;a.firsova@ukma.edu.ua;+380501234851;2007-10-14;17
st20250562;Yaroslav;Halak;Oleksandrovych;1;2025-09-01;2;f004;sp014;CONTRACT;ACTIVE;y.halak@ukma.edu.ua;+380501234852;2006-01-08;19
st20250563;Sofiia;Havlovska;Serhiivna;1;2025-09-01;2;f004;sp014;CONTRACT;ACTIVE;s.havlovska@ukma.edu.ua;+380501234853;2007-08-31;18
st20250564;Anastasiia;Haievska;Petrivna;1;2025-09-01;2;f004;sp014;CONTRACT;ACTIVE;a.haievska@ukma.edu.ua;+380501234854;2006-03-19;19
st20250565;Nadiia;Herasymenko;Oleksandrivna;1;2025-09-01;2;f004;sp014;CONTRACT;ACTIVE;n.herasymenko@ukma.edu.ua;+380501234855;2007-12-07;17
st20250566;Oleksandra;Hertsova;Oleksandrivna;1;2025-09-01;2;f004;sp014;CONTRACT;ACTIVE;o.hertsova@ukma.edu.ua;+380501234856;2006-07-26;19
st20250567;Viktoriia;Honcharenko;Volodymyrivna;1;2025-09-01;2;f004;sp014;CONTRACT;ACTIVE;v.honcharenko@ukma.edu.ua;+380501234857;2007-02-11;18
st20250568;Marta;Horbenko;Vadymivna;1;2025-09-01;2;f004;sp014;CONTRACT;ACTIVE;m.horbenko@ukma.edu.ua;+380501234858;2006-09-29;18
st20250569;Liubomyr;Horhan;Oleksandrovych;1;2025-09-01;2;f004;sp014;CONTRACT;ACTIVE;l.horhan@ukma.edu.ua;+380501234859;2007-05-02;18
st20250570;Mykhailo;Hrynevych;Oleksandrovych;1;2025-09-01;2;f004;sp014;CONTRACT;ACTIVE;m.hrynevych@ukma.edu.ua;+380501234860;2006-11-17;18
st20250571;Dana;Hryshkevych;Viktorivna;1;2025-09-01;2;f004;sp014;CONTRACT;ACTIVE;d.hryshkevych@ukma.edu.ua;+380501234861;2007-06-09;18
st20250572;Yelyzaveta;Hubina;Mykolaivna;1;2025-09-01;2;f004;sp014;CONTRACT;ACTIVE;y.hubina@ukma.edu.ua;+380501234862;2006-01-23;19
st20250573;Yana;Huk;Volodymyrivna;1;2025-09-01;2;f004;sp014;CONTRACT;ACTIVE;y.huk@ukma.edu.ua;+380501234863;2007-08-04;18
st20250574;Sviatoslav;Hutsol;Bohdanovych;1;2025-09-01;2;f004;sp014;CONTRACT;ACTIVE;s.hutsol@ukma.edu.ua;+380501234864;2006-04-16;19
st20250575;Olha;Ilnytska;Volodymyrivna;1;2025-09-01;3;f004;sp014;CONTRACT;ACTIVE;o.ilnytska@ukma.edu.ua;+380501234865;2007-11-28;17
st20250576;Anna-Mariia;Kardashevska;Yuriivna;1;2025-09-01;3;f004;sp014;CONTRACT;ACTIVE;a.kardashevska@ukma.edu.ua;+380501234866;2006-06-10;19
st20250577;Andrii;Kasperov;Oleksiiovych;1;2025-09-01;3;f004;sp014;CONTRACT;ACTIVE;a.kasperov@ukma.edu.ua;+380501234867;2007-01-05;18
st20250578;Mykyta;Khaitul;Antonovych;1;2025-09-01;3;f004;sp014;CONTRACT;ACTIVE;m.khaitul@ukma.edu.ua;+380501234868;2006-08-20;19
st20250579;Arina;Khoroshkova;Volodymyrivna;1;2025-09-01;3;f004;sp014;CONTRACT;ACTIVE;a.khoroshkova@ukma.edu.ua;+380501234869;2007-03-14;18
st20250580;Klym;Klymenko;Mykolaiovych;1;2025-09-01;3;f004;sp014;CONTRACT;ACTIVE;k.klymenko@ukma.edu.ua;+380501234870;2006-10-02;18
st20250581;Daria;Kobzar;Serhiivna;1;2025-09-01;3;f004;sp014;CONTRACT;ACTIVE;d.kobzar@ukma.edu.ua;+380501234871;2007-05-24;18
st20250582;Daria;Komarevych;Mykolaivna;1;2025-09-01;3;f004;sp014;CONTRACT;ACTIVE;d.komarevych@ukma.edu.ua;+380501234872;2006-12-16;18
st20250583;Sofiia;Korol;Olehivna;1;2025-09-01;3;f004;sp014;CONTRACT;ACTIVE;s.korol@ukma.edu.ua;+380501234873;2007-07-29;18
st20250584;Oleksandra;Kozlova;Serhiivna;1;2025-09-01;3;f004;sp014;CONTRACT;ACTIVE;o.kozlova@ukma.edu.ua;+380501234874;2006-02-09;19
st20250585;Vladyslav;Kravets;Ihorovych;1;2025-09-01;3;f004;sp014;BUDGET;ACTIVE;v.kravets@ukma.edu.ua;+380501234875;2007-09-21;17
st20250586;Dmytro;Kucher;Oleksandrovych;1;2025-09-01;3;f004;sp014;CONTRACT;ACTIVE;d.kucher@ukma.edu.ua;+380501234876;2006-04-06;19
st20250587;Viktoriia;Kyianenko;Mykolaivna;1;2025-09-01;3;f004;sp014;BUDGET;ACTIVE;v.kyianenko@ukma.edu.ua;+380501234877;2007-11-12;17
st20250588;Andrii;Kyshenia;Maksymovych;1;2025-09-01;3;f004;sp014;CONTRACT;ACTIVE;a.kyshenia@ukma.edu.ua;+380501234878;2006-06-25;19
st20250589;Anna;Lahoda;Oleksandrivna;1;2025-09-01;3;f004;sp014;CONTRACT;ACTIVE;a.lahoda@ukma.edu.ua;+380501234879;2007-01-18;18
st20250590;Arsenii;Lotash;Oleksandrovych;1;2025-09-01;3;f004;sp014;CONTRACT;ACTIVE;a.lotash@ukma.edu.ua;+380501234880;2006-08-03;19
st20250591;Mykola;Lykov;Mykolaiovych;1;2025-09-01;3;f004;sp014;CONTRACT;ACTIVE;m.lykov@ukma.edu.ua;+380501234881;2007-03-27;18
st20250592;Nadiia;Maliarenko;Oleksandrivna;1;2025-09-01;4;f004;sp014;CONTRACT;ACTIVE;n.maliarenko@ukma.edu.ua;+380501234882;2006-10-11;18
st20250593;Lilia;Manko;Ruslanivna;1;2025-09-01;4;f004;sp014;CONTRACT;ACTIVE;l.manko@ukma.edu.ua;+380501234883;2007-05-24;18
st20250594;Alisa;Masniuk;Myroslavivna;1;2025-09-01;4;f004;sp014;CONTRACT;ACTIVE;a.masniuk@ukma.edu.ua;+380501234884;2006-12-05;18
st20250595;Dominika;Mazurenko;Danylivna;1;2025-09-01;4;f004;sp014;BUDGET;ACTIVE;d.mazurenko@ukma.edu.ua;+380501234885;2007-07-19;18
st20250596;Sofiia;Melnykovych;Olehivna;1;2025-09-01;4;f004;sp014;BUDGET;ACTIVE;s.melnykovych@ukma.edu.ua;+380501234886;2006-02-01;19
st20250597;Mykhailo;Miklin;Serhiiovych;1;2025-09-01;4;f004;sp014;CONTRACT;ACTIVE;m.miklin@ukma.edu.ua;+380501234887;2007-09-14;17
st20250598;Artem;Milinevskyi;Denysovych;1;2025-09-01;4;f004;sp014;CONTRACT;ACTIVE;a.milinevskyi@ukma.edu.ua;+380501234888;2006-04-26;19
st20250599;Ivanna;Mozoliuk;Volodymyrivna;1;2025-09-01;4;f004;sp014;CONTRACT;ACTIVE;i.mozoliuk@ukma.edu.ua;+380501234889;2007-11-08;17
st20250600;Oleksii;Musiienko;Pavlovych;1;2025-09-01;4;f004;sp014;CONTRACT;ACTIVE;o.musiienko@ukma.edu.ua;+380501234890;2006-06-21;19
st20250601;Ira;Myndzul;Andriivna;1;2025-09-01;4;f004;sp014;CONTRACT;ACTIVE;i.myndzul@ukma.edu.ua;+380501234891;2007-01-04;18
st20250602;Dariia;Myslyvets;Leonidivna;1;2025-09-01;4;f004;sp014;CONTRACT;ACTIVE;d.myslyvets@ukma.edu.ua;+380501234892;2006-08-17;19
st20250603;Andriana;Myziuk;Andriivna;1;2025-09-01;4;f004;sp014;CONTRACT;ACTIVE;a.myziuk@ukma.edu.ua;+380501234893;2007-03-31;18
st20250604;Daryna;Naida;Oleksandrivna;1;2025-09-01;4;f004;sp014;BUDGET;ACTIVE;d.naida@ukma.edu.ua;+380501234894;2006-10-12;18
st20250605;Viktoriia;Nechai;Andriivna;1;2025-09-01;4;f004;sp014;CONTRACT;ACTIVE;v.nechai@ukma.edu.ua;+380501234895;2007-05-27;18
st20250606;Tymofii;Nesterenko;Volodymyrovych;1;2025-09-01;4;f004;sp014;CONTRACT;ACTIVE;t.nesterenko@ukma.edu.ua;+380501234896;2006-01-08;19
st20250607;Heorhii;Novohrebelskyi;Olehovych;1;2025-09-01;4;f004;sp014;CONTRACT;ACTIVE;h.novohrebelskyi@ukma.edu.ua;+380501234897;2007-08-22;18
st20250608;Roman;Novikov;Leonidovych;1;2025-09-01;4;f004;sp014;BUDGET;ACTIVE;r.novikov@ukma.edu.ua;+380501234898;2006-03-05;19
st20250609;Daryna;Oleksenko;Oleksiivna;1;2025-09-01;5;f004;sp014;CONTRACT;ACTIVE;d.oleksenko@ukma.edu.ua;+380501234899;2007-10-17;17
st20250610;Polina;Olkhovska;Yevhenivna;1;2025-09-01;5;f004;sp014;CONTRACT;ACTIVE;p.olkhovska@ukma.edu.ua;+380501234900;2006-05-01;19
st20250611;Daria;Orel;Oleksandrivna;1;2025-09-01;5;f004;sp014;CONTRACT;ACTIVE;d.orel@ukma.edu.ua;+380501234901;2007-12-14;17
st20250612;Kyrylo;Pavlenko;Romanovych;1;2025-09-01;5;f004;sp014;CONTRACT;ACTIVE;k.pavlenko@ukma.edu.ua;+380501234902;2006-07-27;19
st20250613;Borys;Pavlov;Dmytrovych;1;2025-09-01;5;f004;sp014;CONTRACT;ACTIVE;b.pavlov@ukma.edu.ua;+380501234903;2007-02-09;18
st20250614;Mariia;Pavlyk;Dmytrivna;1;2025-09-01;5;f004;sp014;CONTRACT;ACTIVE;m.pavlyk@ukma.edu.ua;+380501234904;2006-09-22;18
st20250615;Varvara;Perepelytsia;Mykolaivna;1;2025-09-01;5;f004;sp014;CONTRACT;ACTIVE;v.perepelytsia@ukma.edu.ua;+380501234905;2007-04-05;18
st20250616;Alina;Petrykovets;Volodymyrivna;1;2025-09-01;5;f004;sp014;CONTRACT;ACTIVE;a.petrykovets@ukma.edu.ua;+380501234906;2006-11-18;18
st20250617;Kamila;Piliavska;Oleksandrivna;1;2025-09-01;5;f004;sp014;CONTRACT;ACTIVE;k.piliavska@ukma.edu.ua;+380501234907;2007-06-02;18
st20250618;Daria;Plokhotnichenko;Maksymivna;1;2025-09-01;5;f004;sp014;CONTRACT;ACTIVE;d.plokhotnichenko@ukma.edu.ua;+380501234908;2006-01-14;19
st20250619;Mariia;Poliukhovych;Mykolaivna;1;2025-09-01;5;f004;sp014;CONTRACT;ACTIVE;m.poliukhovych@ukma.edu.ua;+380501234909;2007-08-28;18
st20250620;Valeriia;Portuhalova;Oleksiivna;1;2025-09-01;5;f004;sp014;CONTRACT;ACTIVE;v.portuhalova@ukma.edu.ua;+380501234910;2006-03-12;19
st20250621;Kseniia;Povzlo;Oleksandrivna;1;2025-09-01;5;f004;sp014;CONTRACT;ACTIVE;k.povzlo@ukma.edu.ua;+380501234911;2007-10-25;17
st20250622;Alina;Prokipchuk;Ruslanivna;1;2025-09-01;5;f004;sp014;CONTRACT;ACTIVE;a.prokipchuk@ukma.edu.ua;+380501234912;2006-05-09;19
st20250623;Sofiia;Pryimak;Vasylivna;1;2025-09-01;5;f004;sp014;CONTRACT;ACTIVE;s.pryimak@ukma.edu.ua;+380501234913;2007-12-21;17
st20250624;Solomiia;Repushevska;Oleksandrivna;1;2025-09-01;5;f004;sp014;CONTRACT;ACTIVE;s.repushevska@ukma.edu.ua;+380501234914;2006-07-05;19
st20250625;Sofiia;Romanchuk;Mykolaivna;1;2025-09-01;5;f004;sp014;CONTRACT;ACTIVE;s.romanchuk@ukma.edu.ua;+380501234915;2007-02-17;18
st20250626;Viktoriia;Savchuk;Oleksandrivna;1;2025-09-01;6;f004;sp014;CONTRACT;ACTIVE;v.savchuk@ukma.edu.ua;+380501234916;2006-09-01;19
st20250627;Yelyzaveta;Savchuk;Mykolaivna;1;2025-09-01;6;f004;sp014;CONTRACT;ACTIVE;y.savchuk@ukma.edu.ua;+380501234917;2007-04-15;18
st20250628;Andrii;Serhiienko;Vasylovych;1;2025-09-01;6;f004;sp014;CONTRACT;ACTIVE;a.serhiienko@ukma.edu.ua;+380501234918;2006-11-27;18
st20250629;Sofiia;Serhiienko;Volodymyrivna;1;2025-09-01;6;f004;sp014;CONTRACT;ACTIVE;s.serhiienko@ukma.edu.ua;+380501234919;2007-06-10;18
st20250630;Yevhenii;Shyshov;Vitaliiovych;1;2025-09-01;6;f004;sp014;CONTRACT;ACTIVE;y.shyshov@ukma.edu.ua;+380501234920;2006-01-22;19
st20250631;Ruslan;Shuliak;Olehovych;1;2025-09-01;6;f004;sp014;CONTRACT;ACTIVE;r.shuliak@ukma.edu.ua;+380501234921;2007-08-06;18
st20250632;Sofiia;Slipchuk;Andriivna;1;2025-09-01;6;f004;sp014;CONTRACT;ACTIVE;s.slipchuk@ukma.edu.ua;+380501234922;2006-03-20;19
st20250633;Illia;Stasiuk;Bohdanovych;1;2025-09-01;6;f004;sp014;CONTRACT;ACTIVE;i.stasiuk@ukma.edu.ua;+380501234923;2007-10-02;17
st20250634;Veronika;Stativa;Ivanivna;1;2025-09-01;6;f004;sp014;CONTRACT;ACTIVE;v.stativa@ukma.edu.ua;+380501234924;2006-05-16;19
st20250635;Daniil;Stepura;Ihorovych;1;2025-09-01;6;f004;sp014;CONTRACT;ACTIVE;d.stepura@ukma.edu.ua;+380501234925;2007-12-29;17
st20250636;Dmytro;Sukhanov;Andriiovych;1;2025-09-01;6;f004;sp014;CONTRACT;ACTIVE;d.sukhanov@ukma.edu.ua;+380501234926;2006-07-13;19
st20250637;Pavlo;Suvalo;Mykhailovych;1;2025-09-01;6;f004;sp014;CONTRACT;ACTIVE;p.suvalo@ukma.edu.ua;+380501234927;2007-02-25;18
st20250638;Veronika;Solopova;Yuriivna;1;2025-09-01;6;f004;sp014;CONTRACT;ACTIVE;v.solopova@ukma.edu.ua;+380501234928;2006-09-08;19
st20250639;Anna;Tatarenko;Oleksandrivna;1;2025-09-01;6;f004;sp014;CONTRACT;ACTIVE;a.tatarenko@ukma.edu.ua;+380501234929;2007-04-22;18
st20250640;Diana;Tokar;Yevhenivna;1;2025-09-01;6;f004;sp014;CONTRACT;ACTIVE;d.tokar@ukma.edu.ua;+380501234930;2006-11-04;18
st20250641;Ivan;Tsybienko;Romanovych;1;2025-09-01;6;f004;sp014;CONTRACT;ACTIVE;i.tsybienko@ukma.edu.ua;+380501234931;2007-06-18;18
st20250642;Tetiana;Tsyliuryk;Oleksandrivna;1;2025-09-01;6;f004;sp014;CONTRACT;ACTIVE;t.tsyliuryk@ukma.edu.ua;+380501234932;2006-01-31;19
st20250643;Anna;Tymoshenko;Andriivna;1;2025-09-01;6;f004;sp014;CONTRACT;ACTIVE;a.tymoshenko@ukma.edu.ua;+380501234933;2007-09-13;17
st20250644;Olha;Tychyna;Viktorivna;1;2025-09-01;6;f004;sp014;CONTRACT;ACTIVE;o.tychyna@ukma.edu.ua;+380501234934;2006-04-27;19
st20250645;Viktor;Tyshko;Vasylovych;1;2025-09-01;6;f004;sp014;BUDGET;ACTIVE;v.tyshko@ukma.edu.ua;+380501234935;2007-11-10;17
st20250646;Olha;Ukrainska;Vitaliivna;1;2025-09-01;6;f004;sp014;CONTRACT;ACTIVE;o.ukrainska@ukma.edu.ua;+380501234936;2006-06-24;19
st20250647;Mykhail;Ushko;Volodymyrovych;1;2025-09-01;6;f004;sp014;CONTRACT;ACTIVE;m.ushko@ukma.edu.ua;+380501234937;2007-02-06;18
st20250648;Arina;Vahner;Ihorivna;1;2025-09-01;6;f004;sp014;CONTRACT;ACTIVE;a.vahner@ukma.edu.ua;+380501234938;2006-09-20;18
st20250649;Nina;Vasina;Andriivna;1;2025-09-01;6;f004;sp014;CONTRACT;ACTIVE;n.vasina@ukma.edu.ua;+380501234939;2007-05-04;18
st20250650;Illia;Velychko;Maksymovych;1;2025-09-01;6;f004;sp014;CONTRACT;ACTIVE;i.velychko@ukma.edu.ua;+380501234940;2006-12-17;18
st20250651;Kateryna;Vynohorodska;Oleksandrivna;1;2025-09-01;6;f004;sp014;CONTRACT;ACTIVE;k.vynohorodska@ukma.edu.ua;+380501234941;2007-07-31;18
st20250652;Viktoriia;Yemelianenko;Oleksandrivna;1;2025-09-01;6;f004;sp014;BUDGET;ACTIVE;v.yemelianenko@ukma.edu.ua;+380501234942;2006-02-12;19
st20250653;Oleksii;Zabrodskyi;Mykhailovych;1;2025-09-01;6;f004;sp014;CONTRACT;ACTIVE;o.zabrodskyi@ukma.edu.ua;+380501234943;2007-09-26;17
st20250654;Kateryna;Zaporozhets;Oleksandrivna;1;2025-09-01;6;f004;sp014;CONTRACT;ACTIVE;k.zaporozhets@ukma.edu.ua;+380501234944;2006-05-11;19
st20250655;Yaroslav;Zharov;Valeriiovych;1;2025-09-01;6;f004;sp014;BUDGET;ACTIVE;y.zharov@ukma.edu.ua;+380501234945;2007-12-24;17
st20250656;Anna;Zherebko;Andriivna;1;2025-09-01;6;f004;sp014;CONTRACT;ACTIVE;a.zherebko@ukma.edu.ua;+380501234946;2006-08-08;19
st20250657;Valeriia;Zhyronkina;Oleksandrivna;1;2025-09-01;6;f004;sp014;CONTRACT;ACTIVE;v.zhyronkina@ukma.edu.ua;+380501234947;2007-03-22;18
st20250658;Polina;Zhytnyk;Oleksiivna;1;2025-09-01;6;f004;sp014;CONTRACT;ACTIVE;p.zhytnyk@ukma.edu.ua;+380501234948;2006-10-05;18


st20250659;Mykhailo;Damaskin;Oleksiiovych;1;2025-09-01;1;f004;sp015;BUDGET;ACTIVE;m.damaskin@ukma.edu.ua;+380501234949;2007-05-19;18
st20250660;Nataliia;Hrabovska;Ihorivna;1;2025-09-01;1;f004;sp015;CONTRACT;ACTIVE;n.hrabovska@ukma.edu.ua;+380501234950;2006-12-02;18
st20250661;Alina;Khomych;Tarasivna;1;2025-09-01;1;f004;sp015;CONTRACT;ACTIVE;a.khomych@ukma.edu.ua;+380501234951;2007-07-16;18
st20250662;Anastasiia;Khliebina;Viktorivna;1;2025-09-01;1;f004;sp015;CONTRACT;ACTIVE;a.khliebina@ukma.edu.ua;+380501234952;2006-02-28;19
st20250663;Alina;Kostretska;Vitaliivna;1;2025-09-01;2;f004;sp015;CONTRACT;ACTIVE;a.kostretska@ukma.edu.ua;+380501234953;2007-10-12;17
st20250664;Valeriia;Kovalenko;Viacheslavivna;1;2025-09-01;2;f004;sp015;CONTRACT;ACTIVE;v.kovalenko@ukma.edu.ua;+380501234954;2006-05-27;18
st20250665;Anna;Kravchenko;Mykhailivna;1;2025-09-01;2;f004;sp015;CONTRACT;ACTIVE;a.kravchenko@ukma.edu.ua;+380501234955;2007-01-09;18
st20250666;Vladyslav;Kukharevych;Denysovych;1;2025-09-01;2;f004;sp015;CONTRACT;ACTIVE;v.kukharevych@ukma.edu.ua;+380501234956;2006-08-23;19
st20250667;Danylo;Melnyk;Viktorovych;1;2025-09-01;3;f004;sp015;CONTRACT;ACTIVE;d.melnyk@ukma.edu.ua;+380501234957;2007-03-07;18
st20250668;Artem;Mykhaliuk;Serhiiovych;1;2025-09-01;3;f004;sp015;CONTRACT;ACTIVE;a.mykhaliuk@ukma.edu.ua;+380501234958;2006-10-20;18
st20250669;Daryna;Nikitchenko;Serhiivna;1;2025-09-01;3;f004;sp015;CONTRACT;ACTIVE;d.nikitchenko@ukma.edu.ua;+380501234959;2007-06-03;18
st20250670;Yevheniia;Ovramko;Olehivna;1;2025-09-01;3;f004;sp015;CONTRACT;ACTIVE;y.ovramko@ukma.edu.ua;+380501234960;2006-01-16;19
st20250671;Kateryna;Panchenko;Serhiivna;1;2025-09-01;4;f004;sp015;CONTRACT;ACTIVE;k.panchenko@ukma.edu.ua;+380501234961;2007-08-30;18
st20250672;Yuliia;Paraskun;Andriivna;1;2025-09-01;4;f004;sp015;CONTRACT;ACTIVE;y.paraskun@ukma.edu.ua;+380501234962;2006-04-13;19
st20250673;Valeriia;Pylypko;Olehivna;1;2025-09-01;4;f004;sp015;CONTRACT;ACTIVE;v.pylypko@ukma.edu.ua;+380501234963;2007-11-26;17
st20250674;Maryna;Pyvovarska;Ihorivna;1;2025-09-01;4;f004;sp015;CONTRACT;ACTIVE;m.pyvovarska@ukma.edu.ua;+380501234964;2006-07-10;18
st20250675;Veronika;Sikaliuk;Mykolaivna;1;2025-09-01;5;f004;sp015;CONTRACT;ACTIVE;v.sikaliuk@ukma.edu.ua;+380501234965;2007-02-23;18
st20250676;Yuliana;Teren;Serhiivna;1;2025-09-01;5;f004;sp015;CONTRACT;ACTIVE;y.teren@ukma.edu.ua;+380501234966;2006-09-06;18
st20250677;Vitalina;Vielinska;Valentynivna;1;2025-09-01;5;f004;sp015;CONTRACT;ACTIVE;v.vielinska@ukma.edu.ua;+380501234967;2007-04-20;18
st20250678;Sofiia;Yakob;Liubomyrivna;1;2025-09-01;6;f004;sp015;CONTRACT;ACTIVE;s.yakob@ukma.edu.ua;+380501234968;2006-12-03;18
st20250679;Sofiia;Zinchenko;Oleksandrivna;1;2025-09-01;6;f004;sp015;CONTRACT;ACTIVE;s.zinchenko@ukma.edu.ua;+380501234969;2007-07-17;18






st20250680;Anastasiia;Androsova;Kostiantynivna;1;2025-09-01;1;f005;sp016;BUDGET;ACTIVE;a.androsova@ukma.edu.ua;+380501234970;2007-05-12;18
st20250681;Lada;Arsirii;Oleksandrivna;1;2025-09-01;1;f005;sp016;BUDGET;ACTIVE;l.arsirii@ukma.edu.ua;+380501234971;2006-11-23;18
st20250682;Anna;Chvalova;Serhiivna;1;2025-09-01;1;f005;sp016;BUDGET;ACTIVE;a.chvalova@ukma.edu.ua;+380501234972;2006-02-15;19
st20250683;Yevheniia;Dehtiar;Oleksandrivna;1;2025-09-01;1;f005;sp016;BUDGET;ACTIVE;y.dehtiar@ukma.edu.ua;+380501234973;2007-09-04;17
st20250684;Yelyzaveta;Dobrota;Serhiivna;1;2025-09-01;2;f005;sp016;BUDGET;ACTIVE;y.dobrota@ukma.edu.ua;+380501234974;2006-12-01;18
st20250685;Anhelina;Klymenko;Vitaliivna;1;2025-09-01;2;f005;sp016;BUDGET;ACTIVE;a.klymenko@ukma.edu.ua;+380501234975;2007-01-30;18
st20250686;Danylo;Kochetkov;Oleksiiovych;1;2025-09-01;2;f005;sp016;BUDGET;ACTIVE;d.kochetkov@ukma.edu.ua;+380501234976;2006-08-11;19
st20250687;Mariia;Koniashko;Yevhenivna;1;2025-09-01;3;f005;sp016;CONTRACT;ACTIVE;m.koniashko@ukma.edu.ua;+380501234977;2007-06-25;18
st20250688;Yuliia;Koval;Bohdanivna;1;2025-09-01;3;f005;sp016;BUDGET;ACTIVE;y.koval@ukma.edu.ua;+380501234978;2006-03-09;19
st20250689;Anna;Kucherenko;Yuriivna;1;2025-09-01;3;f005;sp016;BUDGET;ACTIVE;a.kucherenko@ukma.edu.ua;+380501234979;2007-10-18;17
st20250690;Sofiia;Lysenko;Pavlivna;1;2025-09-01;4;f005;sp016;BUDGET;ACTIVE;s.lysenko@ukma.edu.ua;+380501234980;2006-05-14;19
st20250691;Zlata;Saienko;Andriivna;1;2025-09-01;4;f005;sp016;BUDGET;ACTIVE;z.saienko@ukma.edu.ua;+380501234981;2007-11-22;17
st20250692;Taras;Sukonnyk;Yuriiovych;1;2025-09-01;4;f005;sp016;BUDGET;ACTIVE;t.sukonnyk@ukma.edu.ua;+380501234982;2006-09-28;18
st20250693;Mykhailo;Sydorenko-Bielkin;Yuriiovych;1;2025-09-01;5;f005;sp016;BUDGET;ACTIVE;m.sydorenko-bielkin@ukma.edu.ua;+380501234983;2007-02-14;18
st20250694;Daryna;Vedmedenko;Serhiivna;1;2025-09-01;5;f005;sp016;BUDGET;ACTIVE;d.vedmedenko@ukma.edu.ua;+380501234984;2006-04-19;19
st20250695;Anastasiia;Vnukova;Denysivna;1;2025-09-01;5;f005;sp016;BUDGET;ACTIVE;a.vnukova@ukma.edu.ua;+380501234985;2007-07-01;18
st20250696;Dina;Voitovych;Oleksandrivna;1;2025-09-01;6;f005;sp016;BUDGET;ACTIVE;d.voitovych@ukma.edu.ua;+380501234986;2006-10-10;18
st20250697;Diana;Yevtushok;Anatoliivna;1;2025-09-01;6;f005;sp016;BUDGET;ACTIVE;d.yevtushok@ukma.edu.ua;+380501234987;2007-04-25;18
st20250698;Yaroslav;Zhulkivskyi;Yevhenovych;1;2025-09-01;6;f005;sp016;BUDGET;ACTIVE;y.zhulkivskyi@ukma.edu.ua;+380501234988;2006-01-08;19


st20250699;Kateryna;Berezovska;Oleksandrivna;1;2025-09-01;1;f005;sp017;BUDGET;ACTIVE;k.berezovska@ukma.edu.ua;+380501234989;2007-08-16;18
st20250700;Anastasiia;Bilan;Mykolaivna;1;2025-09-01;1;f005;sp017;BUDGET;ACTIVE;a.bilan@ukma.edu.ua;+380501234990;2006-06-20;19
st20250701;Kseniia;Zolotopup;Dmytrivna;1;2025-09-01;2;f005;sp017;BUDGET;ACTIVE;k.zolotopup@ukma.edu.ua;+380501234991;2007-12-05;17
st20250702;Solomiia;Kazimirova-Kryvianchuk;Mykhailivna;1;2025-09-01;2;f005;sp017;CONTRACT;ACTIVE;s.kazimirova-kryvianchuk@ukma.edu.ua;+380501234992;2006-03-14;19
st20250703;Daniil;Kalinichenko;Mykolaiovych;1;2025-09-01;3;f005;sp017;CONTRACT;ACTIVE;d.kalinichenko@ukma.edu.ua;+380501234993;2007-09-22;17
st20250704;Oleksandr;Kovtun;Volodymyrovych;1;2025-09-01;3;f005;sp017;BUDGET;ACTIVE;o.kovtun@ukma.edu.ua;+380501234994;2006-05-11;19
st20250705;Sofiia;Kozhan;Oleksandrivna;1;2025-09-01;4;f005;sp017;BUDGET;ACTIVE;s.kozhan@ukma.edu.ua;+380501234995;2007-10-30;17
st20250706;Ivan;Kolomiiets;Maksymovych;1;2025-09-01;4;f005;sp017;BUDGET;ACTIVE;i.kolomiiets@ukma.edu.ua;+380501234996;2006-02-07;19
st20250707;Anastasiia;Korzh;Oleksandrivna;1;2025-09-01;5;f005;sp017;BUDGET;ACTIVE;a.korzh@ukma.edu.ua;+380501234997;2007-06-18;18
st20250708;Alina;Liubyva;Oleksandrivna;1;2025-09-01;5;f005;sp017;BUDGET;ACTIVE;a.liubyva@ukma.edu.ua;+380501234998;2006-11-25;18
st20250709;Diana;Nakorenko;Andriivna;1;2025-09-01;6;f005;sp017;BUDGET;ACTIVE;d.nakorenko@ukma.edu.ua;+380501234999;2007-04-12;18
st20250710;Oksana;Yuzepolska;Serhiivna;1;2025-09-01;6;f005;sp017;BUDGET;ACTIVE;o.yuzepolska@ukma.edu.ua;+380501235000;2006-08-01;19


st20250711;Liubov;Datsiuk;Oleksiivna;1;2025-09-01;1;f005;sp018;BUDGET;ACTIVE;l.datsiuk@ukma.edu.ua;+380501235001;2007-01-28;18
st20250712;Kateryna;Kirieieva;Romanivna;1;2025-09-01;1;f005;sp018;BUDGET;ACTIVE;k.kirieieva@ukma.edu.ua;+380501235002;2006-10-15;18
st20250713;Hryhorii;Kozhukhovskyi;Dmytrovych;1;2025-09-01;2;f005;sp018;BUDGET;ACTIVE;h.kozhukhovskyi@ukma.edu.ua;+380501235003;2007-07-04;18
st20250714;Vladyslav;Kryklyvyi;Ruslanovych;1;2025-09-01;2;f005;sp018;BUDGET;ACTIVE;v.kryklyvyi@ukma.edu.ua;+380501235004;2006-04-20;19
st20250715;Daniela;Kuznetsova;Andriivna;1;2025-09-01;3;f005;sp018;BUDGET;ACTIVE;d.kuznetsova@ukma.edu.ua;+380501235005;2007-11-02;17
st20250716;Tykhon;Putiienko;Dmytrovych;1;2025-09-01;3;f005;sp018;BUDGET;ACTIVE;t.putiienko@ukma.edu.ua;+380501235006;2006-05-18;19
st20250717;Raisa;Revaka;Volodymyrivna;1;2025-09-01;4;f005;sp018;BUDGET;ACTIVE;r.revaka@ukma.edu.ua;+380501235007;2007-02-14;18
st20250718;Ivan;Sarancha;Serhiiovych;1;2025-09-01;4;f005;sp018;CONTRACT;ACTIVE;i.sarancha@ukma.edu.ua;+380501235008;2006-09-07;18
st20250719;Danylo;Trifonov;Maksymovych;1;2025-09-01;5;f005;sp018;BUDGET;ACTIVE;d.trifonov@ukma.edu.ua;+380501235009;2007-08-25;18
st20250720;Oryna;Formaniuk;Serhiivna;1;2025-09-01;5;f005;sp018;BUDGET;ACTIVE;o.formaniuk@ukma.edu.ua;+380501235010;2006-12-30;18
st20250721;Sofiia;Shtanko;Serhiivna;1;2025-09-01;6;f005;sp018;BUDGET;ACTIVE;s.shtanko@ukma.edu.ua;+380501235011;2007-06-11;18






st20250722;Oleksii;Semenii;Vitaliiovych;1;2025-09-01;1;f006;sp020;BUDGET;ACTIVE;o.semenii@ukma.edu.ua;+380501235012;2006-03-22;19
st20250723;Anastasiia;Selianinova;Oleksandrivna;1;2025-09-01;1;f006;sp020;BUDGET;ACTIVE;a.selianinova@ukma.edu.ua;+380501235013;2007-08-11;18
st20250724;Illia;Chaikovskyi;Maksymovych;1;2025-09-01;1;f006;sp020;BUDGET;ACTIVE;i.chaikovskyi@ukma.edu.ua;+380501235014;2006-05-14;19
st20250725;Lesia;Kasianenko;Oleksiivna;1;2025-09-01;1;f006;sp020;BUDGET;ACTIVE;l.kasianenko@ukma.edu.ua;+380501235015;2007-02-28;18
st20250726;Viktoriia;Kharchenko;Anatoliivna;1;2025-09-01;1;f006;sp020;BUDGET;ACTIVE;v.kharchenko@ukma.edu.ua;+380501235016;2006-12-05;18
st20250727;Artur;Kozlovskyi;Andriiovych;1;2025-09-01;2;f006;sp020;BUDGET;ACTIVE;a.kozlovskyi@ukma.edu.ua;+380501235017;2007-04-19;18
st20250728;Sofiia;Boklan;Valeriivna;1;2025-09-01;2;f006;sp020;BUDGET;ACTIVE;s.boklan@ukma.edu.ua;+380501235018;2006-11-20;18
st20250729;Maryna;Yakovenko;Viktorivna;1;2025-09-01;2;f006;sp020;BUDGET;ACTIVE;m.yakovenko@ukma.edu.ua;+380501235019;2007-09-11;17
st20250730;Yaryna;Predzymyrska;Vasylivna;1;2025-09-01;2;f006;sp020;BUDGET;ACTIVE;y.predzymyrska@ukma.edu.ua;+380501235020;2006-01-08;19
st20250731;Yevheniia;Fau;Yevheniivna;1;2025-09-01;2;f006;sp020;BUDGET;ACTIVE;y.fau@ukma.edu.ua;+380501235021;2007-07-14;18
st20250732;Nataliia;Khomenko;Ihorivna;1;2025-09-01;3;f006;sp020;BUDGET;ACTIVE;n.khomenko@ukma.edu.ua;+380501235022;2006-10-27;18
st20250733;Oksana;Sotina;Andriivna;1;2025-09-01;3;f006;sp020;BUDGET;ACTIVE;o.sotina@ukma.edu.ua;+380501235023;2007-03-31;18
st20250734;Leonid;Polishchuk;Viacheslavovych;1;2025-09-01;3;f006;sp020;CONTRACT;ACTIVE;l.polishchuk@ukma.edu.ua;+380501235024;2006-08-16;19
st20250735;Tetiana;Voropai;Oleksandrivna;1;2025-09-01;3;f006;sp020;CONTRACT;ACTIVE;t.voropai@ukma.edu.ua;+380501235025;2007-11-04;17


st20250736;Yaryna;Kushnir;Yevheniivna;1;2025-09-01;1;f006;sp021;BUDGET;ACTIVE;y.kushnir@ukma.edu.ua;+380501235026;2006-06-21;19
st20250737;Daria;Danyliuk;Viktorivna;1;2025-09-01;1;f006;sp021;BUDGET;ACTIVE;d.danyliuk@ukma.edu.ua;+380501235027;2007-05-19;18
st20250738;Danylo;Palashchuk;Romanovych;1;2025-09-01;1;f006;sp021;BUDGET;ACTIVE;d.palashchuk@ukma.edu.ua;+380501235028;2006-01-09;19
st20250739;Olena;Lenivenko;Stanislavivna;1;2025-09-01;1;f006;sp021;BUDGET;ACTIVE;o.lenivenko@ukma.edu.ua;+380501235029;2007-12-25;17
st20250740;Vladyslav;Radchuk;Mykolaiovych;1;2025-09-01;1;f006;sp021;BUDGET;ACTIVE;v.radchuk@ukma.edu.ua;+380501235030;2006-04-30;19
st20250741;Ivanna;Volochai;Yuriivna;1;2025-09-01;2;f006;sp021;CONTRACT;ACTIVE;i.volochai@ukma.edu.ua;+380501235031;2007-10-12;17
st20250742;Dmytro;Shvydkov;Volodymyrovych;1;2025-09-01;2;f006;sp021;CONTRACT;ACTIVE;d.shvydkov@ukma.edu.ua;+380501235032;2006-02-28;19
st20250743;Illia;Durytskyi;Oleksandrovych;1;2025-09-01;2;f006;sp021;CONTRACT;ACTIVE;i.durytskyi@ukma.edu.ua;+380501235033;2007-07-07;18
st20250744;Dmytro;Pantiukhov;Anatoliiovych;1;2025-09-01;2;f006;sp021;CONTRACT;ACTIVE;d.pantiukhov@ukma.edu.ua;+380501235034;2006-11-19;18
st20250745;Oriana;Romanchuk;Andriivna;1;2025-09-01;2;f006;sp021;CONTRACT;ACTIVE;o.romanchuk@ukma.edu.ua;+380501235035;2007-05-23;18
st20250746;Daria;Kononova;Volodymyrivna;1;2025-09-01;3;f006;sp021;CONTRACT;ACTIVE;d.kononova@ukma.edu.ua;+380501235036;2006-01-04;19
st20250747;Makar;Pysanko;Olehovych;1;2025-09-01;3;f006;sp021;CONTRACT;ACTIVE;m.pysanko@ukma.edu.ua;+380501235037;2007-09-29;17
st20250748;Sofiia;Teliha;Yuriivna;1;2025-09-01;3;f006;sp021;CONTRACT;ACTIVE;s.teliha@ukma.edu.ua;+380501235038;2006-12-14;18
st20250749;Dmytro;Zabolotnyi;Oleksandrovych;1;2025-09-01;3;f006;sp021;CONTRACT;ACTIVE;d.zabolotnyi@ukma.edu.ua;+380501235039;2007-03-08;18
st20250750;Yevhenii;Velychko;Hermanovych;1;2025-09-01;3;f006;sp021;CONTRACT;ACTIVE;y.velychko@ukma.edu.ua;+380501235040;2006-06-21;19
st20250751;Uliana;Baturevych;Andriivna;1;2025-09-01;4;f006;sp021;CONTRACT;ACTIVE;u.baturevych@ukma.edu.ua;+380501235041;2007-11-28;17
st20250752;Anna;Pesniak;Dmytrivna;1;2025-09-01;4;f006;sp021;CONTRACT;ACTIVE;a.pesniak@ukma.edu.ua;+380501235042;2006-04-15;19
st20250753;Sofiia;Bodnar;Ruslanivna;1;2025-09-01;4;f006;sp021;CONTRACT;ACTIVE;s.bodnar@ukma.edu.ua;+380501235043;2007-08-01;18
st20250754;Yevdokiia;Zhuravlova;Viktorivna;1;2025-09-01;4;f006;sp021;CONTRACT;ACTIVE;y.zhuravlova@ukma.edu.ua;+380501235044;2006-12-13;18
st20250755;Viktoriia;Yurchuk;Vitaliivna;1;2025-09-01;4;f006;sp021;CONTRACT;ACTIVE;v.yurchuk@ukma.edu.ua;+380501235045;2007-04-26;18
st20250756;Varvara;Shubenko;Vitaliivna;1;2025-09-01;5;f006;sp021;CONTRACT;ACTIVE;v.shubenko@ukma.edu.ua;+380501235046;2006-06-18;19
st20250757;Poliina;Harbar;Ruslanivna;1;2025-09-01;5;f006;sp021;CONTRACT;ACTIVE;p.harbar@ukma.edu.ua;+380501235047;2007-11-09;17
st20250758;Mariia;Pankova;Mykhailivna;1;2025-09-01;5;f006;sp021;CONTRACT;ACTIVE;m.pankova@ukma.edu.ua;+380501235048;2006-03-10;19
st20250759;Nazarii;Didkivskyi;Olehovych;1;2025-09-01;5;f006;sp021;CONTRACT;ACTIVE;n.didkivskyi@ukma.edu.ua;+380501235049;2007-08-27;18
st20250760;Yevheniia;Kozak;Yuriivna;1;2025-09-01;5;f006;sp021;CONTRACT;ACTIVE;y.kozak@ukma.edu.ua;+380501235050;2006-01-05;19
st20250761;Dmytro;Yarosh;Dmytrovych;1;2025-09-01;6;f006;sp021;CONTRACT;ACTIVE;d.yarosh@ukma.edu.ua;+380501235051;2007-03-12;18
st20250762;Dmitrii;Kolodiazhnyi;Andriiovych;1;2025-09-01;6;f006;sp021;CONTRACT;ACTIVE;d.kolodiazhnyi@ukma.edu.ua;+380501235052;2006-11-20;18
st20250763;Marharyta;Sarnovska;Andriivna;1;2025-09-01;6;f006;sp021;CONTRACT;ACTIVE;m.sarnovska@ukma.edu.ua;+380501235053;2007-05-08;18
st20250764;Anastasiia;Cherepanova;Serhiivna;1;2025-09-01;6;f006;sp021;CONTRACT;ACTIVE;a.cherepanova@ukma.edu.ua;+380501235054;2006-08-14;19
st20250765;Veronika;Kulbako;Serhiivna;1;2025-09-01;6;f006;sp021;CONTRACT;ACTIVE;v.kulbako@ukma.edu.ua;+380501235055;2007-02-22;18
st20250766;Vlas;Horbenko;Ihorovych;1;2025-09-01;7;f006;sp021;CONTRACT;ACTIVE;v.horbenko@ukma.edu.ua;+380501235056;2006-12-05;18
st20250767;Olena;Lazarenko;Oleksandrivna;1;2025-09-01;7;f006;sp021;CONTRACT;ACTIVE;o.lazarenko@ukma.edu.ua;+380501235057;2007-09-11;17
st20250768;Yelyzaveta;Shkolna;Romanivna;1;2025-09-01;7;f006;sp021;CONTRACT;ACTIVE;y.shkolna@ukma.edu.ua;+380501235058;2006-10-27;18
st20250769;Myroslav;Kavatsiv;Orestovych;1;2025-09-01;7;f006;sp021;CONTRACT;ACTIVE;m.kavatsiv@ukma.edu.ua;+380501235059;2007-04-16;18
st20250770;Petro;Hryb;Romanovych;1;2025-09-01;7;f006;sp021;CONTRACT;ACTIVE;p.hryb@ukma.edu.ua;+380501235060;2006-07-03;19
st20250771;Solomiia;Havrysh;Maksymivna;1;2025-09-01;8;f006;sp021;CONTRACT;ACTIVE;s.havrysh@ukma.edu.ua;+380501235061;2007-05-19;18
st20250772;Sofiia;Yermakova;Oleksandrivna;1;2025-09-01;8;f006;sp021;CONTRACT;ACTIVE;s.yermakova@ukma.edu.ua;+380501235062;2006-09-24;18
st20250773;Emiliia-Yelyzaveta;Dymyd;Mykhailivna;1;2025-09-01;8;f006;sp021;CONTRACT;ACTIVE;e.dymyd@ukma.edu.ua;+380501235063;2007-03-31;18
st20250774;Mylana;Holda;Sviatoslavivna;1;2025-09-01;8;f006;sp021;CONTRACT;ACTIVE;m.holda@ukma.edu.ua;+380501235064;2006-01-09;19
st20250775;Nazar;Hryhorenko;Vladyslavovych;1;2025-09-01;8;f006;sp021;CONTRACT;ACTIVE;n.hryhorenko@ukma.edu.ua;+380501235065;2007-11-04;17
st20250776;Mariia;Lytvyn;Mykolaivna;1;2025-09-01;9;f006;sp021;CONTRACT;ACTIVE;m.lytvyn@ukma.edu.ua;+380501235066;2006-08-21;19
st20250777;Volodymyr;Horokh;Oleksandrovych;1;2025-09-01;9;f006;sp021;CONTRACT;ACTIVE;v.horokh@ukma.edu.ua;+380501235067;2007-06-15;18
st20250778;Ivan;Trokhymenko;Andriiovych;1;2025-09-01;9;f006;sp021;CONTRACT;ACTIVE;i.trokhymenko@ukma.edu.ua;+380501235068;2006-04-30;19
st20250779;Oleksandr;Snihur;Illich;1;2025-09-01;9;f006;sp021;CONTRACT;ACTIVE;o.snihur@ukma.edu.ua;+380501235069;2007-10-12;17
st20250780;Mykyta;Sheveliuk;Maksymovych;1;2025-09-01;9;f006;sp021;CONTRACT;ACTIVE;m.sheveliuk@ukma.edu.ua;+380501235070;2006-02-28;19
st20250781;Vladyslav;Karpovych;Borysovych;1;2025-09-01;10;f006;sp021;CONTRACT;ACTIVE;v.karpovych@ukma.edu.ua;+380501235071;2007-07-07;18
st20250782;Viktor;Horbatiuk;Serhiiovych;1;2025-09-01;10;f006;sp021;CONTRACT;ACTIVE;v.horbatiuk@ukma.edu.ua;+380501235072;2006-11-19;18
st20250783;Viktor;Soloshenko;Yuriiovych;1;2025-09-01;10;f006;sp021;CONTRACT;ACTIVE;v.soloshenko@ukma.edu.ua;+380501235073;2007-05-23;18
st20250784;Oleksii;Mihal;Serhiiovych;1;2025-09-01;10;f006;sp021;CONTRACT;ACTIVE;o.mihal@ukma.edu.ua;+380501235074;2006-01-04;19
st20250785;Sofiia;Kohut;Mykolaivna;1;2025-09-01;10;f006;sp021;CONTRACT;ACTIVE;s.kohut@ukma.edu.ua;+380501235075;2007-09-29;17
st20250786;Yevhen;Tokalenko;Yuriiovych;1;2025-09-01;11;f006;sp021;CONTRACT;ACTIVE;y.tokalenko@ukma.edu.ua;+380501235076;2006-12-14;18
st20250787;Yuliia;Fedirko;Volodymyrivna;1;2025-09-01;11;f006;sp021;CONTRACT;ACTIVE;y.fedirko@ukma.edu.ua;+380501235077;2007-03-08;18
st20250788;Kateryna;Borysenko;Mykhailivna;1;2025-09-01;11;f006;sp021;CONTRACT;ACTIVE;k.borysenko@ukma.edu.ua;+380501235078;2006-06-21;19
st20250789;Mariia;Abbasova;Oleksandrivna;1;2025-09-01;11;f006;sp021;CONTRACT;ACTIVE;m.abbasova@ukma.edu.ua;+380501235079;2007-11-28;17
st20250790;Mykhailo;Bereziuk;Viktorovych;1;2025-09-01;11;f006;sp021;CONTRACT;ACTIVE;m.bereziuk@ukma.edu.ua;+380501235080;2006-04-15;19
st20250791;Veronika;Kozhevnykova;Artemivna;1;2025-09-01;12;f006;sp021;CONTRACT;ACTIVE;v.kozhevnykova@ukma.edu.ua;+380501235081;2007-08-01;18
st20250792;Alina;Salo;Yuriivna;1;2025-09-01;12;f006;sp021;CONTRACT;ACTIVE;a.salo@ukma.edu.ua;+380501235082;2006-12-13;18
st20250793;Ivan;Rosushchanskyi;Ivanovych;1;2025-09-01;12;f006;sp021;CONTRACT;ACTIVE;i.rosushchanskyi@ukma.edu.ua;+380501235083;2007-04-26;18
st20250794;Maksym;Poloziuk;Romanovych;1;2025-09-01;12;f006;sp021;CONTRACT;ACTIVE;m.poloziuk@ukma.edu.ua;+380501235084;2006-06-18;19
st20250795;Liudmyla;Petrenko;Mykhailivna;1;2025-09-01;12;f006;sp021;CONTRACT;ACTIVE;l.petrenko@ukma.edu.ua;+380501235085;2007-11-09;17
st20250796;Valeriia;Averkina;Yevhenivna;1;2025-09-01;13;f006;sp021;CONTRACT;ACTIVE;v.averkina@ukma.edu.ua;+380501235086;2006-03-10;19
st20250797;Sofiia;Babenko;Oleksandrivna;1;2025-09-01;13;f006;sp021;CONTRACT;ACTIVE;s.babenko@ukma.edu.ua;+380501235087;2007-08-27;18
st20250798;Sofiia;Povlenko;Serhiivna;1;2025-09-01;13;f006;sp021;CONTRACT;ACTIVE;s.povlenko@ukma.edu.ua;+380501235088;2006-01-05;19


st20250799;Yeva;Mazur;Sofiia Andriivna;1;2025-09-01;1;f006;sp022;BUDGET;ACTIVE;y.mazur@ukma.edu.ua;+380501235089;2007-03-12;18
st20250800;Iona;Oleksandruk;Bohdanovych;1;2025-09-01;1;f006;sp022;BUDGET;ACTIVE;i.oleksandruk@ukma.edu.ua;+380501235090;2006-11-20;18
st20250801;Diana;Kravchenko;Valeriivna;1;2025-09-01;1;f006;sp022;BUDGET;ACTIVE;d.kravchenko@ukma.edu.ua;+380501235091;2007-05-08;18
st20250802;Semen;Onyshchenko;Oleksandrovych;1;2025-09-01;1;f006;sp022;BUDGET;ACTIVE;s.onyshchenko@ukma.edu.ua;+380501235092;2006-08-14;19
st20250803;Dmytro;Skrypka;Oleksandrovych;1;2025-09-01;1;f006;sp022;BUDGET;ACTIVE;d.skrypka@ukma.edu.ua;+380501235093;2007-02-22;18
st20250804;Snizhana;Bondarenko;Ihorivna;1;2025-09-01;1;f006;sp022;BUDGET;ACTIVE;s.bondarenko@ukma.edu.ua;+380501235094;2006-12-05;18
st20250805;Mariia;Savliuk;Ivanivna;1;2025-09-01;1;f006;sp022;BUDGET;ACTIVE;m.savliuk@ukma.edu.ua;+380501235095;2007-09-11;17
st20250806;Taisiia;Starostiuk;Yuriivna;1;2025-09-01;1;f006;sp022;BUDGET;ACTIVE;t.starostiuk@ukma.edu.ua;+380501235096;2006-10-27;18
st20250807;Mariia;Morozova;Ihorivna;1;2025-09-01;1;f006;sp022;BUDGET;ACTIVE;m.morozova@ukma.edu.ua;+380501235097;2007-04-16;18
st20250808;Vladyslava;Polishchuk;Olehivna;1;2025-09-01;1;f006;sp022;BUDGET;ACTIVE;v.polishchuk@ukma.edu.ua;+380501235098;2006-07-03;19
st20250809;Anastasiia;Panchenko;Valeriivna;1;2025-09-01;2;f006;sp022;BUDGET;ACTIVE;a.panchenko@ukma.edu.ua;+380501235099;2007-05-19;18
st20250810;Sofiia;Chabanova;Kyrylivna;1;2025-09-01;2;f006;sp022;BUDGET;ACTIVE;s.chabanova@ukma.edu.ua;+380501235100;2006-09-24;18
st20250811;Maiia-Kvitka;Mokrovus;Hannivna;1;2025-09-01;2;f006;sp022;BUDGET;ACTIVE;m.mokrovus@ukma.edu.ua;+380501235101;2007-03-31;18
st20250812;Mariia;Riaba;Stanislavivna;1;2025-09-01;2;f006;sp022;BUDGET;ACTIVE;m.riaba@ukma.edu.ua;+380501235102;2006-01-09;19
st20250813;Viktoriia;Burdenko;Ihorivna;1;2025-09-01;2;f006;sp022;BUDGET;ACTIVE;v.burdenko@ukma.edu.ua;+380501235103;2007-11-04;17
st20250814;Sofiia;Karnavan;Viacheslavivna;1;2025-09-01;2;f006;sp022;BUDGET;ACTIVE;s.karnavan@ukma.edu.ua;+380501235104;2006-08-21;19
st20250815;Oleksandra;Omelchak;Pavlivna;1;2025-09-01;2;f006;sp022;BUDGET;ACTIVE;o.omelchak@ukma.edu.ua;+380501235105;2007-06-15;18
st20250816;Valeriia;Poltavets;Yevhenivna;1;2025-09-01;2;f006;sp022;CONTRACT;ACTIVE;v.poltavets@ukma.edu.ua;+380501235106;2006-04-30;19
st20250817;Sofiia;Voropinova;Vasylivna;1;2025-09-01;2;f006;sp022;CONTRACT;ACTIVE;s.voropinova@ukma.edu.ua;+380501235107;2007-10-12;17
st20250818;Uliana;Kovalova;Vitaliivna;1;2025-09-01;2;f006;sp022;CONTRACT;ACTIVE;u.kovalova@ukma.edu.ua;+380501235108;2006-02-28;19
st20250819;Uliana;Marchenko;Maksymivna;1;2025-09-01;3;f006;sp022;CONTRACT;ACTIVE;u.marchenko@ukma.edu.ua;+380501235109;2007-07-07;18
st20250820;Kateryna;Ohorodniichuk;Serhiivna;1;2025-09-01;3;f006;sp022;CONTRACT;ACTIVE;k.ohorodniichuk@ukma.edu.ua;+380501235110;2006-11-19;18
st20250821;Anna;Podufalova;Oleksandrivna;1;2025-09-01;3;f006;sp022;CONTRACT;ACTIVE;a.podufalova@ukma.edu.ua;+380501235111;2007-05-23;18
st20250822;Anastasiia;Boiko;Oleksandrivna;1;2025-09-01;3;f006;sp022;CONTRACT;ACTIVE;a.boiko@ukma.edu.ua;+380501235112;2006-01-04;19
st20250823;Mariia;Ishchenko;Volodymyrivna;1;2025-09-01;3;f006;sp022;CONTRACT;ACTIVE;m.ishchenko@ukma.edu.ua;+380501235113;2007-09-29;17
st20250824;Olena;Shkliaruk;Pavlivna;1;2025-09-01;3;f006;sp022;CONTRACT;ACTIVE;o.shkliaruk@ukma.edu.ua;+380501235114;2006-12-14;18
st20250825;Yelyzaveta;Havrylina;Eduardivna;1;2025-09-01;3;f006;sp022;CONTRACT;ACTIVE;y.havrylina@ukma.edu.ua;+380501235115;2007-03-08;18
st20250826;Oleksandra;Hryhorieva;Kostiantynivna;1;2025-09-01;3;f006;sp022;CONTRACT;ACTIVE;o.hryhorieva@ukma.edu.ua;+380501235116;2006-06-21;19
st20250827;Anastasiia;Husach;Oleksandrivna;1;2025-09-01;3;f006;sp022;CONTRACT;ACTIVE;a.husach@ukma.edu.ua;+380501235117;2007-11-28;17
st20250828;Kseniia;Slobodianiuk;Oleksiivna;1;2025-09-01;3;f006;sp022;CONTRACT;ACTIVE;k.slobodianiuk@ukma.edu.ua;+380501235118;2006-04-15;19
st20250829;Iryna;Remeniuk;Yevhenivna;1;2025-09-01;4;f006;sp022;CONTRACT;ACTIVE;i.remeniuk@ukma.edu.ua;+380501235119;2007-08-01;18
st20250830;Veronika;Shmaidenko;Ihorivna;1;2025-09-01;4;f006;sp022;CONTRACT;ACTIVE;v.shmaidenko@ukma.edu.ua;+380501235120;2006-12-13;18
st20250831;Varvara;Stepanova;Mykhailivna;1;2025-09-01;4;f006;sp022;CONTRACT;ACTIVE;v.stepanova@ukma.edu.ua;+380501235121;2007-04-26;18
st20250832;Oleksandr;Martynenko;Maksymovych;1;2025-09-01;4;f006;sp022;CONTRACT;ACTIVE;o.martynenko@ukma.edu.ua;+380501235122;2006-06-18;19
st20250833;Nina;Vatakh;Mykhailivna;1;2025-09-01;4;f006;sp022;CONTRACT;ACTIVE;n.vatakh@ukma.edu.ua;+380501235123;2007-11-09;17
st20250834;Oleksandra;Tkachenko;Denysivna;1;2025-09-01;4;f006;sp022;CONTRACT;ACTIVE;o.tkachenko@ukma.edu.ua;+380501235124;2006-03-10;19
st20250835;Mariia;Lebid;Yaroslavivna;1;2025-09-01;4;f006;sp022;CONTRACT;ACTIVE;m.lebid@ukma.edu.ua;+380501235125;2007-08-27;18
st20250836;Liubov;Huz;Vadymivna;1;2025-09-01;4;f006;sp022;CONTRACT;ACTIVE;l.huz@ukma.edu.ua;+380501235126;2006-01-05;19
st20250837;Yelyzaveta;Volkova;Oleksiivna;1;2025-09-01;4;f006;sp022;CONTRACT;ACTIVE;y.volkova@ukma.edu.ua;+380501235127;2007-03-12;18
st20250838;Violetta;Solod;Artemivna;1;2025-09-01;4;f006;sp022;CONTRACT;ACTIVE;v.solod@ukma.edu.ua;+380501235128;2006-11-20;18
st20250839;Artem;Saveliev;Andriiovych;1;2025-09-01;5;f006;sp022;CONTRACT;ACTIVE;a.saveliev@ukma.edu.ua;+380501235129;2007-05-08;18
st20250840;Daria;Vasylyk;Yaroslavivna;1;2025-09-01;5;f006;sp022;CONTRACT;ACTIVE;d.vasylyk@ukma.edu.ua;+380501235130;2006-08-14;19
st20250841;Dominika;Shevchenko;Yevhenivna;1;2025-09-01;5;f006;sp022;CONTRACT;ACTIVE;d.shevchenko@ukma.edu.ua;+380501235131;2007-02-22;18
st20250842;Tetiana;Kucheriava;Oleksiivna;1;2025-09-01;5;f006;sp022;CONTRACT;ACTIVE;t.kucheriava@ukma.edu.ua;+380501235132;2006-12-05;18
st20250843;Yevheniia;Tsvilodub;Maksymivna;1;2025-09-01;5;f006;sp022;CONTRACT;ACTIVE;y.tsvilodub@ukma.edu.ua;+380501235133;2007-09-11;17
st20250844;Illia;Skorobohatov;Denysovych;1;2025-09-01;5;f006;sp022;CONTRACT;ACTIVE;i.skorobohatov@ukma.edu.ua;+380501235134;2006-10-27;18
st20250845;Anastasiia;Korovina;Oleksiivna;1;2025-09-01;5;f006;sp022;CONTRACT;ACTIVE;a.korovina@ukma.edu.ua;+380501235135;2007-04-16;18
st20250846;Liana;Ponomarenko;Serhiivna;1;2025-09-01;5;f006;sp022;CONTRACT;ACTIVE;l.ponomarenko@ukma.edu.ua;+380501235136;2006-07-03;19
st20250847;Maksym;Liubovitskyi;Yuriiovych;1;2025-09-01;5;f006;sp022;CONTRACT;ACTIVE;m.liubovitskyi@ukma.edu.ua;+380501235137;2007-05-19;18
st20250848;Halina;Babaian;Romanosivna;1;2025-09-01;5;f006;sp022;CONTRACT;ACTIVE;h.babaian@ukma.edu.ua;+380501235138;2006-09-24;18
st20250849;Myroslava;Symonenko;Viacheslavivna;1;2025-09-01;6;f006;sp022;CONTRACT;ACTIVE;m.symonenko@ukma.edu.ua;+380501235139;2007-03-31;18
st20250850;Anna;Kushneruk;Oleksandrivna;1;2025-09-01;6;f006;sp022;CONTRACT;ACTIVE;a.kushneruk@ukma.edu.ua;+380501235140;2006-01-09;19
st20250851;Yeva;Korniichuk;Serhiivna;1;2025-09-01;6;f006;sp022;CONTRACT;ACTIVE;y.korniichuk@ukma.edu.ua;+380501235141;2007-11-04;17
st20250852;Andrii;Nosykhin;Kostiantynovych;1;2025-09-01;6;f006;sp022;CONTRACT;ACTIVE;a.nosykhin@ukma.edu.ua;+380501235142;2006-08-21;19
st20250853;Sofiia;Dyrda;Viacheslavivna;1;2025-09-01;6;f006;sp022;CONTRACT;ACTIVE;s.dyrda@ukma.edu.ua;+380501235143;2007-06-15;18
st20250854;Sofiia;Budash;Mykhailivna;1;2025-09-01;6;f006;sp022;CONTRACT;ACTIVE;s.budash@ukma.edu.ua;+380501235144;2006-04-30;19
st20250855;Viktoriia;Romaniuk;Olehivna;1;2025-09-01;6;f006;sp022;CONTRACT;ACTIVE;v.romaniuk@ukma.edu.ua;+380501235145;2007-10-12;17
st20250856;Sofiia;Kazimirova-Kryvianchuk;Mykhailivna;1;2025-09-01;6;f006;sp022;CONTRACT;ACTIVE;s.kazimirova-kryvianchuk@ukma.edu.ua;+380501235146;2006-02-28;19
st20250857;Yana;Korniiko;Serhiivna;1;2025-09-01;6;f006;sp022;CONTRACT;ACTIVE;y.korniiko@ukma.edu.ua;+380501235147;2007-07-07;18
st20250858;Yeva;Kuchuryna;Dmytrivna;1;2025-09-01;6;f006;sp022;CONTRACT;ACTIVE;y.kuchuryna@ukma.edu.ua;+380501235148;2006-11-19;18
st20250859;Anna;Nychyk;Viacheslavivna;1;2025-09-01;7;f006;sp022;CONTRACT;ACTIVE;a.nychyk@ukma.edu.ua;+380501235149;2007-05-23;18
st20250860;Dmytro;Sidorov;Dmytrovych;1;2025-09-01;7;f006;sp022;CONTRACT;ACTIVE;d.sidorov@ukma.edu.ua;+380501235150;2006-01-04;19
st20250861;Anastasiia;Horbachova;Yevhenivna;1;2025-09-01;7;f006;sp022;CONTRACT;ACTIVE;a.horbachova@ukma.edu.ua;+380501235151;2007-09-29;17
st20250862;Yana;Borysiuk;Viktorivna;1;2025-09-01;7;f006;sp022;CONTRACT;ACTIVE;y.borysiuk@ukma.edu.ua;+380501235152;2006-12-14;18
st20250863;Anastasiia;Tsybina;Fedorivna;1;2025-09-01;7;f006;sp022;CONTRACT;ACTIVE;a.tsybina@ukma.edu.ua;+380501235153;2007-03-08;18
st20250864;Mariia;Rozenberh;Ihorivna;1;2025-09-01;7;f006;sp022;CONTRACT;ACTIVE;m.rozenberh@ukma.edu.ua;+380501235154;2006-06-21;19
st20250865;Sofiia;Makarevych;Oleksandrivna;1;2025-09-01;7;f006;sp022;CONTRACT;ACTIVE;s.makarevych@ukma.edu.ua;+380501235155;2007-11-28;17
st20250866;Sofiia;Kohut;Mykolaivna;1;2025-09-01;7;f006;sp022;CONTRACT;ACTIVE;s.kohut@ukma.edu.ua;+380501235156;2006-04-15;19
st20250867;Maryna;Domoslavska;Serhiivna;1;2025-09-01;7;f006;sp022;CONTRACT;ACTIVE;m.domoslavska@ukma.edu.ua;+380501235157;2007-08-01;18
st20250868;Anastasiia;Vyhovska;Semenivna;1;2025-09-01;7;f006;sp022;CONTRACT;ACTIVE;a.vyhovska@ukma.edu.ua;+380501235158;2006-12-13;18
st20250869;Karyna;Stovbun;Oleksandrivna;1;2025-09-01;8;f006;sp022;CONTRACT;ACTIVE;k.stovbun@ukma.edu.ua;+380501235159;2007-04-26;18
st20250870;Kseniia;Andrieieva;Vitaliivna;1;2025-09-01;8;f006;sp022;CONTRACT;ACTIVE;k.andrieieva@ukma.edu.ua;+380501235160;2006-06-18;19
st20250871;Yuliia;Hvozdynska;Andriivna;1;2025-09-01;8;f006;sp022;CONTRACT;ACTIVE;y.hvozdynska@ukma.edu.ua;+380501235161;2007-11-09;17
st20250872;Yeva;Leoshek;Yevhenivna;1;2025-09-01;8;f006;sp022;CONTRACT;ACTIVE;y.leoshek@ukma.edu.ua;+380501235162;2006-03-10;19
st20250873;Artem;Kashpurenko;Maksymovych;1;2025-09-01;8;f006;sp022;CONTRACT;ACTIVE;a.kashpurenko@ukma.edu.ua;+380501235163;2007-08-27;18
st20250874;Yuliia;Riabukha;Volodymyrivna;1;2025-09-01;8;f006;sp022;CONTRACT;ACTIVE;y.riabukha@ukma.edu.ua;+380501235164;2006-01-05;19
st20250875;Kira;Kuzmenko;Valeriivna;1;2025-09-01;8;f006;sp022;CONTRACT;ACTIVE;k.kuzmenko@ukma.edu.ua;+380501235165;2007-03-12;18


st20250876;Olesia-Ivanna;Fialka;Petrivna;1;2025-09-01;1;f006;sp023;BUDGET;ACTIVE;o.fialka@ukma.edu.ua;+380501235166;2006-11-20;18
st20250877;Oleh;Novytskyi;Yuriiovych;1;2025-09-01;1;f006;sp023;BUDGET;ACTIVE;o.novytskyi@ukma.edu.ua;+380501235167;2007-05-08;18
st20250878;Daria;Shvachko;Viacheslavivna;1;2025-09-01;1;f006;sp023;BUDGET;ACTIVE;d.shvachko@ukma.edu.ua;+380501235168;2006-08-14;19
st20250879;Mariia;Syniavska;Oleksandrivna;1;2025-09-01;1;f006;sp023;BUDGET;ACTIVE;m.syniavska@ukma.edu.ua;+380501235169;2007-02-22;18
st20250880;Diana;Anufriieva;Andriivna;1;2025-09-01;1;f006;sp023;BUDGET;ACTIVE;d.anufriieva@ukma.edu.ua;+380501235170;2006-12-05;18
st20250881;Polina;Borodavkina;Andriivna;1;2025-09-01;1;f006;sp023;BUDGET;ACTIVE;p.borodavkina@ukma.edu.ua;+380501235171;2007-09-11;17
st20250882;Yevheniia;Khomenko;Vitaliivna;1;2025-09-01;1;f006;sp023;BUDGET;ACTIVE;y.khomenko@ukma.edu.ua;+380501235172;2006-10-27;18
st20250883;Snizhana;Ivantsova;Mykhailivna;1;2025-09-01;1;f006;sp023;BUDGET;ACTIVE;s.ivantsova@ukma.edu.ua;+380501235173;2007-04-16;18
st20250884;Hanna;Horobets;Tarasivna;1;2025-09-01;2;f006;sp023;BUDGET;ACTIVE;h.horobets@ukma.edu.ua;+380501235174;2006-07-03;19
st20250885;Yaromyr;Rodin;Viacheslavovych;1;2025-09-01;2;f006;sp023;BUDGET;ACTIVE;y.rodin@ukma.edu.ua;+380501235175;2007-05-19;18
st20250886;Diana;Savchuk;Ruslanivna;1;2025-09-01;2;f006;sp023;BUDGET;ACTIVE;d.savchuk@ukma.edu.ua;+380501235176;2006-09-24;18
st20250887;Arina;Fedorova;Tarasivna;1;2025-09-01;2;f006;sp023;BUDGET;ACTIVE;a.fedorova@ukma.edu.ua;+380501235177;2007-03-31;18
st20250888;Anastasiia;Bohdanovska;Serhiivna;1;2025-09-01;2;f006;sp023;BUDGET;ACTIVE;a.bohdanovska@ukma.edu.ua;+380501235178;2006-01-09;19
st20250889;Amina-Sofiia;Kyivska;Kostiantynivna;1;2025-09-01;2;f006;sp023;BUDGET;ACTIVE;a.kyivska@ukma.edu.ua;+380501235179;2007-11-04;17
st20250890;Anastasiia;Stepanenko;Oleksandrivna;1;2025-09-01;2;f006;sp023;BUDGET;ACTIVE;a.stepanenko@ukma.edu.ua;+380501235180;2006-08-21;19
st20250891;Anastasiia;Kmilovska;Oleksiivna;1;2025-09-01;2;f006;sp023;BUDGET;ACTIVE;a.kmilovska@ukma.edu.ua;+380501235181;2007-06-15;18
st20250892;Valerii;Opanasiuk;Valeriiovych;1;2025-09-01;2;f006;sp023;BUDGET;ACTIVE;v.opanasiuk@ukma.edu.ua;+380501235182;2006-04-30;19
st20250893;Sofiia;Rudenko;Yuriivna;1;2025-09-01;2;f006;sp023;CONTRACT;ACTIVE;s.rudenko@ukma.edu.ua;+380501235183;2007-10-12;17
st20250894;Oleksii;Porazhynskyi;Yuriiovych;1;2025-09-01;3;f006;sp023;CONTRACT;ACTIVE;o.porazhynskyi@ukma.edu.ua;+380501235184;2006-02-28;19
st20250895;Nazar;Polishchuk;Anatoliiovych;1;2025-09-01;3;f006;sp023;CONTRACT;ACTIVE;n.polishchuk@ukma.edu.ua;+380501235185;2007-07-07;18


st20250896;Sofiia;Stefanychyn;Vitaliivna;1;2025-09-01;1;f006;sp024;BUDGET;ACTIVE;s.stefanychyn@ukma.edu.ua;+380501235186;2006-11-19;18
st20250897;Arina;Rukhtina;Oleksivna;1;2025-09-01;1;f006;sp024;BUDGET;ACTIVE;a.rukhtina@ukma.edu.ua;+380501235187;2007-05-23;18
st20250898;Daryna;Ivanova;Serhiivna;1;2025-09-01;1;f006;sp024;BUDGET;ACTIVE;d.ivanova@ukma.edu.ua;+380501235188;2006-01-04;19
st20250899;Uliana;Kucherenko;Andriivna;1;2025-09-01;1;f006;sp024;BUDGET;ACTIVE;u.kucherenko@ukma.edu.ua;+380501235189;2007-09-29;17
st20250900;Anna;Babenko;Andriivna;1;2025-09-01;1;f006;sp024;BUDGET;ACTIVE;a.babenko@ukma.edu.ua;+380501235190;2006-12-14;18
st20250901;Polina;Kudlai;Serhiivna;1;2025-09-01;1;f006;sp024;BUDGET;ACTIVE;p.kudlai@ukma.edu.ua;+380501235191;2007-03-08;18
st20250902;Daria;Labuzova;Oleksandrivna;1;2025-09-01;1;f006;sp024;BUDGET;ACTIVE;d.labuzova@ukma.edu.ua;+380501235192;2006-06-21;19
st20250903;Polina;Didenko;Kostiantynivna;1;2025-09-01;1;f006;sp024;CONTRACT;ACTIVE;p.didenko@ukma.edu.ua;+380501235193;2007-11-28;17
st20250904;Marharyta;Balatska;Yuriivna;1;2025-09-01;1;f006;sp024;CONTRACT;ACTIVE;m.balatska@ukma.edu.ua;+380501235194;2006-04-15;19
st20250905;Viktoriia;Haluzinska;Vitaliivna;1;2025-09-01;1;f006;sp024;CONTRACT;ACTIVE;v.haluzinska@ukma.edu.ua;+380501235195;2007-08-01;18
st20250906;Anastasiia;Hovorukha;Maksymivna;1;2025-09-01;2;f006;sp024;CONTRACT;ACTIVE;a.hovorukha@ukma.edu.ua;+380501235196;2006-12-13;18
st20250907;Oleksandra;Krasheninnikova;Oleksiivna;1;2025-09-01;2;f006;sp024;CONTRACT;ACTIVE;o.krasheninnikova@ukma.edu.ua;+380501235197;2007-04-26;18
st20250908;Yaryna;Petrova;Oleksandrivna;1;2025-09-01;2;f006;sp024;CONTRACT;ACTIVE;y.petrova@ukma.edu.ua;+380501235198;2006-06-18;19
st20250909;Kristina;Androniichuk;Romanivna;1;2025-09-01;2;f006;sp024;CONTRACT;ACTIVE;k.androniichuk@ukma.edu.ua;+380501235199;2007-11-09;17
st20250910;Yelyzaveta;Pinchuk;Stanislavivna;1;2025-09-01;2;f006;sp024;CONTRACT;ACTIVE;y.pinchuk@ukma.edu.ua;+380501235200;2006-03-10;19
st20250911;Yeva;Horban;Oleksiivna;1;2025-09-01;2;f006;sp024;CONTRACT;ACTIVE;y.horban@ukma.edu.ua;+380501235201;2007-08-27;18
st20250912;Yuliia;Kraieva;Oleksandrivna;1;2025-09-01;2;f006;sp024;CONTRACT;ACTIVE;y.kraieva@ukma.edu.ua;+380501235202;2006-01-05;19
st20250913;Oleksandra;Naduieva;Volodymyrivna;1;2025-09-01;2;f006;sp024;CONTRACT;ACTIVE;o.naduieva@ukma.edu.ua;+380501235203;2007-03-12;18
st20250914;Yelyzaveta;Dalenko;Serhiivna;1;2025-09-01;2;f006;sp024;CONTRACT;ACTIVE;y.dalenko@ukma.edu.ua;+380501235204;2006-11-20;18
st20250915;Yelyzaveta;Shliakhova;Valeriivna;1;2025-09-01;2;f006;sp024;CONTRACT;ACTIVE;y.shliakhova@ukma.edu.ua;+380501235205;2007-05-08;18
st20250916;Anastasiia;Havrylova;Yuriivna;1;2025-09-01;3;f006;sp024;CONTRACT;ACTIVE;a.havrylova@ukma.edu.ua;+380501235206;2006-08-14;19
st20250917;Maryna;Omelianenko;Oleksandrivna;1;2025-09-01;3;f006;sp024;CONTRACT;ACTIVE;m.omelianenko@ukma.edu.ua;+380501235207;2007-02-22;18
st20250918;Yevheniia;Mishchenko;Yevhenivna;1;2025-09-01;3;f006;sp024;CONTRACT;ACTIVE;y.mishchenko@ukma.edu.ua;+380501235208;2006-12-05;18
st20250919;Mariia;Popova;Oleksandrivna;1;2025-09-01;3;f006;sp024;CONTRACT;ACTIVE;m.popova@ukma.edu.ua;+380501235209;2007-09-11;17
st20250920;Daryna;Chala;Yuriivna;1;2025-09-01;3;f006;sp024;CONTRACT;ACTIVE;d.chala@ukma.edu.ua;+380501235210;2006-10-27;18
st20250921;Yeva;Nelipa;Andriivna;1;2025-09-01;3;f006;sp024;CONTRACT;ACTIVE;y.nelipa@ukma.edu.ua;+380501235211;2007-04-16;18
st20250922;Kseniia;Hromyko;Olehivna;1;2025-09-01;3;f006;sp024;CONTRACT;ACTIVE;k.hromyko@ukma.edu.ua;+380501235212;2006-07-03;19
st20250923;Karyna;Horkun;Yevhenivna;1;2025-09-01;3;f006;sp024;CONTRACT;ACTIVE;k.horkun@ukma.edu.ua;+380501235213;2007-05-19;18
st20250924;Hanna;Starovytska;Serhiivna;1;2025-09-01;3;f006;sp024;CONTRACT;ACTIVE;h.starovytska@ukma.edu.ua;+380501235214;2006-09-24;18
st20250925;Kseniia;Voronkova;Serhiivna;1;2025-09-01;3;f006;sp024;CONTRACT;ACTIVE;k.voronkova@ukma.edu.ua;+380501235215;2007-03-31;18
st20250926;Sofiia;Skobelska;Serhiivna;1;2025-09-01;4;f006;sp024;CONTRACT;ACTIVE;s.skobelska@ukma.edu.ua;+380501235216;2006-01-09;19
st20250927;Veronika;Ratynska;Viacheslavivna;1;2025-09-01;4;f006;sp024;CONTRACT;ACTIVE;v.ratynska@ukma.edu.ua;+380501235217;2007-11-04;17
st20250928;Mariia;Behmat;Oleksandrivna;1;2025-09-01;4;f006;sp024;CONTRACT;ACTIVE;m.behmat@ukma.edu.ua;+380501235218;2006-08-21;19
st20250929;Kyryl;Harnaha;Maksymovych;1;2025-09-01;4;f006;sp024;CONTRACT;ACTIVE;k.harnaha@ukma.edu.ua;+380501235219;2007-06-15;18
st20250930;Dariia;Tkachenko;Volodymyrivna;1;2025-09-01;4;f006;sp024;CONTRACT;ACTIVE;d.tkachenko@ukma.edu.ua;+380501235220;2006-04-30;19
st20250931;Sofiia;Pantieieva;Denysivna;1;2025-09-01;4;f006;sp024;CONTRACT;ACTIVE;s.pantieieva@ukma.edu.ua;+380501235221;2007-10-12;17
st20250932;Anastasiia;Abramova;Oleksivna;1;2025-09-01;4;f006;sp024;CONTRACT;ACTIVE;a.abramova@ukma.edu.ua;+380501235222;2006-02-28;19
st20250933;Kseniia;Muravska;Serhiivna;1;2025-09-01;4;f006;sp024;CONTRACT;ACTIVE;k.muravska@ukma.edu.ua;+380501235223;2007-07-07;18
st20250934;Karina;Pauk;Illivna;1;2025-09-01;4;f006;sp024;CONTRACT;ACTIVE;k.pauk@ukma.edu.ua;+380501235224;2006-11-19;18
st20250935;Veronika;Kozhyna;Dmytrivna;1;2025-09-01;4;f006;sp024;CONTRACT;ACTIVE;v.kozhyna@ukma.edu.ua;+380501235225;2007-05-23;18
st20250936;Kateryna;Romanova;Pavlivna;1;2025-09-01;5;f006;sp024;CONTRACT;ACTIVE;k.romanova@ukma.edu.ua;+380501235226;2006-01-04;19
st20250937;Sofiia;Hushieva;Viktorivna;1;2025-09-01;5;f006;sp024;CONTRACT;ACTIVE;s.hushieva@ukma.edu.ua;+380501235227;2007-09-29;17
st20250938;Tetiana;Overchuk;Viktorivna;1;2025-09-01;5;f006;sp024;CONTRACT;ACTIVE;t.overchuk@ukma.edu.ua;+380501235228;2006-12-14;18
st20250939;Anna;Korol;Yevhenivna;1;2025-09-01;5;f006;sp024;CONTRACT;ACTIVE;a.korol@ukma.edu.ua;+380501235229;2007-03-08;18
st20250940;Yelyzaveta;Barylska;Yuriivna;1;2025-09-01;5;f006;sp024;CONTRACT;ACTIVE;y.barylska@ukma.edu.ua;+380501235230;2006-06-21;19
st20250941;Anastasiia;Skrypkina;Ihorivna;1;2025-09-01;5;f006;sp024;CONTRACT;ACTIVE;a.skrypkina@ukma.edu.ua;+380501235231;2007-11-28;17
st20250942;Poliina;Yaremenko;Romanivna;1;2025-09-01;5;f006;sp024;CONTRACT;ACTIVE;p.yaremenko@ukma.edu.ua;+380501235232;2006-04-15;19
st20250943;Yana;Denysiuk;Vasylivna;1;2025-09-01;5;f006;sp024;CONTRACT;ACTIVE;y.denysiuk@ukma.edu.ua;+380501235233;2007-08-01;18
st20250944;Ivanna;Ivanenko;Ihorivna;1;2025-09-01;5;f006;sp024;CONTRACT;ACTIVE;i.ivanenko@ukma.edu.ua;+380501235234;2006-12-13;18
st20250945;Olena;Vlasiuk;Oleksandrivna;1;2025-09-01;5;f006;sp024;CONTRACT;ACTIVE;o.vlasiuk@ukma.edu.ua;+380501235235;2007-04-26;18
st20250946;Nazar;Dziuba;Serhiiovych;1;2025-09-01;6;f006;sp024;CONTRACT;ACTIVE;n.dziuba@ukma.edu.ua;+380501235236;2006-06-18;19
st20250947;Kateryna;Babak;Oleksandrivna;1;2025-09-01;6;f006;sp024;CONTRACT;ACTIVE;k.babak@ukma.edu.ua;+380501235237;2007-11-09;17
st20250948;Tala;Polishchuk;Volodymyrivna;1;2025-09-01;6;f006;sp024;CONTRACT;ACTIVE;t.polishchuk@ukma.edu.ua;+380501235238;2006-03-10;19
st20250949;Veronika;Dmytryk;Serhiivna;1;2025-09-01;6;f006;sp024;CONTRACT;ACTIVE;v.dmytryk@ukma.edu.ua;+380501235239;2007-08-27;18
st20250950;Anna;Melnyk;Yaroslavivna;1;2025-09-01;6;f006;sp024;CONTRACT;ACTIVE;a.melnyk@ukma.edu.ua;+380501235240;2006-01-05;19
st20250951;Yeva;Duda;Viktorivna;1;2025-09-01;6;f006;sp024;CONTRACT;ACTIVE;y.duda@ukma.edu.ua;+380501235241;2007-03-12;18
st20250952;Matvii;Vovk;Yaroslavovych;1;2025-09-01;6;f006;sp024;CONTRACT;ACTIVE;m.vovk@ukma.edu.ua;+380501235242;2006-11-20;18
st20250953;Viktoriia;Demchuk;Ihorivna;1;2025-09-01;6;f006;sp024;CONTRACT;ACTIVE;v.demchuk@ukma.edu.ua;+380501235243;2007-05-08;18
st20250954;Vladyslava;Panicherska;Vitaliivna;1;2025-09-01;6;f006;sp024;CONTRACT;ACTIVE;v.panicherska@ukma.edu.ua;+380501235244;2006-08-14;19
st20250955;Valeriia;Hromykovska;Oleksiivna;1;2025-09-01;6;f006;sp024;CONTRACT;ACTIVE;v.hromykovska@ukma.edu.ua;+380501235245;2007-02-22;18
st20250956;Emiliia;Ruzhevych;Romanivna;1;2025-09-01;7;f006;sp024;CONTRACT;ACTIVE;e.ruzhevych@ukma.edu.ua;+380501235246;2006-12-05;18
st20250957;Daria;Kladko;Oleksandrivna;1;2025-09-01;7;f006;sp024;CONTRACT;ACTIVE;d.kladko@ukma.edu.ua;+380501235247;2007-09-11;17
st20250958;Liliia;Lehka;Oleksandrivna;1;2025-09-01;7;f006;sp024;CONTRACT;ACTIVE;l.lehka@ukma.edu.ua;+380501235248;2006-10-27;18
st20250959;Mariia;Smolkova;Serhiivna;1;2025-09-01;7;f006;sp024;CONTRACT;ACTIVE;m.smolkova@ukma.edu.ua;+380501235249;2007-04-16;18
st20250960;Hanna;Vashchuk;Oleksandrivna;1;2025-09-01;7;f006;sp024;CONTRACT;ACTIVE;h.vashchuk@ukma.edu.ua;+380501235250;2006-07-03;19
st20250961;Oleksandra;Pypot;Mykhailivna;1;2025-09-01;7;f006;sp024;CONTRACT;ACTIVE;o.pypot@ukma.edu.ua;+380501235251;2007-05-19;18
st20250962;Ahnesa;Petrosian;Akopivna;1;2025-09-01;7;f006;sp024;CONTRACT;ACTIVE;a.petrosian@ukma.edu.ua;+380501235252;2006-09-24;18
st20250963;Myroslava;Chornat;Serhiivna;1;2025-09-01;7;f006;sp024;CONTRACT;ACTIVE;m.chornat@ukma.edu.ua;+380501235253;2007-03-31;18
st20250964;Poliina;Stukan;Serhiivna;1;2025-09-01;7;f006;sp024;CONTRACT;ACTIVE;p.stukan@ukma.edu.ua;+380501235254;2006-01-09;19
st20250965;Karolina;Shevchenko;Antonivna;1;2025-09-01;7;f006;sp024;CONTRACT;ACTIVE;k.shevchenko@ukma.edu.ua;+380501235255;2007-11-04;17
st20250966;Solomiia;Dziubynska;Ihorivna;1;2025-09-01;8;f006;sp024;CONTRACT;ACTIVE;s.dziubynska@ukma.edu.ua;+380501235256;2006-04-30;19
st20250967;Mariia;Parko;Oleksandrivna;1;2025-09-01;8;f006;sp024;CONTRACT;ACTIVE;m.parko@ukma.edu.ua;+380501235257;2007-10-12;17
st20250968;Sofiia;Fedochenko;Mykolaivna;1;2025-09-01;8;f006;sp024;CONTRACT;ACTIVE;s.fedochenko@ukma.edu.ua;+380501235258;2006-02-28;19
st20250969;Illia;Bolshun;Valentynovych;1;2025-09-01;8;f006;sp024;CONTRACT;ACTIVE;i.bolshun@ukma.edu.ua;+380501235259;2007-07-07;18
st20250970;Tetiana;Arkusha;Serhiivna;1;2025-09-01;8;f006;sp024;CONTRACT;ACTIVE;t.arkusha@ukma.edu.ua;+380501235260;2006-11-19;18
st20250971;Anastasiia;Vovk;Dmytrivna;1;2025-09-01;8;f006;sp024;CONTRACT;ACTIVE;a.vovk@ukma.edu.ua;+380501235261;2007-05-23;18
st20250972;Larysa;Irzhytska;Yuriivna;1;2025-09-01;8;f006;sp024;CONTRACT;ACTIVE;l.irzhytska@ukma.edu.ua;+380501235262;2006-01-04;19
st20250973;Veronika;Nyrka;Ihorivna;1;2025-09-01;8;f006;sp024;CONTRACT;ACTIVE;v.nyrka@ukma.edu.ua;+380501235263;2007-09-29;17
st20250974;Anna;Malonos;Dmytrivna;1;2025-09-01;8;f006;sp024;CONTRACT;ACTIVE;a.malonos@ukma.edu.ua;+380501235264;2006-12-14;18
st20250975;Anna;Badaieva;Serhiivna;1;2025-09-01;8;f006;sp024;CONTRACT;ACTIVE;a.badaieva@ukma.edu.ua;+380501235265;2007-03-08;18
st20250976;Yuliia;Ilnytska;Oleksandrivna;1;2025-09-01;9;f006;sp024;CONTRACT;ACTIVE;y.ilnytska@ukma.edu.ua;+380501235266;2006-07-21;19
st20250977;Kristina;Yanchuk;Valeriivna;1;2025-09-01;9;f006;sp024;CONTRACT;ACTIVE;k.yanchuk@ukma.edu.ua;+380501235267;2007-01-11;18
st20250978;Karina;Halyha;Bohdanivna;1;2025-09-01;9;f006;sp024;CONTRACT;ACTIVE;k.halyha@ukma.edu.ua;+380501235268;2006-06-25;19
st20250979;Uliana;Nesterenko;Antonivna;1;2025-09-01;9;f006;sp024;CONTRACT;ACTIVE;u.nesterenko@ukma.edu.ua;+380501235269;2007-02-05;18
st20250980;Oleksandra;Patsiorna;Volodymyrivna;1;2025-09-01;9;f006;sp024;CONTRACT;ACTIVE;o.patsiorna@ukma.edu.ua;+380501235270;2006-08-16;19
st20250981;Yevheniia;Slobodian;Yevhenivna;1;2025-09-01;9;f006;sp024;CONTRACT;ACTIVE;y.slobodian@ukma.edu.ua;+380501235271;2007-11-04;17
st20250982;Anna;Zaslavska;Yaroslavivna;1;2025-09-01;9;f006;sp024;CONTRACT;ACTIVE;a.zaslavska@ukma.edu.ua;+380501235272;2006-04-19;19
st20250983;Diana;Barabash;Vasylivna;1;2025-09-01;9;f006;sp024;CONTRACT;ACTIVE;d.barabash@ukma.edu.ua;+380501235273;2007-10-09;17
st20250984;Oleksandra;Antoniuk;Serhiivna;1;2025-09-01;9;f006;sp024;CONTRACT;ACTIVE;o.antoniuk@ukma.edu.ua;+380501235274;2006-06-25;19


st20250985;Dariia;Stepanenko;Petrivna;1;2025-09-01;1;f006;sp025;BUDGET;ACTIVE;d.stepanenko@ukma.edu.ua;+380501235275;2007-02-05;18
st20250986;Sofiia;Pliasova;Denysivna;1;2025-09-01;1;f006;sp025;BUDGET;ACTIVE;s.pliasova@ukma.edu.ua;+380501235276;2006-01-11;19
st20250987;Daria;Kyrychenko;Ivanivna;1;2025-09-01;1;f006;sp025;BUDGET;ACTIVE;d.kyrychenko@ukma.edu.ua;+380501235277;2007-05-29;18
st20250988;Roman;Khalaim;Olesovych;1;2025-09-01;1;f006;sp025;BUDGET;ACTIVE;r.khalaim@ukma.edu.ua;+380501235278;2006-12-02;18
st20250989;Olha;Kaidanovych;Valeriivna;1;2025-09-01;1;f006;sp025;BUDGET;ACTIVE;o.kaidanovych@ukma.edu.ua;+380501235279;2007-09-17;17
st20250990;Anastasiia;Lototska;Hennadiivna;1;2025-09-01;1;f006;sp025;BUDGET;ACTIVE;a.lototska@ukma.edu.ua;+380501235280;2006-08-22;19
st20250991;Volodymyr;Yaroshenko;Volodymyrovych;1;2025-09-01;1;f006;sp025;BUDGET;ACTIVE;v.yaroshenko@ukma.edu.ua;+380501235281;2007-03-08;18
st20250992;Melaniia-Anna;Huk;Andriivna;1;2025-09-01;1;f006;sp025;BUDGET;ACTIVE;m.huk@ukma.edu.ua;+380501235282;2006-10-31;18
st20250993;Mariia;Dushko;Kyrylivna;1;2025-09-01;1;f006;sp025;BUDGET;ACTIVE;m.dushko@ukma.edu.ua;+380501235283;2007-07-14;18
st20250994;Arina;Yaremchuk;Ruslanivna;1;2025-09-01;1;f006;sp025;BUDGET;ACTIVE;a.yaremchuk@ukma.edu.ua;+380501235284;2006-05-03;19
st20250995;Maksym;Rubchak;Mykolaiovych;1;2025-09-01;2;f006;sp025;BUDGET;ACTIVE;m.rubchak@ukma.edu.ua;+380501235285;2007-11-26;17
st20250996;Kateryna;Ismailova;Rakhativna;1;2025-09-01;2;f006;sp025;BUDGET;ACTIVE;k.ismailova@ukma.edu.ua;+380501235286;2006-02-18;19
st20250997;Sofiia;Rusenko;Kostiantynivna;1;2025-09-01;2;f006;sp025;BUDGET;ACTIVE;s.rusenko@ukma.edu.ua;+380501235287;2007-04-10;18
st20250998;Evelina;Kupriienko;Yevheniivna;1;2025-09-01;2;f006;sp025;BUDGET;ACTIVE;e.kupriienko@ukma.edu.ua;+380501235288;2006-12-08;18
st20250999;Veronika;Shupylo;Ruslanivna;1;2025-09-01;2;f006;sp025;BUDGET;ACTIVE;v.shupylo@ukma.edu.ua;+380501235289;2007-08-16;18
st20251000;Yana;Senkiv;Andriivna;1;2025-09-01;2;f006;sp025;CONTRACT;ACTIVE;y.senkiv@ukma.edu.ua;+380501235290;2006-06-02;19
st20251001;Yeva;Shevchenko;Tarasivna;1;2025-09-01;2;f006;sp025;CONTRACT;ACTIVE;y.shevchenko@ukma.edu.ua;+380501235291;2007-01-22;18
st20251002;Mykhailo;Sapozhnyk;Mykolaiovych;1;2025-09-01;2;f006;sp025;CONTRACT;ACTIVE;m.sapozhnyk@ukma.edu.ua;+380501235292;2006-09-14;18
st20251003;Sofiia;Yushchenko;Tarasivna;1;2025-09-01;2;f006;sp025;CONTRACT;ACTIVE;s.yushchenko@ukma.edu.ua;+380501235293;2007-10-28;17
st20251004;Yelyzaveta;Popovych;Bohdanivna;1;2025-09-01;2;f006;sp025;CONTRACT;ACTIVE;y.popovych@ukma.edu.ua;+380501235294;2006-03-05;19
st20251005;Oleksandra;Kiiutina;Pavlivna;1;2025-09-01;3;f006;sp025;CONTRACT;ACTIVE;o.kiiutina@ukma.edu.ua;+380501235295;2007-05-11;18
st20251006;Denys;Reva;Rustamovych;1;2025-09-01;3;f006;sp025;CONTRACT;ACTIVE;d.reva@ukma.edu.ua;+380501235296;2006-11-20;18
st20251007;Uliana;Honcharuk;Olehivna;1;2025-09-01;3;f006;sp025;CONTRACT;ACTIVE;u.honcharuk@ukma.edu.ua;+380501235297;2007-07-03;18
st20251008;Tetiana;Chaban;Viacheslavivna;1;2025-09-01;3;f006;sp025;CONTRACT;ACTIVE;t.chaban@ukma.edu.ua;+380501235298;2006-01-29;19
st20251009;Yehor;Pohrebniak;Oleksiiovych;1;2025-09-01;3;f006;sp025;CONTRACT;ACTIVE;y.pohrebniak@ukma.edu.ua;+380501235299;2007-02-15;18
st20251010;Yelyzaveta;Hutsol;Andriivna;1;2025-09-01;3;f006;sp025;CONTRACT;ACTIVE;y.hutsol@ukma.edu.ua;+380501235300;2006-08-01;19
st20251011;Oleksandra;Yakimenko;Yehorivna;1;2025-09-01;3;f006;sp025;CONTRACT;ACTIVE;o.yakimenko@ukma.edu.ua;+380501235301;2007-09-08;17
st20251012;Sofiia;Hrynkiv;Romanivna;1;2025-09-01;3;f006;sp025;CONTRACT;ACTIVE;s.hrynkiv@ukma.edu.ua;+380501235302;2006-12-13;18
st20251013;Poliina;Kurbal;Mykhailivna;1;2025-09-01;3;f006;sp025;CONTRACT;ACTIVE;p.kurbal@ukma.edu.ua;+380501235303;2007-04-26;18
st20251014;Mariia;Hrabova;Volodymyrivna;1;2025-09-01;3;f006;sp025;CONTRACT;ACTIVE;m.hrabova@ukma.edu.ua;+380501235304;2006-06-18;19
st20251015;Anastasiia;Vaskovska;Oleksiivna;1;2025-09-01;4;f006;sp025;CONTRACT;ACTIVE;a.vaskovska@ukma.edu.ua;+380501235305;2007-11-09;17
st20251016;Yelyzaveta;Perelot;Volodymyrivna;1;2025-09-01;4;f006;sp025;CONTRACT;ACTIVE;y.perelot@ukma.edu.ua;+380501235306;2006-03-10;19
st20251017;Yeva;Chernova;Denysivna;1;2025-09-01;4;f006;sp025;CONTRACT;ACTIVE;y.chernova@ukma.edu.ua;+380501235307;2007-08-27;18
st20251018;Sofiia;Konchyts;Volodymyrivna;1;2025-09-01;4;f006;sp025;CONTRACT;ACTIVE;s.konchyts@ukma.edu.ua;+380501235308;2006-01-05;19
st20251019;Yelyzaveta;Mezentseva;Volodymyrivna;1;2025-09-01;4;f006;sp025;CONTRACT;ACTIVE;y.mezentseva@ukma.edu.ua;+380501235309;2007-03-12;18
st20251020;Sofiia;Kalinichenko;Vasylivna;1;2025-09-01;4;f006;sp025;CONTRACT;ACTIVE;s.kalinichenko@ukma.edu.ua;+380501235310;2006-11-20;18
st20251021;Alina;Antoniuk;Denysivna;1;2025-09-01;4;f006;sp025;CONTRACT;ACTIVE;a.antoniuk@ukma.edu.ua;+380501235311;2007-05-08;18
st20251022;Veronika;Shevchenko;Oleksandrivna;1;2025-09-01;4;f006;sp025;CONTRACT;ACTIVE;v.shevchenko@ukma.edu.ua;+380501235312;2006-08-14;19
st20251023;Anastasiia;Bahinska;Vitaliivna;1;2025-09-01;4;f006;sp025;CONTRACT;ACTIVE;a.bahinska@ukma.edu.ua;+380501235313;2007-02-22;18
st20251024;Kateryna;Pavlova;Vadymivna;1;2025-09-01;4;f006;sp025;CONTRACT;ACTIVE;k.pavlova@ukma.edu.ua;+380501235314;2006-12-05;18
st20251025;Sofya;Husakova;Oleksiivna;1;2025-09-01;5;f006;sp025;CONTRACT;ACTIVE;s.husakova@ukma.edu.ua;+380501235315;2007-09-11;17
st20251026;Yeva;Podoliak;Oleksandrivna;1;2025-09-01;5;f006;sp025;CONTRACT;ACTIVE;y.podoliak@ukma.edu.ua;+380501235316;2006-10-27;18
st20251027;Tymofii;Antonov;Yevhenovych;1;2025-09-01;5;f006;sp025;CONTRACT;ACTIVE;t.antonov@ukma.edu.ua;+380501235317;2007-04-16;18
st20251028;Anna;Kriuchkova;Oleksandrivna;1;2025-09-01;5;f006;sp025;CONTRACT;ACTIVE;a.kriuchkova@ukma.edu.ua;+380501235318;2006-07-03;19
st20251029;Anastasiia;Koval;Romanivna;1;2025-09-01;5;f006;sp025;CONTRACT;ACTIVE;a.koval@ukma.edu.ua;+380501235319;2007-05-19;18
st20251030;Veronika;Polyvach;Viktorivna;1;2025-09-01;5;f006;sp025;CONTRACT;ACTIVE;v.polyvach@ukma.edu.ua;+380501235320;2006-09-24;18
st20251031;Sofiia;Tsvietkova;Kostiantynivna;1;2025-09-01;5;f006;sp025;CONTRACT;ACTIVE;s.tsvietkova@ukma.edu.ua;+380501235321;2007-03-31;18
st20251032;Izabella;Domuz;Oleksandrivna;1;2025-09-01;5;f006;sp025;CONTRACT;ACTIVE;i.domuz@ukma.edu.ua;+380501235322;2006-01-09;19
st20251033;Daryna;Burlaka;Vasylivna;1;2025-09-01;5;f006;sp025;CONTRACT;ACTIVE;d.burlaka@ukma.edu.ua;+380501235323;2007-11-04;17
st20251034;Mariia;Pavlova;Andriivna;1;2025-09-01;5;f006;sp025;CONTRACT;ACTIVE;m.pavlova@ukma.edu.ua;+380501235324;2006-08-21;19
st20251035;Veronika;Potapska;Oleksiivna;1;2025-09-01;6;f006;sp025;CONTRACT;ACTIVE;v.potapska@ukma.edu.ua;+380501235325;2007-06-15;18
st20251036;Karolina;Shurpylo;Serhiivna;1;2025-09-01;6;f006;sp025;CONTRACT;ACTIVE;k.shurpylo@ukma.edu.ua;+380501235326;2006-04-30;19
st20251037;Iryna;Virych;Viacheslavivna;1;2025-09-01;6;f006;sp025;CONTRACT;ACTIVE;i.virych@ukma.edu.ua;+380501235327;2007-10-12;17
st20251038;Sofiia;Karpova;Artemivna;1;2025-09-01;6;f006;sp025;CONTRACT;ACTIVE;s.karpova@ukma.edu.ua;+380501235328;2006-02-28;19
st20251039;Anastasiia;Kyrstia;Oleksandrivna;1;2025-09-01;6;f006;sp025;CONTRACT;ACTIVE;a.kyrstia@ukma.edu.ua;+380501235329;2007-07-07;18
st20251040;Veronika;Tatarova;Olehivna;1;2025-09-01;6;f006;sp025;CONTRACT;ACTIVE;v.tatarova@ukma.edu.ua;+380501235330;2006-11-12;18
st20251041;Solomiia;Boiko;Vasylivna;1;2025-09-01;6;f006;sp025;CONTRACT;ACTIVE;s.boiko@ukma.edu.ua;+380501235331;2007-08-04;18
st20251042;Poliina;Kuzmina;Andriivna;1;2025-09-01;6;f006;sp025;CONTRACT;ACTIVE;p.kuzmina@ukma.edu.ua;+380501235332;2006-04-19;19
st20251043;Iryna;Bihun;Volodymyrivna;1;2025-09-01;6;f006;sp025;CONTRACT;ACTIVE;i.bihun@ukma.edu.ua;+380501235333;2007-10-09;17
st20251044;Viktoriia;Savenko;Vasylivna;1;2025-09-01;6;f006;sp025;CONTRACT;ACTIVE;v.savenko@ukma.edu.ua;+380501235334;2006-06-25;19
st20251045;Kateryna;Khorenko;Ihorivna;1;2025-09-01;7;f006;sp025;CONTRACT;ACTIVE;k.khorenko@ukma.edu.ua;+380501235335;2007-02-05;18
st20251046;Yelyzaveta;Pavliuk;Andriivna;1;2025-09-01;7;f006;sp025;CONTRACT;ACTIVE;y.pavliuk@ukma.edu.ua;+380501235336;2006-01-11;19
st20251047;Kseniia;Yakovleva;Viktorivna;1;2025-09-01;7;f006;sp025;CONTRACT;ACTIVE;k.yakovleva@ukma.edu.ua;+380501235337;2007-05-29;18
st20251048;Svitlana;Khailuk;Olehivna;1;2025-09-01;7;f006;sp025;CONTRACT;ACTIVE;s.khailuk@ukma.edu.ua;+380501235338;2006-12-02;18
st20251049;Poliina;Ilkhovska;Oleksandrivna;1;2025-09-01;7;f006;sp025;CONTRACT;ACTIVE;p.ilkhovska@ukma.edu.ua;+380501235339;2007-09-17;17
st20251050;Diana;Spivak;Rostyslavivna;1;2025-09-01;7;f006;sp025;CONTRACT;ACTIVE;d.spivak@ukma.edu.ua;+380501235340;2006-08-22;19
st20251051;Ivan;Briukhanov;Olehovych;1;2025-09-01;7;f006;sp025;CONTRACT;ACTIVE;i.briukhanov@ukma.edu.ua;+380501235341;2007-03-08;18
st20251052;Sofiia;Romanieieva;Oleksandrivna;1;2025-09-01;7;f006;sp025;CONTRACT;ACTIVE;s.romanieieva@ukma.edu.ua;+380501235342;2006-10-31;18
st20251053;Viktoriia;Chereshniuk;Viktorivna;1;2025-09-01;7;f006;sp025;CONTRACT;ACTIVE;v.chereshniuk@ukma.edu.ua;+380501235343;2007-07-14;18
st20251054;Milana;Kyrylenko;Serhiivna;1;2025-09-01;7;f006;sp025;CONTRACT;ACTIVE;m.kyrylenko@ukma.edu.ua;+380501235344;2006-05-03;19
st20251055;Yuliia;Vasylenko;Volodymyrivna;1;2025-09-01;8;f006;sp025;CONTRACT;ACTIVE;y.vasylenko@ukma.edu.ua;+380501235345;2007-11-26;17
st20251056;Yuliia;Polonets;Serhiivna;1;2025-09-01;8;f006;sp025;CONTRACT;ACTIVE;y.polonets@ukma.edu.ua;+380501235346;2006-02-18;19
st20251057;Oleksandr;Hrytsai;Oleksandrovych;1;2025-09-01;8;f006;sp025;CONTRACT;ACTIVE;o.hrytsai@ukma.edu.ua;+380501235347;2007-04-10;18
st20251058;Olha;Pirohova;Sviatoslavivna;1;2025-09-01;8;f006;sp025;CONTRACT;ACTIVE;o.pirohova@ukma.edu.ua;+380501235348;2006-12-08;18
st20251059;Haiane;Pohosova;Romanivna;1;2025-09-01;8;f006;sp025;CONTRACT;ACTIVE;h.pohosova@ukma.edu.ua;+380501235349;2007-08-16;18
st20251060;Zakhar;Yashchenko;Oleksandrovych;1;2025-09-01;8;f006;sp025;CONTRACT;ACTIVE;z.yashchenko@ukma.edu.ua;+380501235350;2006-06-02;19
st20251061;Sofiia;Nalimova;Serhiivna;1;2025-09-01;8;f006;sp025;CONTRACT;ACTIVE;s.nalimova@ukma.edu.ua;+380501235351;2007-01-22;18
st20251062;Anastasiia;Smitiukh;Vasylivna;1;2025-09-01;8;f006;sp025;CONTRACT;ACTIVE;a.smitiukh@ukma.edu.ua;+380501235352;2006-09-14;18
st20251063;Valeriia;Korol;Tymurivna;1;2025-09-01;8;f006;sp025;CONTRACT;ACTIVE;v.korol@ukma.edu.ua;+380501235353;2007-10-28;17
st20251064;Vladyslava;Trofimchuk;Vadymivna;1;2025-09-01;8;f006;sp025;CONTRACT;ACTIVE;v.trofimchuk@ukma.edu.ua;+380501235354;2006-03-05;19
st20251065;Karyna;Derezenko;Yaroslavivna;1;2025-09-01;9;f006;sp025;CONTRACT;ACTIVE;k.derezenko@ukma.edu.ua;+380501235355;2007-05-11;18
st20251066;Yelyzaveta;Litvyshchenko;Antonivna;1;2025-09-01;9;f006;sp025;CONTRACT;ACTIVE;y.litvyshchenko@ukma.edu.ua;+380501235356;2006-11-20;18
st20251067;Yana;Stanislavska;Hennadiivna;1;2025-09-01;9;f006;sp025;CONTRACT;ACTIVE;y.stanislavska@ukma.edu.ua;+380501235357;2007-07-03;18
st20251068;Oleksandr;Kuzmenko;Vitaliiovych;1;2025-09-01;9;f006;sp025;CONTRACT;ACTIVE;o.kuzmenko@ukma.edu.ua;+380501235358;2006-01-29;19
st20251069;Mariia;Radkevych;Oleksandrivna;1;2025-09-01;9;f006;sp025;CONTRACT;ACTIVE;m.radkevych@ukma.edu.ua;+380501235359;2007-02-15;18
st20251070;Andrii;Kyshenia;Maksymovych;1;2025-09-01;9;f006;sp025;CONTRACT;ACTIVE;a.kyshenia@ukma.edu.ua;+380501235360;2006-08-01;19
st20251071;Anastasiia;Yatsuk;Yevheniivna;1;2025-09-01;9;f006;sp025;CONTRACT;ACTIVE;a.yatsuk@ukma.edu.ua;+380501235361;2007-09-08;17
st20251072;Viktoriia;Yurchuk;Vitaliivna;1;2025-09-01;9;f006;sp025;CONTRACT;ACTIVE;v.yurchuk@ukma.edu.ua;+380501235362;2006-12-13;18
st20251073;Yuliia;Bohatova;Yevhenivna;1;2025-09-01;9;f006;sp025;CONTRACT;ACTIVE;y.bohatova@ukma.edu.ua;+380501235363;2007-04-26;18




















st20240001;Mykola;Boiko;Oleksandrovych;2;2024-09-01;1;f001;sp001;BUDGET;ACTIVE;m.boiko@ukma.edu.ua;+380501234503;2005-08-18;20
st20240002;Alina;Boiko;Yevhenivna;2;2024-09-01;1;f001;sp001;CONTRACT;ACTIVE;a.boiko@ukma.edu.ua;+380501234504;2006-01-16;20
st20240003;Halyna;Boiko;Vitaliivna;2;2024-09-01;1;f001;sp001;CONTRACT;ACTIVE;h.boiko@ukma.edu.ua;+380501234535;2005-09-01;20
st20240004;Diana;Bondar;Stepanivna;2;2024-09-01;1;f001;sp001;BUDGET;ACTIVE;d.bondar@ukma.edu.ua;+380501234509;2006-05-22;19
st20240005;Uliana;Dmytrenko;Vladyslavivna;2;2024-09-01;1;f001;sp001;CONTRACT;ACTIVE;u.dmytrenko@ukma.edu.ua;+380501234506;2006-05-23;19
st20240006;Mykhailo;Havryliuk;Antonovych;2;2024-09-01;1;f001;sp001;BUDGET;ACTIVE;m.havryliuk@ukma.edu.ua;+380501234501;2006-05-15;19
st20240007;Liubov;Havryliuk;Volodymyrivna;2;2024-09-01;2;f001;sp001;BUDGET;ACTIVE;l.havryliuk@ukma.edu.ua;+380501234527;2006-01-10;20
st20240008;Nazar;Honcharenko;Maksymovych;2;2024-09-01;2;f001;sp001;BUDGET;ACTIVE;n.honcharenko@ukma.edu.ua;+380501234523;2005-08-22;20
st20240009;Roman;Ivanenko;Denysovych;2;2024-09-01;2;f001;sp001;CONTRACT;ACTIVE;r.ivanenko@ukma.edu.ua;+380501234512;2005-08-23;20
st20240010;Bohdan;Karpenko;Oleksandrovych;2;2024-09-01;2;f001;sp001;BUDGET;ACTIVE;b.karpenko@ukma.edu.ua;+380501234507;2005-05-09;20
st20240011;Viktor;Kravchenko;Antonovych;2;2024-09-01;2;f001;sp001;CONTRACT;ACTIVE;v.kravchenko@ukma.edu.ua;+380501234519;2005-10-22;20
st20240012;Viktor;Lysenko;Antonovych;2;2024-09-01;2;f001;sp001;CONTRACT;ACTIVE;v.lysenko@ukma.edu.ua;+380501234522;2005-08-16;20
st20240013;Uliana;Lysenko;Serhiivna;2;2024-09-01;3;f001;sp001;BUDGET;ACTIVE;u.lysenko@ukma.edu.ua;+380501234533;2005-10-20;20
st20240014;Vitalii;Marchenko;Ivanovych;2;2024-09-01;3;f001;sp001;CONTRACT;ACTIVE;v.marchenko@ukma.edu.ua;+380501234510;2006-10-03;19
st20240015;Pavlo;Marchenko;Antonovych;2;2024-09-01;3;f001;sp001;BUDGET;ACTIVE;p.marchenko@ukma.edu.ua;+380501234514;2005-07-10;20
st20240016;Alisa;Marchenko;Bohdanivna;2;2024-09-01;3;f001;sp001;CONTRACT;ACTIVE;a.marchenko@ukma.edu.ua;+380501234530;2005-06-02;20
st20240017;Alisa;Moroz;Denysivna;2;2024-09-01;3;f001;sp001;CONTRACT;ACTIVE;a.moroz@ukma.edu.ua;+380501234508;2005-12-21;20
st20240018;Hlib;Panchenko;Valentynovych;2;2024-09-01;3;f001;sp001;CONTRACT;ACTIVE;h.panchenko@ukma.edu.ua;+380501234513;2006-06-23;19
st20240019;Bohdan;Panchenko;Tarasovych;2;2024-09-01;4;f001;sp001;CONTRACT;ACTIVE;b.panchenko@ukma.edu.ua;+380501234532;2005-09-11;20
st20240020;Vira;Petrenko;Tarasivna;2;2024-09-01;4;f001;sp001;CONTRACT;ACTIVE;v.petrenko@ukma.edu.ua;+380501234502;2005-07-20;20
st20240021;Anton;Ponomarenko;Kyrylovych;2;2024-09-01;4;f001;sp001;BUDGET;ACTIVE;a.ponomarenko@ukma.edu.ua;+380501234529;2005-11-27;20
st20240022;Olena;Ponomarenko;Yevhenivna;2;2024-09-01;4;f001;sp001;BUDGET;ACTIVE;o.ponomarenko@ukma.edu.ua;+380501234531;2006-07-14;19
st20240023;Anton;Radchenko;Vitaliiovych;2;2024-09-01;4;f001;sp001;BUDGET;ACTIVE;a.radchenko@ukma.edu.ua;+380501234518;2006-02-20;20
st20240024;Yuliia;Radchenko;Dmytrivna;2;2024-09-01;4;f001;sp001;CONTRACT;ACTIVE;y.radchenko@ukma.edu.ua;+380501234520;2006-08-03;19
st20240025;Solomiia;Radchenko;Yevhenivna;2;2024-09-01;5;f001;sp001;BUDGET;ACTIVE;s.radchenko@ukma.edu.ua;+380501234528;2006-03-04;20
st20240026;Uliana;Savchenko;Andriivna;2;2024-09-01;5;f001;sp001;CONTRACT;ACTIVE;u.savchenko@ukma.edu.ua;+380501234511;2005-07-07;20
st20240027;Volodymyr;Savchenko;Denysovych;2;2024-09-01;5;f001;sp001;BUDGET;ACTIVE;v.savchenko@ukma.edu.ua;+380501234526;2005-05-06;20
st20240028;Anastasiia;Savchenko;Mykhailivna;2;2024-09-01;5;f001;sp001;BUDGET;ACTIVE;a.savchenko@ukma.edu.ua;+380501234536;2006-11-03;19
st20240029;Ihor;Shevchenko;Denysovych;2;2024-09-01;5;f001;sp001;CONTRACT;ACTIVE;i.shevchenko@ukma.edu.ua;+380501234515;2006-04-09;20
st20240030;Nadiia;Shevchenko;Hlibivna;2;2024-09-01;5;f001;sp001;BUDGET;ACTIVE;n.shevchenko@ukma.edu.ua;+380501234516;2006-02-28;20
st20240031;Yevhen;Shevchuk;Serhiiovych;2;2024-09-01;6;f001;sp001;BUDGET;ACTIVE;y.shevchuk@ukma.edu.ua;+380501234534;2005-09-14;20
st20240032;Anastasiia;Tkachenko;Vitaliivna;2;2024-09-01;6;f001;sp001;CONTRACT;ACTIVE;a.tkachenko@ukma.edu.ua;+380501234505;2005-10-17;20
st20240033;Iryna;Tkachenko;Serhiivna;2;2024-09-01;6;f001;sp001;CONTRACT;ACTIVE;i.tkachenko@ukma.edu.ua;+380501234521;2005-03-22;21
st20240034;Yuliia;Tkachenko;Arturivna;2;2024-09-01;6;f001;sp001;CONTRACT;ACTIVE;y.tkachenko@ukma.edu.ua;+380501234525;2005-10-28;20
st20240035;Nazar;Tkachuk;Antonovych;2;2024-09-01;6;f001;sp001;BUDGET;ACTIVE;n.tkachuk@ukma.edu.ua;+380501234524;2006-07-09;19
st20240036;Olena;Vlasenko;Tymurivna;2;2024-09-01;6;f001;sp001;CONTRACT;ACTIVE;o.vlasenko@ukma.edu.ua;+380501234517;2005-06-26;20


st20240037;Khrystyna;Babenko;Stepanivna;2;2024-09-01;1;f001;sp002;BUDGET;ACTIVE;k.babenko@ukma.edu.ua;+380501234556;2005-04-07;21
st20240038;Denys;Babenko;Rostyslavovych;2;2024-09-01;1;f001;sp002;CONTRACT;ACTIVE;d.babenko@ukma.edu.ua;+380501234557;2005-05-26;20
st20240039;Nadiia;Bondarenko;Valentynivna;2;2024-09-01;1;f001;sp002;CONTRACT;ACTIVE;n.bondarenko@ukma.edu.ua;+380501234537;2006-06-21;19
st20240040;Oksana;Dmytrenko;Valentynivna;2;2024-09-01;1;f001;sp002;BUDGET;ACTIVE;o.dmytrenko@ukma.edu.ua;+380501234558;2006-06-23;19
st20240041;Tymur;Havryliuk;Illich;2;2024-09-01;1;f001;sp002;BUDGET;ACTIVE;t.havryliuk@ukma.edu.ua;+380501234539;2005-07-21;20
st20240042;Kateryna;Havryliuk;Romanivna;2;2024-09-01;1;f001;sp002;CONTRACT;ACTIVE;k.havryliuk@ukma.edu.ua;+380501234545;2005-02-19;21
st20240043;Tetiana;Honcharenko;Volodymyrivna;2;2024-09-01;2;f001;sp002;CONTRACT;ACTIVE;t.honcharenko@ukma.edu.ua;+380501234559;2005-05-11;20
st20240044;Mykola;Honcharenko;Arturovych;2;2024-09-01;2;f001;sp002;CONTRACT;ACTIVE;m.honcharenko@ukma.edu.ua;+380501234570;2006-09-08;19
st20240045;Uliana;Ivanenko;Kyrylivna;2;2024-09-01;2;f001;sp002;CONTRACT;ACTIVE;u.ivanenko@ukma.edu.ua;+380501234564;2005-01-23;21
st20240046;Mykola;Karpenko;Olehovych;2;2024-09-01;2;f001;sp002;CONTRACT;ACTIVE;m.karpenko@ukma.edu.ua;+380501234553;2005-12-02;20
st20240047;Illia;Karpenko;Bohdanovych;2;2024-09-01;2;f001;sp002;CONTRACT;ACTIVE;i.karpenko@ukma.edu.ua;+380501234555;2005-10-11;20
st20240048;Oleksandr;Karpenko;Vitaliiovych;2;2024-09-01;2;f001;sp002;BUDGET;ACTIVE;o.karpenko@ukma.edu.ua;+380501234563;2005-03-06;21
st20240049;Sofiia;Koval;Tarasivna;2;2024-09-01;3;f001;sp002;CONTRACT;ACTIVE;s.koval@ukma.edu.ua;+380501234542;2006-11-03;19
st20240050;Nataliia;Kovalenko;Artemivna;2;2024-09-01;3;f001;sp002;BUDGET;ACTIVE;n.kovalenko@ukma.edu.ua;+380501234538;2005-07-01;20
st20240051;Khrystyna;Kovalenko;Mykolaivna;2;2024-09-01;3;f001;sp002;BUDGET;ACTIVE;k.kovalenko@ukma.edu.ua;+380501234549;2006-12-16;19
st20240052;Stepan;Kravchenko;Dmytrovych;2;2024-09-01;3;f001;sp002;CONTRACT;ACTIVE;s.kravchenko@ukma.edu.ua;+380501234541;2005-05-19;20
st20240053;Bozhena;Marchenko;Dmytrivna;2;2024-09-01;3;f001;sp002;CONTRACT;ACTIVE;b.marchenko@ukma.edu.ua;+380501234540;2005-03-01;21
st20240054;Vladyslav;Marchenko;Mykolaiovych;2;2024-09-01;3;f001;sp002;CONTRACT;ACTIVE;v.marchenko1@ukma.edu.ua;+380501234568;2006-08-24;19
st20240055;Vitalii;Melnyk;Illich;2;2024-09-01;4;f001;sp002;BUDGET;ACTIVE;v.melnyk@ukma.edu.ua;+380501234560;2005-10-03;20
st20240056;Valentyn;Melnyk;Olehovych;2;2024-09-01;4;f001;sp002;CONTRACT;ACTIVE;v.melnyk1@ukma.edu.ua;+380501234569;2006-09-12;19
st20240057;Iryna;Oliinyk;Hlibivna;2;2024-09-01;4;f001;sp002;BUDGET;ACTIVE;i.oliinyk@ukma.edu.ua;+380501234561;2006-07-18;19
st20240058;Kyrylo;Panchenko;Romanovych;2;2024-09-01;4;f001;sp002;BUDGET;ACTIVE;k.panchenko@ukma.edu.ua;+380501234543;2006-04-07;20
st20240059;Oksana;Panchenko;Hlibivna;2;2024-09-01;4;f001;sp002;CONTRACT;ACTIVE;o.panchenko@ukma.edu.ua;+380501234565;2006-03-25;20
st20240060;Artem;Ponomarenko;Andriiovych;2;2024-09-01;4;f001;sp002;BUDGET;ACTIVE;a.ponomarenko1@ukma.edu.ua;+380501234547;2006-01-13;20
st20240061;Halyna;Rudenko;Illivna;2;2024-09-01;5;f001;sp002;CONTRACT;ACTIVE;h.rudenko@ukma.edu.ua;+380501234550;2006-06-19;19
st20240062;Volodymyr;Rudenko;Yevhenovych;2;2024-09-01;5;f001;sp002;BUDGET;ACTIVE;v.rudenko@ukma.edu.ua;+380501234562;2005-02-25;21
st20240063;Viktoriia;Shevchuk;Mykolaivna;2;2024-09-01;5;f001;sp002;BUDGET;ACTIVE;v.shevchuk@ukma.edu.ua;+380501234546;2005-01-28;21
st20240064;Olena;Shevchuk;Ivanivna;2;2024-09-01;5;f001;sp002;BUDGET;ACTIVE;o.shevchuk@ukma.edu.ua;+380501234548;2005-09-27;20
st20240065;Olena;Sydorenko;Hlibivna;2;2024-09-01;5;f001;sp002;CONTRACT;ACTIVE;o.sydorenko@ukma.edu.ua;+380501234552;2005-02-27;21
st20240066;Yelyzaveta;Sydorenko;Olehivna;2;2024-09-01;5;f001;sp002;CONTRACT;ACTIVE;y.sydorenko@ukma.edu.ua;+380501234567;2005-05-20;20
st20240067;Nataliia;Taran;Dmytrivna;2;2024-09-01;6;f001;sp002;CONTRACT;ACTIVE;n.taran@ukma.edu.ua;+380501234566;2005-05-05;20
st20240068;Maksym;Tkachenko;Valentynovych;2;2024-09-01;6;f001;sp002;BUDGET;ACTIVE;m.tkachenko@ukma.edu.ua;+380501234544;2005-04-16;21
st20240069;Veronika;Tkachenko;Maksymivna;2;2024-09-01;6;f001;sp002;CONTRACT;ACTIVE;v.tkachenko@ukma.edu.ua;+380501234551;2005-02-26;21
st20240070;Alina;Vlasenko;Mykolaivna;2;2024-09-01;6;f001;sp002;CONTRACT;ACTIVE;a.vlasenko@ukma.edu.ua;+380501234554;2006-09-24;19


st20240071;Vasyl;Babenko;Tymurovych;2;2024-09-01;1;f001;sp003;CONTRACT;ACTIVE;v.babenko@ukma.edu.ua;+380501234583;2005-10-12;20
st20240072;Artem;Dmytrenko;Maksymovych;2;2024-09-01;1;f001;sp003;CONTRACT;ACTIVE;a.dmytrenko@ukma.edu.ua;+380501234587;2006-04-01;20
st20240073;Artur;Dmytrenko;Tarasovych;2;2024-09-01;1;f001;sp003;BUDGET;ACTIVE;a.dmytrenko1@ukma.edu.ua;+380501234597;2005-08-01;20
st20240074;Diana;Dmytrenko;Maksymivna;2;2024-09-01;1;f001;sp003;CONTRACT;ACTIVE;d.dmytrenko@ukma.edu.ua;+380501234600;2006-12-24;19
st20240075;Anna;Honcharenko;Antonivna;2;2024-09-01;1;f001;sp003;BUDGET;ACTIVE;a.honcharenko@ukma.edu.ua;+380501234592;2006-02-17;20
st20240076;Anna;Ivanenko;Maksymivna;2;2024-09-01;1;f001;sp003;CONTRACT;ACTIVE;a.ivanenko@ukma.edu.ua;+380501234589;2006-04-23;20
st20240077;Yana;Karpenko;Illivna;2;2024-09-01;2;f001;sp003;CONTRACT;ACTIVE;y.karpenko@ukma.edu.ua;+380501234595;2005-12-10;20
st20240078;Hlib;Khomenko;Dmytrovych;2;2024-09-01;2;f001;sp003;CONTRACT;ACTIVE;h.khomenko@ukma.edu.ua;+380501234578;2005-07-09;20
st20240079;Uliana;Kovalenko;Ivanivna;2;2024-09-01;2;f001;sp003;BUDGET;ACTIVE;u.kovalenko@ukma.edu.ua;+380501234573;2005-01-13;21
st20240080;Olena;Kovalenko;Maksymivna;2;2024-09-01;2;f001;sp003;CONTRACT;ACTIVE;o.kovalenko@ukma.edu.ua;+380501234598;2005-08-11;20
st20240081;Anhelina;Kravchenko;Mykolaivna;2;2024-09-01;2;f001;sp003;BUDGET;ACTIVE;a.kravchenko@ukma.edu.ua;+380501234591;2005-10-13;20
st20240082;Veronika;Lysenko;Vitaliivna;2;2024-09-01;2;f001;sp003;CONTRACT;ACTIVE;v.lysenko1@ukma.edu.ua;+380501234579;2006-02-24;20
st20240083;Artur;Lysenko;Tarasovych;2;2024-09-01;3;f001;sp003;CONTRACT;ACTIVE;a.lysenko@ukma.edu.ua;+380501234588;2005-04-17;21
st20240084;Vasyl;Lysenko;Hlibovych;2;2024-09-01;3;f001;sp003;BUDGET;ACTIVE;v.lysenko2@ukma.edu.ua;+380501234596;2005-05-19;20
st20240085;Rostyslav;Marchenko;Antonovych;2;2024-09-01;3;f001;sp003;CONTRACT;ACTIVE;r.marchenko@ukma.edu.ua;+380501234576;2005-10-17;20
st20240086;Artem;Melnyk;Tarasovych;2;2024-09-01;3;f001;sp003;CONTRACT;ACTIVE;a.melnyk@ukma.edu.ua;+380501234582;2005-04-01;21
st20240087;Maksym;Moroz;Romanovych;2;2024-09-01;3;f001;sp003;BUDGET;ACTIVE;m.moroz@ukma.edu.ua;+380501234601;2005-05-08;20
st20240088;Oleh;Oliinyk;Ivanovych;2;2024-09-01;3;f001;sp003;BUDGET;ACTIVE;o.oliinyk@ukma.edu.ua;+380501234585;2006-10-27;19
st20240089;Valentyn;Ponomarenko;Romanovych;2;2024-09-01;4;f001;sp003;CONTRACT;ACTIVE;v.ponomarenko@ukma.edu.ua;+380501234574;2005-04-05;21
st20240090;Oleksandr;Radchenko;Romanovych;2;2024-09-01;4;f001;sp003;CONTRACT;ACTIVE;o.radchenko@ukma.edu.ua;+380501234572;2006-05-08;19
st20240091;Sofiia;Rudenko;Mykolaivna;2;2024-09-01;4;f001;sp003;BUDGET;ACTIVE;s.rudenko@ukma.edu.ua;+380501234581;2006-10-02;19
st20240092;Maksym;Rudenko;Romanovych;2;2024-09-01;4;f001;sp003;CONTRACT;ACTIVE;m.rudenko@ukma.edu.ua;+380501234584;2006-02-20;20
st20240093;Andrii;Savchenko;Rostyslavovych;2;2024-09-01;4;f001;sp003;CONTRACT;ACTIVE;a.savchenko1@ukma.edu.ua;+380501234586;2005-08-07;20
st20240094;Daria;Savchenko;Serhiivna;2;2024-09-01;4;f001;sp003;BUDGET;ACTIVE;d.savchenko@ukma.edu.ua;+380501234594;2005-06-27;20
st20240095;Vasyl;Shevchenko;Denysovych;2;2024-09-01;5;f001;sp003;BUDGET;ACTIVE;v.shevchenko@ukma.edu.ua;+380501234599;2006-04-08;20
st20240096;Mykola;Shevchuk;Tymurovych;2;2024-09-01;5;f001;sp003;BUDGET;ACTIVE;m.shevchuk@ukma.edu.ua;+380501234577;2005-11-22;20
st20240097;Andrii;Shevchuk;Romanovych;2;2024-09-01;5;f001;sp003;BUDGET;ACTIVE;a.shevchuk@ukma.edu.ua;+380501234593;2005-03-06;21
st20240098;Anastasiia;Taran;Oleksandrivna;2;2024-09-01;5;f001;sp003;CONTRACT;ACTIVE;a.taran@ukma.edu.ua;+380501234571;2006-01-13;20
st20240099;Daria;Taran;Stepanivna;2;2024-09-01;5;f001;sp003;CONTRACT;ACTIVE;d.taran@ukma.edu.ua;+380501234590;2006-02-17;20
st20240100;Kseniia;Tkachuk;Hlibivna;2;2024-09-01;5;f001;sp003;BUDGET;ACTIVE;k.tkachuk@ukma.edu.ua;+380501234580;2006-12-21;19
st20240101;Maksym;Vlasenko;Mykhailovych;2;2024-09-01;6;f001;sp003;CONTRACT;ACTIVE;m.vlasenko@ukma.edu.ua;+380501234575;2006-02-05;20


st20240102;Stepan;Dmytrenko;Mykhailovych;2;2024-09-01;1;f001;sp004;CONTRACT;ACTIVE;s.dmytrenko@ukma.edu.ua;+380501234617;2006-09-21;19
st20240103;Bohdan;Havryliuk;Yuriiovych;2;2024-09-01;1;f001;sp004;BUDGET;ACTIVE;b.havryliuk@ukma.edu.ua;+380501234615;2005-11-22;20
st20240104;Halyna;Honcharenko;Volodymyrivna;2;2024-09-01;1;f001;sp004;CONTRACT;ACTIVE;h.honcharenko@ukma.edu.ua;+380501234608;2005-11-16;20
st20240105;Oleksandr;Honcharenko;Andriiovych;2;2024-09-01;1;f001;sp004;CONTRACT;ACTIVE;o.honcharenko@ukma.edu.ua;+380501234614;2006-07-09;19
st20240106;Anastasiia;Honcharenko;Illivna;2;2024-09-01;1;f001;sp004;CONTRACT;ACTIVE;a.honcharenko1@ukma.edu.ua;+380501234625;2006-03-10;20
st20240107;Uliana;Honcharenko;Tymurivna;2;2024-09-01;1;f001;sp004;BUDGET;ACTIVE;u.honcharenko@ukma.edu.ua;+380501234635;2006-02-10;20
st20240108;Taras;Ivanenko;Rostyslavovych;2;2024-09-01;2;f001;sp004;CONTRACT;ACTIVE;t.ivanenko@ukma.edu.ua;+380501234610;2006-05-14;19
st20240109;Yurii;Ivanenko;Denysovych;2;2024-09-01;2;f001;sp004;BUDGET;ACTIVE;y.ivanenko@ukma.edu.ua;+380501234622;2006-12-04;19
st20240110;Viktoriia;Ivanenko;Artemivna;2;2024-09-01;2;f001;sp004;BUDGET;ACTIVE;v.ivanenko@ukma.edu.ua;+380501234629;2005-07-06;20
st20240111;Serhii;Karpenko;Andriiovych;2;2024-09-01;2;f001;sp004;BUDGET;ACTIVE;s.karpenko@ukma.edu.ua;+380501234624;2005-03-26;21
st20240112;Valentyn;Koval;Antonovych;2;2024-09-01;2;f001;sp004;CONTRACT;ACTIVE;v.koval@ukma.edu.ua;+380501234618;2005-09-03;20
st20240113;Denys;Kovalenko;Denysovych;2;2024-09-01;2;f001;sp004;BUDGET;ACTIVE;d.kovalenko@ukma.edu.ua;+380501234609;2006-01-18;20
st20240114;Roman;Kovalenko;Volodymyrovych;2;2024-09-01;3;f001;sp004;BUDGET;ACTIVE;r.kovalenko@ukma.edu.ua;+380501234633;2006-03-17;20
st20240115;Viktor;Kravchenko;Yevhenovych;2;2024-09-01;3;f001;sp004;CONTRACT;ACTIVE;v.kravchenko1@ukma.edu.ua;+380501234605;2005-11-23;20
st20240116;Bozhena;Kravchenko;Antonivna;2;2024-09-01;3;f001;sp004;CONTRACT;ACTIVE;b.kravchenko@ukma.edu.ua;+380501234611;2005-02-01;21
st20240117;Anton;Lysenko;Rostyslavovych;2;2024-09-01;3;f001;sp004;CONTRACT;ACTIVE;a.lysenko1@ukma.edu.ua;+380501234619;2006-02-19;20
st20240118;Kseniia;Lysenko;Ivanivna;2;2024-09-01;3;f001;sp004;CONTRACT;ACTIVE;k.lysenko@ukma.edu.ua;+380501234632;2006-01-12;20
st20240119;Tymur;Melnyk;Andriiovych;2;2024-09-01;3;f001;sp004;CONTRACT;ACTIVE;t.melnyk@ukma.edu.ua;+380501234612;2005-12-04;20
st20240120;Stepan;Moroz;Ivanovych;2;2024-09-01;4;f001;sp004;BUDGET;ACTIVE;s.moroz@ukma.edu.ua;+380501234604;2006-12-01;19
st20240121;Anastasiia;Moroz;Mykolaivna;2;2024-09-01;4;f001;sp004;CONTRACT;ACTIVE;a.moroz1@ukma.edu.ua;+380501234627;2006-09-12;19
st20240122;Kateryna;Oliinyk;Stepanivna;2;2024-09-01;4;f001;sp004;CONTRACT;ACTIVE;k.oliinyk@ukma.edu.ua;+380501234606;2005-03-04;21
st20240123;Oleksandr;Oliinyk;Yevhenovych;2;2024-09-01;4;f001;sp004;CONTRACT;ACTIVE;o.oliinyk1@ukma.edu.ua;+380501234620;2005-02-09;21
st20240124;Ihor;Oliinyk;Maksymovych;2;2024-09-01;4;f001;sp004;BUDGET;ACTIVE;i.oliinyk1@ukma.edu.ua;+380501234623;2005-11-13;20
st20240125;Hlib;Oliinyk;Yuriiovych;2;2024-09-01;4;f001;sp004;CONTRACT;ACTIVE;h.oliinyk@ukma.edu.ua;+380501234630;2006-05-06;19
st20240126;Bozhena;Panchenko;Vladyslavivna;2;2024-09-01;5;f001;sp004;CONTRACT;ACTIVE;b.panchenko1@ukma.edu.ua;+380501234631;2006-09-23;19
st20240127;Halyna;Polishchuk;Denysivna;2;2024-09-01;5;f001;sp004;CONTRACT;ACTIVE;h.polishchuk@ukma.edu.ua;+380501234602;2005-11-24;20
st20240128;Yuliia;Radchenko;Denysivna;2;2024-09-01;5;f001;sp004;CONTRACT;ACTIVE;y.radchenko1@ukma.edu.ua;+380501234613;2006-11-04;19
st20240129;Yurii;Radchenko;Maksymovych;2;2024-09-01;5;f001;sp004;BUDGET;ACTIVE;y.radchenko2@ukma.edu.ua;+380501234628;2006-07-24;19
st20240130;Sofiia;Shevchuk;Yuriivna;2;2024-09-01;5;f001;sp004;BUDGET;ACTIVE;s.shevchuk@ukma.edu.ua;+380501234621;2005-02-04;21
st20240131;Denys;Sydorenko;Bohdanovych;2;2024-09-01;5;f001;sp004;BUDGET;ACTIVE;d.sydorenko@ukma.edu.ua;+380501234603;2005-12-09;20
st20240132;Halyna;Sydorenko;Kyrylivna;2;2024-09-01;6;f001;sp004;CONTRACT;ACTIVE;h.sydorenko@ukma.edu.ua;+380501234607;2006-10-24;19
st20240133;Tetiana;Tkachuk;Valentynivna;2;2024-09-01;6;f001;sp004;BUDGET;ACTIVE;t.tkachuk@ukma.edu.ua;+380501234616;2006-08-26;19
st20240134;Viktoriia;Vlasenko;Olehivna;2;2024-09-01;6;f001;sp004;CONTRACT;ACTIVE;v.vlasenko@ukma.edu.ua;+380501234626;2005-12-21;20
st20240135;Artur;Vlasenko;Yuriiovych;2;2024-09-01;6;f001;sp004;BUDGET;ACTIVE;a.vlasenko1@ukma.edu.ua;+380501234634;2005-02-18;21


st20240136;Anton;Babenko;Maksymovych;2;2024-09-01;1;f001;sp005;CONTRACT;ACTIVE;a.babenko@ukma.edu.ua;+380501234643;2006-03-09;20
st20240137;Ihor;Babenko;Arturovych;2;2024-09-01;1;f001;sp005;BUDGET;ACTIVE;i.babenko@ukma.edu.ua;+380501234644;2006-08-04;19
st20240138;Veronika;Babenko;Yuriivna;2;2024-09-01;1;f001;sp005;BUDGET;ACTIVE;v.babenko1@ukma.edu.ua;+380501234676;2005-06-10;20
st20240139;Sofiia;Dmytrenko;Vladyslavivna;2;2024-09-01;1;f001;sp005;BUDGET;ACTIVE;s.dmytrenko1@ukma.edu.ua;+380501234655;2005-04-24;21
st20240140;Mykola;Havryliuk;Yuriiovych;2;2024-09-01;1;f001;sp005;CONTRACT;ACTIVE;m.havryliuk1@ukma.edu.ua;+380501234645;2006-01-10;20
st20240141;Yurii;Honcharenko;Denysovych;2;2024-09-01;1;f001;sp005;CONTRACT;ACTIVE;y.honcharenko@ukma.edu.ua;+380501234647;2006-08-05;19
st20240142;Kateryna;Honcharenko;Arturivna;2;2024-09-01;1;f001;sp005;CONTRACT;ACTIVE;k.honcharenko@ukma.edu.ua;+380501234671;2006-10-28;19
st20240143;Sofiia;Hrytsenko;Illivna;2;2024-09-01;1;f001;sp005;CONTRACT;ACTIVE;s.hrytsenko@ukma.edu.ua;+380501234656;2006-11-18;19
st20240144;Solomiia;Hrytsenko;Vladyslavivna;2;2024-09-01;2;f001;sp005;BUDGET;ACTIVE;s.hrytsenko1@ukma.edu.ua;+380501234663;2006-02-06;20
st20240145;Iryna;Ivanenko;Rostyslavivna;2;2024-09-01;2;f001;sp005;BUDGET;ACTIVE;i.ivanenko@ukma.edu.ua;+380501234636;2006-09-14;19
st20240146;Maksym;Ivanenko;Yevhenovych;2;2024-09-01;2;f001;sp005;BUDGET;ACTIVE;m.ivanenko@ukma.edu.ua;+380501234646;2005-03-16;21
st20240147;Khrystyna;Karpenko;Vladyslavivna;2;2024-09-01;2;f001;sp005;BUDGET;ACTIVE;k.karpenko@ukma.edu.ua;+380501234665;2006-07-04;19
st20240148;Illia;Karpenko;Oleksandrovych;2;2024-09-01;2;f001;sp005;BUDGET;ACTIVE;i.karpenko1@ukma.edu.ua;+380501234674;2005-09-03;20
st20240149;Nazar;Karpenko;Mykhailovych;2;2024-09-01;2;f001;sp005;CONTRACT;ACTIVE;n.karpenko@ukma.edu.ua;+380501234675;2005-11-02;20
st20240150;Anhelina;Khomenko;Oleksandrivna;2;2024-09-01;2;f001;sp005;CONTRACT;ACTIVE;a.khomenko@ukma.edu.ua;+380501234650;2005-01-04;21
st20240151;Yana;Khomenko;Rostyslavivna;2;2024-09-01;2;f001;sp005;CONTRACT;ACTIVE;y.khomenko@ukma.edu.ua;+380501234660;2005-01-05;21
st20240152;Yurii;Koval;Yuriiovych;2;2024-09-01;3;f001;sp005;CONTRACT;ACTIVE;y.koval@ukma.edu.ua;+380501234653;2006-01-08;20
st20240153;Anhelina;Kovalenko;Kyrylivna;2;2024-09-01;3;f001;sp005;CONTRACT;ACTIVE;a.kovalenko@ukma.edu.ua;+380501234642;2005-01-08;21
st20240154;Yana;Kravchenko;Antonivna;2;2024-09-01;3;f001;sp005;BUDGET;ACTIVE;y.kravchenko@ukma.edu.ua;+380501234654;2005-03-05;21
st20240155;Polina;Lysenko;Ivanivna;2;2024-09-01;3;f001;sp005;CONTRACT;ACTIVE;p.lysenko@ukma.edu.ua;+380501234638;2006-05-06;19
st20240156;Kateryna;Marchenko;Rostyslavivna;2;2024-09-01;3;f001;sp005;BUDGET;ACTIVE;k.marchenko@ukma.edu.ua;+380501234666;2006-02-01;20
st20240157;Oleksandr;Melnyk;Rostyslavovych;2;2024-09-01;3;f001;sp005;BUDGET;ACTIVE;o.melnyk@ukma.edu.ua;+380501234652;2006-06-05;19
st20240158;Mykhailo;Melnyk;Stepanovych;2;2024-09-01;3;f001;sp005;BUDGET;ACTIVE;m.melnyk@ukma.edu.ua;+380501234657;2005-03-23;21
st20240159;Ihor;Melnyk;Tarasovych;2;2024-09-01;3;f001;sp005;BUDGET;ACTIVE;i.melnyk@ukma.edu.ua;+380501234669;2005-04-06;21
st20240160;Taras;Oliinyk;Serhiiovych;2;2024-09-01;4;f001;sp005;CONTRACT;ACTIVE;t.oliinyk@ukma.edu.ua;+380501234670;2006-09-05;19
st20240161;Tetiana;Panchenko;Illivna;2;2024-09-01;4;f001;sp005;CONTRACT;ACTIVE;t.panchenko@ukma.edu.ua;+380501234637;2005-03-08;21
st20240162;Yana;Petrenko;Tymurivna;2;2024-09-01;4;f001;sp005;CONTRACT;ACTIVE;y.petrenko@ukma.edu.ua;+380501234651;2005-02-20;21
st20240163;Valeriia;Petrenko;Antonivna;2;2024-09-01;4;f001;sp005;BUDGET;ACTIVE;v.petrenko1@ukma.edu.ua;+380501234667;2006-02-24;20
st20240164;Solomiia;Polishchuk;Romanivna;2;2024-09-01;4;f001;sp005;BUDGET;ACTIVE;s.polishchuk@ukma.edu.ua;+380501234664;2006-09-12;19
st20240165;Rostyslav;Rudenko;Mykolaiovych;2;2024-09-01;4;f001;sp005;CONTRACT;ACTIVE;r.rudenko@ukma.edu.ua;+380501234678;2006-08-05;19
st20240166;Mariia;Savchenko;Olehivna;2;2024-09-01;4;f001;sp005;CONTRACT;ACTIVE;m.savchenko@ukma.edu.ua;+380501234668;2006-03-10;20
st20240167;Solomiia;Shevchenko;Denysivna;2;2024-09-01;4;f001;sp005;BUDGET;ACTIVE;s.shevchenko@ukma.edu.ua;+380501234648;2006-06-11;19
st20240168;Hlib;Shevchenko;Andriiovych;2;2024-09-01;5;f001;sp005;BUDGET;ACTIVE;h.shevchenko@ukma.edu.ua;+380501234661;2006-08-21;19
st20240169;Tymur;Shevchenko;Romanovych;2;2024-09-01;5;f001;sp005;BUDGET;ACTIVE;t.shevchenko@ukma.edu.ua;+380501234677;2006-11-27;19
st20240170;Liubov;Shevchuk;Andriivna;2;2024-09-01;5;f001;sp005;CONTRACT;ACTIVE;l.shevchuk@ukma.edu.ua;+380501234639;2005-06-22;20
st20240171;Nazar;Shevchuk;Rostyslavovych;2;2024-09-01;5;f001;sp005;CONTRACT;ACTIVE;n.shevchuk@ukma.edu.ua;+380501234649;2006-06-25;19
st20240172;Bozhena;Sydorenko;Kyrylivna;2;2024-09-01;5;f001;sp005;CONTRACT;ACTIVE;b.sydorenko@ukma.edu.ua;+380501234662;2006-05-05;19
st20240173;Artur;Tkachenko;Mykhailovych;2;2024-09-01;5;f001;sp005;CONTRACT;ACTIVE;a.tkachenko1@ukma.edu.ua;+380501234640;2006-08-27;19
st20240174;Stepan;Tkachuk;Maksymovych;2;2024-09-01;5;f001;sp005;CONTRACT;ACTIVE;s.tkachuk@ukma.edu.ua;+380501234641;2006-02-23;20
st20240175;Kateryna;Tkachuk;Rostyslavivna;2;2024-09-01;5;f001;sp005;CONTRACT;ACTIVE;k.tkachuk1@ukma.edu.ua;+380501234659;2006-07-26;19
st20240176;Oleksandr;Tkachuk;Ivanovych;2;2024-09-01;6;f001;sp005;BUDGET;ACTIVE;o.tkachuk@ukma.edu.ua;+380501234673;2005-04-01;21
st20240177;Mykhailo;Vlasenko;Arturovych;2;2024-09-01;6;f001;sp005;BUDGET;ACTIVE;m.vlasenko1@ukma.edu.ua;+380501234658;2005-08-14;20
st20240178;Roman;Vlasenko;Rostyslavovych;2;2024-09-01;6;f001;sp005;BUDGET;ACTIVE;r.vlasenko@ukma.edu.ua;+380501234672;2006-06-26;19






st20240179;Valeriia;Andrushchenko;Ruslanivna;2;2024-09-01;1;f002;sp006;CONTRACT;ACTIVE;v.andrushchenko@ukma.edu.ua;+380501234733;2005-07-16;20
st20240180;Nikolai;Avdoshko;Dmytrovych;2;2024-09-01;1;f002;sp006;CONTRACT;ACTIVE;n.avdoshko@ukma.edu.ua;+380501234704;2005-10-18;20
st20240181;Mariia;Bakanycheva;Oleksandrivna;2;2024-09-01;1;f002;sp006;BUDGET;ACTIVE;m.bakanycheva@ukma.edu.ua;+380501234679;2005-05-26;20
st20240182;Viktoriia;Biletska;Viktorivna;2;2024-09-01;1;f002;sp006;CONTRACT;ACTIVE;v.biletska@ukma.edu.ua;+380501234728;2005-04-22;21
st20240183;Sofiia;Boiko;Viktorivna;2;2024-09-01;1;f002;sp006;CONTRACT;ACTIVE;s.boiko@ukma.edu.ua;+380501234713;2005-04-18;21
st20240184;Daria;Bzenko;Dmytrivna;2;2024-09-01;1;f002;sp006;BUDGET;ACTIVE;d.bzenko@ukma.edu.ua;+380501234701;2005-10-25;20
st20240185;Valeriia;Diakova;Oleksandrivna;2;2024-09-01;1;f002;sp006;CONTRACT;ACTIVE;v.diakova@ukma.edu.ua;+380501234748;2006-04-07;20
st20240186;Sofiia;Dilihodina;Yevheniivna;2;2024-09-01;1;f002;sp006;CONTRACT;ACTIVE;s.dilihodina@ukma.edu.ua;+380501234749;2006-06-08;19
st20240187;Vladyslava;Dmitriieva;Yevhenivna;2;2024-09-01;1;f002;sp006;CONTRACT;ACTIVE;v.dmitriieva@ukma.edu.ua;+380501234714;2005-07-06;20
st20240188;Viktoriia;Dzhulai;Serhiivna;2;2024-09-01;1;f002;sp006;CONTRACT;ACTIVE;v.dzhulai@ukma.edu.ua;+380501234720;2006-03-03;20
st20240189;Kateryna;Halunko;Volodymyrivna;2;2024-09-01;1;f002;sp006;BUDGET;ACTIVE;k.halunko@ukma.edu.ua;+380501234689;2005-02-08;21
st20240190;Kateryna;Hamieza;Olehivna;2;2024-09-01;1;f002;sp006;BUDGET;ACTIVE;k.hamieza@ukma.edu.ua;+380501234697;2005-01-05;21
st20240191;Anna;Havryliuk;Dmytrivna;2;2024-09-01;1;f002;sp006;CONTRACT;ACTIVE;a.havryliuk@ukma.edu.ua;+380501234705;2006-07-24;19
st20240192;Sofiia;Honcharova;Viktorivna;2;2024-09-01;1;f002;sp006;CONTRACT;ACTIVE;s.honcharova@ukma.edu.ua;+380501234730;2006-11-19;19
st20240193;Oleksandra;Ivanets;Yuriivna;2;2024-09-01;2;f002;sp006;CONTRACT;ACTIVE;o.ivanets@ukma.edu.ua;+380501234758;2005-06-16;20
st20240194;Daria;Ivanova;Olehivna;2;2024-09-01;2;f002;sp006;BUDGET;ACTIVE;d.ivanova@ukma.edu.ua;+380501234690;2005-10-09;20
st20240195;Vitalina;Ivashchenko;Vitaliivna;2;2024-09-01;2;f002;sp006;CONTRACT;ACTIVE;v.ivashchenko@ukma.edu.ua;+380501234756;2005-04-18;21
st20240196;Mariia;Kadatska;Pavlivna;2;2024-09-01;2;f002;sp006;CONTRACT;ACTIVE;m.kadatska@ukma.edu.ua;+380501234735;2005-05-07;20
st20240197;Kateryna;Kaplonova;Borysivna;2;2024-09-01;2;f002;sp006;CONTRACT;ACTIVE;k.kaplonova@ukma.edu.ua;+380501234708;2005-05-25;20
st20240198;Mariia;Kapshuk;Oleksandrivna;2;2024-09-01;2;f002;sp006;CONTRACT;ACTIVE;m.kapshuk@ukma.edu.ua;+380501234750;2006-09-13;19
st20240199;Yevheniia;Katsii;Andriivna;2;2024-09-01;2;f002;sp006;CONTRACT;ACTIVE;y.katsii@ukma.edu.ua;+380501234731;2006-11-19;19
st20240200;Oleksandra;Khavrych;Petrivna;2;2024-09-01;2;f002;sp006;CONTRACT;ACTIVE;o.khavrych@ukma.edu.ua;+380501234706;2005-12-18;20
st20240201;Anastasiia;Khlan;Oleksandrivna;2;2024-09-01;2;f002;sp006;CONTRACT;ACTIVE;a.khlan@ukma.edu.ua;+380501234712;2005-05-12;20
st20240202;Diana;Korenchuk;Bohdanivna;2;2024-09-01;2;f002;sp006;CONTRACT;ACTIVE;d.korenchuk@ukma.edu.ua;+380501234746;2005-04-16;21
st20240203;Veronika;Korzhuk;Volodymyrivna;2;2024-09-01;2;f002;sp006;CONTRACT;ACTIVE;v.korzhuk@ukma.edu.ua;+380501234711;2005-06-26;20
st20240204;Karyna;Koshchei;Oleksandrivna;2;2024-09-01;2;f002;sp006;CONTRACT;ACTIVE;k.koshchei@ukma.edu.ua;+380501234726;2006-03-20;20
st20240205;Anastasiia;Kotova;Andriivna;2;2024-09-01;2;f002;sp006;BUDGET;ACTIVE;a.kotova@ukma.edu.ua;+380501234700;2005-11-15;20
st20240206;Sofiia;Kovalenko;Pavlivna;2;2024-09-01;2;f002;sp006;BUDGET;ACTIVE;s.kovalenko@ukma.edu.ua;+380501234691;2006-03-08;20
st20240207;Sofiia;Kovryha;Tarasivna;2;2024-09-01;3;f002;sp006;BUDGET;ACTIVE;s.kovryha@ukma.edu.ua;+380501234695;2006-03-16;20
st20240208;Anastasiia;Kozlitina;Andriivna;2;2024-09-01;3;f002;sp006;CONTRACT;ACTIVE;a.kozlitina@ukma.edu.ua;+380501234736;2005-04-15;21
st20240209;Mylana;Kravets;Antonivna;2;2024-09-01;3;f002;sp006;CONTRACT;ACTIVE;m.kravets@ukma.edu.ua;+380501234709;2006-11-12;19
st20240210;Sofiia;Kushneruk;Oleksandrivna;2;2024-09-01;3;f002;sp006;CONTRACT;ACTIVE;s.kushneruk@ukma.edu.ua;+380501234717;2006-09-09;19
st20240211;Anhelina;Kushnir;Oleksiivna;2;2024-09-01;3;f002;sp006;CONTRACT;ACTIVE;a.kushnir@ukma.edu.ua;+380501234716;2005-07-02;20
st20240212;Sofiia;Lipukhina;Antonivna;2;2024-09-01;3;f002;sp006;CONTRACT;ACTIVE;s.lipukhina@ukma.edu.ua;+380501234738;2006-10-19;19
st20240213;Olesia;Lishenko;Dmytrivna;2;2024-09-01;3;f002;sp006;CONTRACT;ACTIVE;o.lishenko@ukma.edu.ua;+380501234740;2005-07-20;20
st20240214;Tetiana;Lonska;Serhiivna;2;2024-09-01;3;f002;sp006;CONTRACT;ACTIVE;t.lonska@ukma.edu.ua;+380501234707;2006-02-05;20
st20240215;Albina;Lutfullina;Vitaliivna;2;2024-09-01;3;f002;sp006;BUDGET;ACTIVE;a.lutfullina@ukma.edu.ua;+380501234692;2005-04-25;21
st20240216;Pavlo;Makarenko;Yuriiovych;2;2024-09-01;3;f002;sp006;CONTRACT;ACTIVE;p.makarenko@ukma.edu.ua;+380501234723;2005-04-28;21
st20240217;Viktoriia;Matusevych;Tarasivna;2;2024-09-01;3;f002;sp006;BUDGET;ACTIVE;v.matusevych@ukma.edu.ua;+380501234680;2005-08-13;20
st20240218;Kateryna;Mintianska;Yaroslavivna;2;2024-09-01;3;f002;sp006;BUDGET;ACTIVE;k.mintianska@ukma.edu.ua;+380501234694;2006-05-19;19
st20240219;Anastasiia;Morhun;Mykolaivna;2;2024-09-01;3;f002;sp006;BUDGET;ACTIVE;a.morhun@ukma.edu.ua;+380501234688;2005-12-06;20
st20240220;Svitlana;Mozalevska;Oleksandrivna;2;2024-09-01;3;f002;sp006;CONTRACT;ACTIVE;s.mozalevska@ukma.edu.ua;+380501234722;2006-09-01;19
st20240221;Kateryna;Nazaruk;Ruslanivna;2;2024-09-01;4;f002;sp006;BUDGET;ACTIVE;k.nazaruk@ukma.edu.ua;+380501234684;2006-09-22;19
st20240222;Uliana;Okhonko;Viktorivna;2;2024-09-01;4;f002;sp006;CONTRACT;ACTIVE;u.okhonko@ukma.edu.ua;+380501234754;2005-11-18;20
st20240223;Marharyta;Ostapenko;Denysivna;2;2024-09-01;4;f002;sp006;CONTRACT;ACTIVE;m.ostapenko@ukma.edu.ua;+380501234724;2005-01-16;21
st20240224;Olha;Pashchenko;Oleksiivna;2;2024-09-01;4;f002;sp006;BUDGET;ACTIVE;o.pashchenko@ukma.edu.ua;+380501234683;2006-05-20;19
st20240225;Anhelina;Patsek;Stepanivna;2;2024-09-01;4;f002;sp006;BUDGET;ACTIVE;a.patsek@ukma.edu.ua;+380501234693;2006-07-10;19
st20240226;Mariia;Pavliuk;Oleksandrivna;2;2024-09-01;4;f002;sp006;CONTRACT;ACTIVE;m.pavliuk@ukma.edu.ua;+380501234745;2006-08-16;19
st20240227;Denys;Pavlyk;Andriiovych;2;2024-09-01;4;f002;sp006;CONTRACT;ACTIVE;d.pavlyk@ukma.edu.ua;+380501234719;2005-06-05;20
st20240228;Izabella;Perchyts;Andriivna;2;2024-09-01;4;f002;sp006;CONTRACT;ACTIVE;i.perchyts@ukma.edu.ua;+380501234732;2006-11-12;19
st20240229;Sofiia;Pinchuk;Volodymyrivna;2;2024-09-01;4;f002;sp006;BUDGET;ACTIVE;s.pinchuk@ukma.edu.ua;+380501234687;2005-05-18;20
st20240230;Anastasiia;Pobihushcha;Romanivna;2;2024-09-01;4;f002;sp006;BUDGET;ACTIVE;a.pobihushcha@ukma.edu.ua;+380501234686;2005-05-09;20
st20240231;Sofiia;Porkhun;Viacheslavivna;2;2024-09-01;4;f002;sp006;CONTRACT;ACTIVE;s.porkhun@ukma.edu.ua;+380501234721;2005-12-18;20
st20240232;Sofiia;Pruzhenko;Oleksiivna;2;2024-09-01;4;f002;sp006;CONTRACT;ACTIVE;s.pruzhenko@ukma.edu.ua;+380501234747;2006-02-03;20
st20240233;Polina;Pylypenko;Serhiivna;2;2024-09-01;4;f002;sp006;CONTRACT;ACTIVE;p.pylypenko@ukma.edu.ua;+380501234742;2005-03-20;21
st20240234;Sofiia;Radchuk;Olehivna;2;2024-09-01;4;f002;sp006;CONTRACT;ACTIVE;s.radchuk@ukma.edu.ua;+380501234737;2005-06-05;20
st20240235;Iryna;Rudas;Volodymyrivna;2;2024-09-01;5;f002;sp006;CONTRACT;ACTIVE;i.rudas@ukma.edu.ua;+380501234727;2005-04-23;21
st20240236;Kseniia;Rudnieva;Kyrylivna;2;2024-09-01;5;f002;sp006;CONTRACT;ACTIVE;k.rudnieva@ukma.edu.ua;+380501234718;2006-03-21;20
st20240237;Vladyslav;Rudyk;Volodymyrovych;2;2024-09-01;5;f002;sp006;CONTRACT;ACTIVE;v.rudyk@ukma.edu.ua;+380501234757;2006-10-23;19
st20240238;Anastasiia;Rusina;Oleksiivna;2;2024-09-01;5;f002;sp006;CONTRACT;ACTIVE;a.rusina@ukma.edu.ua;+380501234741;2006-09-23;19
st20240239;Diana;Samus;Anatoliivna;2;2024-09-01;5;f002;sp006;CONTRACT;ACTIVE;d.samus@ukma.edu.ua;+380501234729;2006-06-16;19
st20240240;Liliia;Sarazhynska;Oleksandrivna;2;2024-09-01;5;f002;sp006;BUDGET;ACTIVE;l.sarazhynska@ukma.edu.ua;+380501234681;2005-06-09;20
st20240241;Daria;Sbitnieva;Serhiivna;2;2024-09-01;5;f002;sp006;CONTRACT;ACTIVE;d.sbitnieva@ukma.edu.ua;+380501234725;2005-07-09;20
st20240242;Mariia;Serhiienko;Denysivna;2;2024-09-01;5;f002;sp006;CONTRACT;ACTIVE;m.serhiienko@ukma.edu.ua;+380501234751;2006-06-06;19
st20240243;Solomiia;Serhiienko;Mykhailivna;2;2024-09-01;5;f002;sp006;CONTRACT;ACTIVE;s.serhiienko@ukma.edu.ua;+380501234752;2005-08-19;20
st20240244;Ivan;Slobodeniuk;Oleksandrovych;2;2024-09-01;5;f002;sp006;BUDGET;ACTIVE;i.slobodeniuk@ukma.edu.ua;+380501234698;2005-09-08;20
st20240245;Daria;Sokyrko;Hennadiivna;2;2024-09-01;5;f002;sp006;BUDGET;ACTIVE;d.sokyrko@ukma.edu.ua;+380501234696;2006-07-12;19
st20240246;Olena;Soldatova;Andriivna;2;2024-09-01;5;f002;sp006;BUDGET;ACTIVE;o.soldatova@ukma.edu.ua;+380501234699;2006-12-09;19
st20240247;Viktoriia;Subota;Vasylivna;2;2024-09-01;5;f002;sp006;BUDGET;ACTIVE;v.subota@ukma.edu.ua;+380501234682;2005-01-06;21
st20240248;Diana;Tarasiuk;Volodymyrivna;2;2024-09-01;5;f002;sp006;CONTRACT;ACTIVE;d.tarasiuk@ukma.edu.ua;+380501234702;2005-07-18;20
st20240249;Milana;Timokhova;Mykhailivna;2;2024-09-01;6;f002;sp006;CONTRACT;ACTIVE;m.timokhova@ukma.edu.ua;+380501234703;2006-06-27;19
st20240250;Mariana;Tiurdio;Tarasivna;2;2024-09-01;6;f002;sp006;CONTRACT;ACTIVE;m.tiurdio@ukma.edu.ua;+380501234739;2006-04-15;20
st20240251;Iryna;Tymofiienko;Serhiivna;2;2024-09-01;6;f002;sp006;CONTRACT;ACTIVE;i.tymofiienko@ukma.edu.ua;+380501234734;2006-09-23;19
st20240252;Olesia;Veryzhenko;Vitaliivna;2;2024-09-01;6;f002;sp006;CONTRACT;ACTIVE;o.veryzhenko@ukma.edu.ua;+380501234744;2005-09-24;20
st20240253;Mariia;Vodolazska;Oleksandrivna;2;2024-09-01;6;f002;sp006;CONTRACT;ACTIVE;m.vodolazska@ukma.edu.ua;+380501234753;2006-07-05;19
st20240254;Kateryna;Volkova;Andriivna;2;2024-09-01;6;f002;sp006;BUDGET;ACTIVE;k.volkova@ukma.edu.ua;+380501234685;2006-04-11;20
st20240255;Zlata;Yakovchenko;Oleksiivna;2;2024-09-01;6;f002;sp006;CONTRACT;ACTIVE;z.yakovchenko@ukma.edu.ua;+380501234710;2005-02-22;21
st20240256;Lada;Zadorozhenko;Ihorivna;2;2024-09-01;6;f002;sp006;CONTRACT;ACTIVE;l.zadorozhenko@ukma.edu.ua;+380501234715;2006-04-13;20
st20240257;Nazar;Zbarashchuk;Oleksandrovych;2;2024-09-01;6;f002;sp006;CONTRACT;ACTIVE;n.zbarashchuk@ukma.edu.ua;+380501234743;2006-07-02;19
st20240258;Yelyzaveta;Zlotnikova;Denysivna;2;2024-09-01;6;f002;sp006;CONTRACT;ACTIVE;y.zlotnikova@ukma.edu.ua;+380501234755;2006-05-22;19


st20240259;Kseniia;Babenko;Olehivna;2;2024-09-01;1;f002;sp007;BUDGET;ACTIVE;k.babenko1@ukma.edu.ua;+380501234768;2006-07-24;19
st20240260;Kyrylo;Boiko;Tarasovych;2;2024-09-01;1;f002;sp007;BUDGET;ACTIVE;k.boiko@ukma.edu.ua;+380501234779;2006-05-08;19
st20240261;Viktoriia;Boiko;Ivanivna;2;2024-09-01;1;f002;sp007;BUDGET;ACTIVE;v.boiko@ukma.edu.ua;+380501234790;2006-11-16;19
st20240262;Mariia;Bondar;Andriivna;2;2024-09-01;1;f002;sp007;BUDGET;ACTIVE;m.bondar@ukma.edu.ua;+380501234771;2006-01-22;20
st20240263;Ivan;Bondar;Kyrylovych;2;2024-09-01;1;f002;sp007;CONTRACT;ACTIVE;i.bondar@ukma.edu.ua;+380501234773;2006-06-28;19
st20240264;Daria;Bondar;Antonivna;2;2024-09-01;1;f002;sp007;CONTRACT;ACTIVE;d.bondar1@ukma.edu.ua;+380501234778;2006-12-21;19
st20240265;Tymur;Bondar;Yevhenovych;2;2024-09-01;1;f002;sp007;CONTRACT;ACTIVE;t.bondar@ukma.edu.ua;+380501234783;2005-02-01;21
st20240266;Nadiia;Bondar;Mykhailivna;2;2024-09-01;2;f002;sp007;BUDGET;ACTIVE;n.bondar@ukma.edu.ua;+380501234788;2006-03-05;20
st20240267;Yevhen;Bondarenko;Mykhailovych;2;2024-09-01;2;f002;sp007;CONTRACT;ACTIVE;y.bondarenko@ukma.edu.ua;+380501234764;2006-08-16;19
st20240268;Vitalii;Bondarenko;Valentynovych;2;2024-09-01;2;f002;sp007;CONTRACT;ACTIVE;v.bondarenko@ukma.edu.ua;+380501234787;2006-04-27;20
st20240269;Oleksandr;Dmytrenko;Rostyslavovych;2;2024-09-01;2;f002;sp007;BUDGET;ACTIVE;o.dmytrenko1@ukma.edu.ua;+380501234774;2006-05-27;19
st20240270;Polina;Hrytsenko;Maksymivna;2;2024-09-01;2;f002;sp007;CONTRACT;ACTIVE;p.hrytsenko@ukma.edu.ua;+380501234763;2006-07-17;19
st20240271;Volodymyr;Ivanenko;Oleksandrovych;2;2024-09-01;2;f002;sp007;CONTRACT;ACTIVE;v.ivanenko1@ukma.edu.ua;+380501234769;2006-10-08;19
st20240272;Yevhen;Karpenko;Yuriiovych;2;2024-09-01;2;f002;sp007;CONTRACT;ACTIVE;y.karpenko1@ukma.edu.ua;+380501234792;2005-06-08;20
st20240273;Olena;Karpenko;Andriivna;2;2024-09-01;3;f002;sp007;CONTRACT;ACTIVE;o.karpenko1@ukma.edu.ua;+380501234795;2006-03-18;20
st20240274;Uliana;Khomenko;Ivanivna;2;2024-09-01;3;f002;sp007;BUDGET;ACTIVE;u.khomenko@ukma.edu.ua;+380501234760;2005-12-11;20
st20240275;Vladyslav;Khomenko;Denysovych;2;2024-09-01;3;f002;sp007;CONTRACT;ACTIVE;v.khomenko@ukma.edu.ua;+380501234785;2006-04-02;20
st20240276;Zlata;Lysenko;Yuriivna;2;2024-09-01;3;f002;sp007;CONTRACT;ACTIVE;z.lysenko@ukma.edu.ua;+380501234781;2005-09-21;20
st20240277;Yevhen;Moroz;Vladyslavovych;2;2024-09-01;3;f002;sp007;BUDGET;ACTIVE;y.moroz@ukma.edu.ua;+380501234767;2005-01-13;21
st20240278;Viktoriia;Moroz;Arturivna;2;2024-09-01;3;f002;sp007;BUDGET;ACTIVE;v.moroz@ukma.edu.ua;+380501234784;2006-02-01;20
st20240279;Hlib;Panchenko;Ivanovych;2;2024-09-01;3;f002;sp007;CONTRACT;ACTIVE;h.panchenko1@ukma.edu.ua;+380501234770;2005-11-14;20
st20240280;Ihor;Petrenko;Rostyslavovych;2;2024-09-01;4;f002;sp007;CONTRACT;ACTIVE;i.petrenko@ukma.edu.ua;+380501234793;2005-02-28;21
st20240281;Mykhailo;Ponomarenko;Stepanovych;2;2024-09-01;4;f002;sp007;CONTRACT;ACTIVE;m.ponomarenko@ukma.edu.ua;+380501234782;2006-08-27;19
st20240282;Stepan;Ponomarenko;Vitaliiovych;2;2024-09-01;4;f002;sp007;BUDGET;ACTIVE;s.ponomarenko@ukma.edu.ua;+380501234791;2005-05-20;20
st20240283;Veronika;Radchenko;Romanivna;2;2024-09-01;4;f002;sp007;BUDGET;ACTIVE;v.radchenko@ukma.edu.ua;+380501234759;2006-11-12;19
st20240284;Kyrylo;Rudenko;Andriiovych;2;2024-09-01;4;f002;sp007;BUDGET;ACTIVE;k.rudenko@ukma.edu.ua;+380501234775;2005-02-18;21
st20240285;Polina;Rudenko;Yuriivna;2;2024-09-01;4;f002;sp007;BUDGET;ACTIVE;p.rudenko@ukma.edu.ua;+380501234794;2005-01-27;21
st20240286;Pavlo;Shevchenko;Antonovych;2;2024-09-01;4;f002;sp007;CONTRACT;ACTIVE;p.shevchenko@ukma.edu.ua;+380501234780;2005-08-20;20
st20240287;Ihor;Sydorenko;Dmytrovych;2;2024-09-01;5;f002;sp007;BUDGET;ACTIVE;i.sydorenko@ukma.edu.ua;+380501234762;2006-08-01;19
st20240288;Yurii;Sydorenko;Kyrylovych;2;2024-09-01;5;f002;sp007;BUDGET;ACTIVE;y.sydorenko1@ukma.edu.ua;+380501234777;2005-09-20;20
st20240289;Volodymyr;Sydorenko;Stepanovych;2;2024-09-01;5;f002;sp007;BUDGET;ACTIVE;v.sydorenko@ukma.edu.ua;+380501234786;2006-01-23;20
st20240290;Anastasiia;Taran;Olehivna;2;2024-09-01;5;f002;sp007;CONTRACT;ACTIVE;a.taran1@ukma.edu.ua;+380501234772;2005-01-16;21
st20240291;Denys;Tkachenko;Vladyslavovych;2;2024-09-01;5;f002;sp007;CONTRACT;ACTIVE;d.tkachenko@ukma.edu.ua;+380501234765;2006-10-15;19
st20240292;Artem;Tkachenko;Tymurovych;2;2024-09-01;5;f002;sp007;BUDGET;ACTIVE;a.tkachenko2@ukma.edu.ua;+380501234789;2006-03-07;20
st20240293;Rostyslav;Tkachuk;Vitaliiovych;2;2024-09-01;5;f002;sp007;BUDGET;ACTIVE;r.tkachuk@ukma.edu.ua;+380501234761;2006-05-11;19
st20240294;Sofiia;Tkachuk;Illivna;2;2024-09-01;6;f002;sp007;BUDGET;ACTIVE;s.tkachuk1@ukma.edu.ua;+380501234766;2006-09-19;19
st20240295;Liubov;Vlasenko;Volodymyrivna;2;2024-09-01;6;f002;sp007;BUDGET;ACTIVE;l.vlasenko@ukma.edu.ua;+380501234776;2005-05-06;20


st20240296;Anhelina;Bondar;Vitaliivna;2;2024-09-01;1;f002;sp008;BUDGET;ACTIVE;a.bondar@ukma.edu.ua;+380501234804;2006-05-02;19
st20240297;Solomiia;Bondar;Illivna;2;2024-09-01;1;f002;sp008;CONTRACT;ACTIVE;s.bondar@ukma.edu.ua;+380501234809;2006-10-11;19
st20240298;Artem;Bondar;Maksymovych;2;2024-09-01;1;f002;sp008;CONTRACT;ACTIVE;a.bondar1@ukma.edu.ua;+380501234811;2005-10-12;20
st20240299;Andrii;Bondarenko;Artemovych;2;2024-09-01;1;f002;sp008;CONTRACT;ACTIVE;a.bondarenko@ukma.edu.ua;+380501234820;2006-03-04;20
st20240300;Dmytro;Bondarenko;Serhiiovych;2;2024-09-01;1;f002;sp008;CONTRACT;ACTIVE;d.bondarenko@ukma.edu.ua;+380501234822;2006-03-18;20
st20240301;Oleh;Dmytrenko;Kyrylovych;2;2024-09-01;1;f002;sp008;BUDGET;ACTIVE;o.dmytrenko2@ukma.edu.ua;+380501234803;2005-06-27;20
st20240302;Solomiia;Havryliuk;Oleksandrivna;2;2024-09-01;2;f002;sp008;CONTRACT;ACTIVE;s.havryliuk@ukma.edu.ua;+380501234801;2005-06-20;20
st20240303;Yelyzaveta;Honcharenko;Vitaliivna;2;2024-09-01;2;f002;sp008;BUDGET;ACTIVE;y.honcharenko1@ukma.edu.ua;+380501234825;2006-02-22;20
st20240304;Mykhailo;Khomenko;Mykhailovych;2;2024-09-01;2;f002;sp008;CONTRACT;ACTIVE;m.khomenko@ukma.edu.ua;+380501234812;2006-03-05;20
st20240305;Anhelina;Khomenko;Yevhenivna;2;2024-09-01;2;f002;sp008;CONTRACT;ACTIVE;a.khomenko1@ukma.edu.ua;+380501234821;2005-12-17;20
st20240306;Oleh;Kovalenko;Valentynovych;2;2024-09-01;2;f002;sp008;CONTRACT;ACTIVE;o.kovalenko1@ukma.edu.ua;+380501234798;2006-10-18;19
st20240307;Tetiana;Kovalenko;Mykolaivna;2;2024-09-01;2;f002;sp008;CONTRACT;ACTIVE;t.kovalenko@ukma.edu.ua;+380501234815;2005-12-19;20
st20240308;Yelyzaveta;Kovalenko;Oleksandrivna;2;2024-09-01;3;f002;sp008;CONTRACT;ACTIVE;y.kovalenko@ukma.edu.ua;+380501234816;2005-05-28;20
st20240309;Nazar;Kravchenko;Tarasovych;2;2024-09-01;3;f002;sp008;CONTRACT;ACTIVE;n.kravchenko@ukma.edu.ua;+380501234796;2005-10-07;20
st20240310;Anastasiia;Kravchenko;Ivanivna;2;2024-09-01;3;f002;sp008;BUDGET;ACTIVE;a.kravchenko1@ukma.edu.ua;+380501234802;2006-03-05;20
st20240311;Volodymyr;Lysenko;Oleksandrovych;2;2024-09-01;3;f002;sp008;CONTRACT;ACTIVE;v.lysenko3@ukma.edu.ua;+380501234806;2006-12-14;19
st20240312;Ihor;Lysenko;Serhiiovych;2;2024-09-01;3;f002;sp008;CONTRACT;ACTIVE;i.lysenko@ukma.edu.ua;+380501234813;2006-04-04;20
st20240313;Liubov;Marchenko;Antonivna;2;2024-09-01;3;f002;sp008;CONTRACT;ACTIVE;l.marchenko@ukma.edu.ua;+380501234807;2006-03-20;20
st20240314;Volodymyr;Marchenko;Antonovych;2;2024-09-01;4;f002;sp008;BUDGET;ACTIVE;v.marchenko2@ukma.edu.ua;+380501234814;2005-11-06;20
st20240315;Bohdan;Melnyk;Vitaliiovych;2;2024-09-01;4;f002;sp008;BUDGET;ACTIVE;b.melnyk@ukma.edu.ua;+380501234797;2006-01-06;20
st20240316;Polina;Melnyk;Antonivna;2;2024-09-01;4;f002;sp008;BUDGET;ACTIVE;p.melnyk@ukma.edu.ua;+380501234799;2005-03-09;21
st20240317;Zlata;Oliinyk;Stepanivna;2;2024-09-01;4;f002;sp008;CONTRACT;ACTIVE;z.oliinyk@ukma.edu.ua;+380501234827;2005-05-19;20
st20240318;Ivan;Petrenko;Antonovych;2;2024-09-01;4;f002;sp008;CONTRACT;ACTIVE;i.petrenko1@ukma.edu.ua;+380501234800;2006-08-26;19
st20240319;Halyna;Radchenko;Tymurivna;2;2024-09-01;4;f002;sp008;BUDGET;ACTIVE;h.radchenko@ukma.edu.ua;+380501234819;2005-11-25;20
st20240320;Olena;Savchenko;Romanivna;2;2024-09-01;5;f002;sp008;CONTRACT;ACTIVE;o.savchenko@ukma.edu.ua;+380501234810;2006-07-09;19
st20240321;Alina;Savchenko;Mykhailivna;2;2024-09-01;5;f002;sp008;BUDGET;ACTIVE;a.savchenko2@ukma.edu.ua;+380501234818;2006-04-21;20
st20240322;Veronika;Shevchenko;Antonivna;2;2024-09-01;5;f002;sp008;CONTRACT;ACTIVE;v.shevchenko1@ukma.edu.ua;+380501234805;2005-12-15;20
st20240323;Pavlo;Shevchenko;Volodymyrovych;2;2024-09-01;5;f002;sp008;BUDGET;ACTIVE;p.shevchenko1@ukma.edu.ua;+380501234808;2005-12-01;20
st20240324;Taras;Shevchenko;Valentynovych;2;2024-09-01;5;f002;sp008;BUDGET;ACTIVE;t.shevchenko1@ukma.edu.ua;+380501234826;2005-06-05;20
st20240325;Volodymyr;Sydorenko;Tarasovych;2;2024-09-01;5;f002;sp008;BUDGET;ACTIVE;v.sydorenko1@ukma.edu.ua;+380501234824;2006-03-23;20
st20240326;Solomiia;Taran;Mykolaivna;2;2024-09-01;6;f002;sp008;CONTRACT;ACTIVE;s.taran@ukma.edu.ua;+380501234823;2006-09-15;19
st20240327;Svitlana;Tkachuk;Kyrylivna;2;2024-09-01;6;f002;sp008;CONTRACT;ACTIVE;s.tkachuk2@ukma.edu.ua;+380501234817;2006-02-26;20


st20240328;Pavlo;Babenko;Romanovych;2;2024-09-01;1;f002;sp009;CONTRACT;ACTIVE;p.babenko@ukma.edu.ua;+380501234838;2006-07-07;19
st20240329;Svitlana;Bondar;Romanivna;2;2024-09-01;1;f002;sp009;BUDGET;ACTIVE;s.bondar1@ukma.edu.ua;+380501234854;2006-12-07;19
st20240330;Vasyl;Bondarenko;Artemovych;2;2024-09-01;1;f002;sp009;CONTRACT;ACTIVE;v.bondarenko1@ukma.edu.ua;+380501234834;2006-05-08;19
st20240331;Tymur;Bondarenko;Denysovych;2;2024-09-01;1;f002;sp009;CONTRACT;ACTIVE;t.bondarenko@ukma.edu.ua;+380501234835;2005-05-18;20
st20240332;Oksana;Dmytrenko;Andriivna;2;2024-09-01;1;f002;sp009;CONTRACT;ACTIVE;o.dmytrenko3@ukma.edu.ua;+380501234839;2005-06-03;20
st20240333;Artem;Dmytrenko;Mykhailovych;2;2024-09-01;1;f002;sp009;CONTRACT;ACTIVE;a.dmytrenko2@ukma.edu.ua;+380501234847;2005-02-24;21
st20240334;Anna;Dmytrenko;Tarasivna;2;2024-09-01;2;f002;sp009;BUDGET;ACTIVE;a.dmytrenko3@ukma.edu.ua;+380501234849;2005-01-02;21
st20240335;Valentyn;Ivanenko;Illich;2;2024-09-01;2;f002;sp009;BUDGET;ACTIVE;v.ivanenko2@ukma.edu.ua;+380501234841;2005-05-05;20
st20240336;Denys;Kravchenko;Arturovych;2;2024-09-01;2;f002;sp009;BUDGET;ACTIVE;d.kravchenko@ukma.edu.ua;+380501234831;2005-02-11;21
st20240337;Nadiia;Kravchenko;Yevhenivna;2;2024-09-01;2;f002;sp009;BUDGET;ACTIVE;n.kravchenko1@ukma.edu.ua;+380501234845;2006-07-11;19
st20240338;Kyrylo;Kravchenko;Bohdanovych;2;2024-09-01;2;f002;sp009;CONTRACT;ACTIVE;k.kravchenko@ukma.edu.ua;+380501234857;2006-05-24;19
st20240339;Liubov;Lysenko;Vladyslavivna;2;2024-09-01;2;f002;sp009;CONTRACT;ACTIVE;l.lysenko@ukma.edu.ua;+380501234840;2006-02-04;20
st20240340;Zlata;Melnyk;Andriivna;2;2024-09-01;3;f002;sp009;CONTRACT;ACTIVE;z.melnyk@ukma.edu.ua;+380501234852;2005-10-27;20
st20240341;Pavlo;Moroz;Stepanovych;2;2024-09-01;3;f002;sp009;BUDGET;ACTIVE;p.moroz@ukma.edu.ua;+380501234833;2006-01-14;20
st20240342;Ihor;Moroz;Andriiovych;2;2024-09-01;3;f002;sp009;CONTRACT;ACTIVE;i.moroz@ukma.edu.ua;+380501234844;2005-06-24;20
st20240343;Tymur;Oliinyk;Hlibovych;2;2024-09-01;3;f002;sp009;BUDGET;ACTIVE;t.oliinyk1@ukma.edu.ua;+380501234855;2006-10-19;19
st20240344;Valentyn;Panchenko;Dmytrovych;2;2024-09-01;3;f002;sp009;CONTRACT;ACTIVE;v.panchenko@ukma.edu.ua;+380501234829;2006-07-25;19
st20240345;Vasyl;Panchenko;Stepanovych;2;2024-09-01;3;f002;sp009;CONTRACT;ACTIVE;v.panchenko1@ukma.edu.ua;+380501234837;2006-01-20;20
st20240346;Anna;Petrenko;Olehivna;2;2024-09-01;4;f002;sp009;CONTRACT;ACTIVE;a.petrenko@ukma.edu.ua;+380501234830;2005-06-19;20
st20240347;Pavlo;Petrenko;Denysovych;2;2024-09-01;4;f002;sp009;CONTRACT;ACTIVE;p.petrenko@ukma.edu.ua;+380501234832;2005-03-22;21
st20240348;Anastasiia;Petrenko;Mykolaivna;2;2024-09-01;4;f002;sp009;BUDGET;ACTIVE;a.petrenko1@ukma.edu.ua;+380501234858;2006-11-05;19
st20240349;Olena;Polishchuk;Yevhenivna;2;2024-09-01;4;f002;sp009;CONTRACT;ACTIVE;o.polishchuk@ukma.edu.ua;+380501234853;2006-08-09;19
st20240350;Valeriia;Rudenko;Ivanivna;2;2024-09-01;4;f002;sp009;BUDGET;ACTIVE;v.rudenko1@ukma.edu.ua;+380501234842;2006-02-11;20
st20240351;Artur;Rudenko;Oleksandrovych;2;2024-09-01;4;f002;sp009;CONTRACT;ACTIVE;a.rudenko@ukma.edu.ua;+380501234856;2005-02-13;21
st20240352;Yelyzaveta;Savchenko;Rostyslavivna;2;2024-09-01;5;f002;sp009;CONTRACT;ACTIVE;y.savchenko@ukma.edu.ua;+380501234836;2005-07-03;20
st20240353;Tymur;Savchenko;Hlibovych;2;2024-09-01;5;f002;sp009;BUDGET;ACTIVE;t.savchenko@ukma.edu.ua;+380501234848;2006-06-28;19
st20240354;Anastasiia;Shevchuk;Valentynivna;2;2024-09-01;5;f002;sp009;CONTRACT;ACTIVE;a.shevchuk1@ukma.edu.ua;+380501234851;2005-08-16;20
st20240355;Vasyl;Sydorenko;Yevhenovych;2;2024-09-01;5;f002;sp009;CONTRACT;ACTIVE;v.sydorenko2@ukma.edu.ua;+380501234828;2005-03-20;21
st20240356;Tetiana;Taran;Tarasivna;2;2024-09-01;5;f002;sp009;CONTRACT;ACTIVE;t.taran@ukma.edu.ua;+380501234843;2006-10-02;19
st20240357;Alina;Vlasenko;Vladyslavivna;2;2024-09-01;5;f002;sp009;BUDGET;ACTIVE;a.vlasenko2@ukma.edu.ua;+380501234846;2006-11-04;19
st20240358;Anhelina;Vlasenko;Romanivna;2;2024-09-01;6;f002;sp009;BUDGET;ACTIVE;a.vlasenko3@ukma.edu.ua;+380501234850;2005-07-03;20






st20240359;Mykhailo;Babenko;Mykhailovych;2;2024-09-01;1;f003;sp010;CONTRACT;ACTIVE;m.babenko@ukma.edu.ua;+380501234867;2005-05-09;20
st20240360;Tymur;Boiko;Arturovych;2;2024-09-01;1;f003;sp010;CONTRACT;ACTIVE;t.boiko@ukma.edu.ua;+380501234869;2005-09-28;20
st20240361;Olena;Bondarenko;Vitaliivna;2;2024-09-01;1;f003;sp010;BUDGET;ACTIVE;o.bondarenko@ukma.edu.ua;+380501234898;2005-06-02;20
st20240362;Alina;Dmytrenko;Vitaliivna;2;2024-09-01;1;f003;sp010;BUDGET;ACTIVE;a.dmytrenko4@ukma.edu.ua;+380501234887;2006-07-02;19
st20240363;Mariia;Havryliuk;Bohdanivna;2;2024-09-01;1;f003;sp010;CONTRACT;ACTIVE;m.havryliuk2@ukma.edu.ua;+380501234865;2006-12-05;19
st20240364;Polina;Havryliuk;Serhiivna;2;2024-09-01;1;f003;sp010;BUDGET;ACTIVE;p.havryliuk@ukma.edu.ua;+380501234888;2006-03-04;20
st20240365;Vira;Hrytsenko;Ivanivna;2;2024-09-01;1;f003;sp010;BUDGET;ACTIVE;v.hrytsenko@ukma.edu.ua;+380501234866;2006-12-01;19
st20240366;Alisa;Hrytsenko;Valentynivna;2;2024-09-01;1;f003;sp010;CONTRACT;ACTIVE;a.hrytsenko@ukma.edu.ua;+380501234886;2005-07-11;20
st20240367;Diana;Hrytsenko;Valentynivna;2;2024-09-01;2;f003;sp010;CONTRACT;ACTIVE;d.hrytsenko@ukma.edu.ua;+380501234889;2006-02-04;20
st20240368;Iryna;Ivanenko;Bohdanivna;2;2024-09-01;2;f003;sp010;CONTRACT;ACTIVE;i.ivanenko1@ukma.edu.ua;+380501234878;2005-06-18;20
st20240369;Anton;Karpenko;Serhiiovych;2;2024-09-01;2;f003;sp010;BUDGET;ACTIVE;a.karpenko@ukma.edu.ua;+380501234873;2006-02-03;20
st20240370;Svitlana;Khomenko;Vitaliivna;2;2024-09-01;2;f003;sp010;CONTRACT;ACTIVE;s.khomenko@ukma.edu.ua;+380501234876;2006-08-17;19
st20240371;Veronika;Khomenko;Hlibivna;2;2024-09-01;2;f003;sp010;BUDGET;ACTIVE;v.khomenko1@ukma.edu.ua;+380501234885;2005-04-24;21
st20240372;Iryna;Koval;Volodymyrivna;2;2024-09-01;2;f003;sp010;CONTRACT;ACTIVE;i.koval@ukma.edu.ua;+380501234880;2005-03-08;21
st20240373;Ihor;Koval;Artemovych;2;2024-09-01;2;f003;sp010;CONTRACT;ACTIVE;i.koval1@ukma.edu.ua;+380501234890;2006-08-01;19
st20240374;Khrystyna;Kravchenko;Hlibivna;2;2024-09-01;2;f003;sp010;BUDGET;ACTIVE;k.kravchenko1@ukma.edu.ua;+380501234870;2005-06-10;20
st20240375;Serhii;Lysenko;Illich;2;2024-09-01;3;f003;sp010;BUDGET;ACTIVE;s.lysenko@ukma.edu.ua;+380501234859;2006-04-20;20
st20240376;Yelyzaveta;Lysenko;Oleksandrivna;2;2024-09-01;3;f003;sp010;BUDGET;ACTIVE;y.lysenko@ukma.edu.ua;+380501234874;2006-05-07;19
st20240377;Yelyzaveta;Lysenko;Mykhailivna;2;2024-09-01;3;f003;sp010;BUDGET;ACTIVE;y.lysenko1@ukma.edu.ua;+380501234900;2006-01-08;20
st20240378;Liubov;Marchenko;Serhiivna;2;2024-09-01;3;f003;sp010;CONTRACT;ACTIVE;l.marchenko1@ukma.edu.ua;+380501234868;2005-01-22;21
st20240379;Nazar;Marchenko;Oleksandrovych;2;2024-09-01;3;f003;sp010;BUDGET;ACTIVE;n.marchenko@ukma.edu.ua;+380501234879;2005-06-26;20
st20240380;Vladyslav;Marchenko;Volodymyrovych;2;2024-09-01;3;f003;sp010;CONTRACT;ACTIVE;v.marchenko3@ukma.edu.ua;+380501234883;2005-09-11;20
st20240381;Kyrylo;Marchenko;Tymurovych;2;2024-09-01;3;f003;sp010;BUDGET;ACTIVE;k.marchenko1@ukma.edu.ua;+380501234897;2006-05-09;19
st20240382;Khrystyna;Moroz;Andriivna;2;2024-09-01;3;f003;sp010;CONTRACT;ACTIVE;k.moroz@ukma.edu.ua;+380501234861;2006-12-23;19
st20240383;Daria;Moroz;Vitaliivna;2;2024-09-01;4;f003;sp010;CONTRACT;ACTIVE;d.moroz@ukma.edu.ua;+380501234893;2005-05-04;20
st20240384;Ivan;Panchenko;Rostyslavovych;2;2024-09-01;4;f003;sp010;BUDGET;ACTIVE;i.panchenko@ukma.edu.ua;+380501234881;2005-05-21;20
st20240385;Ivan;Petrenko;Vitaliiovych;2;2024-09-01;4;f003;sp010;CONTRACT;ACTIVE;i.petrenko2@ukma.edu.ua;+380501234892;2006-12-28;19
st20240386;Tetiana;Petrenko;Vitaliivna;2;2024-09-01;4;f003;sp010;CONTRACT;ACTIVE;t.petrenko@ukma.edu.ua;+380501234895;2006-06-23;19
st20240387;Illia;Polishchuk;Rostyslavovych;2;2024-09-01;4;f003;sp010;CONTRACT;ACTIVE;i.polishchuk@ukma.edu.ua;+380501234872;2006-05-02;19
st20240388;Vira;Polishchuk;Tymurivna;2;2024-09-01;4;f003;sp010;CONTRACT;ACTIVE;v.polishchuk@ukma.edu.ua;+380501234891;2006-07-23;19
st20240389;Mykhailo;Radchenko;Yevhenovych;2;2024-09-01;4;f003;sp010;CONTRACT;ACTIVE;m.radchenko@ukma.edu.ua;+380501234860;2006-07-07;19
st20240390;Anastasiia;Savchenko;Volodymyrivna;2;2024-09-01;4;f003;sp010;BUDGET;ACTIVE;a.savchenko3@ukma.edu.ua;+380501234894;2006-02-21;20
st20240391;Alina;Shevchenko;Ivanivna;2;2024-09-01;5;f003;sp010;CONTRACT;ACTIVE;a.shevchenko@ukma.edu.ua;+380501234875;2006-12-15;19
st20240392;Alina;Shevchenko;Vladyslavivna;2;2024-09-01;5;f003;sp010;CONTRACT;ACTIVE;a.shevchenko1@ukma.edu.ua;+380501234882;2006-12-22;19
st20240393;Yana;Shevchuk;Bohdanivna;2;2024-09-01;5;f003;sp010;CONTRACT;ACTIVE;y.shevchuk1@ukma.edu.ua;+380501234871;2006-02-23;20
st20240394;Artem;Sydorenko;Serhiiovych;2;2024-09-01;5;f003;sp010;BUDGET;ACTIVE;a.sydorenko@ukma.edu.ua;+380501234864;2005-12-01;20
st20240395;Taras;Taran;Ivanovych;2;2024-09-01;5;f003;sp010;CONTRACT;ACTIVE;t.taran1@ukma.edu.ua;+380501234862;2005-08-19;20
st20240396;Anastasiia;Taran;Kyrylivna;2;2024-09-01;5;f003;sp010;CONTRACT;ACTIVE;a.taran2@ukma.edu.ua;+380501234896;2005-01-08;21
st20240397;Kseniia;Tkachenko;Oleksandrivna;2;2024-09-01;5;f003;sp010;CONTRACT;ACTIVE;k.tkachenko@ukma.edu.ua;+380501234863;2005-12-17;20
st20240398;Sofiia;Tkachenko;Yuriivna;2;2024-09-01;5;f003;sp010;CONTRACT;ACTIVE;s.tkachenko@ukma.edu.ua;+380501234884;2006-10-26;19
st20240399;Polina;Tkachuk;Bohdanivna;2;2024-09-01;6;f003;sp010;CONTRACT;ACTIVE;p.tkachuk@ukma.edu.ua;+380501234901;2005-01-01;21
st20240400;Viktoriia;Vlasenko;Yuriivna;2;2024-09-01;6;f003;sp010;BUDGET;ACTIVE;v.vlasenko1@ukma.edu.ua;+380501234877;2005-11-14;20
st20240401;Zlata;Vlasenko;Denysivna;2;2024-09-01;6;f003;sp010;CONTRACT;ACTIVE;z.vlasenko@ukma.edu.ua;+380501234899;2006-07-25;19


st20240402;Yurii;Babenko;Oleksandrovych;2;2024-09-01;1;f003;sp011;BUDGET;ACTIVE;y.babenko@ukma.edu.ua;+380501234915;2005-08-04;20
st20240403;Kateryna;Boiko;Olehivna;2;2024-09-01;1;f003;sp011;BUDGET;ACTIVE;k.boiko1@ukma.edu.ua;+380501234904;2006-06-16;19
st20240404;Daria;Boiko;Mykolaivna;2;2024-09-01;1;f003;sp011;CONTRACT;ACTIVE;d.boiko@ukma.edu.ua;+380501234923;2005-01-28;21
st20240405;Stepan;Boiko;Olehovych;2;2024-09-01;1;f003;sp011;BUDGET;ACTIVE;s.boiko1@ukma.edu.ua;+380501234930;2005-05-03;20
st20240406;Vladyslav;Bondarenko;Arturovych;2;2024-09-01;1;f003;sp011;CONTRACT;ACTIVE;v.bondarenko2@ukma.edu.ua;+380501234905;2005-10-15;20
st20240407;Andrii;Dmytrenko;Volodymyrovych;2;2024-09-01;1;f003;sp011;BUDGET;ACTIVE;a.dmytrenko5@ukma.edu.ua;+380501234937;2005-04-15;21
st20240408;Bohdan;Havryliuk;Vladyslavovych;2;2024-09-01;1;f003;sp011;BUDGET;ACTIVE;b.havryliuk1@ukma.edu.ua;+380501234927;2006-11-26;19
st20240409;Svitlana;Honcharenko;Maksymivna;2;2024-09-01;2;f003;sp011;BUDGET;ACTIVE;s.honcharenko@ukma.edu.ua;+380501234912;2005-09-26;20
st20240410;Tymur;Hrytsenko;Serhiiovych;2;2024-09-01;2;f003;sp011;CONTRACT;ACTIVE;t.hrytsenko@ukma.edu.ua;+380501234903;2006-02-20;20
st20240411;Bohdan;Hrytsenko;Volodymyrovych;2;2024-09-01;2;f003;sp011;CONTRACT;ACTIVE;b.hrytsenko@ukma.edu.ua;+380501234909;2005-08-16;20
st20240412;Sofiia;Hrytsenko;Tymurivna;2;2024-09-01;2;f003;sp011;CONTRACT;ACTIVE;s.hrytsenko2@ukma.edu.ua;+380501234917;2005-11-20;20
st20240413;Alisa;Karpenko;Arturivna;2;2024-09-01;2;f003;sp011;BUDGET;ACTIVE;a.karpenko1@ukma.edu.ua;+380501234928;2005-06-06;20
st20240414;Rostyslav;Koval;Vladyslavovych;2;2024-09-01;2;f003;sp011;CONTRACT;ACTIVE;r.koval@ukma.edu.ua;+380501234920;2005-05-19;20
st20240415;Pavlo;Kovalenko;Mykhailovych;2;2024-09-01;2;f003;sp011;BUDGET;ACTIVE;p.kovalenko@ukma.edu.ua;+380501234916;2005-05-28;20
st20240416;Oksana;Kravchenko;Tarasivna;2;2024-09-01;3;f003;sp011;BUDGET;ACTIVE;o.kravchenko@ukma.edu.ua;+380501234933;2006-05-19;19
st20240417;Taras;Lysenko;Andriiovych;2;2024-09-01;3;f003;sp011;CONTRACT;ACTIVE;t.lysenko@ukma.edu.ua;+380501234908;2005-12-26;20
st20240418;Yurii;Lysenko;Illich;2;2024-09-01;3;f003;sp011;CONTRACT;ACTIVE;y.lysenko2@ukma.edu.ua;+380501234936;2005-04-24;21
st20240419;Khrystyna;Marchenko;Dmytrivna;2;2024-09-01;3;f003;sp011;CONTRACT;ACTIVE;k.marchenko2@ukma.edu.ua;+380501234906;2005-12-09;20
st20240420;Anton;Melnyk;Volodymyrovych;2;2024-09-01;3;f003;sp011;CONTRACT;ACTIVE;a.melnyk1@ukma.edu.ua;+380501234910;2006-05-02;19
st20240421;Illia;Melnyk;Kyrylovych;2;2024-09-01;3;f003;sp011;BUDGET;ACTIVE;i.melnyk1@ukma.edu.ua;+380501234918;2005-11-14;20
st20240422;Taras;Melnyk;Romanovych;2;2024-09-01;3;f003;sp011;CONTRACT;ACTIVE;t.melnyk1@ukma.edu.ua;+380501234938;2006-12-04;19
st20240423;Solomiia;Panchenko;Illivna;2;2024-09-01;4;f003;sp011;BUDGET;ACTIVE;s.panchenko@ukma.edu.ua;+380501234913;2005-05-09;20
st20240424;Kateryna;Panchenko;Stepanivna;2;2024-09-01;4;f003;sp011;CONTRACT;ACTIVE;k.panchenko1@ukma.edu.ua;+380501234914;2005-03-14;21
st20240425;Artur;Polishchuk;Vitaliiovych;2;2024-09-01;4;f003;sp011;CONTRACT;ACTIVE;a.polishchuk@ukma.edu.ua;+380501234911;2006-09-13;19
st20240426;Solomiia;Ponomarenko;Artemivna;2;2024-09-01;4;f003;sp011;CONTRACT;ACTIVE;s.ponomarenko1@ukma.edu.ua;+380501234902;2005-09-04;20
st20240427;Yevhen;Radchenko;Vladyslavovych;2;2024-09-01;4;f003;sp011;BUDGET;ACTIVE;y.radchenko3@ukma.edu.ua;+380501234925;2006-07-22;19
st20240428;Mykola;Rudenko;Yevhenovych;2;2024-09-01;4;f003;sp011;CONTRACT;ACTIVE;m.rudenko1@ukma.edu.ua;+380501234907;2006-08-26;19
st20240429;Serhii;Rudenko;Bohdanovych;2;2024-09-01;4;f003;sp011;CONTRACT;ACTIVE;s.rudenko1@ukma.edu.ua;+380501234924;2006-04-28;20
st20240430;Alisa;Rudenko;Bohdanivna;2;2024-09-01;5;f003;sp011;BUDGET;ACTIVE;a.rudenko1@ukma.edu.ua;+380501234931;2005-08-04;20
st20240431;Halyna;Rudenko;Vitaliivna;2;2024-09-01;5;f003;sp011;BUDGET;ACTIVE;h.rudenko1@ukma.edu.ua;+380501234935;2006-06-14;19
st20240432;Volodymyr;Savchenko;Artemovych;2;2024-09-01;5;f003;sp011;BUDGET;ACTIVE;v.savchenko1@ukma.edu.ua;+380501234922;2005-04-25;21
st20240433;Artem;Savchenko;Vladyslavovych;2;2024-09-01;5;f003;sp011;BUDGET;ACTIVE;a.savchenko4@ukma.edu.ua;+380501234932;2005-08-15;20
st20240434;Valeriia;Shevchenko;Denysivna;2;2024-09-01;5;f003;sp011;CONTRACT;ACTIVE;v.shevchenko2@ukma.edu.ua;+380501234926;2005-06-17;20
st20240435;Diana;Shevchenko;Vitaliivna;2;2024-09-01;5;f003;sp011;CONTRACT;ACTIVE;d.shevchenko@ukma.edu.ua;+380501234929;2005-06-21;20
st20240436;Diana;Tkachuk;Illivna;2;2024-09-01;5;f003;sp011;CONTRACT;ACTIVE;d.tkachuk@ukma.edu.ua;+380501234921;2005-05-18;20
st20240437;Volodymyr;Vlasenko;Ivanovych;2;2024-09-01;6;f003;sp011;CONTRACT;ACTIVE;v.vlasenko2@ukma.edu.ua;+380501234919;2005-02-16;21
st20240438;Kseniia;Vlasenko;Denysivna;2;2024-09-01;6;f003;sp011;CONTRACT;ACTIVE;k.vlasenko@ukma.edu.ua;+380501234934;2005-10-10;20


st20240439;Anton;Boiko;Andriiovych;2;2024-09-01;1;f003;sp012;BUDGET;ACTIVE;a.boiko1@ukma.edu.ua;+380501234945;2006-08-08;19
st20240440;Uliana;Boiko;Oleksandrivna;2;2024-09-01;1;f003;sp012;CONTRACT;ACTIVE;u.boiko@ukma.edu.ua;+380501234959;2006-11-22;19
st20240441;Polina;Boiko;Mykhailivna;2;2024-09-01;1;f003;sp012;CONTRACT;ACTIVE;p.boiko@ukma.edu.ua;+380501234975;2005-08-08;20
st20240442;Valeriia;Dmytrenko;Denysivna;2;2024-09-01;1;f003;sp012;BUDGET;ACTIVE;v.dmytrenko@ukma.edu.ua;+380501234950;2005-09-27;20
st20240443;Yana;Dmytrenko;Stepanivna;2;2024-09-01;1;f003;sp012;CONTRACT;ACTIVE;y.dmytrenko@ukma.edu.ua;+380501234955;2006-05-19;19
st20240444;Viktor;Havryliuk;Antonovych;2;2024-09-01;1;f003;sp012;CONTRACT;ACTIVE;v.havryliuk@ukma.edu.ua;+380501234961;2006-02-19;20
st20240445;Mykhailo;Havryliuk;Maksymovych;2;2024-09-01;1;f003;sp012;BUDGET;ACTIVE;m.havryliuk3@ukma.edu.ua;+380501234968;2005-11-10;20
st20240446;Pavlo;Havryliuk;Antonovych;2;2024-09-01;2;f003;sp012;CONTRACT;ACTIVE;p.havryliuk1@ukma.edu.ua;+380501234977;2006-05-22;19
st20240447;Roman;Honcharenko;Mykhailovych;2;2024-09-01;2;f003;sp012;BUDGET;ACTIVE;r.honcharenko@ukma.edu.ua;+380501234979;2005-06-22;20
st20240448;Viktoriia;Hrytsenko;Arturivna;2;2024-09-01;2;f003;sp012;BUDGET;ACTIVE;v.hrytsenko1@ukma.edu.ua;+380501234943;2005-05-01;20
st20240449;Roman;Hrytsenko;Bohdanovych;2;2024-09-01;2;f003;sp012;BUDGET;ACTIVE;r.hrytsenko@ukma.edu.ua;+380501234946;2006-12-03;19
st20240450;Kyrylo;Karpenko;Vladyslavovych;2;2024-09-01;2;f003;sp012;CONTRACT;ACTIVE;k.karpenko1@ukma.edu.ua;+380501234971;2005-03-19;21
st20240451;Kateryna;Khomenko;Olehivna;2;2024-09-01;2;f003;sp012;CONTRACT;ACTIVE;k.khomenko@ukma.edu.ua;+380501234944;2006-09-10;19
st20240452;Illia;Kovalenko;Vitaliiovych;2;2024-09-01;2;f003;sp012;BUDGET;ACTIVE;i.kovalenko@ukma.edu.ua;+380501234940;2006-08-16;19
st20240453;Oleksandr;Kovalenko;Rostyslavovych;2;2024-09-01;3;f003;sp012;BUDGET;ACTIVE;o.kovalenko2@ukma.edu.ua;+380501234957;2006-05-24;19
st20240454;Nataliia;Lysenko;Tarasivna;2;2024-09-01;3;f003;sp012;CONTRACT;ACTIVE;n.lysenko@ukma.edu.ua;+380501234956;2005-10-08;20
st20240455;Ihor;Lysenko;Mykhailovych;2;2024-09-01;3;f003;sp012;CONTRACT;ACTIVE;i.lysenko1@ukma.edu.ua;+380501234963;2005-10-06;20
st20240456;Viktoriia;Lysenko;Romanivna;2;2024-09-01;3;f003;sp012;CONTRACT;ACTIVE;v.lysenko4@ukma.edu.ua;+380501234967;2005-06-20;20
st20240457;Yuliia;Marchenko;Bohdanivna;2;2024-09-01;3;f003;sp012;CONTRACT;ACTIVE;y.marchenko@ukma.edu.ua;+380501234958;2005-02-08;21
st20240458;Vira;Melnyk;Arturivna;2;2024-09-01;3;f003;sp012;CONTRACT;ACTIVE;v.melnyk2@ukma.edu.ua;+380501234969;2005-10-21;20
st20240459;Denys;Melnyk;Volodymyrovych;2;2024-09-01;3;f003;sp012;CONTRACT;ACTIVE;d.melnyk@ukma.edu.ua;+380501234970;2006-05-27;19
st20240460;Valeriia;Moroz;Rostyslavivna;2;2024-09-01;4;f003;sp012;BUDGET;ACTIVE;v.moroz1@ukma.edu.ua;+380501234962;2006-06-20;19
st20240461;Anton;Moroz;Tymurovych;2;2024-09-01;4;f003;sp012;CONTRACT;ACTIVE;a.moroz2@ukma.edu.ua;+380501234966;2006-02-22;20
st20240462;Mykola;Oliinyk;Kyrylovych;2;2024-09-01;4;f003;sp012;BUDGET;ACTIVE;m.oliinyk@ukma.edu.ua;+380501234941;2005-06-27;20
st20240463;Anastasiia;Oliinyk;Tarasivna;2;2024-09-01;4;f003;sp012;BUDGET;ACTIVE;a.oliinyk@ukma.edu.ua;+380501234947;2005-06-22;20
st20240464;Artem;Oliinyk;Serhiiovych;2;2024-09-01;4;f003;sp012;BUDGET;ACTIVE;a.oliinyk1@ukma.edu.ua;+380501234949;2006-09-02;19
st20240465;Yurii;Panchenko;Romanovych;2;2024-09-01;4;f003;sp012;CONTRACT;ACTIVE;y.panchenko@ukma.edu.ua;+380501234954;2006-09-10;19
st20240466;Kateryna;Petrenko;Denysivna;2;2024-09-01;4;f003;sp012;CONTRACT;ACTIVE;k.petrenko@ukma.edu.ua;+380501234939;2005-01-23;21
st20240467;Anastasiia;Polishchuk;Denysivna;2;2024-09-01;5;f003;sp012;BUDGET;ACTIVE;a.polishchuk1@ukma.edu.ua;+380501234964;2005-04-25;21
st20240468;Kateryna;Ponomarenko;Bohdanivna;2;2024-09-01;5;f003;sp012;CONTRACT;ACTIVE;k.ponomarenko@ukma.edu.ua;+380501234973;2005-03-01;21
st20240469;Valentyn;Radchenko;Illich;2;2024-09-01;5;f003;sp012;BUDGET;ACTIVE;v.radchenko1@ukma.edu.ua;+380501234974;2005-08-19;20
st20240470;Halyna;Rudenko;Maksymivna;2;2024-09-01;5;f003;sp012;CONTRACT;ACTIVE;h.rudenko2@ukma.edu.ua;+380501234953;2006-08-10;19
st20240471;Viktor;Rudenko;Oleksandrovych;2;2024-09-01;5;f003;sp012;BUDGET;ACTIVE;v.rudenko2@ukma.edu.ua;+380501234965;2005-01-19;21
st20240472;Artur;Shevchenko;Yevhenovych;2;2024-09-01;5;f003;sp012;BUDGET;ACTIVE;a.shevchenko2@ukma.edu.ua;+380501234948;2005-04-01;21
st20240473;Kseniia;Shevchuk;Hlibivna;2;2024-09-01;5;f003;sp012;CONTRACT;ACTIVE;k.shevchuk@ukma.edu.ua;+380501234951;2005-03-06;21
st20240474;Maksym;Shevchuk;Tarasovych;2;2024-09-01;6;f003;sp012;CONTRACT;ACTIVE;m.shevchuk1@ukma.edu.ua;+380501234976;2006-10-10;19
st20240475;Pavlo;Sydorenko;Denysovych;2;2024-09-01;6;f003;sp012;CONTRACT;ACTIVE;p.sydorenko@ukma.edu.ua;+380501234960;2005-10-12;20
st20240476;Serhii;Taran;Yevhenovych;2;2024-09-01;6;f003;sp012;CONTRACT;ACTIVE;s.taran1@ukma.edu.ua;+380501234952;2006-04-16;20
st20240477;Viktoriia;Tkachenko;Yevhenivna;2;2024-09-01;6;f003;sp012;CONTRACT;ACTIVE;v.tkachenko1@ukma.edu.ua;+380501234942;2005-10-09;20
st20240478;Tymur;Tkachenko;Antonovych;2;2024-09-01;6;f003;sp012;BUDGET;ACTIVE;t.tkachenko@ukma.edu.ua;+380501234972;2006-08-04;19
st20240479;Denys;Tkachenko;Mykolaiovych;2;2024-09-01;6;f003;sp012;BUDGET;ACTIVE;d.tkachenko1@ukma.edu.ua;+380501234978;2005-11-01;20


st20240480;Viktor;Boiko;Kyrylovych;2;2024-09-01;1;f003;sp013;CONTRACT;ACTIVE;v.boiko1@ukma.edu.ua;+380501234992;2005-05-28;20
st20240481;Vitalii;Boiko;Maksymovych;2;2024-09-01;1;f003;sp013;CONTRACT;ACTIVE;v.boiko2@ukma.edu.ua;+380501235016;2005-11-21;20
st20240482;Bozhena;Bondarenko;Volodymyrivna;2;2024-09-01;1;f003;sp013;BUDGET;ACTIVE;b.bondarenko@ukma.edu.ua;+380501234981;2005-09-03;20
st20240483;Iryna;Dmytrenko;Serhiivna;2;2024-09-01;1;f003;sp013;CONTRACT;ACTIVE;i.dmytrenko@ukma.edu.ua;+380501235004;2006-09-20;19
st20240484;Anna;Dmytrenko;Mykolaivna;2;2024-09-01;1;f003;sp013;CONTRACT;ACTIVE;a.dmytrenko6@ukma.edu.ua;+380501235018;2006-10-21;19
st20240485;Polina;Havryliuk;Valentynivna;2;2024-09-01;1;f003;sp013;CONTRACT;ACTIVE;p.havryliuk2@ukma.edu.ua;+380501235005;2005-01-17;21
st20240486;Ihor;Havryliuk;Bohdanovych;2;2024-09-01;1;f003;sp013;BUDGET;ACTIVE;i.havryliuk@ukma.edu.ua;+380501235012;2006-11-08;19
st20240487;Andrii;Havryliuk;Oleksandrovych;2;2024-09-01;2;f003;sp013;CONTRACT;ACTIVE;a.havryliuk1@ukma.edu.ua;+380501235014;2006-06-06;19
st20240488;Liubov;Honcharenko;Artemivna;2;2024-09-01;2;f003;sp013;CONTRACT;ACTIVE;l.honcharenko@ukma.edu.ua;+380501235008;2005-12-17;20
st20240489;Vitalii;Honcharenko;Vladyslavovych;2;2024-09-01;2;f003;sp013;CONTRACT;ACTIVE;v.honcharenko@ukma.edu.ua;+380501235010;2006-01-14;20
st20240490;Vira;Ivanenko;Dmytrivna;2;2024-09-01;2;f003;sp013;CONTRACT;ACTIVE;v.ivanenko3@ukma.edu.ua;+380501234985;2006-01-11;20
st20240491;Polina;Ivanenko;Artemivna;2;2024-09-01;2;f003;sp013;CONTRACT;ACTIVE;p.ivanenko@ukma.edu.ua;+380501234993;2006-10-17;19
st20240492;Diana;Ivanenko;Stepanivna;2;2024-09-01;2;f003;sp013;BUDGET;ACTIVE;d.ivanenko@ukma.edu.ua;+380501234996;2006-10-23;19
st20240493;Artem;Karpenko;Kyrylovych;2;2024-09-01;2;f003;sp013;CONTRACT;ACTIVE;a.karpenko2@ukma.edu.ua;+380501235013;2005-09-07;20
st20240494;Yevhen;Karpenko;Artemovych;2;2024-09-01;3;f003;sp013;CONTRACT;ACTIVE;y.karpenko2@ukma.edu.ua;+380501235017;2006-05-23;19
st20240495;Yevhen;Koval;Oleksandrovych;2;2024-09-01;3;f003;sp013;BUDGET;ACTIVE;y.koval1@ukma.edu.ua;+380501235000;2005-11-13;20
st20240496;Pavlo;Kravchenko;Bohdanovych;2;2024-09-01;3;f003;sp013;CONTRACT;ACTIVE;p.kravchenko@ukma.edu.ua;+380501234994;2006-11-07;19
st20240497;Anhelina;Kravchenko;Dmytrivna;2;2024-09-01;3;f003;sp013;CONTRACT;ACTIVE;a.kravchenko2@ukma.edu.ua;+380501234997;2006-07-06;19
st20240498;Tymur;Kravchenko;Valentynovych;2;2024-09-01;3;f003;sp013;CONTRACT;ACTIVE;t.kravchenko@ukma.edu.ua;+380501235015;2006-05-03;19
st20240499;Vladyslav;Marchenko;Rostyslavovych;2;2024-09-01;3;f003;sp013;BUDGET;ACTIVE;v.marchenko4@ukma.edu.ua;+380501235019;2006-06-16;19
st20240500;Yelyzaveta;Melnyk;Tymurivna;2;2024-09-01;3;f003;sp013;CONTRACT;ACTIVE;y.melnyk@ukma.edu.ua;+380501234986;2006-01-11;20
st20240501;Maksym;Melnyk;Artemovych;2;2024-09-01;4;f003;sp013;BUDGET;ACTIVE;m.melnyk1@ukma.edu.ua;+380501234995;2005-11-26;20
st20240502;Hlib;Petrenko;Yuriiovych;2;2024-09-01;4;f003;sp013;BUDGET;ACTIVE;h.petrenko@ukma.edu.ua;+380501235002;2005-11-19;20
st20240503;Rostyslav;Polishchuk;Denysovych;2;2024-09-01;4;f003;sp013;CONTRACT;ACTIVE;r.polishchuk@ukma.edu.ua;+380501234987;2005-03-09;21
st20240504;Yurii;Polishchuk;Oleksandrovych;2;2024-09-01;4;f003;sp013;CONTRACT;ACTIVE;y.polishchuk@ukma.edu.ua;+380501235011;2006-08-28;19
st20240505;Yelyzaveta;Ponomarenko;Tymurivna;2;2024-09-01;4;f003;sp013;BUDGET;ACTIVE;y.ponomarenko@ukma.edu.ua;+380501234983;2006-07-20;19
st20240506;Halyna;Ponomarenko;Rostyslavivna;2;2024-09-01;4;f003;sp013;CONTRACT;ACTIVE;h.ponomarenko@ukma.edu.ua;+380501234984;2005-12-11;20
st20240507;Bohdan;Ponomarenko;Bohdanovych;2;2024-09-01;4;f003;sp013;CONTRACT;ACTIVE;b.ponomarenko@ukma.edu.ua;+380501234988;2005-08-06;20
st20240508;Iryna;Radchenko;Ivanivna;2;2024-09-01;5;f003;sp013;BUDGET;ACTIVE;i.radchenko@ukma.edu.ua;+380501234991;2006-11-07;19
st20240509;Kateryna;Radchenko;Rostyslavivna;2;2024-09-01;5;f003;sp013;BUDGET;ACTIVE;k.radchenko@ukma.edu.ua;+380501235006;2006-11-07;19
st20240510;Hlib;Radchenko;Oleksandrovych;2;2024-09-01;5;f003;sp013;CONTRACT;ACTIVE;h.radchenko1@ukma.edu.ua;+380501235021;2005-07-17;20
st20240511;Uliana;Rudenko;Arturivna;2;2024-09-01;5;f003;sp013;BUDGET;ACTIVE;u.rudenko@ukma.edu.ua;+380501235003;2006-08-11;19
st20240512;Mariia;Sydorenko;Stepanivna;2;2024-09-01;5;f003;sp013;CONTRACT;ACTIVE;m.sydorenko@ukma.edu.ua;+380501234982;2005-02-07;21
st20240513;Oksana;Sydorenko;Mykolaivna;2;2024-09-01;5;f003;sp013;CONTRACT;ACTIVE;o.sydorenko1@ukma.edu.ua;+380501234999;2006-10-06;19
st20240514;Sofiia;Taran;Ivanivna;2;2024-09-01;5;f003;sp013;CONTRACT;ACTIVE;s.taran2@ukma.edu.ua;+380501234980;2005-01-01;21
st20240515;Mykola;Taran;Dmytrovych;2;2024-09-01;6;f003;sp013;CONTRACT;ACTIVE;m.taran@ukma.edu.ua;+380501234990;2006-11-15;19
st20240516;Alisa;Taran;Antonivna;2;2024-09-01;6;f003;sp013;BUDGET;ACTIVE;a.taran3@ukma.edu.ua;+380501235007;2005-02-21;21
st20240517;Rostyslav;Tkachuk;Mykhailovych;2;2024-09-01;6;f003;sp013;CONTRACT;ACTIVE;r.tkachuk1@ukma.edu.ua;+380501234989;2005-11-27;20
st20240518;Bohdan;Tkachuk;Olehovych;2;2024-09-01;6;f003;sp013;BUDGET;ACTIVE;b.tkachuk@ukma.edu.ua;+380501234998;2006-10-03;19
st20240519;Volodymyr;Vlasenko;Tarasovych;2;2024-09-01;6;f003;sp013;CONTRACT;ACTIVE;v.vlasenko3@ukma.edu.ua;+380501235001;2005-05-10;20
st20240520;Iryna;Vlasenko;Romanivna;2;2024-09-01;6;f003;sp013;CONTRACT;ACTIVE;i.vlasenko@ukma.edu.ua;+380501235009;2005-06-11;20
st20240521;Bohdan;Vlasenko;Serhiiovych;2;2024-09-01;6;f003;sp013;BUDGET;ACTIVE;b.vlasenko@ukma.edu.ua;+380501235020;2005-07-12;20






st20240522;Oleksandr;Boiko;Yevhenovych;2;2024-09-01;1;f004;sp014;BUDGET;ACTIVE;o.boiko@ukma.edu.ua;+380501235031;2006-11-11;19
st20240523;Viktoriia;Bondar;Kyrylivna;2;2024-09-01;1;f004;sp014;BUDGET;ACTIVE;v.bondar@ukma.edu.ua;+380501235026;2005-08-08;20
st20240524;Iryna;Bondar;Mykolaivna;2;2024-09-01;1;f004;sp014;BUDGET;ACTIVE;i.bondar1@ukma.edu.ua;+380501235033;2005-10-15;20
st20240525;Liubov;Bondar;Kyrylivna;2;2024-09-01;1;f004;sp014;BUDGET;ACTIVE;l.bondar@ukma.edu.ua;+380501235036;2006-07-21;19
st20240526;Veronika;Bondar;Hlibivna;2;2024-09-01;1;f004;sp014;CONTRACT;ACTIVE;v.bondar1@ukma.edu.ua;+380501235046;2006-03-10;20
st20240527;Veronika;Bondarenko;Yevhenivna;2;2024-09-01;1;f004;sp014;BUDGET;ACTIVE;v.bondarenko3@ukma.edu.ua;+380501235022;2006-09-18;19
st20240528;Rostyslav;Bondarenko;Serhiiovych;2;2024-09-01;1;f004;sp014;BUDGET;ACTIVE;r.bondarenko@ukma.edu.ua;+380501235045;2005-09-04;20
st20240529;Mykhailo;Dmytrenko;Valentynovych;2;2024-09-01;2;f004;sp014;BUDGET;ACTIVE;m.dmytrenko@ukma.edu.ua;+380501235028;2005-12-02;20
st20240530;Bozhena;Dmytrenko;Vladyslavivna;2;2024-09-01;2;f004;sp014;CONTRACT;ACTIVE;b.dmytrenko@ukma.edu.ua;+380501235029;2005-11-18;20
st20240531;Liubov;Dmytrenko;Romanivna;2;2024-09-01;2;f004;sp014;BUDGET;ACTIVE;l.dmytrenko@ukma.edu.ua;+380501235048;2005-02-08;21
st20240532;Mariia;Honcharenko;Tarasivna;2;2024-09-01;2;f004;sp014;BUDGET;ACTIVE;m.honcharenko1@ukma.edu.ua;+380501235059;2005-03-17;21
st20240533;Solomiia;Ivanenko;Mykolaivna;2;2024-09-01;2;f004;sp014;CONTRACT;ACTIVE;s.ivanenko@ukma.edu.ua;+380501235025;2006-11-05;19
st20240534;Artur;Ivanenko;Mykhailovych;2;2024-09-01;2;f004;sp014;BUDGET;ACTIVE;a.ivanenko1@ukma.edu.ua;+380501235060;2005-10-21;20
st20240535;Kseniia;Karpenko;Antonivna;2;2024-09-01;2;f004;sp014;CONTRACT;ACTIVE;k.karpenko2@ukma.edu.ua;+380501235047;2006-01-24;20
st20240536;Uliana;Kovalenko;Hlibivna;2;2024-09-01;3;f004;sp014;CONTRACT;ACTIVE;u.kovalenko1@ukma.edu.ua;+380501235057;2005-07-15;20
st20240537;Yana;Kravchenko;Vladyslavivna;2;2024-09-01;3;f004;sp014;CONTRACT;ACTIVE;y.kravchenko1@ukma.edu.ua;+380501235037;2006-08-13;19
st20240538;Maksym;Lysenko;Artemovych;2;2024-09-01;3;f004;sp014;BUDGET;ACTIVE;m.lysenko@ukma.edu.ua;+380501235058;2006-03-08;20
st20240539;Artur;Marchenko;Denysovych;2;2024-09-01;3;f004;sp014;CONTRACT;ACTIVE;a.marchenko1@ukma.edu.ua;+380501235041;2005-06-04;20
st20240540;Ihor;Melnyk;Bohdanovych;2;2024-09-01;3;f004;sp014;CONTRACT;ACTIVE;i.melnyk2@ukma.edu.ua;+380501235023;2006-06-21;19
st20240541;Kseniia;Melnyk;Andriivna;2;2024-09-01;3;f004;sp014;CONTRACT;ACTIVE;k.melnyk@ukma.edu.ua;+380501235050;2005-06-06;20
st20240542;Vladyslav;Melnyk;Antonovych;2;2024-09-01;3;f004;sp014;CONTRACT;ACTIVE;v.melnyk3@ukma.edu.ua;+380501235053;2005-10-13;20
st20240543;Veronika;Oliinyk;Denysivna;2;2024-09-01;4;f004;sp014;BUDGET;ACTIVE;v.oliinyk@ukma.edu.ua;+380501235034;2005-10-28;20
st20240544;Diana;Oliinyk;Valentynivna;2;2024-09-01;4;f004;sp014;BUDGET;ACTIVE;d.oliinyk@ukma.edu.ua;+380501235038;2006-05-03;19
st20240545;Valentyn;Panchenko;Maksymovych;2;2024-09-01;4;f004;sp014;CONTRACT;ACTIVE;v.panchenko2@ukma.edu.ua;+380501235032;2005-04-08;21
st20240546;Oksana;Panchenko;Vladyslavivna;2;2024-09-01;4;f004;sp014;BUDGET;ACTIVE;o.panchenko1@ukma.edu.ua;+380501235035;2006-07-04;19
st20240547;Vitalii;Panchenko;Stepanovych;2;2024-09-01;4;f004;sp014;CONTRACT;ACTIVE;v.panchenko3@ukma.edu.ua;+380501235055;2005-02-27;21
st20240548;Illia;Polishchuk;Illich;2;2024-09-01;4;f004;sp014;CONTRACT;ACTIVE;i.polishchuk1@ukma.edu.ua;+380501235030;2005-11-19;20
st20240549;Tymur;Polishchuk;Denysovych;2;2024-09-01;4;f004;sp014;CONTRACT;ACTIVE;t.polishchuk@ukma.edu.ua;+380501235043;2006-10-23;19
st20240550;Liubov;Polishchuk;Ivanivna;2;2024-09-01;5;f004;sp014;BUDGET;ACTIVE;l.polishchuk@ukma.edu.ua;+380501235052;2006-12-05;19
st20240551;Yelyzaveta;Ponomarenko;Olehivna;2;2024-09-01;5;f004;sp014;BUDGET;ACTIVE;y.ponomarenko1@ukma.edu.ua;+380501235042;2006-04-16;20
st20240552;Kateryna;Radchenko;Dmytrivna;2;2024-09-01;5;f004;sp014;BUDGET;ACTIVE;k.radchenko1@ukma.edu.ua;+380501235024;2005-05-24;20
st20240553;Ihor;Radchenko;Bohdanovych;2;2024-09-01;5;f004;sp014;CONTRACT;ACTIVE;i.radchenko1@ukma.edu.ua;+380501235054;2005-08-16;20
st20240554;Uliana;Rudenko;Tarasivna;2;2024-09-01;5;f004;sp014;BUDGET;ACTIVE;u.rudenko1@ukma.edu.ua;+380501235056;2005-04-21;21
st20240555;Alina;Shevchenko;Olehivna;2;2024-09-01;5;f004;sp014;BUDGET;ACTIVE;a.shevchenko3@ukma.edu.ua;+380501235027;2006-08-20;19
st20240556;Mykola;Shevchuk;Bohdanovych;2;2024-09-01;5;f004;sp014;CONTRACT;ACTIVE;m.shevchuk2@ukma.edu.ua;+380501235040;2005-07-14;20
st20240557;Nadiia;Sydorenko;Vitaliivna;2;2024-09-01;6;f004;sp014;CONTRACT;ACTIVE;n.sydorenko@ukma.edu.ua;+380501235039;2006-04-24;20
st20240558;Andrii;Sydorenko;Andriiovych;2;2024-09-01;6;f004;sp014;CONTRACT;ACTIVE;a.sydorenko1@ukma.edu.ua;+380501235044;2005-06-27;20
st20240559;Volodymyr;Tkachenko;Artemovych;2;2024-09-01;6;f004;sp014;CONTRACT;ACTIVE;v.tkachenko2@ukma.edu.ua;+380501235051;2005-05-04;20
st20240560;Valeriia;Vlasenko;Bohdanivna;2;2024-09-01;6;f004;sp014;BUDGET;ACTIVE;v.vlasenko4@ukma.edu.ua;+380501235049;2005-12-08;20


st20240561;Anna;Babenko;Tymurivna;2;2024-09-01;1;f004;sp015;CONTRACT;ACTIVE;a.babenko1@ukma.edu.ua;+380501235063;2006-06-09;19
st20240562;Polina;Boiko;Mykolaivna;2;2024-09-01;1;f004;sp015;BUDGET;ACTIVE;p.boiko1@ukma.edu.ua;+380501235074;2006-05-11;19
st20240563;Ihor;Boiko;Kyrylovych;2;2024-09-01;1;f004;sp015;BUDGET;ACTIVE;i.boiko@ukma.edu.ua;+380501235091;2005-08-10;20
st20240564;Polina;Bondar;Andriivna;2;2024-09-01;1;f004;sp015;CONTRACT;ACTIVE;p.bondar@ukma.edu.ua;+380501235073;2006-11-26;19
st20240565;Dmytro;Bondarenko;Valentynovych;2;2024-09-01;1;f004;sp015;BUDGET;ACTIVE;d.bondarenko1@ukma.edu.ua;+380501235071;2006-04-14;20
st20240566;Illia;Havryliuk;Oleksandrovych;2;2024-09-01;1;f004;sp015;CONTRACT;ACTIVE;i.havryliuk1@ukma.edu.ua;+380501235061;2005-10-04;20
st20240567;Viktor;Honcharenko;Romanovych;2;2024-09-01;2;f004;sp015;CONTRACT;ACTIVE;v.honcharenko1@ukma.edu.ua;+380501235080;2005-11-13;20
st20240568;Sofiia;Ivanenko;Tarasivna;2;2024-09-01;2;f004;sp015;BUDGET;ACTIVE;s.ivanenko1@ukma.edu.ua;+380501235076;2005-12-17;20
st20240569;Liubov;Karpenko;Rostyslavivna;2;2024-09-01;2;f004;sp015;CONTRACT;ACTIVE;l.karpenko@ukma.edu.ua;+380501235066;2006-05-22;19
st20240570;Zlata;Koval;Dmytrivna;2;2024-09-01;2;f004;sp015;BUDGET;ACTIVE;z.koval@ukma.edu.ua;+380501235077;2006-01-22;20
st20240571;Volodymyr;Koval;Mykolaiovych;2;2024-09-01;2;f004;sp015;BUDGET;ACTIVE;v.koval1@ukma.edu.ua;+380501235082;2005-08-09;20
st20240572;Andrii;Kovalenko;Kyrylovych;2;2024-09-01;2;f004;sp015;CONTRACT;ACTIVE;a.kovalenko1@ukma.edu.ua;+380501235088;2005-01-02;21
st20240573;Liubov;Lysenko;Ivanivna;2;2024-09-01;3;f004;sp015;CONTRACT;ACTIVE;l.lysenko1@ukma.edu.ua;+380501235064;2005-05-13;20
st20240574;Vladyslav;Lysenko;Tymurovych;2;2024-09-01;3;f004;sp015;BUDGET;ACTIVE;v.lysenko5@ukma.edu.ua;+380501235065;2006-10-05;19
st20240575;Tetiana;Lysenko;Artemivna;2;2024-09-01;3;f004;sp015;CONTRACT;ACTIVE;t.lysenko1@ukma.edu.ua;+380501235072;2005-09-21;20
st20240576;Anhelina;Marchenko;Mykhailivna;2;2024-09-01;3;f004;sp015;CONTRACT;ACTIVE;a.marchenko2@ukma.edu.ua;+380501235079;2005-08-20;20
st20240577;Iryna;Moroz;Stepanivna;2;2024-09-01;3;f004;sp015;CONTRACT;ACTIVE;i.moroz1@ukma.edu.ua;+380501235078;2005-02-15;21
st20240578;Oleksandr;Petrenko;Vitaliiovych;2;2024-09-01;3;f004;sp015;CONTRACT;ACTIVE;o.petrenko@ukma.edu.ua;+380501235087;2006-04-14;20
st20240579;Sofiia;Ponomarenko;Dmytrivna;2;2024-09-01;4;f004;sp015;CONTRACT;ACTIVE;s.ponomarenko2@ukma.edu.ua;+380501235067;2005-01-10;21
st20240580;Oleh;Ponomarenko;Dmytrovych;2;2024-09-01;4;f004;sp015;BUDGET;ACTIVE;o.ponomarenko1@ukma.edu.ua;+380501235089;2005-11-10;20
st20240581;Svitlana;Radchenko;Maksymivna;2;2024-09-01;4;f004;sp015;BUDGET;ACTIVE;s.radchenko1@ukma.edu.ua;+380501235068;2006-01-25;20
st20240582;Alina;Radchenko;Yuriivna;2;2024-09-01;4;f004;sp015;CONTRACT;ACTIVE;a.radchenko1@ukma.edu.ua;+380501235070;2006-10-22;19
st20240583;Yana;Radchenko;Ivanivna;2;2024-09-01;4;f004;sp015;BUDGET;ACTIVE;y.radchenko4@ukma.edu.ua;+380501235083;2005-11-09;20
st20240584;Anhelina;Radchenko;Rostyslavivna;2;2024-09-01;4;f004;sp015;CONTRACT;ACTIVE;a.radchenko2@ukma.edu.ua;+380501235085;2006-07-02;19
st20240585;Ihor;Savchenko;Yuriiovych;2;2024-09-01;5;f004;sp015;CONTRACT;ACTIVE;i.savchenko@ukma.edu.ua;+380501235086;2006-05-09;19
st20240586;Nazar;Shevchuk;Yuriiovych;2;2024-09-01;5;f004;sp015;CONTRACT;ACTIVE;n.shevchuk1@ukma.edu.ua;+380501235081;2005-07-16;20
st20240587;Pavlo;Sydorenko;Mykhailovych;2;2024-09-01;5;f004;sp015;BUDGET;ACTIVE;p.sydorenko1@ukma.edu.ua;+380501235090;2005-07-19;20
st20240588;Olena;Taran;Tarasivna;2;2024-09-01;5;f004;sp015;BUDGET;ACTIVE;o.taran@ukma.edu.ua;+380501235062;2005-10-17;20
st20240589;Volodymyr;Tkachenko;Tarasovych;2;2024-09-01;5;f004;sp015;CONTRACT;ACTIVE;v.tkachenko3@ukma.edu.ua;+380501235075;2006-08-05;19
st20240590;Andrii;Tkachenko;Artemovych;2;2024-09-01;5;f004;sp015;BUDGET;ACTIVE;a.tkachenko3@ukma.edu.ua;+380501235084;2006-06-06;19
st20240591;Kateryna;Vlasenko;Olehivna;2;2024-09-01;6;f004;sp015;CONTRACT;ACTIVE;k.vlasenko1@ukma.edu.ua;+380501235069;2006-06-11;19






st20240592;Liubov;Babenko;Oleksandrivna;2;2024-09-01;1;f005;sp016;BUDGET;ACTIVE;l.babenko@ukma.edu.ua;+380501235106;2005-10-23;20
st20240593;Halyna;Babenko;Olehivna;2;2024-09-01;1;f005;sp016;CONTRACT;ACTIVE;h.babenko@ukma.edu.ua;+380501235129;2005-12-16;20
st20240594;Veronika;Babenko;Valentynivna;2;2024-09-01;1;f005;sp016;CONTRACT;ACTIVE;v.babenko2@ukma.edu.ua;+380501235132;2006-12-19;19
st20240595;Yevhen;Boiko;Mykolaiovych;2;2024-09-01;1;f005;sp016;CONTRACT;ACTIVE;y.boiko@ukma.edu.ua;+380501235109;2005-07-24;20
st20240596;Mykhailo;Bondarenko;Tymurovych;2;2024-09-01;1;f005;sp016;CONTRACT;ACTIVE;m.bondarenko@ukma.edu.ua;+380501235116;2005-07-10;20
st20240597;Polina;Dmytrenko;Serhiivna;2;2024-09-01;1;f005;sp016;CONTRACT;ACTIVE;p.dmytrenko@ukma.edu.ua;+380501235092;2005-03-13;21
st20240598;Tetiana;Havryliuk;Denysivna;2;2024-09-01;1;f005;sp016;CONTRACT;ACTIVE;t.havryliuk1@ukma.edu.ua;+380501235095;2005-01-08;21
st20240599;Nataliia;Havryliuk;Hlibivna;2;2024-09-01;2;f005;sp016;BUDGET;ACTIVE;n.havryliuk@ukma.edu.ua;+380501235122;2006-07-15;19
st20240600;Tymur;Havryliuk;Valentynovych;2;2024-09-01;2;f005;sp016;BUDGET;ACTIVE;t.havryliuk2@ukma.edu.ua;+380501235125;2005-01-06;21
st20240601;Svitlana;Honcharenko;Stepanivna;2;2024-09-01;2;f005;sp016;CONTRACT;ACTIVE;s.honcharenko1@ukma.edu.ua;+380501235111;2005-05-27;20
st20240602;Ivan;Hrytsenko;Antonovych;2;2024-09-01;2;f005;sp016;BUDGET;ACTIVE;i.hrytsenko@ukma.edu.ua;+380501235096;2005-04-23;21
st20240603;Bozhena;Hrytsenko;Ivanivna;2;2024-09-01;2;f005;sp016;BUDGET;ACTIVE;b.hrytsenko1@ukma.edu.ua;+380501235104;2006-10-19;19
st20240604;Oksana;Ivanenko;Olehivna;2;2024-09-01;2;f005;sp016;CONTRACT;ACTIVE;o.ivanenko@ukma.edu.ua;+380501235097;2006-09-28;19
st20240605;Dmytro;Ivanenko;Yuriiovych;2;2024-09-01;2;f005;sp016;BUDGET;ACTIVE;d.ivanenko1@ukma.edu.ua;+380501235114;2005-10-21;20
st20240606;Tetiana;Ivanenko;Denysivna;2;2024-09-01;3;f005;sp016;CONTRACT;ACTIVE;t.ivanenko1@ukma.edu.ua;+380501235117;2006-01-25;20
st20240607;Vasyl;Kovalenko;Stepanovych;2;2024-09-01;3;f005;sp016;BUDGET;ACTIVE;v.kovalenko@ukma.edu.ua;+380501235094;2005-04-19;21
st20240608;Roman;Kravchenko;Ivanovych;2;2024-09-01;3;f005;sp016;CONTRACT;ACTIVE;r.kravchenko@ukma.edu.ua;+380501235112;2005-02-03;21
st20240609;Oleh;Kravchenko;Tymurovych;2;2024-09-01;3;f005;sp016;CONTRACT;ACTIVE;o.kravchenko1@ukma.edu.ua;+380501235127;2006-07-19;19
st20240610;Andrii;Melnyk;Ivanovych;2;2024-09-01;3;f005;sp016;CONTRACT;ACTIVE;a.melnyk2@ukma.edu.ua;+380501235115;2005-07-09;20
st20240611;Bozhena;Oliinyk;Antonivna;2;2024-09-01;3;f005;sp016;CONTRACT;ACTIVE;b.oliinyk@ukma.edu.ua;+380501235103;2006-04-27;20
st20240612;Ivan;Panchenko;Kyrylovych;2;2024-09-01;3;f005;sp016;CONTRACT;ACTIVE;i.panchenko1@ukma.edu.ua;+380501235098;2005-06-05;20
st20240613;Serhii;Panchenko;Olehovych;2;2024-09-01;4;f005;sp016;CONTRACT;ACTIVE;s.panchenko1@ukma.edu.ua;+380501235113;2006-09-14;19
st20240614;Iryna;Petrenko;Mykolaivna;2;2024-09-01;4;f005;sp016;BUDGET;ACTIVE;i.petrenko3@ukma.edu.ua;+380501235102;2006-03-11;20
st20240615;Illia;Petrenko;Serhiiovych;2;2024-09-01;4;f005;sp016;BUDGET;ACTIVE;i.petrenko4@ukma.edu.ua;+380501235130;2005-12-06;20
st20240616;Vladyslav;Polishchuk;Tymurovych;2;2024-09-01;4;f005;sp016;CONTRACT;ACTIVE;v.polishchuk1@ukma.edu.ua;+380501235119;2006-05-15;19
st20240617;Yelyzaveta;Polishchuk;Volodymyrivna;2;2024-09-01;4;f005;sp016;BUDGET;ACTIVE;y.polishchuk1@ukma.edu.ua;+380501235126;2005-09-19;20
st20240618;Kyrylo;Ponomarenko;Vitaliiovych;2;2024-09-01;4;f005;sp016;BUDGET;ACTIVE;k.ponomarenko1@ukma.edu.ua;+380501235105;2005-01-13;21
st20240619;Daria;Ponomarenko;Volodymyrivna;2;2024-09-01;4;f005;sp016;BUDGET;ACTIVE;d.ponomarenko@ukma.edu.ua;+380501235110;2006-11-03;19
st20240620;Tymur;Ponomarenko;Ivanovych;2;2024-09-01;5;f005;sp016;CONTRACT;ACTIVE;t.ponomarenko@ukma.edu.ua;+380501235121;2005-10-11;20
st20240621;Liubov;Radchenko;Bohdanivna;2;2024-09-01;5;f005;sp016;BUDGET;ACTIVE;l.radchenko@ukma.edu.ua;+380501235093;2006-07-03;19
st20240622;Hlib;Radchenko;Kyrylovych;2;2024-09-01;5;f005;sp016;BUDGET;ACTIVE;h.radchenko2@ukma.edu.ua;+380501235118;2005-11-27;20
st20240623;Dmytro;Radchenko;Dmytrovych;2;2024-09-01;5;f005;sp016;BUDGET;ACTIVE;d.radchenko@ukma.edu.ua;+380501235123;2006-07-17;19
st20240624;Uliana;Rudenko;Andriivna;2;2024-09-01;5;f005;sp016;CONTRACT;ACTIVE;u.rudenko2@ukma.edu.ua;+380501235099;2006-11-13;19
st20240625;Mykola;Rudenko;Kyrylovych;2;2024-09-01;5;f005;sp016;BUDGET;ACTIVE;m.rudenko2@ukma.edu.ua;+380501235100;2006-01-26;20
st20240626;Polina;Rudenko;Arturivna;2;2024-09-01;5;f005;sp016;BUDGET;ACTIVE;p.rudenko1@ukma.edu.ua;+380501235107;2005-09-21;20
st20240627;Mariia;Rudenko;Hlibivna;2;2024-09-01;6;f005;sp016;BUDGET;ACTIVE;m.rudenko3@ukma.edu.ua;+380501235131;2006-02-13;20
st20240628;Sofiia;Shevchenko;Kyrylivna;2;2024-09-01;6;f005;sp016;BUDGET;ACTIVE;s.shevchenko1@ukma.edu.ua;+380501235108;2005-08-08;20
st20240629;Liubov;Sydorenko;Artemivna;2;2024-09-01;6;f005;sp016;CONTRACT;ACTIVE;l.sydorenko@ukma.edu.ua;+380501235120;2005-01-15;21
st20240630;Tymur;Tkachenko;Illich;2;2024-09-01;6;f005;sp016;CONTRACT;ACTIVE;t.tkachenko1@ukma.edu.ua;+380501235128;2005-05-23;20
st20240631;Ivan;Tkachuk;Tymurovych;2;2024-09-01;6;f005;sp016;CONTRACT;ACTIVE;i.tkachuk@ukma.edu.ua;+380501235124;2006-11-09;19
st20240632;Olena;Vlasenko;Stepanivna;2;2024-09-01;6;f005;sp016;BUDGET;ACTIVE;o.vlasenko1@ukma.edu.ua;+380501235101;2005-09-20;20


st20240633;Solomiia;Boiko;Dmytrivna;2;2024-09-01;1;f005;sp017;CONTRACT;ACTIVE;s.boiko2@ukma.edu.ua;+380501235151;2006-04-28;20
st20240634;Oksana;Bondarenko;Rostyslavivna;2;2024-09-01;1;f005;sp017;CONTRACT;ACTIVE;o.bondarenko1@ukma.edu.ua;+380501235138;2006-12-28;19
st20240635;Yurii;Bondarenko;Dmytrovych;2;2024-09-01;1;f005;sp017;CONTRACT;ACTIVE;y.bondarenko1@ukma.edu.ua;+380501235166;2005-06-26;20
st20240636;Roman;Dmytrenko;Vitaliiovych;2;2024-09-01;1;f005;sp017;BUDGET;ACTIVE;r.dmytrenko@ukma.edu.ua;+380501235164;2005-05-02;20
st20240637;Valentyn;Havryliuk;Ivanovych;2;2024-09-01;1;f005;sp017;BUDGET;ACTIVE;v.havryliuk1@ukma.edu.ua;+380501235167;2006-01-28;20
st20240638;Illia;Honcharenko;Mykolaiovych;2;2024-09-01;1;f005;sp017;CONTRACT;ACTIVE;i.honcharenko@ukma.edu.ua;+380501235155;2005-10-10;20
st20240639;Maksym;Ivanenko;Illich;2;2024-09-01;1;f005;sp017;BUDGET;ACTIVE;m.ivanenko1@ukma.edu.ua;+380501235156;2005-11-09;20
st20240640;Serhii;Karpenko;Romanovych;2;2024-09-01;2;f005;sp017;CONTRACT;ACTIVE;s.karpenko1@ukma.edu.ua;+380501235140;2005-09-12;20
st20240641;Daria;Karpenko;Maksymivna;2;2024-09-01;2;f005;sp017;BUDGET;ACTIVE;d.karpenko@ukma.edu.ua;+380501235150;2006-08-07;19
st20240642;Iryna;Koval;Romanivna;2;2024-09-01;2;f005;sp017;CONTRACT;ACTIVE;i.koval2@ukma.edu.ua;+380501235142;2005-04-08;21
st20240643;Oksana;Lysenko;Illivna;2;2024-09-01;2;f005;sp017;BUDGET;ACTIVE;o.lysenko@ukma.edu.ua;+380501235169;2006-03-27;20
st20240644;Mykola;Marchenko;Tarasovych;2;2024-09-01;2;f005;sp017;BUDGET;ACTIVE;m.marchenko@ukma.edu.ua;+380501235134;2005-03-15;21
st20240645;Yana;Marchenko;Tymurivna;2;2024-09-01;2;f005;sp017;BUDGET;ACTIVE;y.marchenko1@ukma.edu.ua;+380501235160;2005-01-15;21
st20240646;Yana;Melnyk;Stepanivna;2;2024-09-01;2;f005;sp017;CONTRACT;ACTIVE;y.melnyk1@ukma.edu.ua;+380501235147;2005-09-10;20
st20240647;Halyna;Melnyk;Maksymivna;2;2024-09-01;3;f005;sp017;BUDGET;ACTIVE;h.melnyk@ukma.edu.ua;+380501235162;2005-08-28;20
st20240648;Veronika;Melnyk;Stepanivna;2;2024-09-01;3;f005;sp017;BUDGET;ACTIVE;v.melnyk4@ukma.edu.ua;+380501235168;2005-02-01;21
st20240649;Mykhailo;Oliinyk;Bohdanovych;2;2024-09-01;3;f005;sp017;BUDGET;ACTIVE;m.oliinyk1@ukma.edu.ua;+380501235144;2006-04-24;20
st20240650;Roman;Panchenko;Olehovych;2;2024-09-01;3;f005;sp017;BUDGET;ACTIVE;r.panchenko@ukma.edu.ua;+380501235163;2005-06-12;20
st20240651;Anna;Petrenko;Dmytrivna;2;2024-09-01;3;f005;sp017;CONTRACT;ACTIVE;a.petrenko2@ukma.edu.ua;+380501235133;2005-03-08;21
st20240652;Roman;Petrenko;Ivanovych;2;2024-09-01;3;f005;sp017;BUDGET;ACTIVE;r.petrenko@ukma.edu.ua;+380501235159;2005-12-04;20
st20240653;Kseniia;Polishchuk;Illivna;2;2024-09-01;3;f005;sp017;CONTRACT;ACTIVE;k.polishchuk@ukma.edu.ua;+380501235145;2006-10-25;19
st20240654;Oleksandr;Polishchuk;Romanovych;2;2024-09-01;4;f005;sp017;BUDGET;ACTIVE;o.polishchuk1@ukma.edu.ua;+380501235152;2006-05-19;19
st20240655;Yevhen;Ponomarenko;Romanovych;2;2024-09-01;4;f005;sp017;CONTRACT;ACTIVE;y.ponomarenko2@ukma.edu.ua;+380501235137;2005-05-24;20
st20240656;Svitlana;Rudenko;Vitaliivna;2;2024-09-01;4;f005;sp017;CONTRACT;ACTIVE;s.rudenko2@ukma.edu.ua;+380501235135;2006-03-19;20
st20240657;Oleksandr;Rudenko;Hlibovych;2;2024-09-01;4;f005;sp017;BUDGET;ACTIVE;o.rudenko@ukma.edu.ua;+380501235154;2005-05-26;20
st20240658;Veronika;Rudenko;Yevhenivna;2;2024-09-01;4;f005;sp017;CONTRACT;ACTIVE;v.rudenko3@ukma.edu.ua;+380501235161;2006-05-02;19
st20240659;Diana;Savchenko;Denysivna;2;2024-09-01;4;f005;sp017;CONTRACT;ACTIVE;d.savchenko1@ukma.edu.ua;+380501235139;2005-05-27;20
st20240660;Valentyn;Savchenko;Volodymyrovych;2;2024-09-01;4;f005;sp017;BUDGET;ACTIVE;v.savchenko2@ukma.edu.ua;+380501235165;2005-05-16;20
st20240661;Yelyzaveta;Shevchenko;Vladyslavivna;2;2024-09-01;5;f005;sp017;BUDGET;ACTIVE;y.shevchenko@ukma.edu.ua;+380501235149;2006-02-13;20
st20240662;Artur;Sydorenko;Arturovych;2;2024-09-01;5;f005;sp017;CONTRACT;ACTIVE;a.sydorenko2@ukma.edu.ua;+380501235153;2005-03-27;21
st20240663;Vladyslav;Tkachenko;Antonovych;2;2024-09-01;5;f005;sp017;CONTRACT;ACTIVE;v.tkachenko4@ukma.edu.ua;+380501235148;2005-12-17;20
st20240664;Pavlo;Tkachenko;Valentynovych;2;2024-09-01;5;f005;sp017;BUDGET;ACTIVE;p.tkachenko@ukma.edu.ua;+380501235157;2005-11-22;20
st20240665;Oksana;Vlasenko;Romanivna;2;2024-09-01;5;f005;sp017;BUDGET;ACTIVE;o.vlasenko2@ukma.edu.ua;+380501235136;2006-12-27;19
st20240666;Denys;Vlasenko;Vladyslavovych;2;2024-09-01;5;f005;sp017;BUDGET;ACTIVE;d.vlasenko@ukma.edu.ua;+380501235141;2005-04-18;21
st20240667;Iryna;Vlasenko;Hlibivna;2;2024-09-01;5;f005;sp017;BUDGET;ACTIVE;i.vlasenko1@ukma.edu.ua;+380501235143;2006-03-03;20
st20240668;Artur;Vlasenko;Ivanovych;2;2024-09-01;6;f005;sp017;BUDGET;ACTIVE;a.vlasenko4@ukma.edu.ua;+380501235146;2006-07-18;19
st20240669;Yevhen;Vlasenko;Maksymovych;2;2024-09-01;6;f005;sp017;CONTRACT;ACTIVE;y.vlasenko@ukma.edu.ua;+380501235158;2006-01-28;20


st20240670;Svitlana;Boiko;Stepanivna;2;2024-09-01;1;f005;sp018;BUDGET;ACTIVE;s.boiko3@ukma.edu.ua;+380501235173;2006-12-24;19
st20240671;Bozhena;Bondar;Artemivna;2;2024-09-01;1;f005;sp018;BUDGET;ACTIVE;b.bondar@ukma.edu.ua;+380501235180;2005-04-12;21
st20240672;Viktoriia;Bondar;Illivna;2;2024-09-01;1;f005;sp018;BUDGET;ACTIVE;v.bondar2@ukma.edu.ua;+380501235194;2005-06-11;20
st20240673;Stepan;Havryliuk;Mykhailovych;2;2024-09-01;1;f005;sp018;CONTRACT;ACTIVE;s.havryliuk1@ukma.edu.ua;+380501235188;2005-10-05;20
st20240674;Viktoriia;Honcharenko;Denysivna;2;2024-09-01;1;f005;sp018;CONTRACT;ACTIVE;v.honcharenko2@ukma.edu.ua;+380501235179;2005-05-20;20
st20240675;Roman;Hrytsenko;Hlibovych;2;2024-09-01;1;f005;sp018;BUDGET;ACTIVE;r.hrytsenko1@ukma.edu.ua;+380501235195;2005-08-24;20
st20240676;Oksana;Ivanenko;Yuriivna;2;2024-09-01;2;f005;sp018;BUDGET;ACTIVE;o.ivanenko1@ukma.edu.ua;+380501235198;2006-04-12;20
st20240677;Daria;Karpenko;Kyrylivna;2;2024-09-01;2;f005;sp018;BUDGET;ACTIVE;d.karpenko1@ukma.edu.ua;+380501235183;2005-03-04;21
st20240678;Veronika;Kovalenko;Oleksandrivna;2;2024-09-01;2;f005;sp018;CONTRACT;ACTIVE;v.kovalenko1@ukma.edu.ua;+380501235182;2006-04-09;20
st20240679;Mykola;Kravchenko;Oleksandrovych;2;2024-09-01;2;f005;sp018;CONTRACT;ACTIVE;m.kravchenko@ukma.edu.ua;+380501235175;2006-07-23;19
st20240680;Denys;Kravchenko;Oleksandrovych;2;2024-09-01;2;f005;sp018;CONTRACT;ACTIVE;d.kravchenko1@ukma.edu.ua;+380501235192;2006-08-27;19
st20240681;Bohdan;Lysenko;Mykhailovych;2;2024-09-01;2;f005;sp018;BUDGET;ACTIVE;b.lysenko@ukma.edu.ua;+380501235197;2006-06-20;19
st20240682;Viktoriia;Marchenko;Romanivna;2;2024-09-01;3;f005;sp018;BUDGET;ACTIVE;v.marchenko5@ukma.edu.ua;+380501235200;2005-08-02;20
st20240683;Yevhen;Melnyk;Ivanovych;2;2024-09-01;3;f005;sp018;BUDGET;ACTIVE;y.melnyk2@ukma.edu.ua;+380501235171;2005-08-21;20
st20240684;Rostyslav;Melnyk;Mykolaiovych;2;2024-09-01;3;f005;sp018;BUDGET;ACTIVE;r.melnyk@ukma.edu.ua;+380501235184;2006-09-09;19
st20240685;Taras;Melnyk;Andriiovych;2;2024-09-01;3;f005;sp018;CONTRACT;ACTIVE;t.melnyk2@ukma.edu.ua;+380501235187;2005-12-16;20
st20240686;Yuliia;Melnyk;Serhiivna;2;2024-09-01;3;f005;sp018;CONTRACT;ACTIVE;y.melnyk3@ukma.edu.ua;+380501235196;2006-06-04;19
st20240687;Volodymyr;Oliinyk;Yevhenovych;2;2024-09-01;3;f005;sp018;CONTRACT;ACTIVE;v.oliinyk1@ukma.edu.ua;+380501235190;2006-07-04;19
st20240688;Iryna;Panchenko;Artemivna;2;2024-09-01;4;f005;sp018;CONTRACT;ACTIVE;i.panchenko2@ukma.edu.ua;+380501235174;2005-02-15;21
st20240689;Uliana;Panchenko;Ivanivna;2;2024-09-01;4;f005;sp018;BUDGET;ACTIVE;u.panchenko@ukma.edu.ua;+380501235178;2005-12-17;20
st20240690;Taras;Polishchuk;Serhiiovych;2;2024-09-01;4;f005;sp018;BUDGET;ACTIVE;t.polishchuk1@ukma.edu.ua;+380501235170;2006-11-04;19
st20240691;Alina;Ponomarenko;Hlibivna;2;2024-09-01;4;f005;sp018;CONTRACT;ACTIVE;a.ponomarenko2@ukma.edu.ua;+380501235191;2005-01-10;21
st20240692;Bohdan;Rudenko;Mykolaiovych;2;2024-09-01;4;f005;sp018;BUDGET;ACTIVE;b.rudenko@ukma.edu.ua;+380501235199;2005-04-14;21
st20240693;Veronika;Savchenko;Romanivna;2;2024-09-01;4;f005;sp018;CONTRACT;ACTIVE;v.savchenko3@ukma.edu.ua;+380501235172;2006-04-19;20
st20240694;Sofiia;Savchenko;Tarasivna;2;2024-09-01;5;f005;sp018;BUDGET;ACTIVE;s.savchenko@ukma.edu.ua;+380501235177;2006-10-07;19
st20240695;Yurii;Savchenko;Arturovych;2;2024-09-01;5;f005;sp018;BUDGET;ACTIVE;y.savchenko1@ukma.edu.ua;+380501235186;2005-06-03;20
st20240696;Rostyslav;Shevchuk;Bohdanovych;2;2024-09-01;5;f005;sp018;CONTRACT;ACTIVE;r.shevchuk@ukma.edu.ua;+380501235181;2006-06-11;19
st20240697;Roman;Shevchuk;Hlibovych;2;2024-09-01;5;f005;sp018;BUDGET;ACTIVE;r.shevchuk1@ukma.edu.ua;+380501235185;2005-11-16;20
st20240698;Yevhen;Sydorenko;Hlibovych;2;2024-09-01;5;f005;sp018;CONTRACT;ACTIVE;y.sydorenko2@ukma.edu.ua;+380501235176;2006-12-08;19
st20240699;Illia;Sydorenko;Arturovych;2;2024-09-01;5;f005;sp018;CONTRACT;ACTIVE;i.sydorenko1@ukma.edu.ua;+380501235189;2005-01-07;21
st20240700;Kseniia;Taran;Tymurivna;2;2024-09-01;6;f005;sp018;CONTRACT;ACTIVE;k.taran@ukma.edu.ua;+380501235193;2005-01-03;21






st20240701;Bohdan;Babenko;Hlibovych;2;2024-09-01;1;f006;sp020;BUDGET;ACTIVE;b.babenko@ukma.edu.ua;+380501235217;2005-09-19;20
st20240702;Valeriia;Boiko;Mykolaivna;2;2024-09-01;1;f006;sp020;CONTRACT;ACTIVE;v.boiko3@ukma.edu.ua;+380501235214;2005-07-25;20
st20240703;Bohdan;Boiko;Vladyslavovych;2;2024-09-01;1;f006;sp020;CONTRACT;ACTIVE;b.boiko@ukma.edu.ua;+380501235220;2006-11-17;19
st20240704;Tetiana;Bondar;Tarasivna;2;2024-09-01;1;f006;sp020;CONTRACT;ACTIVE;t.bondar1@ukma.edu.ua;+380501235210;2006-05-04;19
st20240705;Denys;Bondarenko;Oleksandrovych;2;2024-09-01;1;f006;sp020;CONTRACT;ACTIVE;d.bondarenko2@ukma.edu.ua;+380501235221;2006-10-21;19
st20240706;Valeriia;Bondarenko;Maksymivna;2;2024-09-01;1;f006;sp020;BUDGET;ACTIVE;v.bondarenko4@ukma.edu.ua;+380501235231;2006-10-10;19
st20240707;Nazar;Dmytrenko;Yevhenovych;2;2024-09-01;1;f006;sp020;CONTRACT;ACTIVE;n.dmytrenko@ukma.edu.ua;+380501235227;2005-11-09;20
st20240708;Bohdan;Dmytrenko;Bohdanovych;2;2024-09-01;2;f006;sp020;BUDGET;ACTIVE;b.dmytrenko1@ukma.edu.ua;+380501235228;2006-06-07;19
st20240709;Anhelina;Honcharenko;Vladyslavivna;2;2024-09-01;2;f006;sp020;CONTRACT;ACTIVE;a.honcharenko2@ukma.edu.ua;+380501235207;2005-06-12;20
st20240710;Pavlo;Hrytsenko;Yuriiovych;2;2024-09-01;2;f006;sp020;BUDGET;ACTIVE;p.hrytsenko1@ukma.edu.ua;+380501235208;2005-06-22;20
st20240711;Uliana;Hrytsenko;Bohdanivna;2;2024-09-01;2;f006;sp020;CONTRACT;ACTIVE;u.hrytsenko@ukma.edu.ua;+380501235230;2005-11-01;20
st20240712;Nazar;Karpenko;Yuriiovych;2;2024-09-01;2;f006;sp020;BUDGET;ACTIVE;n.karpenko1@ukma.edu.ua;+380501235222;2005-06-28;20
st20240713;Anastasiia;Karpenko;Vladyslavivna;2;2024-09-01;2;f006;sp020;CONTRACT;ACTIVE;a.karpenko3@ukma.edu.ua;+380501235236;2006-11-19;19
st20240714;Hlib;Khomenko;Rostyslavovych;2;2024-09-01;2;f006;sp020;BUDGET;ACTIVE;h.khomenko1@ukma.edu.ua;+380501235223;2006-07-15;19
st20240715;Vira;Kovalenko;Stepanivna;2;2024-09-01;3;f006;sp020;CONTRACT;ACTIVE;v.kovalenko2@ukma.edu.ua;+380501235235;2006-01-24;20
st20240716;Rostyslav;Kravchenko;Mykhailovych;2;2024-09-01;3;f006;sp020;CONTRACT;ACTIVE;r.kravchenko1@ukma.edu.ua;+380501235205;2006-02-19;20
st20240717;Veronika;Kravchenko;Denysivna;2;2024-09-01;3;f006;sp020;CONTRACT;ACTIVE;v.kravchenko2@ukma.edu.ua;+380501235216;2005-12-24;20
st20240718;Illia;Marchenko;Kyrylovych;2;2024-09-01;3;f006;sp020;BUDGET;ACTIVE;i.marchenko@ukma.edu.ua;+380501235213;2005-05-05;20
st20240719;Viktor;Melnyk;Serhiiovych;2;2024-09-01;3;f006;sp020;CONTRACT;ACTIVE;v.melnyk5@ukma.edu.ua;+380501235204;2006-04-25;20
st20240720;Oleh;Moroz;Stepanovych;2;2024-09-01;3;f006;sp020;BUDGET;ACTIVE;o.moroz@ukma.edu.ua;+380501235215;2005-04-18;21
st20240721;Rostyslav;Moroz;Bohdanovych;2;2024-09-01;3;f006;sp020;CONTRACT;ACTIVE;r.moroz@ukma.edu.ua;+380501235237;2006-10-08;19
st20240722;Denys;Panchenko;Yevhenovych;2;2024-09-01;4;f006;sp020;CONTRACT;ACTIVE;d.panchenko@ukma.edu.ua;+380501235203;2006-10-18;19
st20240723;Mykhailo;Panchenko;Tarasovych;2;2024-09-01;4;f006;sp020;BUDGET;ACTIVE;m.panchenko@ukma.edu.ua;+380501235218;2006-08-02;19
st20240724;Polina;Panchenko;Denysivna;2;2024-09-01;4;f006;sp020;CONTRACT;ACTIVE;p.panchenko@ukma.edu.ua;+380501235232;2005-10-24;20
st20240725;Zlata;Petrenko;Tarasivna;2;2024-09-01;4;f006;sp020;CONTRACT;ACTIVE;z.petrenko@ukma.edu.ua;+380501235202;2006-03-13;20
st20240726;Hlib;Petrenko;Tarasovych;2;2024-09-01;4;f006;sp020;BUDGET;ACTIVE;h.petrenko1@ukma.edu.ua;+380501235219;2006-02-13;20
st20240727;Liubov;Petrenko;Vladyslavivna;2;2024-09-01;4;f006;sp020;BUDGET;ACTIVE;l.petrenko@ukma.edu.ua;+380501235229;2006-04-11;20
st20240728;Kseniia;Petrenko;Bohdanivna;2;2024-09-01;4;f006;sp020;CONTRACT;ACTIVE;k.petrenko1@ukma.edu.ua;+380501235234;2006-01-17;20
st20240729;Oksana;Polishchuk;Yevhenivna;2;2024-09-01;5;f006;sp020;BUDGET;ACTIVE;o.polishchuk2@ukma.edu.ua;+380501235212;2005-01-21;21
st20240730;Anastasiia;Radchenko;Romanivna;2;2024-09-01;5;f006;sp020;BUDGET;ACTIVE;a.radchenko3@ukma.edu.ua;+380501235226;2005-12-02;20
st20240731;Nazar;Rudenko;Mykolaiovych;2;2024-09-01;5;f006;sp020;BUDGET;ACTIVE;n.rudenko@ukma.edu.ua;+380501235206;2005-01-12;21
st20240732;Ivan;Rudenko;Arturovych;2;2024-09-01;5;f006;sp020;BUDGET;ACTIVE;i.rudenko@ukma.edu.ua;+380501235209;2006-11-06;19
st20240733;Anastasiia;Shevchenko;Ivanivna;2;2024-09-01;5;f006;sp020;BUDGET;ACTIVE;a.shevchenko4@ukma.edu.ua;+380501235224;2006-02-12;20
st20240734;Liubov;Sydorenko;Vitaliivna;2;2024-09-01;5;f006;sp020;BUDGET;ACTIVE;l.sydorenko1@ukma.edu.ua;+380501235211;2005-05-24;20
st20240735;Vira;Sydorenko;Ivanivna;2;2024-09-01;5;f006;sp020;CONTRACT;ACTIVE;v.sydorenko3@ukma.edu.ua;+380501235233;2005-12-20;20
st20240736;Mykola;Tkachuk;Yevhenovych;2;2024-09-01;6;f006;sp020;BUDGET;ACTIVE;m.tkachuk@ukma.edu.ua;+380501235225;2005-08-14;20
st20240737;Illia;Vlasenko;Olehovych;2;2024-09-01;6;f006;sp020;CONTRACT;ACTIVE;i.vlasenko2@ukma.edu.ua;+380501235201;2005-02-28;21


st20240738;Anton;Babenko;Mykhailovych;2;2024-09-01;1;f006;sp021;CONTRACT;ACTIVE;a.babenko2@ukma.edu.ua;+380501235265;2006-05-26;19
st20240739;Maksym;Boiko;Illich;2;2024-09-01;1;f006;sp021;CONTRACT;ACTIVE;m.boiko1@ukma.edu.ua;+380501235268;2005-12-15;20
st20240740;Ihor;Bondar;Ivanovych;2;2024-09-01;1;f006;sp021;BUDGET;ACTIVE;i.bondar2@ukma.edu.ua;+380501235247;2005-12-28;20
st20240741;Alisa;Bondar;Tymurivna;2;2024-09-01;1;f006;sp021;BUDGET;ACTIVE;a.bondar2@ukma.edu.ua;+380501235250;2006-07-20;19
st20240742;Nadiia;Bondar;Kyrylivna;2;2024-09-01;1;f006;sp021;BUDGET;ACTIVE;n.bondar1@ukma.edu.ua;+380501235253;2005-02-04;21
st20240743;Alina;Bondar;Olehivna;2;2024-09-01;1;f006;sp021;CONTRACT;ACTIVE;a.bondar3@ukma.edu.ua;+380501235258;2006-01-21;20
st20240744;Liubov;Bondarenko;Stepanivna;2;2024-09-01;1;f006;sp021;CONTRACT;ACTIVE;l.bondarenko@ukma.edu.ua;+380501235266;2005-11-01;20
st20240745;Viktor;Dmytrenko;Antonovych;2;2024-09-01;2;f006;sp021;BUDGET;ACTIVE;v.dmytrenko1@ukma.edu.ua;+380501235256;2005-01-13;21
st20240746;Zlata;Havryliuk;Bohdanivna;2;2024-09-01;2;f006;sp021;CONTRACT;ACTIVE;z.havryliuk@ukma.edu.ua;+380501235240;2005-02-09;21
st20240747;Olena;Honcharenko;Tarasivna;2;2024-09-01;2;f006;sp021;BUDGET;ACTIVE;o.honcharenko1@ukma.edu.ua;+380501235246;2006-08-10;19
st20240748;Iryna;Honcharenko;Mykhailivna;2;2024-09-01;2;f006;sp021;BUDGET;ACTIVE;i.honcharenko1@ukma.edu.ua;+380501235270;2006-04-12;20
st20240749;Artem;Ivanenko;Bohdanovych;2;2024-09-01;2;f006;sp021;CONTRACT;ACTIVE;a.ivanenko2@ukma.edu.ua;+380501235239;2005-04-04;21
st20240750;Taras;Ivanenko;Maksymovych;2;2024-09-01;2;f006;sp021;CONTRACT;ACTIVE;t.ivanenko2@ukma.edu.ua;+380501235243;2005-05-10;20
st20240751;Vitalii;Karpenko;Arturovych;2;2024-09-01;2;f006;sp021;CONTRACT;ACTIVE;v.karpenko@ukma.edu.ua;+380501235263;2006-01-12;20
st20240752;Andrii;Khomenko;Serhiiovych;2;2024-09-01;3;f006;sp021;CONTRACT;ACTIVE;a.khomenko2@ukma.edu.ua;+380501235251;2005-09-19;20
st20240753;Anastasiia;Khomenko;Serhiivna;2;2024-09-01;3;f006;sp021;CONTRACT;ACTIVE;a.khomenko3@ukma.edu.ua;+380501235269;2006-07-25;19
st20240754;Denys;Koval;Antonovych;2;2024-09-01;3;f006;sp021;CONTRACT;ACTIVE;d.koval@ukma.edu.ua;+380501235274;2005-11-23;20
st20240755;Rostyslav;Kovalenko;Vladyslavovych;2;2024-09-01;3;f006;sp021;CONTRACT;ACTIVE;r.kovalenko1@ukma.edu.ua;+380501235244;2006-02-25;20
st20240756;Yuliia;Marchenko;Yuriivna;2;2024-09-01;3;f006;sp021;CONTRACT;ACTIVE;y.marchenko2@ukma.edu.ua;+380501235264;2006-03-26;20
st20240757;Kateryna;Melnyk;Yuriivna;2;2024-09-01;3;f006;sp021;BUDGET;ACTIVE;k.melnyk1@ukma.edu.ua;+380501235245;2005-04-25;21
st20240758;Vasyl;Melnyk;Ivanovych;2;2024-09-01;3;f006;sp021;CONTRACT;ACTIVE;v.melnyk6@ukma.edu.ua;+380501235248;2006-02-26;20
st20240759;Roman;Melnyk;Tarasovych;2;2024-09-01;4;f006;sp021;CONTRACT;ACTIVE;r.melnyk1@ukma.edu.ua;+380501235261;2005-07-25;20
st20240760;Andrii;Moroz;Stepanovych;2;2024-09-01;4;f006;sp021;BUDGET;ACTIVE;a.moroz3@ukma.edu.ua;+380501235271;2006-05-14;19
st20240761;Viktoriia;Oliinyk;Hlibivna;2;2024-09-01;4;f006;sp021;CONTRACT;ACTIVE;v.oliinyk2@ukma.edu.ua;+380501235242;2006-02-16;20
st20240762;Valeriia;Oliinyk;Rostyslavivna;2;2024-09-01;4;f006;sp021;BUDGET;ACTIVE;v.oliinyk3@ukma.edu.ua;+380501235267;2005-04-21;21
st20240763;Uliana;Panchenko;Oleksandrivna;2;2024-09-01;4;f006;sp021;CONTRACT;ACTIVE;u.panchenko1@ukma.edu.ua;+380501235272;2006-03-05;20
st20240764;Sofiia;Petrenko;Rostyslavivna;2;2024-09-01;4;f006;sp021;CONTRACT;ACTIVE;s.petrenko@ukma.edu.ua;+380501235252;2006-04-01;20
st20240765;Liubov;Petrenko;Dmytrivna;2;2024-09-01;4;f006;sp021;CONTRACT;ACTIVE;l.petrenko1@ukma.edu.ua;+380501235275;2005-04-13;21
st20240766;Anastasiia;Polishchuk;Vladyslavivna;2;2024-09-01;5;f006;sp021;BUDGET;ACTIVE;a.polishchuk2@ukma.edu.ua;+380501235255;2006-03-03;20
st20240767;Alisa;Ponomarenko;Oleksandrivna;2;2024-09-01;5;f006;sp021;BUDGET;ACTIVE;a.ponomarenko3@ukma.edu.ua;+380501235260;2006-09-15;19
st20240768;Ihor;Savchenko;Artemovych;2;2024-09-01;5;f006;sp021;CONTRACT;ACTIVE;i.savchenko1@ukma.edu.ua;+380501235257;2006-09-24;19
st20240769;Khrystyna;Shevchuk;Tymurivna;2;2024-09-01;5;f006;sp021;CONTRACT;ACTIVE;k.shevchuk1@ukma.edu.ua;+380501235254;2005-02-09;21
st20240770;Vladyslav;Sydorenko;Volodymyrovych;2;2024-09-01;5;f006;sp021;CONTRACT;ACTIVE;v.sydorenko4@ukma.edu.ua;+380501235273;2006-12-02;19
st20240771;Yuliia;Taran;Mykolaivna;2;2024-09-01;5;f006;sp021;CONTRACT;ACTIVE;y.taran@ukma.edu.ua;+380501235262;2005-02-26;21
st20240772;Sofiia;Tkachenko;Maksymivna;2;2024-09-01;5;f006;sp021;CONTRACT;ACTIVE;s.tkachenko1@ukma.edu.ua;+380501235241;2005-04-14;21
st20240773;Viktoriia;Tkachenko;Kyrylivna;2;2024-09-01;6;f006;sp021;CONTRACT;ACTIVE;v.tkachenko5@ukma.edu.ua;+380501235249;2005-07-20;20
st20240774;Solomiia;Tkachuk;Hlibivna;2;2024-09-01;6;f006;sp021;BUDGET;ACTIVE;s.tkachuk3@ukma.edu.ua;+380501235259;2006-03-03;20
st20240775;Serhii;Vlasenko;Volodymyrovych;2;2024-09-01;6;f006;sp021;BUDGET;ACTIVE;s.vlasenko@ukma.edu.ua;+380501235238;2005-05-10;20


st20240776;Tetiana;Babenko;Andriivna;2;2024-09-01;1;f006;sp022;BUDGET;ACTIVE;t.babenko@ukma.edu.ua;+380501235276;2005-09-03;20
st20240777;Liubov;Boiko;Yuriivna;2;2024-09-01;1;f006;sp022;CONTRACT;ACTIVE;l.boiko@ukma.edu.ua;+380501235293;2006-11-25;19
st20240778;Yelyzaveta;Boiko;Romanivna;2;2024-09-01;1;f006;sp022;BUDGET;ACTIVE;y.boiko1@ukma.edu.ua;+380501235300;2006-01-07;20
st20240779;Oleh;Dmytrenko;Maksymovych;2;2024-09-01;1;f006;sp022;CONTRACT;ACTIVE;o.dmytrenko4@ukma.edu.ua;+380501235285;2006-10-27;19
st20240780;Viktor;Honcharenko;Kyrylovych;2;2024-09-01;1;f006;sp022;BUDGET;ACTIVE;v.honcharenko3@ukma.edu.ua;+380501235288;2005-10-10;20
st20240781;Bohdan;Honcharenko;Andriiovych;2;2024-09-01;1;f006;sp022;CONTRACT;ACTIVE;b.honcharenko@ukma.edu.ua;+380501235309;2005-05-20;20
st20240782;Nadiia;Hrytsenko;Ivanivna;2;2024-09-01;1;f006;sp022;BUDGET;ACTIVE;n.hrytsenko@ukma.edu.ua;+380501235296;2006-04-21;20
st20240783;Polina;Hrytsenko;Volodymyrivna;2;2024-09-01;2;f006;sp022;CONTRACT;ACTIVE;p.hrytsenko2@ukma.edu.ua;+380501235299;2005-09-21;20
st20240784;Oleksandr;Hrytsenko;Oleksandrovych;2;2024-09-01;2;f006;sp022;CONTRACT;ACTIVE;o.hrytsenko@ukma.edu.ua;+380501235305;2005-01-19;21
st20240785;Kseniia;Ivanenko;Arturivna;2;2024-09-01;2;f006;sp022;CONTRACT;ACTIVE;k.ivanenko@ukma.edu.ua;+380501235282;2005-07-12;20
st20240786;Anna;Ivanenko;Olehivna;2;2024-09-01;2;f006;sp022;CONTRACT;ACTIVE;a.ivanenko3@ukma.edu.ua;+380501235284;2006-10-20;19
st20240787;Kyrylo;Ivanenko;Tarasovych;2;2024-09-01;2;f006;sp022;CONTRACT;ACTIVE;k.ivanenko1@ukma.edu.ua;+380501235291;2006-07-18;19
st20240788;Viktor;Ivanenko;Yuriiovych;2;2024-09-01;2;f006;sp022;CONTRACT;ACTIVE;v.ivanenko4@ukma.edu.ua;+380501235302;2005-09-04;20
st20240789;Valeriia;Karpenko;Denysivna;2;2024-09-01;2;f006;sp022;CONTRACT;ACTIVE;v.karpenko1@ukma.edu.ua;+380501235295;2005-12-04;20
st20240790;Oleksandr;Khomenko;Vladyslavovych;2;2024-09-01;3;f006;sp022;CONTRACT;ACTIVE;o.khomenko@ukma.edu.ua;+380501235277;2005-10-09;20
st20240791;Pavlo;Khomenko;Yuriiovych;2;2024-09-01;3;f006;sp022;CONTRACT;ACTIVE;p.khomenko@ukma.edu.ua;+380501235287;2005-06-17;20
st20240792;Polina;Koval;Antonivna;2;2024-09-01;3;f006;sp022;CONTRACT;ACTIVE;p.koval@ukma.edu.ua;+380501235280;2005-11-02;20
st20240793;Oksana;Koval;Serhiivna;2;2024-09-01;3;f006;sp022;BUDGET;ACTIVE;o.koval@ukma.edu.ua;+380501235290;2006-01-20;20
st20240794;Anastasiia;Koval;Arturivna;2;2024-09-01;3;f006;sp022;CONTRACT;ACTIVE;a.koval@ukma.edu.ua;+380501235310;2005-02-28;21
st20240795;Andrii;Kovalenko;Oleksandrovych;2;2024-09-01;3;f006;sp022;BUDGET;ACTIVE;a.kovalenko2@ukma.edu.ua;+380501235301;2005-07-19;20
st20240796;Artur;Kovalenko;Ivanovych;2;2024-09-01;3;f006;sp022;BUDGET;ACTIVE;a.kovalenko3@ukma.edu.ua;+380501235307;2006-09-03;19
st20240797;Roman;Kravchenko;Hlibovych;2;2024-09-01;4;f006;sp022;BUDGET;ACTIVE;r.kravchenko2@ukma.edu.ua;+380501235303;2006-11-11;19
st20240798;Maksym;Kravchenko;Dmytrovych;2;2024-09-01;4;f006;sp022;BUDGET;ACTIVE;m.kravchenko1@ukma.edu.ua;+380501235304;2006-12-08;19
st20240799;Oksana;Lysenko;Andriivna;2;2024-09-01;4;f006;sp022;BUDGET;ACTIVE;o.lysenko1@ukma.edu.ua;+380501235289;2005-01-20;21
st20240800;Bohdan;Marchenko;Mykolaiovych;2;2024-09-01;4;f006;sp022;BUDGET;ACTIVE;b.marchenko1@ukma.edu.ua;+380501235278;2006-01-24;20
st20240801;Taras;Melnyk;Denysovych;2;2024-09-01;4;f006;sp022;BUDGET;ACTIVE;t.melnyk3@ukma.edu.ua;+380501235292;2006-01-26;20
st20240802;Rostyslav;Melnyk;Andriiovych;2;2024-09-01;4;f006;sp022;CONTRACT;ACTIVE;r.melnyk2@ukma.edu.ua;+380501235311;2006-08-17;19
st20240803;Vasyl;Melnyk;Tymurovych;2;2024-09-01;4;f006;sp022;CONTRACT;ACTIVE;v.melnyk7@ukma.edu.ua;+380501235313;2006-04-05;20
st20240804;Dmytro;Polishchuk;Arturovych;2;2024-09-01;5;f006;sp022;CONTRACT;ACTIVE;d.polishchuk@ukma.edu.ua;+380501235312;2006-10-22;19
st20240805;Uliana;Ponomarenko;Oleksandrivna;2;2024-09-01;5;f006;sp022;BUDGET;ACTIVE;u.ponomarenko@ukma.edu.ua;+380501235283;2005-07-03;20
st20240806;Mariia;Rudenko;Antonivna;2;2024-09-01;5;f006;sp022;CONTRACT;ACTIVE;m.rudenko4@ukma.edu.ua;+380501235286;2005-08-21;20
st20240807;Khrystyna;Shevchenko;Andriivna;2;2024-09-01;5;f006;sp022;CONTRACT;ACTIVE;k.shevchenko@ukma.edu.ua;+380501235306;2006-08-21;19
st20240808;Pavlo;Shevchuk;Rostyslavovych;2;2024-09-01;5;f006;sp022;CONTRACT;ACTIVE;p.shevchuk@ukma.edu.ua;+380501235294;2006-01-07;20
st20240809;Sofiia;Shevchuk;Bohdanivna;2;2024-09-01;5;f006;sp022;CONTRACT;ACTIVE;s.shevchuk1@ukma.edu.ua;+380501235297;2005-08-22;20
st20240810;Svitlana;Shevchuk;Antonivna;2;2024-09-01;5;f006;sp022;CONTRACT;ACTIVE;s.shevchuk2@ukma.edu.ua;+380501235308;2005-04-19;21
st20240811;Veronika;Taran;Olehivna;2;2024-09-01;6;f006;sp022;BUDGET;ACTIVE;v.taran@ukma.edu.ua;+380501235281;2005-05-18;20
st20240812;Serhii;Tkachuk;Maksymovych;2;2024-09-01;6;f006;sp022;CONTRACT;ACTIVE;s.tkachuk4@ukma.edu.ua;+380501235298;2005-01-11;21
st20240813;Tetiana;Vlasenko;Romanivna;2;2024-09-01;6;f006;sp022;BUDGET;ACTIVE;t.vlasenko@ukma.edu.ua;+380501235279;2006-03-26;20


st20240814;Roman;Babenko;Dmytrovych;2;2024-09-01;1;f006;sp023;BUDGET;ACTIVE;r.babenko@ukma.edu.ua;+380501235317;2006-05-15;19
st20240815;Sofiia;Babenko;Artemivna;2;2024-09-01;1;f006;sp023;CONTRACT;ACTIVE;s.babenko@ukma.edu.ua;+380501235326;2006-12-25;19
st20240816;Svitlana;Boiko;Antonivna;2;2024-09-01;1;f006;sp023;BUDGET;ACTIVE;s.boiko4@ukma.edu.ua;+380501235334;2005-07-18;20
st20240817;Andrii;Bondarenko;Volodymyrovych;2;2024-09-01;1;f006;sp023;CONTRACT;ACTIVE;a.bondarenko1@ukma.edu.ua;+380501235318;2006-04-24;20
st20240818;Hlib;Bondarenko;Maksymovych;2;2024-09-01;1;f006;sp023;CONTRACT;ACTIVE;h.bondarenko@ukma.edu.ua;+380501235333;2005-06-19;20
st20240819;Stepan;Bondarenko;Vitaliiovych;2;2024-09-01;1;f006;sp023;CONTRACT;ACTIVE;s.bondarenko@ukma.edu.ua;+380501235336;2005-03-26;21
st20240820;Yuliia;Havryliuk;Vitaliivna;2;2024-09-01;1;f006;sp023;CONTRACT;ACTIVE;y.havryliuk@ukma.edu.ua;+380501235320;2006-12-24;19
st20240821;Tymur;Havryliuk;Illich;2;2024-09-01;2;f006;sp023;CONTRACT;ACTIVE;t.havryliuk3@ukma.edu.ua;+380501235338;2005-04-15;21
st20240822;Taras;Havryliuk;Rostyslavovych;2;2024-09-01;2;f006;sp023;CONTRACT;ACTIVE;t.havryliuk4@ukma.edu.ua;+380501235346;2005-09-12;20
st20240823;Viktor;Havryliuk;Andriiovych;2;2024-09-01;2;f006;sp023;BUDGET;ACTIVE;v.havryliuk2@ukma.edu.ua;+380501235350;2006-05-01;19
st20240824;Kyrylo;Ivanenko;Maksymovych;2;2024-09-01;2;f006;sp023;BUDGET;ACTIVE;k.ivanenko2@ukma.edu.ua;+380501235328;2006-10-22;19
st20240825;Daria;Ivanenko;Artemivna;2;2024-09-01;2;f006;sp023;BUDGET;ACTIVE;d.ivanenko2@ukma.edu.ua;+380501235344;2005-08-18;20
st20240826;Artem;Kovalenko;Bohdanovych;2;2024-09-01;2;f006;sp023;CONTRACT;ACTIVE;a.kovalenko4@ukma.edu.ua;+380501235324;2005-03-19;21
st20240827;Solomiia;Kovalenko;Denysivna;2;2024-09-01;2;f006;sp023;BUDGET;ACTIVE;s.kovalenko1@ukma.edu.ua;+380501235332;2006-11-02;19
st20240828;Mykhailo;Kravchenko;Antonovych;2;2024-09-01;3;f006;sp023;BUDGET;ACTIVE;m.kravchenko2@ukma.edu.ua;+380501235351;2005-02-08;21
st20240829;Andrii;Melnyk;Ivanovych;2;2024-09-01;3;f006;sp023;BUDGET;ACTIVE;a.melnyk3@ukma.edu.ua;+380501235349;2005-09-16;20
st20240830;Serhii;Moroz;Rostyslavovych;2;2024-09-01;3;f006;sp023;CONTRACT;ACTIVE;s.moroz1@ukma.edu.ua;+380501235314;2006-08-01;19
st20240831;Bozhena;Moroz;Rostyslavivna;2;2024-09-01;3;f006;sp023;CONTRACT;ACTIVE;b.moroz@ukma.edu.ua;+380501235327;2006-12-11;19
st20240832;Nataliia;Moroz;Illivna;2;2024-09-01;3;f006;sp023;CONTRACT;ACTIVE;n.moroz@ukma.edu.ua;+380501235340;2005-10-20;20
st20240833;Pavlo;Moroz;Stepanovych;2;2024-09-01;3;f006;sp023;CONTRACT;ACTIVE;p.moroz1@ukma.edu.ua;+380501235341;2006-05-02;19
st20240834;Artur;Oliinyk;Illich;2;2024-09-01;3;f006;sp023;CONTRACT;ACTIVE;a.oliinyk2@ukma.edu.ua;+380501235330;2005-07-24;20
st20240835;Bohdan;Oliinyk;Andriiovych;2;2024-09-01;4;f006;sp023;CONTRACT;ACTIVE;b.oliinyk1@ukma.edu.ua;+380501235337;2005-02-20;21
st20240836;Vasyl;Panchenko;Mykolaiovych;2;2024-09-01;4;f006;sp023;BUDGET;ACTIVE;v.panchenko4@ukma.edu.ua;+380501235325;2005-10-03;20
st20240837;Yevhen;Petrenko;Mykolaiovych;2;2024-09-01;4;f006;sp023;CONTRACT;ACTIVE;y.petrenko1@ukma.edu.ua;+380501235329;2005-10-20;20
st20240838;Svitlana;Polishchuk;Stepanivna;2;2024-09-01;4;f006;sp023;CONTRACT;ACTIVE;s.polishchuk1@ukma.edu.ua;+380501235316;2006-04-19;20
st20240839;Vladyslav;Polishchuk;Yuriiovych;2;2024-09-01;4;f006;sp023;BUDGET;ACTIVE;v.polishchuk2@ukma.edu.ua;+380501235319;2006-11-16;19
st20240840;Vira;Polishchuk;Kyrylivna;2;2024-09-01;4;f006;sp023;BUDGET;ACTIVE;v.polishchuk3@ukma.edu.ua;+380501235347;2005-09-03;20
st20240841;Anastasiia;Radchenko;Oleksandrivna;2;2024-09-01;4;f006;sp023;CONTRACT;ACTIVE;a.radchenko4@ukma.edu.ua;+380501235345;2005-09-26;20
st20240842;Iryna;Rudenko;Vladyslavivna;2;2024-09-01;5;f006;sp023;CONTRACT;ACTIVE;i.rudenko1@ukma.edu.ua;+380501235321;2006-09-20;19
st20240843;Artem;Savchenko;Vitaliiovych;2;2024-09-01;5;f006;sp023;CONTRACT;ACTIVE;a.savchenko5@ukma.edu.ua;+380501235322;2006-06-05;19
st20240844;Anhelina;Shevchuk;Romanivna;2;2024-09-01;5;f006;sp023;BUDGET;ACTIVE;a.shevchuk2@ukma.edu.ua;+380501235331;2006-08-16;19
st20240845;Solomiia;Taran;Volodymyrivna;2;2024-09-01;5;f006;sp023;BUDGET;ACTIVE;s.taran3@ukma.edu.ua;+380501235335;2005-09-05;20
st20240846;Zlata;Taran;Tymurivna;2;2024-09-01;5;f006;sp023;BUDGET;ACTIVE;z.taran@ukma.edu.ua;+380501235339;2006-09-26;19
st20240847;Veronika;Taran;Rostyslavivna;2;2024-09-01;5;f006;sp023;CONTRACT;ACTIVE;v.taran1@ukma.edu.ua;+380501235348;2006-01-21;20
st20240848;Anna;Tkachenko;Volodymyrivna;2;2024-09-01;5;f006;sp023;CONTRACT;ACTIVE;a.tkachenko4@ukma.edu.ua;+380501235343;2006-06-11;19
st20240849;Dmytro;Tkachuk;Mykhailovych;2;2024-09-01;6;f006;sp023;CONTRACT;ACTIVE;d.tkachuk1@ukma.edu.ua;+380501235315;2005-09-10;20
st20240850;Daria;Tkachuk;Denysivna;2;2024-09-01;6;f006;sp023;BUDGET;ACTIVE;d.tkachuk2@ukma.edu.ua;+380501235323;2005-07-01;20
st20240851;Yurii;Vlasenko;Bohdanovych;2;2024-09-01;6;f006;sp023;BUDGET;ACTIVE;y.vlasenko1@ukma.edu.ua;+380501235342;2005-02-02;21


st20240852;Anton;Bondar;Antonovych;2;2024-09-01;1;f006;sp024;CONTRACT;ACTIVE;a.bondar4@ukma.edu.ua;+380501235358;2005-11-13;20
st20240853;Roman;Bondar;Serhiiovych;2;2024-09-01;1;f006;sp024;CONTRACT;ACTIVE;r.bondar@ukma.edu.ua;+380501235369;2005-07-10;20
st20240854;Maksym;Bondar;Antonovych;2;2024-09-01;1;f006;sp024;BUDGET;ACTIVE;m.bondar1@ukma.edu.ua;+380501235371;2005-09-08;20
st20240855;Yana;Bondarenko;Tarasivna;2;2024-09-01;1;f006;sp024;BUDGET;ACTIVE;y.bondarenko2@ukma.edu.ua;+380501235373;2005-04-17;21
st20240856;Liubov;Bondarenko;Arturivna;2;2024-09-01;1;f006;sp024;BUDGET;ACTIVE;l.bondarenko1@ukma.edu.ua;+380501235382;2006-08-23;19
st20240857;Mariia;Dmytrenko;Valentynivna;2;2024-09-01;1;f006;sp024;CONTRACT;ACTIVE;m.dmytrenko1@ukma.edu.ua;+380501235352;2006-09-23;19
st20240858;Viktoriia;Dmytrenko;Artemivna;2;2024-09-01;2;f006;sp024;BUDGET;ACTIVE;v.dmytrenko2@ukma.edu.ua;+380501235360;2005-07-19;20
st20240859;Yuliia;Dmytrenko;Tarasivna;2;2024-09-01;2;f006;sp024;BUDGET;ACTIVE;y.dmytrenko1@ukma.edu.ua;+380501235362;2005-08-07;20
st20240860;Dmytro;Hrytsenko;Maksymovych;2;2024-09-01;2;f006;sp024;CONTRACT;ACTIVE;d.hrytsenko1@ukma.edu.ua;+380501235386;2005-06-13;20
st20240861;Svitlana;Hrytsenko;Mykolaivna;2;2024-09-01;2;f006;sp024;CONTRACT;ACTIVE;s.hrytsenko3@ukma.edu.ua;+380501235387;2005-12-05;20
st20240862;Svitlana;Ivanenko;Dmytrivna;2;2024-09-01;2;f006;sp024;BUDGET;ACTIVE;s.ivanenko2@ukma.edu.ua;+380501235372;2006-07-21;19
st20240863;Sofiia;Karpenko;Oleksandrivna;2;2024-09-01;2;f006;sp024;BUDGET;ACTIVE;s.karpenko2@ukma.edu.ua;+380501235363;2005-03-25;21
st20240864;Ihor;Khomenko;Tymurovych;2;2024-09-01;3;f006;sp024;BUDGET;ACTIVE;i.khomenko@ukma.edu.ua;+380501235374;2006-05-14;19
st20240865;Pavlo;Koval;Mykolaiovych;2;2024-09-01;3;f006;sp024;CONTRACT;ACTIVE;p.koval1@ukma.edu.ua;+380501235353;2006-11-22;19
st20240866;Roman;Koval;Yevhenovych;2;2024-09-01;3;f006;sp024;BUDGET;ACTIVE;r.koval1@ukma.edu.ua;+380501235375;2006-12-08;19
st20240867;Diana;Kravchenko;Mykhailivna;2;2024-09-01;3;f006;sp024;CONTRACT;ACTIVE;d.kravchenko2@ukma.edu.ua;+380501235357;2005-01-17;21
st20240868;Oleksandr;Kravchenko;Illich;2;2024-09-01;3;f006;sp024;BUDGET;ACTIVE;o.kravchenko2@ukma.edu.ua;+380501235368;2005-12-03;20
st20240869;Anton;Lysenko;Yevhenovych;2;2024-09-01;3;f006;sp024;BUDGET;ACTIVE;a.lysenko2@ukma.edu.ua;+380501235365;2005-01-09;21
st20240870;Yevhen;Marchenko;Rostyslavovych;2;2024-09-01;4;f006;sp024;BUDGET;ACTIVE;y.marchenko3@ukma.edu.ua;+380501235385;2006-12-04;19
st20240871;Anton;Melnyk;Romanovych;2;2024-09-01;4;f006;sp024;CONTRACT;ACTIVE;a.melnyk4@ukma.edu.ua;+380501235379;2005-11-16;20
st20240872;Yuliia;Moroz;Tymurivna;2;2024-09-01;4;f006;sp024;BUDGET;ACTIVE;y.moroz1@ukma.edu.ua;+380501235356;2005-09-08;20
st20240873;Uliana;Oliinyk;Romanivna;2;2024-09-01;4;f006;sp024;CONTRACT;ACTIVE;u.oliinyk@ukma.edu.ua;+380501235377;2005-06-15;20
st20240874;Serhii;Oliinyk;Denysovych;2;2024-09-01;4;f006;sp024;BUDGET;ACTIVE;s.oliinyk@ukma.edu.ua;+380501235380;2006-01-20;20
st20240875;Stepan;Polishchuk;Vladyslavovych;2;2024-09-01;4;f006;sp024;BUDGET;ACTIVE;s.polishchuk2@ukma.edu.ua;+380501235384;2006-11-01;19
st20240876;Yevhen;Ponomarenko;Vitaliiovych;2;2024-09-01;5;f006;sp024;CONTRACT;ACTIVE;y.ponomarenko3@ukma.edu.ua;+380501235359;2006-03-05;20
st20240877;Kateryna;Ponomarenko;Vitaliivna;2;2024-09-01;5;f006;sp024;BUDGET;ACTIVE;k.ponomarenko2@ukma.edu.ua;+380501235378;2006-05-01;19
st20240878;Anastasiia;Rudenko;Antonivna;2;2024-09-01;5;f006;sp024;CONTRACT;ACTIVE;a.rudenko2@ukma.edu.ua;+380501235355;2005-11-06;20
st20240879;Rostyslav;Rudenko;Denysovych;2;2024-09-01;5;f006;sp024;CONTRACT;ACTIVE;r.rudenko1@ukma.edu.ua;+380501235366;2006-12-21;19
st20240880;Diana;Shevchuk;Vitaliivna;2;2024-09-01;5;f006;sp024;BUDGET;ACTIVE;d.shevchuk@ukma.edu.ua;+380501235361;2006-12-14;19
st20240881;Artem;Sydorenko;Yevhenovych;2;2024-09-01;5;f006;sp024;CONTRACT;ACTIVE;a.sydorenko3@ukma.edu.ua;+380501235370;2005-03-18;21
st20240882;Yurii;Taran;Serhiiovych;2;2024-09-01;6;f006;sp024;CONTRACT;ACTIVE;y.taran1@ukma.edu.ua;+380501235383;2005-05-12;20
st20240883;Andrii;Tkachenko;Maksymovych;2;2024-09-01;6;f006;sp024;CONTRACT;ACTIVE;a.tkachenko5@ukma.edu.ua;+380501235376;2005-04-28;21
st20240884;Halyna;Tkachenko;Vitaliivna;2;2024-09-01;6;f006;sp024;BUDGET;ACTIVE;h.tkachenko@ukma.edu.ua;+380501235381;2005-10-07;20
st20240885;Halyna;Tkachuk;Valentynivna;2;2024-09-01;6;f006;sp024;CONTRACT;ACTIVE;h.tkachuk@ukma.edu.ua;+380501235354;2006-05-06;19
st20240886;Veronika;Tkachuk;Tarasivna;2;2024-09-01;6;f006;sp024;BUDGET;ACTIVE;v.tkachuk@ukma.edu.ua;+380501235367;2005-02-16;21
st20240887;Denys;Vlasenko;Oleksandrovych;2;2024-09-01;6;f006;sp024;BUDGET;ACTIVE;d.vlasenko1@ukma.edu.ua;+380501235364;2006-09-18;19


st20240888;Valeriia;Boiko;Arturivna;2;2024-09-01;1;f006;sp025;BUDGET;ACTIVE;v.boiko4@ukma.edu.ua;+380501235388;2005-04-24;21
st20240889;Vira;Boiko;Mykhailivna;2;2024-09-01;1;f006;sp025;BUDGET;ACTIVE;v.boiko5@ukma.edu.ua;+380501235399;2006-03-02;20
st20240890;Anton;Bondar;Illich;2;2024-09-01;1;f006;sp025;CONTRACT;ACTIVE;a.bondar5@ukma.edu.ua;+380501235409;2005-08-20;20
st20240891;Iryna;Bondarenko;Yuriivna;2;2024-09-01;1;f006;sp025;CONTRACT;ACTIVE;i.bondarenko@ukma.edu.ua;+380501235407;2006-05-03;19
st20240892;Veronika;Bondarenko;Valentynivna;2;2024-09-01;1;f006;sp025;BUDGET;ACTIVE;v.bondarenko5@ukma.edu.ua;+380501235417;2005-08-03;20
st20240893;Yana;Bondarenko;Stepanivna;2;2024-09-01;1;f006;sp025;CONTRACT;ACTIVE;y.bondarenko3@ukma.edu.ua;+380501235424;2005-07-09;20
st20240894;Tymur;Havryliuk;Kyrylovych;2;2024-09-01;1;f006;sp025;CONTRACT;ACTIVE;t.havryliuk5@ukma.edu.ua;+380501235426;2006-01-14;20
st20240895;Tetiana;Honcharenko;Volodymyrivna;2;2024-09-01;2;f006;sp025;CONTRACT;ACTIVE;t.honcharenko1@ukma.edu.ua;+380501235403;2005-04-04;21
st20240896;Viktor;Ivanenko;Romanovych;2;2024-09-01;2;f006;sp025;BUDGET;ACTIVE;v.ivanenko5@ukma.edu.ua;+380501235397;2006-07-09;19
st20240897;Bozhena;Ivanenko;Vitaliivna;2;2024-09-01;2;f006;sp025;CONTRACT;ACTIVE;b.ivanenko@ukma.edu.ua;+380501235398;2006-08-13;19
st20240898;Viktoriia;Karpenko;Yuriivna;2;2024-09-01;2;f006;sp025;BUDGET;ACTIVE;v.karpenko2@ukma.edu.ua;+380501235391;2006-05-17;19
st20240899;Oleksandr;Khomenko;Antonovych;2;2024-09-01;2;f006;sp025;BUDGET;ACTIVE;o.khomenko1@ukma.edu.ua;+380501235396;2006-05-25;19
st20240900;Yurii;Khomenko;Rostyslavovych;2;2024-09-01;2;f006;sp025;CONTRACT;ACTIVE;y.khomenko1@ukma.edu.ua;+380501235422;2006-08-18;19
st20240901;Serhii;Koval;Valentynovych;2;2024-09-01;2;f006;sp025;CONTRACT;ACTIVE;s.koval1@ukma.edu.ua;+380501235410;2006-08-25;19
st20240902;Valeriia;Koval;Hlibivna;2;2024-09-01;3;f006;sp025;BUDGET;ACTIVE;v.koval2@ukma.edu.ua;+380501235413;2006-05-02;19
st20240903;Andrii;Kovalenko;Olehovych;2;2024-09-01;3;f006;sp025;BUDGET;ACTIVE;a.kovalenko5@ukma.edu.ua;+380501235408;2006-02-14;20
st20240904;Taras;Kravchenko;Rostyslavovych;2;2024-09-01;3;f006;sp025;CONTRACT;ACTIVE;t.kravchenko1@ukma.edu.ua;+380501235389;2006-04-20;20
st20240905;Olena;Kravchenko;Yuriivna;2;2024-09-01;3;f006;sp025;CONTRACT;ACTIVE;o.kravchenko3@ukma.edu.ua;+380501235421;2006-02-23;20
st20240906;Ihor;Lysenko;Ivanovych;2;2024-09-01;3;f006;sp025;BUDGET;ACTIVE;i.lysenko2@ukma.edu.ua;+380501235394;2006-05-12;19
st20240907;Dmytro;Lysenko;Hlibovych;2;2024-09-01;3;f006;sp025;CONTRACT;ACTIVE;d.lysenko@ukma.edu.ua;+380501235423;2005-03-20;21
st20240908;Mariia;Marchenko;Serhiivna;2;2024-09-01;3;f006;sp025;CONTRACT;ACTIVE;m.marchenko1@ukma.edu.ua;+380501235390;2005-01-28;21
st20240909;Anhelina;Marchenko;Valentynivna;2;2024-09-01;4;f006;sp025;CONTRACT;ACTIVE;a.marchenko3@ukma.edu.ua;+380501235400;2006-03-28;20
st20240910;Kateryna;Melnyk;Ivanivna;2;2024-09-01;4;f006;sp025;CONTRACT;ACTIVE;k.melnyk2@ukma.edu.ua;+380501235392;2005-08-19;20
st20240911;Nadiia;Melnyk;Mykolaivna;2;2024-09-01;4;f006;sp025;BUDGET;ACTIVE;n.melnyk@ukma.edu.ua;+380501235402;2006-10-09;19
st20240912;Daria;Melnyk;Illivna;2;2024-09-01;4;f006;sp025;CONTRACT;ACTIVE;d.melnyk1@ukma.edu.ua;+380501235419;2006-01-25;20
st20240913;Mykhailo;Oliinyk;Antonovych;2;2024-09-01;4;f006;sp025;CONTRACT;ACTIVE;m.oliinyk2@ukma.edu.ua;+380501235425;2006-01-02;20
st20240914;Anhelina;Petrenko;Stepanivna;2;2024-09-01;4;f006;sp025;CONTRACT;ACTIVE;a.petrenko3@ukma.edu.ua;+380501235420;2006-02-09;20
st20240915;Kseniia;Polishchuk;Dmytrivna;2;2024-09-01;4;f006;sp025;BUDGET;ACTIVE;k.polishchuk1@ukma.edu.ua;+380501235412;2006-08-24;19
st20240916;Pavlo;Radchenko;Mykolaiovych;2;2024-09-01;5;f006;sp025;CONTRACT;ACTIVE;p.radchenko@ukma.edu.ua;+380501235393;2005-10-07;20
st20240917;Tymur;Rudenko;Antonovych;2;2024-09-01;5;f006;sp025;BUDGET;ACTIVE;t.rudenko@ukma.edu.ua;+380501235418;2005-02-02;21
st20240918;Nataliia;Savchenko;Kyrylivna;2;2024-09-01;5;f006;sp025;BUDGET;ACTIVE;n.savchenko@ukma.edu.ua;+380501235395;2005-02-21;21
st20240919;Alisa;Savchenko;Oleksandrivna;2;2024-09-01;5;f006;sp025;CONTRACT;ACTIVE;a.savchenko6@ukma.edu.ua;+380501235405;2006-10-01;19
st20240920;Bozhena;Sydorenko;Vladyslavivna;2;2024-09-01;5;f006;sp025;CONTRACT;ACTIVE;b.sydorenko1@ukma.edu.ua;+380501235401;2006-09-06;19
st20240921;Taras;Sydorenko;Mykhailovych;2;2024-09-01;5;f006;sp025;BUDGET;ACTIVE;t.sydorenko@ukma.edu.ua;+380501235404;2006-02-26;20
st20240922;Vitalii;Sydorenko;Oleksandrovych;2;2024-09-01;5;f006;sp025;CONTRACT;ACTIVE;v.sydorenko5@ukma.edu.ua;+380501235406;2005-03-09;21
st20240923;Alina;Sydorenko;Mykolaivna;2;2024-09-01;6;f006;sp025;CONTRACT;ACTIVE;a.sydorenko4@ukma.edu.ua;+380501235414;2006-11-13;19
st20240924;Nazar;Sydorenko;Mykhailovych;2;2024-09-01;6;f006;sp025;CONTRACT;ACTIVE;n.sydorenko1@ukma.edu.ua;+380501235415;2005-12-03;20
st20240925;Vasyl;Vlasenko;Yuriiovych;2;2024-09-01;6;f006;sp025;CONTRACT;ACTIVE;v.vlasenko5@ukma.edu.ua;+380501235411;2006-02-10;20
st20240926;Svitlana;Vlasenko;Artemivna;2;2024-09-01;6;f006;sp025;CONTRACT;ACTIVE;s.vlasenko1@ukma.edu.ua;+380501235416;2005-10-19;20




















st20230001;Pavlo;Babenko;Tymurovych;3;2023-09-01;1;f001;sp001;CONTRACT;ACTIVE;p.babenko1@ukma.edu.ua;+380501235446;2004-09-16;21
st20230002;Roman;Babenko;Ivanovych;3;2023-09-01;1;f001;sp001;CONTRACT;ACTIVE;r.babenko1@ukma.edu.ua;+380501235451;2005-06-14;20
st20230003;Kyrylo;Babenko;Tymurovych;3;2023-09-01;1;f001;sp001;CONTRACT;ACTIVE;k.babenko2@ukma.edu.ua;+380501235462;2004-03-16;22
st20230004;Kateryna;Boiko;Hlibivna;3;2023-09-01;1;f001;sp001;CONTRACT;ACTIVE;k.boiko2@ukma.edu.ua;+380501235441;2005-12-13;20
st20230005;Halyna;Boiko;Hlibivna;3;2023-09-01;1;f001;sp001;CONTRACT;ACTIVE;h.boiko1@ukma.edu.ua;+380501235453;2004-11-21;21
st20230006;Rostyslav;Boiko;Yevhenovych;3;2023-09-01;1;f001;sp001;CONTRACT;ACTIVE;r.boiko@ukma.edu.ua;+380501235460;2005-11-27;20
st20230007;Kseniia;Dmytrenko;Romanivna;3;2023-09-01;1;f001;sp001;BUDGET;ACTIVE;k.dmytrenko@ukma.edu.ua;+380501235435;2005-11-28;20
st20230008;Denys;Dmytrenko;Tarasovych;3;2023-09-01;2;f001;sp001;CONTRACT;ACTIVE;d.dmytrenko1@ukma.edu.ua;+380501235456;2004-01-01;22
st20230009;Alina;Hrytsenko;Olehivna;3;2023-09-01;2;f001;sp001;BUDGET;ACTIVE;a.hrytsenko1@ukma.edu.ua;+380501235428;2004-07-15;21
st20230010;Oleksandr;Hrytsenko;Romanovych;3;2023-09-01;2;f001;sp001;CONTRACT;ACTIVE;o.hrytsenko1@ukma.edu.ua;+380501235443;2005-06-06;20
st20230011;Illia;Karpenko;Artemovych;3;2023-09-01;2;f001;sp001;BUDGET;ACTIVE;i.karpenko2@ukma.edu.ua;+380501235431;2004-01-06;22
st20230012;Dmytro;Karpenko;Ivanovych;3;2023-09-01;2;f001;sp001;CONTRACT;ACTIVE;d.karpenko2@ukma.edu.ua;+380501235450;2004-05-22;21
st20230013;Volodymyr;Koval;Artemovych;3;2023-09-01;2;f001;sp001;CONTRACT;ACTIVE;v.koval3@ukma.edu.ua;+380501235432;2005-11-07;20
st20230014;Yuliia;Koval;Andriivna;3;2023-09-01;2;f001;sp001;CONTRACT;ACTIVE;y.koval2@ukma.edu.ua;+380501235459;2004-09-15;21
st20230015;Serhii;Kravchenko;Kyrylovych;3;2023-09-01;3;f001;sp001;BUDGET;ACTIVE;s.kravchenko1@ukma.edu.ua;+380501235448;2005-03-17;21
st20230016;Oksana;Lysenko;Romanivna;3;2023-09-01;3;f001;sp001;CONTRACT;ACTIVE;o.lysenko2@ukma.edu.ua;+380501235434;2005-07-27;20
st20230017;Kyrylo;Lysenko;Tarasovych;3;2023-09-01;3;f001;sp001;BUDGET;ACTIVE;k.lysenko1@ukma.edu.ua;+380501235447;2005-12-02;20
st20230018;Maksym;Lysenko;Rostyslavovych;3;2023-09-01;3;f001;sp001;CONTRACT;ACTIVE;m.lysenko1@ukma.edu.ua;+380501235454;2004-10-27;21
st20230019;Kyrylo;Marchenko;Andriiovych;3;2023-09-01;3;f001;sp001;BUDGET;ACTIVE;k.marchenko3@ukma.edu.ua;+380501235445;2004-02-16;22
st20230020;Kseniia;Marchenko;Oleksandrivna;3;2023-09-01;3;f001;sp001;CONTRACT;ACTIVE;k.marchenko4@ukma.edu.ua;+380501235458;2004-06-20;21
st20230021;Serhii;Melnyk;Ivanovych;3;2023-09-01;3;f001;sp001;CONTRACT;ACTIVE;s.melnyk@ukma.edu.ua;+380501235427;2004-04-08;22
st20230022;Iryna;Melnyk;Vitaliivna;3;2023-09-01;4;f001;sp001;BUDGET;ACTIVE;i.melnyk3@ukma.edu.ua;+380501235449;2004-07-01;21
st20230023;Polina;Melnyk;Mykolaivna;3;2023-09-01;4;f001;sp001;CONTRACT;ACTIVE;p.melnyk1@ukma.edu.ua;+380501235452;2005-01-09;21
st20230024;Hlib;Melnyk;Illich;3;2023-09-01;4;f001;sp001;BUDGET;ACTIVE;h.melnyk1@ukma.edu.ua;+380501235457;2004-07-19;21
st20230025;Vasyl;Moroz;Mykhailovych;3;2023-09-01;4;f001;sp001;CONTRACT;ACTIVE;v.moroz2@ukma.edu.ua;+380501235463;2004-06-20;21
st20230026;Olena;Oliinyk;Maksymivna;3;2023-09-01;4;f001;sp001;CONTRACT;ACTIVE;o.oliinyk2@ukma.edu.ua;+380501235465;2004-02-14;22
st20230027;Yevhen;Panchenko;Valentynovych;3;2023-09-01;4;f001;sp001;CONTRACT;ACTIVE;y.panchenko1@ukma.edu.ua;+380501235444;2004-07-08;21
st20230028;Tetiana;Petrenko;Arturivna;3;2023-09-01;4;f001;sp001;CONTRACT;ACTIVE;t.petrenko1@ukma.edu.ua;+380501235436;2005-01-16;21
st20230029;Oksana;Petrenko;Vitaliivna;3;2023-09-01;5;f001;sp001;BUDGET;ACTIVE;o.petrenko1@ukma.edu.ua;+380501235442;2005-12-18;20
st20230030;Denys;Radchenko;Oleksandrovych;3;2023-09-01;5;f001;sp001;BUDGET;ACTIVE;d.radchenko1@ukma.edu.ua;+380501235438;2004-12-22;21
st20230031;Maksym;Radchenko;Artemovych;3;2023-09-01;5;f001;sp001;CONTRACT;ACTIVE;m.radchenko1@ukma.edu.ua;+380501235439;2004-06-03;21
st20230032;Yana;Savchenko;Yuriivna;3;2023-09-01;5;f001;sp001;CONTRACT;ACTIVE;y.savchenko2@ukma.edu.ua;+380501235429;2005-04-15;21
st20230033;Kateryna;Savchenko;Kyrylivna;3;2023-09-01;5;f001;sp001;CONTRACT;ACTIVE;k.savchenko@ukma.edu.ua;+380501235461;2005-01-15;21
st20230034;Oleksandr;Savchenko;Artemovych;3;2023-09-01;5;f001;sp001;CONTRACT;ACTIVE;o.savchenko1@ukma.edu.ua;+380501235464;2005-03-10;21
st20230035;Mykhailo;Shevchenko;Vitaliiovych;3;2023-09-01;5;f001;sp001;CONTRACT;ACTIVE;m.shevchenko@ukma.edu.ua;+380501235440;2005-05-19;20
st20230036;Oleh;Sydorenko;Hlibovych;3;2023-09-01;6;f001;sp001;CONTRACT;ACTIVE;o.sydorenko2@ukma.edu.ua;+380501235430;2004-03-02;22
st20230037;Kseniia;Sydorenko;Serhiivna;3;2023-09-01;6;f001;sp001;BUDGET;ACTIVE;k.sydorenko@ukma.edu.ua;+380501235455;2005-09-06;20
st20230038;Diana;Taran;Valentynivna;3;2023-09-01;6;f001;sp001;BUDGET;ACTIVE;d.taran1@ukma.edu.ua;+380501235433;2005-09-15;20
st20230039;Volodymyr;Vlasenko;Kyrylovych;3;2023-09-01;6;f001;sp001;CONTRACT;ACTIVE;v.vlasenko6@ukma.edu.ua;+380501235437;2005-05-01;20


st20230040;Mariia;Babenko;Ivanivna;3;2023-09-01;1;f001;sp002;CONTRACT;ACTIVE;m.babenko1@ukma.edu.ua;+380501235477;2005-01-20;21
st20230041;Kateryna;Babenko;Illivna;3;2023-09-01;1;f001;sp002;CONTRACT;ACTIVE;k.babenko3@ukma.edu.ua;+380501235489;2005-06-24;20
st20230042;Polina;Babenko;Antonivna;3;2023-09-01;1;f001;sp002;CONTRACT;ACTIVE;p.babenko2@ukma.edu.ua;+380501235490;2005-01-01;21
st20230043;Dmytro;Boiko;Denysovych;3;2023-09-01;1;f001;sp002;CONTRACT;ACTIVE;d.boiko1@ukma.edu.ua;+380501235468;2004-03-26;22
st20230044;Polina;Bondar;Illivna;3;2023-09-01;1;f001;sp002;BUDGET;ACTIVE;p.bondar1@ukma.edu.ua;+380501235495;2005-08-10;20
st20230045;Anna;Bondarenko;Antonivna;3;2023-09-01;1;f001;sp002;CONTRACT;ACTIVE;a.bondarenko2@ukma.edu.ua;+380501235471;2005-11-18;20
st20230046;Nadiia;Havryliuk;Tarasivna;3;2023-09-01;1;f001;sp002;BUDGET;ACTIVE;n.havryliuk1@ukma.edu.ua;+380501235476;2005-09-15;20
st20230047;Artem;Honcharenko;Hlibovych;3;2023-09-01;2;f001;sp002;CONTRACT;ACTIVE;a.honcharenko3@ukma.edu.ua;+380501235473;2004-11-03;21
st20230048;Sofiia;Honcharenko;Vitaliivna;3;2023-09-01;2;f001;sp002;BUDGET;ACTIVE;s.honcharenko2@ukma.edu.ua;+380501235478;2005-03-13;21
st20230049;Mykola;Honcharenko;Volodymyrovych;3;2023-09-01;2;f001;sp002;CONTRACT;ACTIVE;m.honcharenko2@ukma.edu.ua;+380501235504;2005-05-15;20
st20230050;Liubov;Hrytsenko;Antonivna;3;2023-09-01;2;f001;sp002;CONTRACT;ACTIVE;l.hrytsenko@ukma.edu.ua;+380501235466;2005-08-13;20
st20230051;Halyna;Ivanenko;Oleksandrivna;3;2023-09-01;2;f001;sp002;CONTRACT;ACTIVE;h.ivanenko@ukma.edu.ua;+380501235499;2005-12-13;20
st20230052;Diana;Khomenko;Serhiivna;3;2023-09-01;2;f001;sp002;BUDGET;ACTIVE;d.khomenko@ukma.edu.ua;+380501235470;2005-03-22;21
st20230053;Illia;Koval;Oleksandrovych;3;2023-09-01;2;f001;sp002;CONTRACT;ACTIVE;i.koval3@ukma.edu.ua;+380501235475;2005-02-08;21
st20230054;Oksana;Kovalenko;Tarasivna;3;2023-09-01;3;f001;sp002;BUDGET;ACTIVE;o.kovalenko3@ukma.edu.ua;+380501235492;2005-01-23;21
st20230055;Denys;Kravchenko;Dmytrovych;3;2023-09-01;3;f001;sp002;BUDGET;ACTIVE;d.kravchenko3@ukma.edu.ua;+380501235497;2005-12-22;20
st20230056;Vladyslav;Marchenko;Oleksandrovych;3;2023-09-01;3;f001;sp002;CONTRACT;ACTIVE;v.marchenko6@ukma.edu.ua;+380501235494;2005-12-14;20
st20230057;Tetiana;Melnyk;Hlibivna;3;2023-09-01;3;f001;sp002;BUDGET;ACTIVE;t.melnyk4@ukma.edu.ua;+380501235481;2004-06-07;21
st20230058;Iryna;Moroz;Hlibivna;3;2023-09-01;3;f001;sp002;BUDGET;ACTIVE;i.moroz2@ukma.edu.ua;+380501235479;2004-08-25;21
st20230059;Artur;Moroz;Kyrylovych;3;2023-09-01;3;f001;sp002;CONTRACT;ACTIVE;a.moroz4@ukma.edu.ua;+380501235480;2004-06-15;21
st20230060;Taras;Panchenko;Mykolaiovych;3;2023-09-01;3;f001;sp002;CONTRACT;ACTIVE;t.panchenko1@ukma.edu.ua;+380501235486;2004-09-01;21
st20230061;Veronika;Petrenko;Olehivna;3;2023-09-01;4;f001;sp002;BUDGET;ACTIVE;v.petrenko2@ukma.edu.ua;+380501235493;2005-02-02;21
st20230062;Denys;Petrenko;Denysovych;3;2023-09-01;4;f001;sp002;CONTRACT;ACTIVE;d.petrenko@ukma.edu.ua;+380501235500;2004-04-23;22
st20230063;Vladyslav;Petrenko;Oleksandrovych;3;2023-09-01;4;f001;sp002;BUDGET;ACTIVE;v.petrenko3@ukma.edu.ua;+380501235501;2004-12-21;21
st20230064;Svitlana;Petrenko;Olehivna;3;2023-09-01;4;f001;sp002;CONTRACT;ACTIVE;s.petrenko1@ukma.edu.ua;+380501235502;2005-01-04;21
st20230065;Hlib;Polishchuk;Bohdanovych;3;2023-09-01;4;f001;sp002;CONTRACT;ACTIVE;h.polishchuk1@ukma.edu.ua;+380501235484;2005-08-05;20
st20230066;Yana;Ponomarenko;Kyrylivna;3;2023-09-01;4;f001;sp002;CONTRACT;ACTIVE;y.ponomarenko4@ukma.edu.ua;+380501235482;2005-08-07;20
st20230067;Mykhailo;Rudenko;Stepanovych;3;2023-09-01;4;f001;sp002;CONTRACT;ACTIVE;m.rudenko5@ukma.edu.ua;+380501235487;2004-03-09;22
st20230068;Illia;Savchenko;Rostyslavovych;3;2023-09-01;5;f001;sp002;CONTRACT;ACTIVE;i.savchenko2@ukma.edu.ua;+380501235485;2004-05-28;21
st20230069;Hlib;Savchenko;Andriiovych;3;2023-09-01;5;f001;sp002;CONTRACT;ACTIVE;h.savchenko@ukma.edu.ua;+380501235491;2004-07-23;21
st20230070;Liubov;Sydorenko;Illivna;3;2023-09-01;5;f001;sp002;CONTRACT;ACTIVE;l.sydorenko2@ukma.edu.ua;+380501235472;2005-09-12;20
st20230071;Vasyl;Taran;Stepanovych;3;2023-09-01;5;f001;sp002;CONTRACT;ACTIVE;v.taran2@ukma.edu.ua;+380501235483;2004-04-27;22
st20230072;Liubov;Taran;Vitaliivna;3;2023-09-01;5;f001;sp002;BUDGET;ACTIVE;l.taran@ukma.edu.ua;+380501235488;2004-12-11;21
st20230073;Kateryna;Tkachenko;Stepanivna;3;2023-09-01;5;f001;sp002;BUDGET;ACTIVE;k.tkachenko1@ukma.edu.ua;+380501235474;2005-09-22;20
st20230074;Vitalii;Tkachuk;Kyrylovych;3;2023-09-01;5;f001;sp002;BUDGET;ACTIVE;v.tkachuk1@ukma.edu.ua;+380501235467;2004-09-09;21
st20230075;Oleksandr;Tkachuk;Denysovych;3;2023-09-01;6;f001;sp002;BUDGET;ACTIVE;o.tkachuk1@ukma.edu.ua;+380501235469;2004-12-05;21
st20230076;Yevhen;Vlasenko;Andriiovych;3;2023-09-01;6;f001;sp002;CONTRACT;ACTIVE;y.vlasenko2@ukma.edu.ua;+380501235496;2005-08-09;20
st20230077;Illia;Vlasenko;Illich;3;2023-09-01;6;f001;sp002;BUDGET;ACTIVE;i.vlasenko3@ukma.edu.ua;+380501235498;2004-07-21;21
st20230078;Taras;Vlasenko;Rostyslavovych;3;2023-09-01;6;f001;sp002;BUDGET;ACTIVE;t.vlasenko1@ukma.edu.ua;+380501235503;2004-06-12;21


st20230079;Khrystyna;Boiko;Ivanivna;3;2023-09-01;1;f001;sp003;BUDGET;ACTIVE;k.boiko3@ukma.edu.ua;+380501235509;2005-09-19;20
st20230080;Maksym;Bondar;Vladyslavovych;3;2023-09-01;1;f001;sp003;BUDGET;ACTIVE;m.bondar2@ukma.edu.ua;+380501235510;2005-07-19;20
st20230081;Yuliia;Bondarenko;Mykhailivna;3;2023-09-01;1;f001;sp003;CONTRACT;ACTIVE;y.bondarenko4@ukma.edu.ua;+380501235512;2004-02-02;22
st20230082;Solomiia;Bondarenko;Denysivna;3;2023-09-01;1;f001;sp003;CONTRACT;ACTIVE;s.bondarenko1@ukma.edu.ua;+380501235531;2004-02-06;22
st20230083;Valeriia;Dmytrenko;Illivna;3;2023-09-01;1;f001;sp003;CONTRACT;ACTIVE;v.dmytrenko3@ukma.edu.ua;+380501235505;2005-10-18;20
st20230084;Dmytro;Havryliuk;Antonovych;3;2023-09-01;1;f001;sp003;CONTRACT;ACTIVE;d.havryliuk@ukma.edu.ua;+380501235547;2005-05-25;20
st20230085;Anna;Honcharenko;Bohdanivna;3;2023-09-01;1;f001;sp003;CONTRACT;ACTIVE;a.honcharenko4@ukma.edu.ua;+380501235535;2004-11-13;21
st20230086;Vira;Honcharenko;Maksymivna;3;2023-09-01;1;f001;sp003;CONTRACT;ACTIVE;v.honcharenko4@ukma.edu.ua;+380501235536;2004-12-23;21
st20230087;Uliana;Hrytsenko;Tarasivna;3;2023-09-01;2;f001;sp003;CONTRACT;ACTIVE;u.hrytsenko1@ukma.edu.ua;+380501235543;2004-11-06;21
st20230088;Yuliia;Ivanenko;Romanivna;3;2023-09-01;2;f001;sp003;CONTRACT;ACTIVE;y.ivanenko1@ukma.edu.ua;+380501235523;2004-12-28;21
st20230089;Sofiia;Ivanenko;Kyrylivna;3;2023-09-01;2;f001;sp003;CONTRACT;ACTIVE;s.ivanenko3@ukma.edu.ua;+380501235525;2004-08-26;21
st20230090;Yelyzaveta;Ivanenko;Mykhailivna;3;2023-09-01;2;f001;sp003;CONTRACT;ACTIVE;y.ivanenko2@ukma.edu.ua;+380501235542;2004-03-13;22
st20230091;Valeriia;Koval;Vitaliivna;3;2023-09-01;2;f001;sp003;CONTRACT;ACTIVE;v.koval4@ukma.edu.ua;+380501235537;2004-02-21;22
st20230092;Oleh;Kovalenko;Tarasovych;3;2023-09-01;2;f001;sp003;CONTRACT;ACTIVE;o.kovalenko4@ukma.edu.ua;+380501235519;2005-03-17;21
st20230093;Rostyslav;Kravchenko;Vitaliiovych;3;2023-09-01;2;f001;sp003;CONTRACT;ACTIVE;r.kravchenko3@ukma.edu.ua;+380501235508;2005-08-05;20
st20230094;Bohdan;Kravchenko;Yevhenovych;3;2023-09-01;2;f001;sp003;CONTRACT;ACTIVE;b.kravchenko1@ukma.edu.ua;+380501235518;2004-03-08;22
st20230095;Oleh;Lysenko;Yevhenovych;3;2023-09-01;3;f001;sp003;CONTRACT;ACTIVE;o.lysenko3@ukma.edu.ua;+380501235520;2005-03-10;21
st20230096;Tymur;Lysenko;Denysovych;3;2023-09-01;3;f001;sp003;CONTRACT;ACTIVE;t.lysenko2@ukma.edu.ua;+380501235524;2004-05-10;21
st20230097;Yelyzaveta;Lysenko;Bohdanivna;3;2023-09-01;3;f001;sp003;CONTRACT;ACTIVE;y.lysenko3@ukma.edu.ua;+380501235545;2005-03-06;21
st20230098;Diana;Marchenko;Maksymivna;3;2023-09-01;3;f001;sp003;CONTRACT;ACTIVE;d.marchenko@ukma.edu.ua;+380501235515;2005-11-09;20
st20230099;Oksana;Marchenko;Olehivna;3;2023-09-01;3;f001;sp003;CONTRACT;ACTIVE;o.marchenko@ukma.edu.ua;+380501235530;2005-02-17;21
st20230100;Kateryna;Marchenko;Olehivna;3;2023-09-01;3;f001;sp003;BUDGET;ACTIVE;k.marchenko5@ukma.edu.ua;+380501235546;2004-10-28;21
st20230101;Olena;Melnyk;Tymurivna;3;2023-09-01;3;f001;sp003;CONTRACT;ACTIVE;o.melnyk1@ukma.edu.ua;+380501235538;2005-08-20;20
st20230102;Hlib;Melnyk;Rostyslavovych;3;2023-09-01;3;f001;sp003;CONTRACT;ACTIVE;h.melnyk2@ukma.edu.ua;+380501235544;2004-12-11;21
st20230103;Ihor;Moroz;Tarasovych;3;2023-09-01;4;f001;sp003;CONTRACT;ACTIVE;i.moroz3@ukma.edu.ua;+380501235529;2004-10-18;21
st20230104;Zlata;Panchenko;Mykhailivna;3;2023-09-01;4;f001;sp003;BUDGET;ACTIVE;z.panchenko@ukma.edu.ua;+380501235541;2005-03-23;21
st20230105;Denys;Petrenko;Tarasovych;3;2023-09-01;4;f001;sp003;BUDGET;ACTIVE;d.petrenko1@ukma.edu.ua;+380501235517;2004-10-23;21
st20230106;Rostyslav;Polishchuk;Denysovych;3;2023-09-01;4;f001;sp003;CONTRACT;ACTIVE;r.polishchuk1@ukma.edu.ua;+380501235511;2005-11-15;20
st20230107;Hlib;Polishchuk;Romanovych;3;2023-09-01;4;f001;sp003;CONTRACT;ACTIVE;h.polishchuk2@ukma.edu.ua;+380501235514;2004-03-01;22
st20230108;Anastasiia;Ponomarenko;Vladyslavivna;3;2023-09-01;4;f001;sp003;CONTRACT;ACTIVE;a.ponomarenko4@ukma.edu.ua;+380501235526;2005-09-25;20
st20230109;Diana;Radchenko;Serhiivna;3;2023-09-01;4;f001;sp003;BUDGET;ACTIVE;d.radchenko2@ukma.edu.ua;+380501235540;2005-11-21;20
st20230110;Oleksandr;Rudenko;Ivanovych;3;2023-09-01;4;f001;sp003;BUDGET;ACTIVE;o.rudenko1@ukma.edu.ua;+380501235534;2005-11-20;20
st20230111;Oleksandr;Rudenko;Ivanovych;3;2023-09-01;5;f001;sp003;CONTRACT;ACTIVE;o.rudenko2@ukma.edu.ua;+380501235548;2005-06-12;20
st20230112;Rostyslav;Savchenko;Mykhailovych;3;2023-09-01;5;f001;sp003;CONTRACT;ACTIVE;r.savchenko@ukma.edu.ua;+380501235522;2005-02-14;21
st20230113;Anhelina;Savchenko;Antonivna;3;2023-09-01;5;f001;sp003;CONTRACT;ACTIVE;a.savchenko7@ukma.edu.ua;+380501235527;2005-04-26;21
st20230114;Polina;Savchenko;Serhiivna;3;2023-09-01;5;f001;sp003;CONTRACT;ACTIVE;p.savchenko@ukma.edu.ua;+380501235532;2004-06-08;21
st20230115;Yana;Shevchuk;Andriivna;3;2023-09-01;5;f001;sp003;CONTRACT;ACTIVE;y.shevchuk2@ukma.edu.ua;+380501235507;2005-11-09;20
st20230116;Kseniia;Sydorenko;Valentynivna;3;2023-09-01;5;f001;sp003;CONTRACT;ACTIVE;k.sydorenko1@ukma.edu.ua;+380501235513;2004-02-17;22
st20230117;Ivan;Sydorenko;Illich;3;2023-09-01;5;f001;sp003;BUDGET;ACTIVE;i.sydorenko2@ukma.edu.ua;+380501235528;2004-09-09;21
st20230118;Valentyn;Taran;Yevhenovych;3;2023-09-01;5;f001;sp003;CONTRACT;ACTIVE;v.taran3@ukma.edu.ua;+380501235516;2004-02-14;22
st20230119;Veronika;Taran;Volodymyrivna;3;2023-09-01;6;f001;sp003;CONTRACT;ACTIVE;v.taran4@ukma.edu.ua;+380501235539;2004-05-22;21
st20230120;Halyna;Tkachuk;Yevhenivna;3;2023-09-01;6;f001;sp003;CONTRACT;ACTIVE;h.tkachuk1@ukma.edu.ua;+380501235506;2005-06-18;20
st20230121;Viktoriia;Tkachuk;Vladyslavivna;3;2023-09-01;6;f001;sp003;CONTRACT;ACTIVE;v.tkachuk2@ukma.edu.ua;+380501235521;2005-04-14;21
st20230122;Bohdan;Tkachuk;Yuriiovych;3;2023-09-01;6;f001;sp003;BUDGET;ACTIVE;b.tkachuk1@ukma.edu.ua;+380501235533;2005-11-19;20


st20230123;Bozhena;Babenko;Bohdanivna;3;2023-09-01;1;f001;sp004;BUDGET;ACTIVE;b.babenko1@ukma.edu.ua;+380501235557;2004-11-24;21
st20230124;Oleh;Babenko;Tymurovych;3;2023-09-01;1;f001;sp004;CONTRACT;ACTIVE;o.babenko@ukma.edu.ua;+380501235569;2004-06-17;21
st20230125;Yuliia;Boiko;Maksymivna;3;2023-09-01;1;f001;sp004;BUDGET;ACTIVE;y.boiko2@ukma.edu.ua;+380501235573;2005-05-05;20
st20230126;Volodymyr;Boiko;Antonovych;3;2023-09-01;1;f001;sp004;BUDGET;ACTIVE;v.boiko6@ukma.edu.ua;+380501235584;2005-11-01;20
st20230127;Artur;Boiko;Andriiovych;3;2023-09-01;1;f001;sp004;BUDGET;ACTIVE;a.boiko2@ukma.edu.ua;+380501235589;2005-06-02;20
st20230128;Mykhailo;Bondarenko;Oleksandrovych;3;2023-09-01;1;f001;sp004;BUDGET;ACTIVE;m.bondarenko1@ukma.edu.ua;+380501235577;2004-01-04;22
st20230129;Pavlo;Honcharenko;Valentynovych;3;2023-09-01;1;f001;sp004;CONTRACT;ACTIVE;p.honcharenko@ukma.edu.ua;+380501235570;2005-11-09;20
st20230130;Zlata;Honcharenko;Volodymyrivna;3;2023-09-01;2;f001;sp004;CONTRACT;ACTIVE;z.honcharenko@ukma.edu.ua;+380501235588;2004-01-10;22
st20230131;Zlata;Hrytsenko;Artemivna;3;2023-09-01;2;f001;sp004;BUDGET;ACTIVE;z.hrytsenko@ukma.edu.ua;+380501235549;2005-10-05;20
st20230132;Pavlo;Hrytsenko;Romanovych;3;2023-09-01;2;f001;sp004;BUDGET;ACTIVE;p.hrytsenko3@ukma.edu.ua;+380501235554;2005-12-15;20
st20230133;Anhelina;Ivanenko;Hlibivna;3;2023-09-01;2;f001;sp004;CONTRACT;ACTIVE;a.ivanenko4@ukma.edu.ua;+380501235565;2004-07-13;21
st20230134;Viktoriia;Ivanenko;Ivanivna;3;2023-09-01;2;f001;sp004;CONTRACT;ACTIVE;v.ivanenko6@ukma.edu.ua;+380501235566;2005-06-28;20
st20230135;Alisa;Khomenko;Mykhailivna;3;2023-09-01;2;f001;sp004;BUDGET;ACTIVE;a.khomenko4@ukma.edu.ua;+380501235560;2004-11-13;21
st20230136;Yelyzaveta;Kovalenko;Kyrylivna;3;2023-09-01;2;f001;sp004;BUDGET;ACTIVE;y.kovalenko1@ukma.edu.ua;+380501235571;2005-10-11;20
st20230137;Bozhena;Kovalenko;Tarasivna;3;2023-09-01;3;f001;sp004;BUDGET;ACTIVE;b.kovalenko@ukma.edu.ua;+380501235587;2004-11-20;21
st20230138;Illia;Kravchenko;Andriiovych;3;2023-09-01;3;f001;sp004;CONTRACT;ACTIVE;i.kravchenko@ukma.edu.ua;+380501235574;2004-10-15;21
st20230139;Nadiia;Lysenko;Volodymyrivna;3;2023-09-01;3;f001;sp004;CONTRACT;ACTIVE;n.lysenko1@ukma.edu.ua;+380501235551;2005-06-04;20
st20230140;Anna;Marchenko;Mykhailivna;3;2023-09-01;3;f001;sp004;CONTRACT;ACTIVE;a.marchenko4@ukma.edu.ua;+380501235555;2004-07-11;21
st20230141;Roman;Marchenko;Oleksandrovych;3;2023-09-01;3;f001;sp004;BUDGET;ACTIVE;r.marchenko1@ukma.edu.ua;+380501235567;2005-07-14;20
st20230142;Anastasiia;Melnyk;Valentynivna;3;2023-09-01;3;f001;sp004;BUDGET;ACTIVE;a.melnyk5@ukma.edu.ua;+380501235579;2004-07-14;21
st20230143;Nataliia;Panchenko;Serhiivna;3;2023-09-01;3;f001;sp004;BUDGET;ACTIVE;n.panchenko@ukma.edu.ua;+380501235563;2004-11-10;21
st20230144;Vladyslav;Panchenko;Olehovych;3;2023-09-01;4;f001;sp004;CONTRACT;ACTIVE;v.panchenko5@ukma.edu.ua;+380501235564;2004-03-20;22
st20230145;Anastasiia;Panchenko;Oleksandrivna;3;2023-09-01;4;f001;sp004;CONTRACT;ACTIVE;a.panchenko@ukma.edu.ua;+380501235575;2005-03-22;21
st20230146;Ivan;Petrenko;Arturovych;3;2023-09-01;4;f001;sp004;BUDGET;ACTIVE;i.petrenko5@ukma.edu.ua;+380501235561;2004-12-21;21
st20230147;Yana;Petrenko;Yuriivna;3;2023-09-01;4;f001;sp004;BUDGET;ACTIVE;y.petrenko2@ukma.edu.ua;+380501235572;2005-07-08;20
st20230148;Mykhailo;Petrenko;Valentynovych;3;2023-09-01;4;f001;sp004;CONTRACT;ACTIVE;m.petrenko@ukma.edu.ua;+380501235582;2004-08-05;21
st20230149;Daria;Polishchuk;Tymurivna;3;2023-09-01;4;f001;sp004;CONTRACT;ACTIVE;d.polishchuk1@ukma.edu.ua;+380501235580;2005-05-14;20
st20230150;Nadiia;Polishchuk;Mykolaivna;3;2023-09-01;4;f001;sp004;BUDGET;ACTIVE;n.polishchuk@ukma.edu.ua;+380501235585;2004-04-01;22
st20230151;Anna;Rudenko;Kyrylivna;3;2023-09-01;5;f001;sp004;CONTRACT;ACTIVE;a.rudenko3@ukma.edu.ua;+380501235586;2004-04-25;22
st20230152;Iryna;Savchenko;Kyrylivna;3;2023-09-01;5;f001;sp004;BUDGET;ACTIVE;i.savchenko3@ukma.edu.ua;+380501235581;2005-10-18;20
st20230153;Nazar;Sydorenko;Stepanovych;3;2023-09-01;5;f001;sp004;BUDGET;ACTIVE;n.sydorenko2@ukma.edu.ua;+380501235568;2005-03-08;21
st20230154;Alina;Sydorenko;Bohdanivna;3;2023-09-01;5;f001;sp004;CONTRACT;ACTIVE;a.sydorenko5@ukma.edu.ua;+380501235583;2005-02-20;21
st20230155;Vira;Taran;Illivna;3;2023-09-01;5;f001;sp004;CONTRACT;ACTIVE;v.taran5@ukma.edu.ua;+380501235553;2004-02-26;22
st20230156;Artem;Taran;Serhiiovych;3;2023-09-01;5;f001;sp004;BUDGET;ACTIVE;a.taran4@ukma.edu.ua;+380501235562;2005-02-23;21
st20230157;Mykhailo;Taran;Olehovych;3;2023-09-01;5;f001;sp004;CONTRACT;ACTIVE;m.taran1@ukma.edu.ua;+380501235578;2004-10-22;21
st20230158;Mykola;Tkachuk;Tarasovych;3;2023-09-01;6;f001;sp004;CONTRACT;ACTIVE;m.tkachuk1@ukma.edu.ua;+380501235550;2004-05-11;21
st20230159;Sofiia;Tkachuk;Antonivna;3;2023-09-01;6;f001;sp004;CONTRACT;ACTIVE;s.tkachuk5@ukma.edu.ua;+380501235552;2005-02-17;21
st20230160;Hlib;Tkachuk;Maksymovych;3;2023-09-01;6;f001;sp004;BUDGET;ACTIVE;h.tkachuk2@ukma.edu.ua;+380501235556;2004-03-18;22
st20230161;Viktor;Vlasenko;Dmytrovych;3;2023-09-01;6;f001;sp004;CONTRACT;ACTIVE;v.vlasenko7@ukma.edu.ua;+380501235558;2005-12-06;20
st20230162;Iryna;Vlasenko;Romanivna;3;2023-09-01;6;f001;sp004;CONTRACT;ACTIVE;i.vlasenko4@ukma.edu.ua;+380501235559;2005-01-28;21
st20230163;Denys;Vlasenko;Vladyslavovych;3;2023-09-01;6;f001;sp004;CONTRACT;ACTIVE;d.vlasenko2@ukma.edu.ua;+380501235576;2005-06-17;20


st20230164;Ivan;Boiko;Yevhenovych;3;2023-09-01;1;f001;sp005;BUDGET;ACTIVE;i.boiko1@ukma.edu.ua;+380501235593;2005-11-13;20
st20230165;Oleksandr;Boiko;Antonovych;3;2023-09-01;1;f001;sp005;CONTRACT;ACTIVE;o.boiko1@ukma.edu.ua;+380501235616;2004-07-17;21
st20230166;Sofiia;Bondarenko;Vitaliivna;3;2023-09-01;1;f001;sp005;CONTRACT;ACTIVE;s.bondarenko2@ukma.edu.ua;+380501235604;2004-01-13;22
st20230167;Illia;Bondarenko;Valentynovych;3;2023-09-01;1;f001;sp005;BUDGET;ACTIVE;i.bondarenko1@ukma.edu.ua;+380501235627;2005-06-20;20
st20230168;Nadiia;Dmytrenko;Ivanivna;3;2023-09-01;1;f001;sp005;BUDGET;ACTIVE;n.dmytrenko1@ukma.edu.ua;+380501235597;2004-04-09;22
st20230169;Vitalii;Honcharenko;Bohdanovych;3;2023-09-01;1;f001;sp005;BUDGET;ACTIVE;v.honcharenko5@ukma.edu.ua;+380501235608;2004-11-14;21
st20230170;Denys;Ivanenko;Antonovych;3;2023-09-01;1;f001;sp005;BUDGET;ACTIVE;d.ivanenko3@ukma.edu.ua;+380501235612;2005-04-04;21
st20230171;Bozhena;Ivanenko;Yuriivna;3;2023-09-01;2;f001;sp005;BUDGET;ACTIVE;b.ivanenko1@ukma.edu.ua;+380501235613;2005-10-02;20
st20230172;Khrystyna;Ivanenko;Valentynivna;3;2023-09-01;2;f001;sp005;CONTRACT;ACTIVE;k.ivanenko3@ukma.edu.ua;+380501235618;2004-05-28;21
st20230173;Kseniia;Ivanenko;Valentynivna;3;2023-09-01;2;f001;sp005;CONTRACT;ACTIVE;k.ivanenko4@ukma.edu.ua;+380501235622;2005-05-07;20
st20230174;Khrystyna;Karpenko;Rostyslavivna;3;2023-09-01;2;f001;sp005;CONTRACT;ACTIVE;k.karpenko3@ukma.edu.ua;+380501235598;2005-11-03;20
st20230175;Ihor;Khomenko;Serhiiovych;3;2023-09-01;2;f001;sp005;CONTRACT;ACTIVE;i.khomenko1@ukma.edu.ua;+380501235592;2005-02-27;21
st20230176;Olena;Khomenko;Yevhenivna;3;2023-09-01;2;f001;sp005;CONTRACT;ACTIVE;o.khomenko2@ukma.edu.ua;+380501235611;2004-12-12;21
st20230177;Artur;Koval;Illich;3;2023-09-01;2;f001;sp005;CONTRACT;ACTIVE;a.koval1@ukma.edu.ua;+380501235594;2005-02-16;21
st20230178;Artem;Koval;Andriiovych;3;2023-09-01;3;f001;sp005;CONTRACT;ACTIVE;a.koval2@ukma.edu.ua;+380501235619;2005-10-10;20
st20230179;Halyna;Kovalenko;Arturivna;3;2023-09-01;3;f001;sp005;CONTRACT;ACTIVE;h.kovalenko@ukma.edu.ua;+380501235600;2004-05-23;21
st20230180;Bohdan;Kovalenko;Olehovych;3;2023-09-01;3;f001;sp005;CONTRACT;ACTIVE;b.kovalenko1@ukma.edu.ua;+380501235601;2004-04-18;22
st20230181;Anastasiia;Lysenko;Olehivna;3;2023-09-01;3;f001;sp005;BUDGET;ACTIVE;a.lysenko3@ukma.edu.ua;+380501235629;2005-05-17;20
st20230182;Yuliia;Marchenko;Dmytrivna;3;2023-09-01;3;f001;sp005;CONTRACT;ACTIVE;y.marchenko4@ukma.edu.ua;+380501235591;2005-05-06;20
st20230183;Viktor;Marchenko;Denysovych;3;2023-09-01;3;f001;sp005;CONTRACT;ACTIVE;v.marchenko7@ukma.edu.ua;+380501235605;2004-04-03;22
st20230184;Vitalii;Marchenko;Artemovych;3;2023-09-01;3;f001;sp005;CONTRACT;ACTIVE;v.marchenko8@ukma.edu.ua;+380501235617;2005-01-06;21
st20230185;Nataliia;Moroz;Volodymyrivna;3;2023-09-01;4;f001;sp005;CONTRACT;ACTIVE;n.moroz1@ukma.edu.ua;+380501235628;2005-11-13;20
st20230186;Anhelina;Oliinyk;Arturivna;3;2023-09-01;4;f001;sp005;BUDGET;ACTIVE;a.oliinyk3@ukma.edu.ua;+380501235596;2005-12-09;20
st20230187;Oleksandr;Oliinyk;Romanovych;3;2023-09-01;4;f001;sp005;CONTRACT;ACTIVE;o.oliinyk3@ukma.edu.ua;+380501235621;2005-03-28;21
st20230188;Yurii;Panchenko;Tymurovych;3;2023-09-01;4;f001;sp005;CONTRACT;ACTIVE;y.panchenko2@ukma.edu.ua;+380501235606;2004-07-23;21
st20230189;Solomiia;Panchenko;Denysivna;3;2023-09-01;4;f001;sp005;CONTRACT;ACTIVE;s.panchenko2@ukma.edu.ua;+380501235624;2004-09-12;21
st20230190;Ivan;Petrenko;Yevhenovych;3;2023-09-01;4;f001;sp005;CONTRACT;ACTIVE;i.petrenko6@ukma.edu.ua;+380501235590;2004-09-02;21
st20230191;Uliana;Petrenko;Tymurivna;3;2023-09-01;4;f001;sp005;BUDGET;ACTIVE;u.petrenko@ukma.edu.ua;+380501235620;2004-08-26;21
st20230192;Alisa;Polishchuk;Tarasivna;3;2023-09-01;5;f001;sp005;BUDGET;ACTIVE;a.polishchuk3@ukma.edu.ua;+380501235595;2004-03-15;22
st20230193;Rostyslav;Polishchuk;Vladyslavovych;3;2023-09-01;5;f001;sp005;CONTRACT;ACTIVE;r.polishchuk2@ukma.edu.ua;+380501235599;2004-03-11;22
st20230194;Kseniia;Ponomarenko;Vladyslavivna;3;2023-09-01;5;f001;sp005;BUDGET;ACTIVE;k.ponomarenko3@ukma.edu.ua;+380501235602;2005-05-12;20
st20230195;Mykola;Ponomarenko;Mykhailovych;3;2023-09-01;5;f001;sp005;CONTRACT;ACTIVE;m.ponomarenko1@ukma.edu.ua;+380501235603;2004-09-10;21
st20230196;Artem;Ponomarenko;Antonovych;3;2023-09-01;5;f001;sp005;BUDGET;ACTIVE;a.ponomarenko5@ukma.edu.ua;+380501235615;2004-10-12;21
st20230197;Rostyslav;Radchenko;Andriiovych;3;2023-09-01;5;f001;sp005;CONTRACT;ACTIVE;r.radchenko@ukma.edu.ua;+380501235610;2004-02-12;22
st20230198;Solomiia;Radchenko;Olehivna;3;2023-09-01;5;f001;sp005;BUDGET;ACTIVE;s.radchenko2@ukma.edu.ua;+380501235623;2004-03-24;22
st20230199;Anna;Radchenko;Stepanivna;3;2023-09-01;6;f001;sp005;CONTRACT;ACTIVE;a.radchenko5@ukma.edu.ua;+380501235626;2005-10-12;20
st20230200;Anton;Savchenko;Hlibovych;3;2023-09-01;6;f001;sp005;CONTRACT;ACTIVE;a.savchenko8@ukma.edu.ua;+380501235609;2004-03-18;22
st20230201;Mykhailo;Savchenko;Volodymyrovych;3;2023-09-01;6;f001;sp005;BUDGET;ACTIVE;m.savchenko1@ukma.edu.ua;+380501235630;2004-08-18;21
st20230202;Halyna;Shevchenko;Stepanivna;3;2023-09-01;6;f001;sp005;CONTRACT;ACTIVE;h.shevchenko1@ukma.edu.ua;+380501235607;2005-12-04;20
st20230203;Taras;Shevchenko;Rostyslavovych;3;2023-09-01;6;f001;sp005;CONTRACT;ACTIVE;t.shevchenko2@ukma.edu.ua;+380501235625;2004-12-14;21
st20230204;Yana;Tkachuk;Tymurivna;3;2023-09-01;6;f001;sp005;CONTRACT;ACTIVE;y.tkachuk@ukma.edu.ua;+380501235614;2005-09-27;20
st20230205;Kateryna;Vlasenko;Tymurivna;3;2023-09-01;6;f001;sp005;CONTRACT;ACTIVE;k.vlasenko2@ukma.edu.ua;+380501235631;2005-10-19;20






st20230206;Nataliia;Babenko;Olehivna;3;2023-09-01;1;f002;sp006;CONTRACT;ACTIVE;n.babenko@ukma.edu.ua;+380501235633;2004-01-05;22
st20230207;Andrii;Bondar;Olehovych;3;2023-09-01;1;f002;sp006;CONTRACT;ACTIVE;a.bondar6@ukma.edu.ua;+380501235643;2004-06-19;21
st20230208;Anna;Bondar;Bohdanivna;3;2023-09-01;1;f002;sp006;BUDGET;ACTIVE;a.bondar7@ukma.edu.ua;+380501235658;2005-01-03;21
st20230209;Liubov;Dmytrenko;Stepanivna;3;2023-09-01;1;f002;sp006;BUDGET;ACTIVE;l.dmytrenko1@ukma.edu.ua;+380501235638;2004-05-20;21
st20230210;Ivan;Dmytrenko;Mykhailovych;3;2023-09-01;1;f002;sp006;BUDGET;ACTIVE;i.dmytrenko1@ukma.edu.ua;+380501235663;2004-01-06;22
st20230211;Rostyslav;Havryliuk;Mykolaiovych;3;2023-09-01;1;f002;sp006;CONTRACT;ACTIVE;r.havryliuk@ukma.edu.ua;+380501235654;2004-01-11;22
st20230212;Svitlana;Havryliuk;Yevhenivna;3;2023-09-01;1;f002;sp006;BUDGET;ACTIVE;s.havryliuk2@ukma.edu.ua;+380501235666;2004-03-05;22
st20230213;Kseniia;Honcharenko;Yevhenivna;3;2023-09-01;1;f002;sp006;BUDGET;ACTIVE;k.honcharenko1@ukma.edu.ua;+380501235655;2005-11-22;20
st20230214;Denys;Ivanenko;Ivanovych;3;2023-09-01;2;f002;sp006;BUDGET;ACTIVE;d.ivanenko4@ukma.edu.ua;+380501235651;2005-11-06;20
st20230215;Yuliia;Ivanenko;Ivanivna;3;2023-09-01;2;f002;sp006;BUDGET;ACTIVE;y.ivanenko3@ukma.edu.ua;+380501235656;2004-06-21;21
st20230216;Ihor;Khomenko;Arturovych;3;2023-09-01;2;f002;sp006;BUDGET;ACTIVE;i.khomenko2@ukma.edu.ua;+380501235634;2005-11-19;20
st20230217;Solomiia;Khomenko;Bohdanivna;3;2023-09-01;2;f002;sp006;CONTRACT;ACTIVE;s.khomenko1@ukma.edu.ua;+380501235647;2004-09-04;21
st20230218;Kseniia;Khomenko;Stepanivna;3;2023-09-01;2;f002;sp006;CONTRACT;ACTIVE;k.khomenko1@ukma.edu.ua;+380501235661;2005-11-15;20
st20230219;Khrystyna;Koval;Mykolaivna;3;2023-09-01;2;f002;sp006;BUDGET;ACTIVE;k.koval@ukma.edu.ua;+380501235639;2005-02-10;21
st20230220;Liubov;Kovalenko;Serhiivna;3;2023-09-01;2;f002;sp006;BUDGET;ACTIVE;l.kovalenko@ukma.edu.ua;+380501235644;2004-08-25;21
st20230221;Kyrylo;Kovalenko;Kyrylovych;3;2023-09-01;2;f002;sp006;BUDGET;ACTIVE;k.kovalenko1@ukma.edu.ua;+380501235650;2005-07-08;20
st20230222;Sofiia;Kovalenko;Yuriivna;3;2023-09-01;3;f002;sp006;BUDGET;ACTIVE;s.kovalenko2@ukma.edu.ua;+380501235653;2005-11-14;20
st20230223;Artem;Kravchenko;Andriiovych;3;2023-09-01;3;f002;sp006;BUDGET;ACTIVE;a.kravchenko3@ukma.edu.ua;+380501235635;2004-09-06;21
st20230224;Valentyn;Marchenko;Vitaliiovych;3;2023-09-01;3;f002;sp006;BUDGET;ACTIVE;v.marchenko9@ukma.edu.ua;+380501235645;2005-07-04;20
st20230225;Rostyslav;Marchenko;Stepanovych;3;2023-09-01;3;f002;sp006;BUDGET;ACTIVE;r.marchenko2@ukma.edu.ua;+380501235668;2004-03-24;22
st20230226;Oleh;Petrenko;Vitaliiovych;3;2023-09-01;3;f002;sp006;BUDGET;ACTIVE;o.petrenko2@ukma.edu.ua;+380501235632;2005-02-10;21
st20230227;Kseniia;Petrenko;Hlibivna;3;2023-09-01;3;f002;sp006;CONTRACT;ACTIVE;k.petrenko2@ukma.edu.ua;+380501235648;2005-05-24;20
st20230228;Pavlo;Petrenko;Valentynovych;3;2023-09-01;3;f002;sp006;CONTRACT;ACTIVE;p.petrenko1@ukma.edu.ua;+380501235660;2005-06-05;20
st20230229;Yevhen;Petrenko;Dmytrovych;3;2023-09-01;3;f002;sp006;BUDGET;ACTIVE;y.petrenko3@ukma.edu.ua;+380501235667;2005-06-28;20
st20230230;Kyrylo;Polishchuk;Hlibovych;3;2023-09-01;4;f002;sp006;CONTRACT;ACTIVE;k.polishchuk2@ukma.edu.ua;+380501235637;2004-06-06;21
st20230231;Yurii;Radchenko;Denysovych;3;2023-09-01;4;f002;sp006;BUDGET;ACTIVE;y.radchenko5@ukma.edu.ua;+380501235669;2004-07-15;21
st20230232;Mariia;Savchenko;Antonivna;3;2023-09-01;4;f002;sp006;BUDGET;ACTIVE;m.savchenko2@ukma.edu.ua;+380501235640;2005-04-27;21
st20230233;Kseniia;Savchenko;Andriivna;3;2023-09-01;4;f002;sp006;BUDGET;ACTIVE;k.savchenko1@ukma.edu.ua;+380501235649;2004-07-02;21
st20230234;Hlib;Savchenko;Romanovych;3;2023-09-01;4;f002;sp006;BUDGET;ACTIVE;h.savchenko1@ukma.edu.ua;+380501235652;2005-05-18;20
st20230235;Hlib;Savchenko;Valentynovych;3;2023-09-01;4;f002;sp006;CONTRACT;ACTIVE;h.savchenko2@ukma.edu.ua;+380501235665;2005-07-24;20
st20230236;Svitlana;Shevchenko;Dmytrivna;3;2023-09-01;4;f002;sp006;CONTRACT;ACTIVE;s.shevchenko2@ukma.edu.ua;+380501235664;2004-03-12;22
st20230237;Oleh;Shevchuk;Mykolaiovych;3;2023-09-01;4;f002;sp006;CONTRACT;ACTIVE;o.shevchuk1@ukma.edu.ua;+380501235662;2004-07-22;21
st20230238;Kyrylo;Shevchuk;Antonovych;3;2023-09-01;5;f002;sp006;CONTRACT;ACTIVE;k.shevchuk2@ukma.edu.ua;+380501235670;2005-01-07;21
st20230239;Uliana;Sydorenko;Denysivna;3;2023-09-01;5;f002;sp006;BUDGET;ACTIVE;u.sydorenko@ukma.edu.ua;+380501235657;2005-09-01;20
st20230240;Roman;Taran;Vitaliiovych;3;2023-09-01;5;f002;sp006;BUDGET;ACTIVE;r.taran@ukma.edu.ua;+380501235659;2004-03-14;22
st20230241;Halyna;Taran;Valentynivna;3;2023-09-01;5;f002;sp006;CONTRACT;ACTIVE;h.taran@ukma.edu.ua;+380501235674;2005-12-02;20
st20230242;Khrystyna;Taran;Oleksandrivna;3;2023-09-01;5;f002;sp006;CONTRACT;ACTIVE;k.taran1@ukma.edu.ua;+380501235675;2004-10-21;21
st20230243;Andrii;Tkachenko;Andriiovych;3;2023-09-01;5;f002;sp006;CONTRACT;ACTIVE;a.tkachenko6@ukma.edu.ua;+380501235636;2004-11-24;21
st20230244;Yevhen;Tkachenko;Tarasovych;3;2023-09-01;5;f002;sp006;BUDGET;ACTIVE;y.tkachenko1@ukma.edu.ua;+380501235642;2004-09-04;21
st20230245;Valeriia;Tkachenko;Denysivna;3;2023-09-01;5;f002;sp006;CONTRACT;ACTIVE;v.tkachenko6@ukma.edu.ua;+380501235646;2005-11-28;20
st20230246;Diana;Tkachuk;Mykolaivna;3;2023-09-01;6;f002;sp006;CONTRACT;ACTIVE;d.tkachuk3@ukma.edu.ua;+380501235641;2004-08-10;21
st20230247;Serhii;Tkachuk;Denysovych;3;2023-09-01;6;f002;sp006;BUDGET;ACTIVE;s.tkachuk6@ukma.edu.ua;+380501235671;2005-03-14;21
st20230248;Ihor;Tkachuk;Serhiiovych;3;2023-09-01;6;f002;sp006;CONTRACT;ACTIVE;i.tkachuk1@ukma.edu.ua;+380501235672;2004-03-02;22
st20230249;Andrii;Tkachuk;Tymurovych;3;2023-09-01;6;f002;sp006;CONTRACT;ACTIVE;a.tkachuk@ukma.edu.ua;+380501235673;2004-04-21;22


st20230250;Liubov;Babenko;Romanivna;3;2023-09-01;1;f002;sp007;CONTRACT;ACTIVE;l.babenko1@ukma.edu.ua;+380501235676;2004-06-27;21
st20230251;Denys;Babenko;Oleksandrovych;3;2023-09-01;1;f002;sp007;BUDGET;ACTIVE;d.babenko1@ukma.edu.ua;+380501235693;2005-02-15;21
st20230252;Iryna;Bondar;Serhiivna;3;2023-09-01;1;f002;sp007;CONTRACT;ACTIVE;i.bondar3@ukma.edu.ua;+380501235694;2004-11-27;21
st20230253;Taras;Bondarenko;Oleksandrovych;3;2023-09-01;1;f002;sp007;BUDGET;ACTIVE;t.bondarenko1@ukma.edu.ua;+380501235682;2005-10-18;20
st20230254;Mykola;Dmytrenko;Serhiiovych;3;2023-09-01;1;f002;sp007;BUDGET;ACTIVE;m.dmytrenko2@ukma.edu.ua;+380501235678;2005-04-26;21
st20230255;Denys;Dmytrenko;Denysovych;3;2023-09-01;1;f002;sp007;BUDGET;ACTIVE;d.dmytrenko2@ukma.edu.ua;+380501235686;2005-08-22;20
st20230256;Valeriia;Havryliuk;Olehivna;3;2023-09-01;1;f002;sp007;CONTRACT;ACTIVE;v.havryliuk3@ukma.edu.ua;+380501235691;2004-01-16;22
st20230257;Uliana;Havryliuk;Illivna;3;2023-09-01;2;f002;sp007;BUDGET;ACTIVE;u.havryliuk@ukma.edu.ua;+380501235709;2004-10-05;21
st20230258;Vitalii;Honcharenko;Tarasovych;3;2023-09-01;2;f002;sp007;CONTRACT;ACTIVE;v.honcharenko6@ukma.edu.ua;+380501235714;2004-03-07;22
st20230259;Roman;Ivanenko;Artemovych;3;2023-09-01;2;f002;sp007;CONTRACT;ACTIVE;r.ivanenko1@ukma.edu.ua;+380501235683;2005-06-20;20
st20230260;Taras;Ivanenko;Bohdanovych;3;2023-09-01;2;f002;sp007;BUDGET;ACTIVE;t.ivanenko3@ukma.edu.ua;+380501235687;2004-07-26;21
st20230261;Serhii;Ivanenko;Volodymyrovych;3;2023-09-01;2;f002;sp007;BUDGET;ACTIVE;s.ivanenko4@ukma.edu.ua;+380501235688;2004-09-18;21
st20230262;Ihor;Ivanenko;Ivanovych;3;2023-09-01;2;f002;sp007;CONTRACT;ACTIVE;i.ivanenko2@ukma.edu.ua;+380501235701;2004-06-22;21
st20230263;Viktor;Ivanenko;Maksymovych;3;2023-09-01;2;f002;sp007;CONTRACT;ACTIVE;v.ivanenko7@ukma.edu.ua;+380501235702;2005-09-24;20
st20230264;Vladyslav;Karpenko;Yevhenovych;3;2023-09-01;3;f002;sp007;BUDGET;ACTIVE;v.karpenko3@ukma.edu.ua;+380501235710;2005-06-26;20
st20230265;Polina;Koval;Stepanivna;3;2023-09-01;3;f002;sp007;BUDGET;ACTIVE;p.koval2@ukma.edu.ua;+380501235679;2005-01-12;21
st20230266;Viktor;Koval;Antonovych;3;2023-09-01;3;f002;sp007;BUDGET;ACTIVE;v.koval5@ukma.edu.ua;+380501235699;2005-04-28;21
st20230267;Nazar;Kravchenko;Kyrylovych;3;2023-09-01;3;f002;sp007;BUDGET;ACTIVE;n.kravchenko2@ukma.edu.ua;+380501235684;2004-11-08;21
st20230268;Stepan;Kravchenko;Arturovych;3;2023-09-01;3;f002;sp007;CONTRACT;ACTIVE;s.kravchenko2@ukma.edu.ua;+380501235703;2004-04-22;22
st20230269;Denys;Lysenko;Romanovych;3;2023-09-01;3;f002;sp007;CONTRACT;ACTIVE;d.lysenko1@ukma.edu.ua;+380501235696;2005-12-08;20
st20230270;Mykola;Lysenko;Maksymovych;3;2023-09-01;3;f002;sp007;BUDGET;ACTIVE;m.lysenko2@ukma.edu.ua;+380501235713;2004-12-25;21
st20230271;Oleh;Melnyk;Dmytrovych;3;2023-09-01;4;f002;sp007;CONTRACT;ACTIVE;o.melnyk2@ukma.edu.ua;+380501235685;2004-04-26;22
st20230272;Oleksandr;Melnyk;Valentynovych;3;2023-09-01;4;f002;sp007;BUDGET;ACTIVE;o.melnyk3@ukma.edu.ua;+380501235695;2005-08-12;20
st20230273;Rostyslav;Melnyk;Valentynovych;3;2023-09-01;4;f002;sp007;CONTRACT;ACTIVE;r.melnyk3@ukma.edu.ua;+380501235698;2004-04-27;22
st20230274;Tetiana;Ponomarenko;Kyrylivna;3;2023-09-01;4;f002;sp007;BUDGET;ACTIVE;t.ponomarenko1@ukma.edu.ua;+380501235704;2005-03-22;21
st20230275;Stepan;Ponomarenko;Dmytrovych;3;2023-09-01;4;f002;sp007;CONTRACT;ACTIVE;s.ponomarenko3@ukma.edu.ua;+380501235705;2005-11-08;20
st20230276;Yuliia;Radchenko;Arturivna;3;2023-09-01;4;f002;sp007;BUDGET;ACTIVE;y.radchenko6@ukma.edu.ua;+380501235700;2004-11-28;21
st20230277;Stepan;Rudenko;Yevhenovych;3;2023-09-01;4;f002;sp007;CONTRACT;ACTIVE;s.rudenko3@ukma.edu.ua;+380501235677;2005-10-08;20
st20230278;Tymur;Rudenko;Vitaliiovych;3;2023-09-01;5;f002;sp007;CONTRACT;ACTIVE;t.rudenko1@ukma.edu.ua;+380501235708;2004-09-03;21
st20230279;Oleh;Savchenko;Olehovych;3;2023-09-01;5;f002;sp007;CONTRACT;ACTIVE;o.savchenko2@ukma.edu.ua;+380501235711;2004-08-14;21
st20230280;Artem;Shevchuk;Antonovych;3;2023-09-01;5;f002;sp007;CONTRACT;ACTIVE;a.shevchuk3@ukma.edu.ua;+380501235680;2004-12-13;21
st20230281;Nadiia;Sydorenko;Maksymivna;3;2023-09-01;5;f002;sp007;CONTRACT;ACTIVE;n.sydorenko3@ukma.edu.ua;+380501235707;2004-02-13;22
st20230282;Mykhailo;Tkachenko;Rostyslavovych;3;2023-09-01;5;f002;sp007;BUDGET;ACTIVE;m.tkachenko1@ukma.edu.ua;+380501235690;2005-10-10;20
st20230283;Mykhailo;Tkachenko;Tarasovych;3;2023-09-01;5;f002;sp007;CONTRACT;ACTIVE;m.tkachenko2@ukma.edu.ua;+380501235706;2005-06-01;20
st20230284;Dmytro;Tkachuk;Illich;3;2023-09-01;5;f002;sp007;BUDGET;ACTIVE;d.tkachuk4@ukma.edu.ua;+380501235692;2005-12-02;20
st20230285;Diana;Vlasenko;Denysivna;3;2023-09-01;6;f002;sp007;BUDGET;ACTIVE;d.vlasenko3@ukma.edu.ua;+380501235681;2004-10-11;21
st20230286;Roman;Vlasenko;Arturovych;3;2023-09-01;6;f002;sp007;CONTRACT;ACTIVE;r.vlasenko1@ukma.edu.ua;+380501235689;2005-02-15;21
st20230287;Nataliia;Vlasenko;Serhiivna;3;2023-09-01;6;f002;sp007;CONTRACT;ACTIVE;n.vlasenko@ukma.edu.ua;+380501235697;2004-05-15;21
st20230288;Alisa;Vlasenko;Denysivna;3;2023-09-01;6;f002;sp007;CONTRACT;ACTIVE;a.vlasenko5@ukma.edu.ua;+380501235712;2004-09-25;21


st20230289;Solomiia;Babenko;Stepanivna;3;2023-09-01;1;f002;sp008;BUDGET;ACTIVE;s.babenko1@ukma.edu.ua;+380501235722;2004-10-01;21
st20230290;Tymur;Babenko;Artemovych;3;2023-09-01;1;f002;sp008;CONTRACT;ACTIVE;t.babenko1@ukma.edu.ua;+380501235729;2004-02-08;22
st20230291;Alina;Babenko;Romanivna;3;2023-09-01;1;f002;sp008;BUDGET;ACTIVE;a.babenko3@ukma.edu.ua;+380501235746;2005-02-20;21
st20230292;Svitlana;Boiko;Tarasivna;3;2023-09-01;1;f002;sp008;CONTRACT;ACTIVE;s.boiko5@ukma.edu.ua;+380501235734;2004-03-16;22
st20230293;Mykola;Boiko;Romanovych;3;2023-09-01;1;f002;sp008;BUDGET;ACTIVE;m.boiko2@ukma.edu.ua;+380501235737;2005-01-06;21
st20230294;Viktoriia;Bondar;Mykolaivna;3;2023-09-01;1;f002;sp008;CONTRACT;ACTIVE;v.bondar3@ukma.edu.ua;+380501235741;2004-12-17;21
st20230295;Nadiia;Honcharenko;Tymurivna;3;2023-09-01;1;f002;sp008;CONTRACT;ACTIVE;n.honcharenko1@ukma.edu.ua;+380501235740;2004-08-07;21
st20230296;Illia;Hrytsenko;Maksymovych;3;2023-09-01;2;f002;sp008;CONTRACT;ACTIVE;i.hrytsenko1@ukma.edu.ua;+380501235744;2004-08-08;21
st20230297;Zlata;Hrytsenko;Volodymyrivna;3;2023-09-01;2;f002;sp008;CONTRACT;ACTIVE;z.hrytsenko1@ukma.edu.ua;+380501235747;2005-11-25;20
st20230298;Bohdan;Khomenko;Tymurovych;3;2023-09-01;2;f002;sp008;CONTRACT;ACTIVE;b.khomenko@ukma.edu.ua;+380501235716;2005-02-10;21
st20230299;Illia;Koval;Tymurovych;3;2023-09-01;2;f002;sp008;CONTRACT;ACTIVE;i.koval4@ukma.edu.ua;+380501235726;2004-08-14;21
st20230300;Mykhailo;Koval;Romanovych;3;2023-09-01;2;f002;sp008;BUDGET;ACTIVE;m.koval@ukma.edu.ua;+380501235748;2005-10-21;20
st20230301;Dmytro;Koval;Oleksandrovych;3;2023-09-01;2;f002;sp008;CONTRACT;ACTIVE;d.koval1@ukma.edu.ua;+380501235751;2005-03-12;21
st20230302;Tetiana;Kravchenko;Artemivna;3;2023-09-01;2;f002;sp008;CONTRACT;ACTIVE;t.kravchenko2@ukma.edu.ua;+380501235738;2004-10-20;21
st20230303;Daria;Lysenko;Olehivna;3;2023-09-01;3;f002;sp008;BUDGET;ACTIVE;d.lysenko2@ukma.edu.ua;+380501235727;2005-02-28;21
st20230304;Kyrylo;Moroz;Illich;3;2023-09-01;3;f002;sp008;BUDGET;ACTIVE;k.moroz1@ukma.edu.ua;+380501235745;2005-09-16;20
st20230305;Yuliia;Oliinyk;Vitaliivna;3;2023-09-01;3;f002;sp008;BUDGET;ACTIVE;y.oliinyk@ukma.edu.ua;+380501235732;2004-11-01;21
st20230306;Illia;Panchenko;Denysovych;3;2023-09-01;3;f002;sp008;BUDGET;ACTIVE;i.panchenko3@ukma.edu.ua;+380501235723;2004-09-18;21
st20230307;Mykhailo;Panchenko;Maksymovych;3;2023-09-01;3;f002;sp008;CONTRACT;ACTIVE;m.panchenko1@ukma.edu.ua;+380501235750;2005-09-28;20
st20230308;Mykhailo;Petrenko;Hlibovych;3;2023-09-01;3;f002;sp008;CONTRACT;ACTIVE;m.petrenko1@ukma.edu.ua;+380501235753;2004-10-25;21
st20230309;Iryna;Polishchuk;Artemivna;3;2023-09-01;3;f002;sp008;CONTRACT;ACTIVE;i.polishchuk2@ukma.edu.ua;+380501235754;2004-04-08;22
st20230310;Kyrylo;Polishchuk;Tymurovych;3;2023-09-01;4;f002;sp008;BUDGET;ACTIVE;k.polishchuk3@ukma.edu.ua;+380501235756;2004-12-11;21
st20230311;Vasyl;Ponomarenko;Valentynovych;3;2023-09-01;4;f002;sp008;CONTRACT;ACTIVE;v.ponomarenko1@ukma.edu.ua;+380501235717;2005-01-28;21
st20230312;Kseniia;Ponomarenko;Volodymyrivna;3;2023-09-01;4;f002;sp008;CONTRACT;ACTIVE;k.ponomarenko4@ukma.edu.ua;+380501235719;2004-09-17;21
st20230313;Kyrylo;Ponomarenko;Kyrylovych;3;2023-09-01;4;f002;sp008;CONTRACT;ACTIVE;k.ponomarenko5@ukma.edu.ua;+380501235733;2004-02-19;22
st20230314;Vira;Radchenko;Mykolaivna;3;2023-09-01;4;f002;sp008;CONTRACT;ACTIVE;v.radchenko2@ukma.edu.ua;+380501235721;2005-07-03;20
st20230315;Stepan;Radchenko;Vladyslavovych;3;2023-09-01;4;f002;sp008;CONTRACT;ACTIVE;s.radchenko3@ukma.edu.ua;+380501235749;2005-10-19;20
st20230316;Vasyl;Rudenko;Maksymovych;3;2023-09-01;4;f002;sp008;CONTRACT;ACTIVE;v.rudenko4@ukma.edu.ua;+380501235718;2004-01-24;22
st20230317;Halyna;Shevchenko;Serhiivna;3;2023-09-01;5;f002;sp008;CONTRACT;ACTIVE;h.shevchenko2@ukma.edu.ua;+380501235715;2005-11-07;20
st20230318;Khrystyna;Shevchenko;Mykolaivna;3;2023-09-01;5;f002;sp008;CONTRACT;ACTIVE;k.shevchenko1@ukma.edu.ua;+380501235731;2004-12-24;21
st20230319;Liubov;Sydorenko;Olehivna;3;2023-09-01;5;f002;sp008;BUDGET;ACTIVE;l.sydorenko3@ukma.edu.ua;+380501235739;2004-03-15;22
st20230320;Hlib;Sydorenko;Dmytrovych;3;2023-09-01;5;f002;sp008;CONTRACT;ACTIVE;h.sydorenko1@ukma.edu.ua;+380501235752;2004-02-28;22
st20230321;Yelyzaveta;Taran;Mykolaivna;3;2023-09-01;5;f002;sp008;CONTRACT;ACTIVE;y.taran2@ukma.edu.ua;+380501235735;2005-03-18;21
st20230322;Kyrylo;Taran;Denysovych;3;2023-09-01;5;f002;sp008;CONTRACT;ACTIVE;k.taran2@ukma.edu.ua;+380501235743;2004-05-25;21
st20230323;Taras;Taran;Serhiiovych;3;2023-09-01;5;f002;sp008;CONTRACT;ACTIVE;t.taran2@ukma.edu.ua;+380501235755;2005-12-24;20
st20230324;Viktor;Tkachenko;Antonovych;3;2023-09-01;6;f002;sp008;CONTRACT;ACTIVE;v.tkachenko7@ukma.edu.ua;+380501235720;2004-05-13;21
st20230325;Halyna;Tkachenko;Vladyslavivna;3;2023-09-01;6;f002;sp008;BUDGET;ACTIVE;h.tkachenko1@ukma.edu.ua;+380501235724;2005-02-27;21
st20230326;Artur;Tkachenko;Vladyslavovych;3;2023-09-01;6;f002;sp008;CONTRACT;ACTIVE;a.tkachenko7@ukma.edu.ua;+380501235725;2005-05-18;20
st20230327;Maksym;Tkachenko;Rostyslavovych;3;2023-09-01;6;f002;sp008;CONTRACT;ACTIVE;m.tkachenko3@ukma.edu.ua;+380501235730;2004-09-16;21
st20230328;Nataliia;Vlasenko;Mykolaivna;3;2023-09-01;6;f002;sp008;BUDGET;ACTIVE;n.vlasenko1@ukma.edu.ua;+380501235728;2004-09-05;21
st20230329;Uliana;Vlasenko;Andriivna;3;2023-09-01;6;f002;sp008;BUDGET;ACTIVE;u.vlasenko@ukma.edu.ua;+380501235736;2005-06-09;20
st20230330;Anhelina;Vlasenko;Tarasivna;3;2023-09-01;6;f002;sp008;CONTRACT;ACTIVE;a.vlasenko6@ukma.edu.ua;+380501235742;2004-12-02;21


st20230331;Kseniia;Boiko;Mykhailivna;3;2023-09-01;1;f002;sp009;BUDGET;ACTIVE;k.boiko4@ukma.edu.ua;+380501235769;2004-05-22;21
st20230332;Tymur;Bondarenko;Antonovych;3;2023-09-01;1;f002;sp009;CONTRACT;ACTIVE;t.bondarenko2@ukma.edu.ua;+380501235776;2004-01-14;22
st20230333;Solomiia;Bondarenko;Ivanivna;3;2023-09-01;1;f002;sp009;CONTRACT;ACTIVE;s.bondarenko3@ukma.edu.ua;+380501235781;2004-07-14;21
st20230334;Polina;Honcharenko;Ivanivna;3;2023-09-01;1;f002;sp009;BUDGET;ACTIVE;p.honcharenko1@ukma.edu.ua;+380501235757;2004-04-21;22
st20230335;Andrii;Honcharenko;Artemovych;3;2023-09-01;1;f002;sp009;CONTRACT;ACTIVE;a.honcharenko5@ukma.edu.ua;+380501235780;2005-10-07;20
st20230336;Yuliia;Honcharenko;Tymurivna;3;2023-09-01;1;f002;sp009;BUDGET;ACTIVE;y.honcharenko2@ukma.edu.ua;+380501235784;2004-02-02;22
st20230337;Kateryna;Hrytsenko;Rostyslavivna;3;2023-09-01;1;f002;sp009;BUDGET;ACTIVE;k.hrytsenko@ukma.edu.ua;+380501235775;2005-09-06;20
st20230338;Andrii;Hrytsenko;Illich;3;2023-09-01;2;f002;sp009;BUDGET;ACTIVE;a.hrytsenko2@ukma.edu.ua;+380501235793;2004-12-20;21
st20230339;Artem;Hrytsenko;Tymurovych;3;2023-09-01;2;f002;sp009;CONTRACT;ACTIVE;a.hrytsenko3@ukma.edu.ua;+380501235795;2004-08-28;21
st20230340;Mariia;Karpenko;Andriivna;3;2023-09-01;2;f002;sp009;CONTRACT;ACTIVE;m.karpenko1@ukma.edu.ua;+380501235760;2004-09-22;21
st20230341;Svitlana;Khomenko;Rostyslavivna;3;2023-09-01;2;f002;sp009;BUDGET;ACTIVE;s.khomenko2@ukma.edu.ua;+380501235786;2004-02-10;22
st20230342;Denys;Koval;Romanovych;3;2023-09-01;2;f002;sp009;BUDGET;ACTIVE;d.koval2@ukma.edu.ua;+380501235758;2004-10-24;21
st20230343;Uliana;Kovalenko;Olehivna;3;2023-09-01;2;f002;sp009;CONTRACT;ACTIVE;u.kovalenko2@ukma.edu.ua;+380501235766;2005-04-27;21
st20230344;Oksana;Kovalenko;Bohdanivna;3;2023-09-01;2;f002;sp009;CONTRACT;ACTIVE;o.kovalenko5@ukma.edu.ua;+380501235767;2005-10-05;20
st20230345;Yelyzaveta;Lysenko;Andriivna;3;2023-09-01;3;f002;sp009;BUDGET;ACTIVE;y.lysenko4@ukma.edu.ua;+380501235765;2004-06-20;21
st20230346;Veronika;Lysenko;Andriivna;3;2023-09-01;3;f002;sp009;BUDGET;ACTIVE;v.lysenko6@ukma.edu.ua;+380501235787;2005-01-13;21
st20230347;Mykola;Marchenko;Andriiovych;3;2023-09-01;3;f002;sp009;BUDGET;ACTIVE;m.marchenko2@ukma.edu.ua;+380501235777;2004-12-17;21
st20230348;Ihor;Melnyk;Yuriiovych;3;2023-09-01;3;f002;sp009;CONTRACT;ACTIVE;i.melnyk4@ukma.edu.ua;+380501235759;2005-11-14;20
st20230349;Artur;Moroz;Arturovych;3;2023-09-01;3;f002;sp009;BUDGET;ACTIVE;a.moroz5@ukma.edu.ua;+380501235763;2004-03-27;22
st20230350;Diana;Moroz;Stepanivna;3;2023-09-01;3;f002;sp009;CONTRACT;ACTIVE;d.moroz1@ukma.edu.ua;+380501235782;2004-09-15;21
st20230351;Bozhena;Oliinyk;Tymurivna;3;2023-09-01;3;f002;sp009;CONTRACT;ACTIVE;b.oliinyk2@ukma.edu.ua;+380501235764;2004-01-22;22
st20230352;Diana;Oliinyk;Antonivna;3;2023-09-01;4;f002;sp009;CONTRACT;ACTIVE;d.oliinyk1@ukma.edu.ua;+380501235790;2004-03-24;22
st20230353;Kyrylo;Petrenko;Stepanovych;3;2023-09-01;4;f002;sp009;CONTRACT;ACTIVE;k.petrenko3@ukma.edu.ua;+380501235768;2005-05-19;20
st20230354;Daria;Petrenko;Antonivna;3;2023-09-01;4;f002;sp009;CONTRACT;ACTIVE;d.petrenko2@ukma.edu.ua;+380501235794;2005-10-15;20
st20230355;Ivan;Polishchuk;Oleksandrovych;3;2023-09-01;4;f002;sp009;CONTRACT;ACTIVE;i.polishchuk3@ukma.edu.ua;+380501235778;2004-09-02;21
st20230356;Mariia;Polishchuk;Tarasivna;3;2023-09-01;4;f002;sp009;CONTRACT;ACTIVE;m.polishchuk@ukma.edu.ua;+380501235785;2004-10-22;21
st20230357;Liubov;Ponomarenko;Stepanivna;3;2023-09-01;4;f002;sp009;CONTRACT;ACTIVE;l.ponomarenko@ukma.edu.ua;+380501235774;2004-10-17;21
st20230358;Mykola;Rudenko;Bohdanovych;3;2023-09-01;4;f002;sp009;CONTRACT;ACTIVE;m.rudenko6@ukma.edu.ua;+380501235762;2005-08-27;20
st20230359;Diana;Savchenko;Artemivna;3;2023-09-01;5;f002;sp009;BUDGET;ACTIVE;d.savchenko2@ukma.edu.ua;+380501235771;2005-06-01;20
st20230360;Roman;Savchenko;Dmytrovych;3;2023-09-01;5;f002;sp009;CONTRACT;ACTIVE;r.savchenko1@ukma.edu.ua;+380501235779;2005-01-08;21
st20230361;Yuliia;Shevchenko;Olehivna;3;2023-09-01;5;f002;sp009;CONTRACT;ACTIVE;y.shevchenko1@ukma.edu.ua;+380501235761;2004-07-05;21
st20230362;Mykola;Shevchenko;Artemovych;3;2023-09-01;5;f002;sp009;CONTRACT;ACTIVE;m.shevchenko1@ukma.edu.ua;+380501235791;2005-11-08;20
st20230363;Anastasiia;Taran;Kyrylivna;3;2023-09-01;5;f002;sp009;BUDGET;ACTIVE;a.taran5@ukma.edu.ua;+380501235772;2005-08-15;20
st20230364;Olena;Taran;Valentynivna;3;2023-09-01;5;f002;sp009;CONTRACT;ACTIVE;o.taran1@ukma.edu.ua;+380501235773;2004-04-16;22
st20230365;Anton;Taran;Vladyslavovych;3;2023-09-01;5;f002;sp009;BUDGET;ACTIVE;a.taran6@ukma.edu.ua;+380501235789;2004-05-01;21
st20230366;Hlib;Taran;Serhiiovych;3;2023-09-01;6;f002;sp009;CONTRACT;ACTIVE;h.taran1@ukma.edu.ua;+380501235792;2004-10-04;21
st20230367;Valeriia;Tkachenko;Illivna;3;2023-09-01;6;f002;sp009;CONTRACT;ACTIVE;v.tkachenko8@ukma.edu.ua;+380501235783;2004-08-20;21
st20230368;Stepan;Tkachenko;Antonovych;3;2023-09-01;6;f002;sp009;BUDGET;ACTIVE;s.tkachenko2@ukma.edu.ua;+380501235788;2004-09-04;21
st20230369;Viktor;Tkachuk;Tarasovych;3;2023-09-01;6;f002;sp009;CONTRACT;ACTIVE;v.tkachuk3@ukma.edu.ua;+380501235770;2004-01-28;22






st20230370;Zlata;Babenko;Mykhailivna;3;2023-09-01;1;f003;sp010;CONTRACT;ACTIVE;z.babenko@ukma.edu.ua;+380501235823;2004-08-18;21
st20230371;Solomiia;Babenko;Mykolaivna;3;2023-09-01;1;f003;sp010;CONTRACT;ACTIVE;s.babenko2@ukma.edu.ua;+380501235828;2004-06-06;21
st20230372;Nazar;Dmytrenko;Antonovych;3;2023-09-01;1;f003;sp010;CONTRACT;ACTIVE;n.dmytrenko2@ukma.edu.ua;+380501235815;2004-02-22;22
st20230373;Rostyslav;Havryliuk;Antonovych;3;2023-09-01;1;f003;sp010;CONTRACT;ACTIVE;r.havryliuk1@ukma.edu.ua;+380501235817;2005-05-02;20
st20230374;Oleksandr;Ivanenko;Valentynovych;3;2023-09-01;1;f003;sp010;CONTRACT;ACTIVE;o.ivanenko2@ukma.edu.ua;+380501235819;2004-02-11;22
st20230375;Daria;Koval;Antonivna;3;2023-09-01;1;f003;sp010;CONTRACT;ACTIVE;d.koval3@ukma.edu.ua;+380501235807;2004-01-16;22
st20230376;Anastasiia;Koval;Stepanivna;3;2023-09-01;1;f003;sp010;CONTRACT;ACTIVE;a.koval3@ukma.edu.ua;+380501235820;2005-09-17;20
st20230377;Volodymyr;Kravchenko;Antonovych;3;2023-09-01;2;f003;sp010;BUDGET;ACTIVE;v.kravchenko3@ukma.edu.ua;+380501235830;2004-11-27;21
st20230378;Nazar;Kravchenko;Denysovych;3;2023-09-01;2;f003;sp010;CONTRACT;ACTIVE;n.kravchenko3@ukma.edu.ua;+380501235836;2005-05-04;20
st20230379;Viktor;Lysenko;Romanovych;3;2023-09-01;2;f003;sp010;CONTRACT;ACTIVE;v.lysenko7@ukma.edu.ua;+380501235831;2005-12-02;20
st20230380;Yurii;Marchenko;Tymurovych;3;2023-09-01;2;f003;sp010;BUDGET;ACTIVE;y.marchenko5@ukma.edu.ua;+380501235796;2005-11-05;20
st20230381;Ihor;Melnyk;Valentynovych;3;2023-09-01;2;f003;sp010;CONTRACT;ACTIVE;i.melnyk5@ukma.edu.ua;+380501235797;2005-07-05;20
st20230382;Kyrylo;Melnyk;Rostyslavovych;3;2023-09-01;2;f003;sp010;BUDGET;ACTIVE;k.melnyk3@ukma.edu.ua;+380501235813;2004-06-20;21
st20230383;Vladyslav;Melnyk;Mykhailovych;3;2023-09-01;2;f003;sp010;CONTRACT;ACTIVE;v.melnyk8@ukma.edu.ua;+380501235816;2005-04-12;21
st20230384;Yelyzaveta;Melnyk;Bohdanivna;3;2023-09-01;3;f003;sp010;CONTRACT;ACTIVE;y.melnyk4@ukma.edu.ua;+380501235822;2005-10-19;20
st20230385;Taras;Moroz;Mykolaiovych;3;2023-09-01;3;f003;sp010;CONTRACT;ACTIVE;t.moroz@ukma.edu.ua;+380501235802;2004-06-17;21
st20230386;Liubov;Moroz;Valentynivna;3;2023-09-01;3;f003;sp010;CONTRACT;ACTIVE;l.moroz@ukma.edu.ua;+380501235827;2005-04-25;21
st20230387;Solomiia;Oliinyk;Arturivna;3;2023-09-01;3;f003;sp010;BUDGET;ACTIVE;s.oliinyk1@ukma.edu.ua;+380501235812;2005-01-21;21
st20230388;Tymur;Oliinyk;Volodymyrovych;3;2023-09-01;3;f003;sp010;CONTRACT;ACTIVE;t.oliinyk2@ukma.edu.ua;+380501235832;2005-06-25;20
st20230389;Nataliia;Panchenko;Mykolaivna;3;2023-09-01;3;f003;sp010;CONTRACT;ACTIVE;n.panchenko1@ukma.edu.ua;+380501235826;2005-04-01;21
st20230390;Yurii;Petrenko;Hlibovych;3;2023-09-01;3;f003;sp010;CONTRACT;ACTIVE;y.petrenko4@ukma.edu.ua;+380501235801;2004-08-02;21
st20230391;Mykola;Petrenko;Hlibovych;3;2023-09-01;4;f003;sp010;CONTRACT;ACTIVE;m.petrenko2@ukma.edu.ua;+380501235804;2004-07-18;21
st20230392;Kyrylo;Petrenko;Arturovych;3;2023-09-01;4;f003;sp010;CONTRACT;ACTIVE;k.petrenko4@ukma.edu.ua;+380501235808;2005-09-17;20
st20230393;Mykhailo;Polishchuk;Artemovych;3;2023-09-01;4;f003;sp010;CONTRACT;ACTIVE;m.polishchuk1@ukma.edu.ua;+380501235805;2005-05-06;20
st20230394;Zlata;Polishchuk;Tarasivna;3;2023-09-01;4;f003;sp010;CONTRACT;ACTIVE;z.polishchuk@ukma.edu.ua;+380501235821;2004-08-27;21
st20230395;Kyrylo;Polishchuk;Ivanovych;3;2023-09-01;4;f003;sp010;CONTRACT;ACTIVE;k.polishchuk4@ukma.edu.ua;+380501235824;2004-04-24;22
st20230396;Nadiia;Polishchuk;Bohdanivna;3;2023-09-01;4;f003;sp010;BUDGET;ACTIVE;n.polishchuk1@ukma.edu.ua;+380501235835;2005-10-04;20
st20230397;Kyrylo;Radchenko;Andriiovych;3;2023-09-01;4;f003;sp010;BUDGET;ACTIVE;k.radchenko2@ukma.edu.ua;+380501235806;2005-10-06;20
st20230398;Khrystyna;Savchenko;Stepanivna;3;2023-09-01;5;f003;sp010;CONTRACT;ACTIVE;k.savchenko2@ukma.edu.ua;+380501235810;2005-02-11;21
st20230399;Denys;Savchenko;Artemovych;3;2023-09-01;5;f003;sp010;BUDGET;ACTIVE;d.savchenko3@ukma.edu.ua;+380501235825;2005-10-12;20
st20230400;Solomiia;Shevchuk;Arturivna;3;2023-09-01;5;f003;sp010;CONTRACT;ACTIVE;s.shevchuk3@ukma.edu.ua;+380501235798;2004-02-05;22
st20230401;Kseniia;Shevchuk;Dmytrivna;3;2023-09-01;5;f003;sp010;BUDGET;ACTIVE;k.shevchuk3@ukma.edu.ua;+380501235814;2005-03-12;21
st20230402;Polina;Shevchuk;Mykolaivna;3;2023-09-01;5;f003;sp010;BUDGET;ACTIVE;p.shevchuk1@ukma.edu.ua;+380501235818;2004-05-25;21
st20230403;Mykhailo;Sydorenko;Stepanovych;3;2023-09-01;5;f003;sp010;CONTRACT;ACTIVE;m.sydorenko1@ukma.edu.ua;+380501235803;2004-01-03;22
st20230404;Taras;Sydorenko;Ivanovych;3;2023-09-01;5;f003;sp010;BUDGET;ACTIVE;t.sydorenko1@ukma.edu.ua;+380501235834;2004-10-21;21
st20230405;Ihor;Sydorenko;Illich;3;2023-09-01;6;f003;sp010;BUDGET;ACTIVE;i.sydorenko3@ukma.edu.ua;+380501235837;2005-09-21;20
st20230406;Yana;Tkachenko;Olehivna;3;2023-09-01;6;f003;sp010;CONTRACT;ACTIVE;y.tkachenko2@ukma.edu.ua;+380501235799;2004-02-11;22
st20230407;Taras;Tkachenko;Mykolaiovych;3;2023-09-01;6;f003;sp010;CONTRACT;ACTIVE;t.tkachenko2@ukma.edu.ua;+380501235811;2004-07-15;21
st20230408;Nataliia;Tkachenko;Tymurivna;3;2023-09-01;6;f003;sp010;CONTRACT;ACTIVE;n.tkachenko@ukma.edu.ua;+380501235829;2004-03-15;22
st20230409;Artur;Tkachuk;Mykolaiovych;3;2023-09-01;6;f003;sp010;CONTRACT;ACTIVE;a.tkachuk1@ukma.edu.ua;+380501235800;2004-04-06;22
st20230410;Zlata;Vlasenko;Denysivna;3;2023-09-01;6;f003;sp010;CONTRACT;ACTIVE;z.vlasenko1@ukma.edu.ua;+380501235809;2004-10-05;21
st20230411;Kateryna;Vlasenko;Oleksandrivna;3;2023-09-01;6;f003;sp010;BUDGET;ACTIVE;k.vlasenko3@ukma.edu.ua;+380501235833;2004-12-26;21


st20230412;Kyrylo;Babenko;Mykhailovych;3;2023-09-01;1;f003;sp011;CONTRACT;ACTIVE;k.babenko4@ukma.edu.ua;+380501235847;2005-07-28;20
st20230413;Bozhena;Bondar;Kyrylivna;3;2023-09-01;1;f003;sp011;CONTRACT;ACTIVE;b.bondar1@ukma.edu.ua;+380501235846;2004-03-25;22
st20230414;Valentyn;Bondar;Oleksandrovych;3;2023-09-01;1;f003;sp011;BUDGET;ACTIVE;v.bondar4@ukma.edu.ua;+380501235862;2005-11-08;20
st20230415;Yelyzaveta;Bondarenko;Dmytrivna;3;2023-09-01;1;f003;sp011;CONTRACT;ACTIVE;y.bondarenko5@ukma.edu.ua;+380501235852;2004-11-10;21
st20230416;Bozhena;Bondarenko;Vitaliivna;3;2023-09-01;1;f003;sp011;BUDGET;ACTIVE;b.bondarenko1@ukma.edu.ua;+380501235861;2004-12-20;21
st20230417;Khrystyna;Dmytrenko;Maksymivna;3;2023-09-01;1;f003;sp011;BUDGET;ACTIVE;k.dmytrenko1@ukma.edu.ua;+380501235840;2004-04-07;22
st20230418;Mariia;Havryliuk;Artemivna;3;2023-09-01;1;f003;sp011;BUDGET;ACTIVE;m.havryliuk4@ukma.edu.ua;+380501235844;2005-07-15;20
st20230419;Oleksandr;Havryliuk;Mykolaiovych;3;2023-09-01;2;f003;sp011;BUDGET;ACTIVE;o.havryliuk@ukma.edu.ua;+380501235872;2004-05-15;21
st20230420;Halyna;Honcharenko;Dmytrivna;3;2023-09-01;2;f003;sp011;CONTRACT;ACTIVE;h.honcharenko1@ukma.edu.ua;+380501235853;2004-03-17;22
st20230421;Maksym;Ivanenko;Oleksandrovych;3;2023-09-01;2;f003;sp011;CONTRACT;ACTIVE;m.ivanenko2@ukma.edu.ua;+380501235845;2004-03-17;22
st20230422;Alina;Ivanenko;Andriivna;3;2023-09-01;2;f003;sp011;CONTRACT;ACTIVE;a.ivanenko5@ukma.edu.ua;+380501235871;2004-06-04;21
st20230423;Diana;Karpenko;Yevhenivna;3;2023-09-01;2;f003;sp011;BUDGET;ACTIVE;d.karpenko3@ukma.edu.ua;+380501235873;2005-01-04;21
st20230424;Anton;Khomenko;Kyrylovych;3;2023-09-01;2;f003;sp011;BUDGET;ACTIVE;a.khomenko5@ukma.edu.ua;+380501235839;2004-12-16;21
st20230425;Diana;Koval;Artemivna;3;2023-09-01;2;f003;sp011;BUDGET;ACTIVE;d.koval4@ukma.edu.ua;+380501235838;2004-08-20;21
st20230426;Bohdan;Kovalenko;Valentynovych;3;2023-09-01;3;f003;sp011;BUDGET;ACTIVE;b.kovalenko2@ukma.edu.ua;+380501235842;2004-11-23;21
st20230427;Yelyzaveta;Kovalenko;Andriivna;3;2023-09-01;3;f003;sp011;BUDGET;ACTIVE;y.kovalenko2@ukma.edu.ua;+380501235851;2005-02-03;21
st20230428;Vira;Kovalenko;Oleksandrivna;3;2023-09-01;3;f003;sp011;BUDGET;ACTIVE;v.kovalenko3@ukma.edu.ua;+380501235868;2005-07-10;20
st20230429;Anhelina;Kravchenko;Volodymyrivna;3;2023-09-01;3;f003;sp011;BUDGET;ACTIVE;a.kravchenko4@ukma.edu.ua;+380501235855;2005-11-03;20
st20230430;Serhii;Lysenko;Ivanovych;3;2023-09-01;3;f003;sp011;CONTRACT;ACTIVE;s.lysenko1@ukma.edu.ua;+380501235859;2005-04-01;21
st20230431;Hlib;Marchenko;Oleksandrovych;3;2023-09-01;3;f003;sp011;CONTRACT;ACTIVE;h.marchenko@ukma.edu.ua;+380501235849;2004-03-06;22
st20230432;Vladyslav;Marchenko;Volodymyrovych;3;2023-09-01;3;f003;sp011;BUDGET;ACTIVE;v.marchenko10@ukma.edu.ua;+380501235874;2004-02-06;22
st20230433;Polina;Melnyk;Olehivna;3;2023-09-01;4;f003;sp011;BUDGET;ACTIVE;p.melnyk2@ukma.edu.ua;+380501235856;2004-04-12;22
st20230434;Zlata;Oliinyk;Artemivna;3;2023-09-01;4;f003;sp011;BUDGET;ACTIVE;z.oliinyk1@ukma.edu.ua;+380501235841;2004-06-02;21
st20230435;Ivan;Oliinyk;Hlibovych;3;2023-09-01;4;f003;sp011;BUDGET;ACTIVE;i.oliinyk2@ukma.edu.ua;+380501235867;2005-08-22;20
st20230436;Viktoriia;Panchenko;Illivna;3;2023-09-01;4;f003;sp011;CONTRACT;ACTIVE;v.panchenko6@ukma.edu.ua;+380501235850;2005-02-10;21
st20230437;Halyna;Panchenko;Kyrylivna;3;2023-09-01;4;f003;sp011;BUDGET;ACTIVE;h.panchenko2@ukma.edu.ua;+380501235863;2005-04-28;21
st20230438;Veronika;Ponomarenko;Romanivna;3;2023-09-01;4;f003;sp011;CONTRACT;ACTIVE;v.ponomarenko2@ukma.edu.ua;+380501235858;2005-06-19;20
st20230439;Veronika;Ponomarenko;Vitaliivna;3;2023-09-01;4;f003;sp011;CONTRACT;ACTIVE;v.ponomarenko3@ukma.edu.ua;+380501235864;2005-02-22;21
st20230440;Nataliia;Radchenko;Serhiivna;3;2023-09-01;5;f003;sp011;BUDGET;ACTIVE;n.radchenko@ukma.edu.ua;+380501235848;2004-04-08;22
st20230441;Tymur;Rudenko;Dmytrovych;3;2023-09-01;5;f003;sp011;CONTRACT;ACTIVE;t.rudenko2@ukma.edu.ua;+380501235870;2004-09-25;21
st20230442;Olena;Savchenko;Rostyslavivna;3;2023-09-01;5;f003;sp011;BUDGET;ACTIVE;o.savchenko3@ukma.edu.ua;+380501235857;2004-10-22;21
st20230443;Yurii;Sydorenko;Vladyslavovych;3;2023-09-01;5;f003;sp011;BUDGET;ACTIVE;y.sydorenko3@ukma.edu.ua;+380501235866;2005-12-07;20
st20230444;Bozhena;Taran;Hlibivna;3;2023-09-01;5;f003;sp011;BUDGET;ACTIVE;b.taran@ukma.edu.ua;+380501235854;2004-02-05;22
st20230445;Diana;Taran;Ivanivna;3;2023-09-01;5;f003;sp011;CONTRACT;ACTIVE;d.taran2@ukma.edu.ua;+380501235865;2005-05-20;20
st20230446;Solomiia;Tkachuk;Tarasivna;3;2023-09-01;5;f003;sp011;BUDGET;ACTIVE;s.tkachuk7@ukma.edu.ua;+380501235843;2004-05-28;21
st20230447;Yelyzaveta;Tkachuk;Denysivna;3;2023-09-01;6;f003;sp011;CONTRACT;ACTIVE;y.tkachuk1@ukma.edu.ua;+380501235860;2005-12-11;20
st20230448;Yelyzaveta;Tkachuk;Romanivna;3;2023-09-01;6;f003;sp011;CONTRACT;ACTIVE;y.tkachuk2@ukma.edu.ua;+380501235869;2004-10-21;21


st20230449;Yelyzaveta;Babenko;Yuriivna;3;2023-09-01;1;f003;sp012;BUDGET;ACTIVE;y.babenko1@ukma.edu.ua;+380501235905;2005-12-05;20
st20230450;Serhii;Boiko;Romanovych;3;2023-09-01;1;f003;sp012;CONTRACT;ACTIVE;s.boiko6@ukma.edu.ua;+380501235892;2004-09-21;21
st20230451;Taras;Bondar;Kyrylovych;3;2023-09-01;1;f003;sp012;CONTRACT;ACTIVE;t.bondar2@ukma.edu.ua;+380501235882;2005-03-12;21
st20230452;Ivan;Bondarenko;Oleksandrovych;3;2023-09-01;1;f003;sp012;CONTRACT;ACTIVE;i.bondarenko2@ukma.edu.ua;+380501235884;2005-05-28;20
st20230453;Kateryna;Bondarenko;Antonivna;3;2023-09-01;1;f003;sp012;CONTRACT;ACTIVE;k.bondarenko@ukma.edu.ua;+380501235888;2004-01-19;22
st20230454;Halyna;Havryliuk;Oleksandrivna;3;2023-09-01;1;f003;sp012;BUDGET;ACTIVE;h.havryliuk@ukma.edu.ua;+380501235886;2004-08-02;21
st20230455;Volodymyr;Havryliuk;Dmytrovych;3;2023-09-01;2;f003;sp012;CONTRACT;ACTIVE;v.havryliuk4@ukma.edu.ua;+380501235895;2004-11-15;21
st20230456;Anton;Karpenko;Artemovych;3;2023-09-01;2;f003;sp012;BUDGET;ACTIVE;a.karpenko4@ukma.edu.ua;+380501235878;2005-05-15;20
st20230457;Anhelina;Kovalenko;Bohdanivna;3;2023-09-01;2;f003;sp012;BUDGET;ACTIVE;a.kovalenko6@ukma.edu.ua;+380501235890;2004-03-26;22
st20230458;Alisa;Kovalenko;Dmytrivna;3;2023-09-01;2;f003;sp012;BUDGET;ACTIVE;a.kovalenko7@ukma.edu.ua;+380501235897;2005-05-01;20
st20230459;Vira;Kravchenko;Maksymivna;3;2023-09-01;2;f003;sp012;BUDGET;ACTIVE;v.kravchenko4@ukma.edu.ua;+380501235898;2004-01-06;22
st20230460;Zlata;Lysenko;Vitaliivna;3;2023-09-01;2;f003;sp012;CONTRACT;ACTIVE;z.lysenko1@ukma.edu.ua;+380501235875;2005-05-19;20
st20230461;Vasyl;Lysenko;Denysovych;3;2023-09-01;3;f003;sp012;BUDGET;ACTIVE;v.lysenko8@ukma.edu.ua;+380501235880;2004-06-05;21
st20230462;Andrii;Melnyk;Maksymovych;3;2023-09-01;3;f003;sp012;CONTRACT;ACTIVE;a.melnyk6@ukma.edu.ua;+380501235877;2004-01-17;22
st20230463;Kyrylo;Moroz;Oleksandrovych;3;2023-09-01;3;f003;sp012;CONTRACT;ACTIVE;k.moroz2@ukma.edu.ua;+380501235879;2005-02-13;21
st20230464;Veronika;Oliinyk;Tarasivna;3;2023-09-01;3;f003;sp012;CONTRACT;ACTIVE;v.oliinyk4@ukma.edu.ua;+380501235876;2005-08-22;20
st20230465;Yuliia;Oliinyk;Denysivna;3;2023-09-01;3;f003;sp012;BUDGET;ACTIVE;y.oliinyk1@ukma.edu.ua;+380501235887;2005-11-17;20
st20230466;Ivan;Oliinyk;Antonovych;3;2023-09-01;3;f003;sp012;BUDGET;ACTIVE;i.oliinyk3@ukma.edu.ua;+380501235903;2004-09-23;21
st20230467;Vitalii;Panchenko;Tymurovych;3;2023-09-01;4;f003;sp012;BUDGET;ACTIVE;v.panchenko7@ukma.edu.ua;+380501235893;2004-08-28;21
st20230468;Veronika;Petrenko;Tarasivna;3;2023-09-01;4;f003;sp012;BUDGET;ACTIVE;v.petrenko4@ukma.edu.ua;+380501235894;2005-05-11;20
st20230469;Stepan;Polishchuk;Artemovych;3;2023-09-01;4;f003;sp012;BUDGET;ACTIVE;s.polishchuk3@ukma.edu.ua;+380501235904;2005-05-20;20
st20230470;Halyna;Ponomarenko;Yuriivna;3;2023-09-01;4;f003;sp012;CONTRACT;ACTIVE;h.ponomarenko1@ukma.edu.ua;+380501235889;2004-05-19;21
st20230471;Olena;Rudenko;Romanivna;3;2023-09-01;4;f003;sp012;BUDGET;ACTIVE;o.rudenko3@ukma.edu.ua;+380501235883;2005-03-26;21
st20230472;Bohdan;Rudenko;Volodymyrovych;3;2023-09-01;4;f003;sp012;BUDGET;ACTIVE;b.rudenko1@ukma.edu.ua;+380501235891;2004-03-19;22
st20230473;Nataliia;Rudenko;Denysivna;3;2023-09-01;5;f003;sp012;CONTRACT;ACTIVE;n.rudenko1@ukma.edu.ua;+380501235907;2004-12-07;21
st20230474;Olena;Savchenko;Vladyslavivna;3;2023-09-01;5;f003;sp012;BUDGET;ACTIVE;o.savchenko4@ukma.edu.ua;+380501235899;2004-10-26;21
st20230475;Andrii;Savchenko;Illich;3;2023-09-01;5;f003;sp012;CONTRACT;ACTIVE;a.savchenko9@ukma.edu.ua;+380501235906;2004-10-16;21
st20230476;Bohdan;Shevchenko;Kyrylovych;3;2023-09-01;5;f003;sp012;CONTRACT;ACTIVE;b.shevchenko@ukma.edu.ua;+380501235900;2005-03-11;21
st20230477;Denys;Sydorenko;Hlibovych;3;2023-09-01;5;f003;sp012;CONTRACT;ACTIVE;d.sydorenko1@ukma.edu.ua;+380501235881;2004-11-12;21
st20230478;Mykola;Sydorenko;Tymurovych;3;2023-09-01;5;f003;sp012;CONTRACT;ACTIVE;m.sydorenko2@ukma.edu.ua;+380501235885;2005-03-15;21
st20230479;Solomiia;Taran;Dmytrivna;3;2023-09-01;6;f003;sp012;BUDGET;ACTIVE;s.taran4@ukma.edu.ua;+380501235901;2004-08-15;21
st20230480;Daria;Tkachenko;Mykolaivna;3;2023-09-01;6;f003;sp012;CONTRACT;ACTIVE;d.tkachenko2@ukma.edu.ua;+380501235896;2005-01-26;21
st20230481;Vitalii;Tkachenko;Oleksandrovych;3;2023-09-01;6;f003;sp012;BUDGET;ACTIVE;v.tkachenko9@ukma.edu.ua;+380501235902;2004-08-10;21


st20230482;Valentyn;Babenko;Antonovych;3;2023-09-01;1;f003;sp013;CONTRACT;ACTIVE;v.babenko3@ukma.edu.ua;+380501235927;2005-01-05;21
st20230483;Sofiia;Babenko;Oleksandrivna;3;2023-09-01;1;f003;sp013;CONTRACT;ACTIVE;s.babenko3@ukma.edu.ua;+380501235935;2005-09-04;20
st20230484;Illia;Boiko;Tymurovych;3;2023-09-01;1;f003;sp013;BUDGET;ACTIVE;i.boiko2@ukma.edu.ua;+380501235917;2005-02-16;21
st20230485;Yevhen;Bondarenko;Artemovych;3;2023-09-01;1;f003;sp013;CONTRACT;ACTIVE;y.bondarenko6@ukma.edu.ua;+380501235928;2005-02-20;21
st20230486;Halyna;Dmytrenko;Artemivna;3;2023-09-01;1;f003;sp013;BUDGET;ACTIVE;h.dmytrenko@ukma.edu.ua;+380501235926;2005-09-18;20
st20230487;Yuliia;Hrytsenko;Bohdanivna;3;2023-09-01;1;f003;sp013;CONTRACT;ACTIVE;y.hrytsenko@ukma.edu.ua;+380501235939;2004-06-10;21
st20230488;Viktoriia;Ivanenko;Denysivna;3;2023-09-01;2;f003;sp013;BUDGET;ACTIVE;v.ivanenko8@ukma.edu.ua;+380501235914;2004-01-20;22
st20230489;Stepan;Ivanenko;Vladyslavovych;3;2023-09-01;2;f003;sp013;CONTRACT;ACTIVE;s.ivanenko5@ukma.edu.ua;+380501235920;2004-06-19;21
st20230490;Anna;Karpenko;Andriivna;3;2023-09-01;2;f003;sp013;BUDGET;ACTIVE;a.karpenko5@ukma.edu.ua;+380501235922;2004-03-12;22
st20230491;Maksym;Karpenko;Hlibovych;3;2023-09-01;2;f003;sp013;BUDGET;ACTIVE;m.karpenko2@ukma.edu.ua;+380501235933;2004-11-02;21
st20230492;Kyrylo;Khomenko;Vitaliiovych;3;2023-09-01;2;f003;sp013;CONTRACT;ACTIVE;k.khomenko2@ukma.edu.ua;+380501235911;2005-10-12;20
st20230493;Vira;Koval;Olehivna;3;2023-09-01;2;f003;sp013;CONTRACT;ACTIVE;v.koval6@ukma.edu.ua;+380501235908;2004-04-02;22
st20230494;Ivan;Koval;Mykolaiovych;3;2023-09-01;3;f003;sp013;CONTRACT;ACTIVE;i.koval5@ukma.edu.ua;+380501235916;2005-07-18;20
st20230495;Valeriia;Kravchenko;Denysivna;3;2023-09-01;3;f003;sp013;BUDGET;ACTIVE;v.kravchenko5@ukma.edu.ua;+380501235925;2004-11-13;21
st20230496;Mykhailo;Melnyk;Rostyslavovych;3;2023-09-01;3;f003;sp013;BUDGET;ACTIVE;m.melnyk2@ukma.edu.ua;+380501235915;2005-07-18;20
st20230497;Liubov;Moroz;Antonivna;3;2023-09-01;3;f003;sp013;BUDGET;ACTIVE;l.moroz1@ukma.edu.ua;+380501235919;2004-06-12;21
st20230498;Bozhena;Moroz;Serhiivna;3;2023-09-01;3;f003;sp013;CONTRACT;ACTIVE;b.moroz1@ukma.edu.ua;+380501235937;2005-01-08;21
st20230499;Yurii;Panchenko;Antonovych;3;2023-09-01;3;f003;sp013;BUDGET;ACTIVE;y.panchenko3@ukma.edu.ua;+380501235912;2005-08-17;20
st20230500;Kseniia;Panchenko;Stepanivna;3;2023-09-01;4;f003;sp013;BUDGET;ACTIVE;k.panchenko2@ukma.edu.ua;+380501235931;2005-04-15;21
st20230501;Anna;Petrenko;Denysivna;3;2023-09-01;4;f003;sp013;CONTRACT;ACTIVE;a.petrenko4@ukma.edu.ua;+380501235930;2004-08-19;21
st20230502;Mariia;Petrenko;Bohdanivna;3;2023-09-01;4;f003;sp013;CONTRACT;ACTIVE;m.petrenko3@ukma.edu.ua;+380501235938;2005-03-06;21
st20230503;Oleksandr;Polishchuk;Maksymovych;3;2023-09-01;4;f003;sp013;BUDGET;ACTIVE;o.polishchuk3@ukma.edu.ua;+380501235913;2005-11-12;20
st20230504;Anna;Polishchuk;Oleksandrivna;3;2023-09-01;4;f003;sp013;BUDGET;ACTIVE;a.polishchuk4@ukma.edu.ua;+380501235918;2004-07-20;21
st20230505;Tetiana;Polishchuk;Maksymivna;3;2023-09-01;4;f003;sp013;CONTRACT;ACTIVE;t.polishchuk2@ukma.edu.ua;+380501235921;2005-11-22;20
st20230506;Kyrylo;Polishchuk;Mykhailovych;3;2023-09-01;5;f003;sp013;BUDGET;ACTIVE;k.polishchuk5@ukma.edu.ua;+380501235936;2005-04-22;21
st20230507;Pavlo;Radchenko;Serhiiovych;3;2023-09-01;5;f003;sp013;CONTRACT;ACTIVE;p.radchenko1@ukma.edu.ua;+380501235929;2005-01-15;21
st20230508;Stepan;Rudenko;Mykolaiovych;3;2023-09-01;5;f003;sp013;BUDGET;ACTIVE;s.rudenko4@ukma.edu.ua;+380501235909;2004-11-02;21
st20230509;Halyna;Savchenko;Romanivna;3;2023-09-01;5;f003;sp013;CONTRACT;ACTIVE;h.savchenko3@ukma.edu.ua;+380501235910;2004-08-19;21
st20230510;Viktor;Savchenko;Hlibovych;3;2023-09-01;5;f003;sp013;CONTRACT;ACTIVE;v.savchenko4@ukma.edu.ua;+380501235934;2005-01-23;21
st20230511;Artem;Sydorenko;Denysovych;3;2023-09-01;5;f003;sp013;CONTRACT;ACTIVE;a.sydorenko6@ukma.edu.ua;+380501235932;2005-11-13;20
st20230512;Oleksandr;Tkachuk;Tymurovych;3;2023-09-01;6;f003;sp013;CONTRACT;ACTIVE;o.tkachuk2@ukma.edu.ua;+380501235924;2005-08-05;20
st20230513;Kateryna;Vlasenko;Oleksandrivna;3;2023-09-01;6;f003;sp013;CONTRACT;ACTIVE;k.vlasenko4@ukma.edu.ua;+380501235923;2004-12-07;21






st20230514;Tetiana;Babenko;Arturivna;3;2023-09-01;1;f004;sp014;CONTRACT;ACTIVE;t.babenko2@ukma.edu.ua;+380501235970;2005-10-27;20
st20230515;Anna;Bondar;Vitaliivna;3;2023-09-01;1;f004;sp014;CONTRACT;ACTIVE;a.bondar8@ukma.edu.ua;+380501235949;2004-03-25;22
st20230516;Denys;Bondar;Denysovych;3;2023-09-01;1;f004;sp014;CONTRACT;ACTIVE;d.bondar2@ukma.edu.ua;+380501235952;2005-03-24;21
st20230517;Uliana;Bondar;Dmytrivna;3;2023-09-01;1;f004;sp014;BUDGET;ACTIVE;u.bondar@ukma.edu.ua;+380501235963;2005-11-23;20
st20230518;Mariia;Honcharenko;Hlibivna;3;2023-09-01;1;f004;sp014;CONTRACT;ACTIVE;m.honcharenko3@ukma.edu.ua;+380501235942;2005-04-06;21
st20230519;Liubov;Honcharenko;Vladyslavivna;3;2023-09-01;1;f004;sp014;BUDGET;ACTIVE;l.honcharenko1@ukma.edu.ua;+380501235945;2004-04-22;22
st20230520;Alina;Honcharenko;Mykolaivna;3;2023-09-01;2;f004;sp014;CONTRACT;ACTIVE;a.honcharenko6@ukma.edu.ua;+380501235968;2004-06-24;21
st20230521;Halyna;Ivanenko;Mykhailivna;3;2023-09-01;2;f004;sp014;CONTRACT;ACTIVE;h.ivanenko1@ukma.edu.ua;+380501235956;2004-12-12;21
st20230522;Yevhen;Khomenko;Artemovych;3;2023-09-01;2;f004;sp014;BUDGET;ACTIVE;y.khomenko2@ukma.edu.ua;+380501235951;2005-03-20;21
st20230523;Oleksandr;Khomenko;Tarasovych;3;2023-09-01;2;f004;sp014;BUDGET;ACTIVE;o.khomenko3@ukma.edu.ua;+380501235960;2005-03-22;21
st20230524;Solomiia;Koval;Vitaliivna;3;2023-09-01;2;f004;sp014;CONTRACT;ACTIVE;s.koval2@ukma.edu.ua;+380501235955;2005-05-24;20
st20230525;Anna;Kovalenko;Serhiivna;3;2023-09-01;2;f004;sp014;CONTRACT;ACTIVE;a.kovalenko8@ukma.edu.ua;+380501235941;2005-11-06;20
st20230526;Serhii;Kovalenko;Kyrylovych;3;2023-09-01;3;f004;sp014;BUDGET;ACTIVE;s.kovalenko3@ukma.edu.ua;+380501235969;2005-07-03;20
st20230527;Nazar;Kravchenko;Mykhailovych;3;2023-09-01;3;f004;sp014;CONTRACT;ACTIVE;n.kravchenko4@ukma.edu.ua;+380501235950;2004-08-19;21
st20230528;Yevhen;Kravchenko;Tarasovych;3;2023-09-01;3;f004;sp014;BUDGET;ACTIVE;y.kravchenko2@ukma.edu.ua;+380501235971;2005-01-16;21
st20230529;Vladyslav;Marchenko;Mykhailovych;3;2023-09-01;3;f004;sp014;CONTRACT;ACTIVE;v.marchenko11@ukma.edu.ua;+380501235940;2004-07-02;21
st20230530;Solomiia;Marchenko;Mykhailivna;3;2023-09-01;3;f004;sp014;CONTRACT;ACTIVE;s.marchenko@ukma.edu.ua;+380501235957;2005-07-27;20
st20230531;Khrystyna;Marchenko;Antonivna;3;2023-09-01;3;f004;sp014;BUDGET;ACTIVE;k.marchenko6@ukma.edu.ua;+380501235965;2005-02-01;21
st20230532;Kseniia;Melnyk;Yuriivna;3;2023-09-01;4;f004;sp014;BUDGET;ACTIVE;k.melnyk4@ukma.edu.ua;+380501235967;2005-04-13;21
st20230533;Veronika;Panchenko;Hlibivna;3;2023-09-01;4;f004;sp014;BUDGET;ACTIVE;v.panchenko8@ukma.edu.ua;+380501235944;2004-06-02;21
st20230534;Khrystyna;Petrenko;Rostyslavivna;3;2023-09-01;4;f004;sp014;CONTRACT;ACTIVE;k.petrenko5@ukma.edu.ua;+380501235946;2004-09-02;21
st20230535;Mykhailo;Polishchuk;Denysovych;3;2023-09-01;4;f004;sp014;BUDGET;ACTIVE;m.polishchuk2@ukma.edu.ua;+380501235947;2004-10-21;21
st20230536;Bozhena;Polishchuk;Valentynivna;3;2023-09-01;4;f004;sp014;BUDGET;ACTIVE;b.polishchuk@ukma.edu.ua;+380501235964;2005-10-08;20
st20230537;Oksana;Ponomarenko;Antonivna;3;2023-09-01;4;f004;sp014;CONTRACT;ACTIVE;o.ponomarenko2@ukma.edu.ua;+380501235959;2004-02-23;22
st20230538;Olena;Ponomarenko;Vladyslavivna;3;2023-09-01;5;f004;sp014;BUDGET;ACTIVE;o.ponomarenko3@ukma.edu.ua;+380501235961;2004-12-22;21
st20230539;Diana;Rudenko;Ivanivna;3;2023-09-01;5;f004;sp014;BUDGET;ACTIVE;d.rudenko@ukma.edu.ua;+380501235958;2004-04-27;22
st20230540;Artur;Shevchenko;Artemovych;3;2023-09-01;5;f004;sp014;CONTRACT;ACTIVE;a.shevchenko5@ukma.edu.ua;+380501235948;2005-06-12;20
st20230541;Valentyn;Shevchenko;Dmytrovych;3;2023-09-01;5;f004;sp014;CONTRACT;ACTIVE;v.shevchenko3@ukma.edu.ua;+380501235954;2005-07-05;20
st20230542;Polina;Sydorenko;Valentynivna;3;2023-09-01;5;f004;sp014;BUDGET;ACTIVE;p.sydorenko2@ukma.edu.ua;+380501235953;2004-04-08;22
st20230543;Olena;Sydorenko;Illivna;3;2023-09-01;5;f004;sp014;BUDGET;ACTIVE;o.sydorenko3@ukma.edu.ua;+380501235966;2005-12-23;20
st20230544;Yurii;Tkachuk;Kyrylovych;3;2023-09-01;6;f004;sp014;CONTRACT;ACTIVE;y.tkachuk3@ukma.edu.ua;+380501235962;2005-09-06;20
st20230545;Taras;Vlasenko;Bohdanovych;3;2023-09-01;6;f004;sp014;CONTRACT;ACTIVE;t.vlasenko2@ukma.edu.ua;+380501235943;2005-08-24;20


st20230546;Valeriia;Babenko;Mykhailivna;3;2023-09-01;1;f004;sp015;BUDGET;ACTIVE;v.babenko4@ukma.edu.ua;+380501235975;2004-10-09;21
st20230547;Pavlo;Babenko;Mykolaiovych;3;2023-09-01;1;f004;sp015;BUDGET;ACTIVE;p.babenko3@ukma.edu.ua;+380501235978;2004-08-12;21
st20230548;Ihor;Babenko;Tarasovych;3;2023-09-01;1;f004;sp015;BUDGET;ACTIVE;i.babenko1@ukma.edu.ua;+380501236001;2004-05-03;21
st20230549;Ivan;Boiko;Dmytrovych;3;2023-09-01;1;f004;sp015;BUDGET;ACTIVE;i.boiko3@ukma.edu.ua;+380501235984;2005-11-20;20
st20230550;Andrii;Havryliuk;Arturovych;3;2023-09-01;1;f004;sp015;CONTRACT;ACTIVE;a.havryliuk2@ukma.edu.ua;+380501235976;2004-08-10;21
st20230551;Alina;Havryliuk;Denysivna;3;2023-09-01;1;f004;sp015;CONTRACT;ACTIVE;a.havryliuk3@ukma.edu.ua;+380501235993;2005-12-19;20
st20230552;Taras;Honcharenko;Mykhailovych;3;2023-09-01;2;f004;sp015;CONTRACT;ACTIVE;t.honcharenko2@ukma.edu.ua;+380501235974;2005-01-23;21
st20230553;Tymur;Honcharenko;Ivanovych;3;2023-09-01;2;f004;sp015;BUDGET;ACTIVE;t.honcharenko3@ukma.edu.ua;+380501235998;2005-07-02;20
st20230554;Veronika;Ivanenko;Oleksandrivna;3;2023-09-01;2;f004;sp015;BUDGET;ACTIVE;v.ivanenko9@ukma.edu.ua;+380501235977;2005-03-03;21
st20230555;Rostyslav;Ivanenko;Hlibovych;3;2023-09-01;2;f004;sp015;CONTRACT;ACTIVE;r.ivanenko2@ukma.edu.ua;+380501235994;2005-01-03;21
st20230556;Pavlo;Khomenko;Oleksandrovych;3;2023-09-01;2;f004;sp015;CONTRACT;ACTIVE;p.khomenko1@ukma.edu.ua;+380501235983;2004-02-13;22
st20230557;Khrystyna;Koval;Rostyslavivna;3;2023-09-01;2;f004;sp015;CONTRACT;ACTIVE;k.koval1@ukma.edu.ua;+380501235979;2004-09-04;21
st20230558;Volodymyr;Kovalenko;Ivanovych;3;2023-09-01;3;f004;sp015;CONTRACT;ACTIVE;v.kovalenko4@ukma.edu.ua;+380501235989;2004-11-18;21
st20230559;Mykola;Kovalenko;Valentynovych;3;2023-09-01;3;f004;sp015;CONTRACT;ACTIVE;m.kovalenko@ukma.edu.ua;+380501235992;2004-06-20;21
st20230560;Oksana;Kravchenko;Rostyslavivna;3;2023-09-01;3;f004;sp015;CONTRACT;ACTIVE;o.kravchenko4@ukma.edu.ua;+380501235996;2004-05-28;21
st20230561;Kyrylo;Marchenko;Tymurovych;3;2023-09-01;3;f004;sp015;CONTRACT;ACTIVE;k.marchenko7@ukma.edu.ua;+380501236000;2005-12-24;20
st20230562;Pavlo;Melnyk;Hlibovych;3;2023-09-01;3;f004;sp015;CONTRACT;ACTIVE;p.melnyk3@ukma.edu.ua;+380501235973;2005-05-19;20
st20230563;Polina;Moroz;Hlibivna;3;2023-09-01;3;f004;sp015;CONTRACT;ACTIVE;p.moroz2@ukma.edu.ua;+380501235995;2004-08-18;21
st20230564;Artem;Petrenko;Tarasovych;3;2023-09-01;4;f004;sp015;BUDGET;ACTIVE;a.petrenko5@ukma.edu.ua;+380501235987;2004-05-01;21
st20230565;Nazar;Polishchuk;Vitaliiovych;3;2023-09-01;4;f004;sp015;BUDGET;ACTIVE;n.polishchuk2@ukma.edu.ua;+380501235982;2005-11-15;20
st20230566;Polina;Ponomarenko;Stepanivna;3;2023-09-01;4;f004;sp015;CONTRACT;ACTIVE;p.ponomarenko@ukma.edu.ua;+380501235980;2005-12-17;20
st20230567;Veronika;Ponomarenko;Vladyslavivna;3;2023-09-01;4;f004;sp015;CONTRACT;ACTIVE;v.ponomarenko4@ukma.edu.ua;+380501236002;2004-11-15;21
st20230568;Viktor;Savchenko;Volodymyrovych;3;2023-09-01;4;f004;sp015;BUDGET;ACTIVE;v.savchenko5@ukma.edu.ua;+380501235988;2005-05-22;20
st20230569;Khrystyna;Shevchenko;Oleksandrivna;3;2023-09-01;4;f004;sp015;BUDGET;ACTIVE;k.shevchenko2@ukma.edu.ua;+380501235986;2005-11-27;20
st20230570;Tetiana;Shevchuk;Vladyslavivna;3;2023-09-01;5;f004;sp015;CONTRACT;ACTIVE;t.shevchuk@ukma.edu.ua;+380501235972;2004-02-01;22
st20230571;Denys;Shevchuk;Volodymyrovych;3;2023-09-01;5;f004;sp015;BUDGET;ACTIVE;d.shevchuk1@ukma.edu.ua;+380501235985;2005-02-18;21
st20230572;Artur;Shevchuk;Volodymyrovych;3;2023-09-01;5;f004;sp015;CONTRACT;ACTIVE;a.shevchuk4@ukma.edu.ua;+380501235990;2004-12-24;21
st20230573;Anastasiia;Tkachenko;Illivna;3;2023-09-01;5;f004;sp015;BUDGET;ACTIVE;a.tkachenko8@ukma.edu.ua;+380501235997;2005-05-03;20
st20230574;Svitlana;Tkachenko;Denysivna;3;2023-09-01;5;f004;sp015;BUDGET;ACTIVE;s.tkachenko3@ukma.edu.ua;+380501235999;2004-12-20;21
st20230575;Khrystyna;Tkachuk;Oleksandrivna;3;2023-09-01;5;f004;sp015;BUDGET;ACTIVE;k.tkachuk2@ukma.edu.ua;+380501235981;2005-09-27;20
st20230576;Valeriia;Tkachuk;Bohdanivna;3;2023-09-01;6;f004;sp015;BUDGET;ACTIVE;v.tkachuk4@ukma.edu.ua;+380501235991;2004-05-14;21






st20230577;Ivan;Babenko;Vladyslavovych;3;2023-09-01;1;f005;sp016;CONTRACT;ACTIVE;i.babenko2@ukma.edu.ua;+380501236003;2005-08-06;20
st20230578;Bozhena;Boiko;Illivna;3;2023-09-01;1;f005;sp016;BUDGET;ACTIVE;b.boiko1@ukma.edu.ua;+380501236006;2005-08-06;20
st20230579;Nazar;Boiko;Olehovych;3;2023-09-01;1;f005;sp016;BUDGET;ACTIVE;n.boiko@ukma.edu.ua;+380501236016;2004-01-03;22
st20230580;Volodymyr;Dmytrenko;Volodymyrovych;3;2023-09-01;1;f005;sp016;CONTRACT;ACTIVE;v.dmytrenko4@ukma.edu.ua;+380501236010;2004-11-01;21
st20230581;Ivan;Havryliuk;Denysovych;3;2023-09-01;1;f005;sp016;CONTRACT;ACTIVE;i.havryliuk2@ukma.edu.ua;+380501236029;2005-07-20;20
st20230582;Olena;Havryliuk;Tymurivna;3;2023-09-01;2;f005;sp016;BUDGET;ACTIVE;o.havryliuk1@ukma.edu.ua;+380501236030;2004-03-07;22
st20230583;Anhelina;Honcharenko;Romanivna;3;2023-09-01;2;f005;sp016;BUDGET;ACTIVE;a.honcharenko7@ukma.edu.ua;+380501236020;2004-12-28;21
st20230584;Anna;Hrytsenko;Antonivna;3;2023-09-01;2;f005;sp016;BUDGET;ACTIVE;a.hrytsenko4@ukma.edu.ua;+380501236017;2004-11-20;21
st20230585;Alina;Karpenko;Artemivna;3;2023-09-01;2;f005;sp016;CONTRACT;ACTIVE;a.karpenko6@ukma.edu.ua;+380501236022;2005-03-08;21
st20230586;Alisa;Kovalenko;Mykhailivna;3;2023-09-01;2;f005;sp016;CONTRACT;ACTIVE;a.kovalenko9@ukma.edu.ua;+380501236008;2004-04-01;22
st20230587;Ivan;Kravchenko;Tymurovych;3;2023-09-01;3;f005;sp016;BUDGET;ACTIVE;i.kravchenko1@ukma.edu.ua;+380501236004;2004-06-20;21
st20230588;Tymur;Kravchenko;Arturovych;3;2023-09-01;3;f005;sp016;CONTRACT;ACTIVE;t.kravchenko3@ukma.edu.ua;+380501236023;2005-08-24;20
st20230589;Liubov;Kravchenko;Rostyslavivna;3;2023-09-01;3;f005;sp016;CONTRACT;ACTIVE;l.kravchenko@ukma.edu.ua;+380501236032;2005-01-27;21
st20230590;Dmytro;Lysenko;Dmytrovych;3;2023-09-01;3;f005;sp016;BUDGET;ACTIVE;d.lysenko3@ukma.edu.ua;+380501236007;2005-06-07;20
st20230591;Kyrylo;Marchenko;Arturovych;3;2023-09-01;3;f005;sp016;CONTRACT;ACTIVE;k.marchenko8@ukma.edu.ua;+380501236021;2004-08-10;21
st20230592;Daria;Melnyk;Illivna;3;2023-09-01;4;f005;sp016;CONTRACT;ACTIVE;d.melnyk2@ukma.edu.ua;+380501236027;2005-09-20;20
st20230593;Mariia;Oliinyk;Maksymivna;3;2023-09-01;4;f005;sp016;CONTRACT;ACTIVE;m.oliinyk3@ukma.edu.ua;+380501236005;2005-04-13;21
st20230594;Stepan;Oliinyk;Rostyslavovych;3;2023-09-01;4;f005;sp016;CONTRACT;ACTIVE;s.oliinyk2@ukma.edu.ua;+380501236011;2004-10-20;21
st20230595;Bozhena;Oliinyk;Vladyslavivna;3;2023-09-01;4;f005;sp016;CONTRACT;ACTIVE;b.oliinyk3@ukma.edu.ua;+380501236012;2004-05-18;21
st20230596;Yana;Panchenko;Olehivna;3;2023-09-01;4;f005;sp016;BUDGET;ACTIVE;y.panchenko4@ukma.edu.ua;+380501236013;2005-10-04;20
st20230597;Tymur;Ponomarenko;Valentynovych;3;2023-09-01;5;f005;sp016;CONTRACT;ACTIVE;t.ponomarenko2@ukma.edu.ua;+380501236019;2004-09-18;21
st20230598;Diana;Radchenko;Maksymivna;3;2023-09-01;5;f005;sp016;CONTRACT;ACTIVE;d.radchenko3@ukma.edu.ua;+380501236009;2005-09-16;20
st20230599;Tetiana;Radchenko;Bohdanivna;3;2023-09-01;5;f005;sp016;CONTRACT;ACTIVE;t.radchenko@ukma.edu.ua;+380501236031;2004-04-16;22
st20230600;Volodymyr;Rudenko;Serhiiovych;3;2023-09-01;5;f005;sp016;CONTRACT;ACTIVE;v.rudenko5@ukma.edu.ua;+380501236024;2004-11-17;21
st20230601;Ihor;Shevchenko;Yevhenovych;3;2023-09-01;5;f005;sp016;BUDGET;ACTIVE;i.shevchenko1@ukma.edu.ua;+380501236025;2005-01-09;21
st20230602;Taras;Taran;Olehovych;3;2023-09-01;6;f005;sp016;CONTRACT;ACTIVE;t.taran3@ukma.edu.ua;+380501236018;2004-09-07;21
st20230603;Bozhena;Taran;Olehivna;3;2023-09-01;6;f005;sp016;CONTRACT;ACTIVE;b.taran1@ukma.edu.ua;+380501236028;2005-01-02;21
st20230604;Halyna;Tkachenko;Vitaliivna;3;2023-09-01;6;f005;sp016;CONTRACT;ACTIVE;h.tkachenko2@ukma.edu.ua;+380501236014;2005-07-09;20
st20230605;Artem;Tkachuk;Andriiovych;3;2023-09-01;6;f005;sp016;CONTRACT;ACTIVE;a.tkachuk2@ukma.edu.ua;+380501236015;2004-09-16;21
st20230606;Vladyslav;Vlasenko;Illich;3;2023-09-01;6;f005;sp016;BUDGET;ACTIVE;v.vlasenko8@ukma.edu.ua;+380501236026;2005-11-07;20


st20230607;Nazar;Babenko;Yuriiovych;3;2023-09-01;1;f005;sp017;CONTRACT;ACTIVE;n.babenko1@ukma.edu.ua;+380501236044;2004-06-05;21
st20230608;Khrystyna;Babenko;Vitaliivna;3;2023-09-01;1;f005;sp017;CONTRACT;ACTIVE;k.babenko5@ukma.edu.ua;+380501236051;2004-04-28;22
st20230609;Artur;Boiko;Bohdanovych;3;2023-09-01;1;f005;sp017;BUDGET;ACTIVE;a.boiko3@ukma.edu.ua;+380501236050;2005-05-27;20
st20230610;Alisa;Bondar;Yevhenivna;3;2023-09-01;1;f005;sp017;CONTRACT;ACTIVE;a.bondar9@ukma.edu.ua;+380501236053;2004-04-16;22
st20230611;Liubov;Bondar;Kyrylivna;3;2023-09-01;1;f005;sp017;CONTRACT;ACTIVE;l.bondar1@ukma.edu.ua;+380501236055;2004-02-19;22
st20230612;Halyna;Bondarenko;Vladyslavivna;3;2023-09-01;1;f005;sp017;CONTRACT;ACTIVE;h.bondarenko1@ukma.edu.ua;+380501236046;2005-06-17;20
st20230613;Sofiia;Bondarenko;Arturivna;3;2023-09-01;2;f005;sp017;BUDGET;ACTIVE;s.bondarenko4@ukma.edu.ua;+380501236060;2005-08-05;20
st20230614;Maksym;Bondarenko;Yuriiovych;3;2023-09-01;2;f005;sp017;CONTRACT;ACTIVE;m.bondarenko2@ukma.edu.ua;+380501236063;2004-07-12;21
st20230615;Oksana;Dmytrenko;Maksymivna;3;2023-09-01;2;f005;sp017;BUDGET;ACTIVE;o.dmytrenko5@ukma.edu.ua;+380501236047;2005-05-19;20
st20230616;Roman;Havryliuk;Mykolaiovych;3;2023-09-01;2;f005;sp017;BUDGET;ACTIVE;r.havryliuk2@ukma.edu.ua;+380501236058;2004-04-19;22
st20230617;Maksym;Havryliuk;Olehovych;3;2023-09-01;2;f005;sp017;CONTRACT;ACTIVE;m.havryliuk5@ukma.edu.ua;+380501236062;2005-09-01;20
st20230618;Ivan;Hrytsenko;Oleksandrovych;3;2023-09-01;2;f005;sp017;CONTRACT;ACTIVE;i.hrytsenko2@ukma.edu.ua;+380501236037;2004-03-06;22
st20230619;Vladyslav;Hrytsenko;Vladyslavovych;3;2023-09-01;3;f005;sp017;BUDGET;ACTIVE;v.hrytsenko2@ukma.edu.ua;+380501236054;2005-01-10;21
st20230620;Dmytro;Ivanenko;Rostyslavovych;3;2023-09-01;3;f005;sp017;CONTRACT;ACTIVE;d.ivanenko5@ukma.edu.ua;+380501236035;2005-07-16;20
st20230621;Vitalii;Ivanenko;Ivanovych;3;2023-09-01;3;f005;sp017;BUDGET;ACTIVE;v.ivanenko10@ukma.edu.ua;+380501236067;2004-06-02;21
st20230622;Nadiia;Kovalenko;Stepanivna;3;2023-09-01;3;f005;sp017;CONTRACT;ACTIVE;n.kovalenko1@ukma.edu.ua;+380501236045;2004-05-06;21
st20230623;Vasyl;Kravchenko;Yevhenovych;3;2023-09-01;3;f005;sp017;BUDGET;ACTIVE;v.kravchenko6@ukma.edu.ua;+380501236043;2005-06-17;20
st20230624;Khrystyna;Melnyk;Andriivna;3;2023-09-01;3;f005;sp017;CONTRACT;ACTIVE;k.melnyk5@ukma.edu.ua;+380501236059;2004-11-20;21
st20230625;Iryna;Oliinyk;Antonivna;3;2023-09-01;4;f005;sp017;BUDGET;ACTIVE;i.oliinyk4@ukma.edu.ua;+380501236038;2004-02-05;22
st20230626;Olena;Oliinyk;Maksymivna;3;2023-09-01;4;f005;sp017;CONTRACT;ACTIVE;o.oliinyk4@ukma.edu.ua;+380501236042;2005-09-24;20
st20230627;Diana;Panchenko;Tarasivna;3;2023-09-01;4;f005;sp017;BUDGET;ACTIVE;d.panchenko1@ukma.edu.ua;+380501236034;2004-02-07;22
st20230628;Maksym;Panchenko;Illich;3;2023-09-01;4;f005;sp017;BUDGET;ACTIVE;m.panchenko2@ukma.edu.ua;+380501236036;2005-12-09;20
st20230629;Yurii;Panchenko;Rostyslavovych;3;2023-09-01;4;f005;sp017;BUDGET;ACTIVE;y.panchenko5@ukma.edu.ua;+380501236039;2005-01-13;21
st20230630;Yelyzaveta;Panchenko;Oleksandrivna;3;2023-09-01;4;f005;sp017;CONTRACT;ACTIVE;y.panchenko6@ukma.edu.ua;+380501236056;2005-06-02;20
st20230631;Sofiia;Petrenko;Kyrylivna;3;2023-09-01;5;f005;sp017;CONTRACT;ACTIVE;s.petrenko2@ukma.edu.ua;+380501236057;2004-03-10;22
st20230632;Ihor;Polishchuk;Tarasovych;3;2023-09-01;5;f005;sp017;BUDGET;ACTIVE;i.polishchuk4@ukma.edu.ua;+380501236040;2005-01-15;21
st20230633;Denys;Rudenko;Valentynovych;3;2023-09-01;5;f005;sp017;BUDGET;ACTIVE;d.rudenko1@ukma.edu.ua;+380501236033;2005-09-22;20
st20230634;Daria;Shevchenko;Valentynivna;3;2023-09-01;5;f005;sp017;CONTRACT;ACTIVE;d.shevchenko1@ukma.edu.ua;+380501236052;2005-01-02;21
st20230635;Kseniia;Sydorenko;Tymurivna;3;2023-09-01;5;f005;sp017;CONTRACT;ACTIVE;k.sydorenko2@ukma.edu.ua;+380501236049;2004-02-07;22
st20230636;Anastasiia;Sydorenko;Tymurivna;3;2023-09-01;5;f005;sp017;BUDGET;ACTIVE;a.sydorenko7@ukma.edu.ua;+380501236061;2005-07-12;20
st20230637;Artem;Sydorenko;Yuriiovych;3;2023-09-01;6;f005;sp017;CONTRACT;ACTIVE;a.sydorenko8@ukma.edu.ua;+380501236066;2004-08-01;21
st20230638;Maksym;Taran;Oleksandrovych;3;2023-09-01;6;f005;sp017;BUDGET;ACTIVE;m.taran2@ukma.edu.ua;+380501236065;2004-04-02;22
st20230639;Anton;Tkachenko;Valentynovych;3;2023-09-01;6;f005;sp017;CONTRACT;ACTIVE;a.tkachenko9@ukma.edu.ua;+380501236041;2005-02-26;21
st20230640;Rostyslav;Vlasenko;Oleksandrovych;3;2023-09-01;6;f005;sp017;CONTRACT;ACTIVE;r.vlasenko2@ukma.edu.ua;+380501236048;2004-08-06;21
st20230641;Hlib;Vlasenko;Valentynovych;3;2023-09-01;6;f005;sp017;CONTRACT;ACTIVE;h.vlasenko@ukma.edu.ua;+380501236064;2005-01-27;21


st20230642;Dmytro;Babenko;Dmytrovych;3;2023-09-01;1;f005;sp018;CONTRACT;ACTIVE;d.babenko2@ukma.edu.ua;+380501236072;2004-11-26;21
st20230643;Roman;Babenko;Maksymovych;3;2023-09-01;1;f005;sp018;CONTRACT;ACTIVE;r.babenko2@ukma.edu.ua;+380501236091;2005-10-05;20
st20230644;Oksana;Babenko;Ivanivna;3;2023-09-01;1;f005;sp018;CONTRACT;ACTIVE;o.babenko1@ukma.edu.ua;+380501236106;2004-04-07;22
st20230645;Ihor;Bondar;Denysovych;3;2023-09-01;1;f005;sp018;CONTRACT;ACTIVE;i.bondar4@ukma.edu.ua;+380501236094;2005-11-11;20
st20230646;Polina;Havryliuk;Mykhailivna;3;2023-09-01;1;f005;sp018;CONTRACT;ACTIVE;p.havryliuk3@ukma.edu.ua;+380501236096;2005-06-02;20
st20230647;Kateryna;Havryliuk;Serhiivna;3;2023-09-01;1;f005;sp018;CONTRACT;ACTIVE;k.havryliuk1@ukma.edu.ua;+380501236103;2004-10-19;21
st20230648;Uliana;Honcharenko;Illivna;3;2023-09-01;1;f005;sp018;BUDGET;ACTIVE;u.honcharenko1@ukma.edu.ua;+380501236084;2005-03-17;21
st20230649;Vitalii;Ivanenko;Maksymovych;3;2023-09-01;2;f005;sp018;CONTRACT;ACTIVE;v.ivanenko11@ukma.edu.ua;+380501236070;2004-02-17;22
st20230650;Kseniia;Khomenko;Bohdanivna;3;2023-09-01;2;f005;sp018;BUDGET;ACTIVE;k.khomenko3@ukma.edu.ua;+380501236080;2004-11-04;21
st20230651;Ihor;Khomenko;Hlibovych;3;2023-09-01;2;f005;sp018;CONTRACT;ACTIVE;i.khomenko3@ukma.edu.ua;+380501236105;2004-10-27;21
st20230652;Artem;Koval;Rostyslavovych;3;2023-09-01;2;f005;sp018;CONTRACT;ACTIVE;a.koval4@ukma.edu.ua;+380501236082;2004-06-14;21
st20230653;Daria;Koval;Stepanivna;3;2023-09-01;2;f005;sp018;BUDGET;ACTIVE;d.koval5@ukma.edu.ua;+380501236101;2005-03-09;21
st20230654;Yana;Kovalenko;Tarasivna;3;2023-09-01;2;f005;sp018;CONTRACT;ACTIVE;y.kovalenko3@ukma.edu.ua;+380501236090;2005-09-17;20
st20230655;Zlata;Kovalenko;Kyrylivna;3;2023-09-01;2;f005;sp018;CONTRACT;ACTIVE;z.kovalenko@ukma.edu.ua;+380501236093;2005-07-19;20
st20230656;Yevhen;Kovalenko;Yuriiovych;3;2023-09-01;3;f005;sp018;BUDGET;ACTIVE;y.kovalenko4@ukma.edu.ua;+380501236100;2004-07-13;21
st20230657;Anton;Kravchenko;Artemovych;3;2023-09-01;3;f005;sp018;CONTRACT;ACTIVE;a.kravchenko5@ukma.edu.ua;+380501236097;2005-09-04;20
st20230658;Hlib;Lysenko;Volodymyrovych;3;2023-09-01;3;f005;sp018;CONTRACT;ACTIVE;h.lysenko@ukma.edu.ua;+380501236071;2005-07-23;20
st20230659;Maksym;Lysenko;Dmytrovych;3;2023-09-01;3;f005;sp018;CONTRACT;ACTIVE;m.lysenko3@ukma.edu.ua;+380501236099;2005-06-12;20
st20230660;Illia;Marchenko;Oleksandrovych;3;2023-09-01;3;f005;sp018;BUDGET;ACTIVE;i.marchenko1@ukma.edu.ua;+380501236079;2005-07-16;20
st20230661;Vitalii;Melnyk;Olehovych;3;2023-09-01;3;f005;sp018;CONTRACT;ACTIVE;v.melnyk9@ukma.edu.ua;+380501236085;2005-05-17;20
st20230662;Rostyslav;Oliinyk;Ivanovych;3;2023-09-01;3;f005;sp018;CONTRACT;ACTIVE;r.oliinyk@ukma.edu.ua;+380501236073;2005-09-22;20
st20230663;Oksana;Panchenko;Vladyslavivna;3;2023-09-01;4;f005;sp018;BUDGET;ACTIVE;o.panchenko2@ukma.edu.ua;+380501236088;2004-10-22;21
st20230664;Artur;Petrenko;Ivanovych;3;2023-09-01;4;f005;sp018;BUDGET;ACTIVE;a.petrenko6@ukma.edu.ua;+380501236077;2004-12-01;21
st20230665;Ihor;Polishchuk;Serhiiovych;3;2023-09-01;4;f005;sp018;CONTRACT;ACTIVE;i.polishchuk5@ukma.edu.ua;+380501236069;2005-05-18;20
st20230666;Alina;Polishchuk;Kyrylivna;3;2023-09-01;4;f005;sp018;CONTRACT;ACTIVE;a.polishchuk5@ukma.edu.ua;+380501236076;2004-03-01;22
st20230667;Illia;Polishchuk;Illich;3;2023-09-01;4;f005;sp018;BUDGET;ACTIVE;i.polishchuk6@ukma.edu.ua;+380501236086;2004-09-01;21
st20230668;Nazar;Ponomarenko;Maksymovych;3;2023-09-01;4;f005;sp018;BUDGET;ACTIVE;n.ponomarenko@ukma.edu.ua;+380501236081;2004-08-17;21
st20230669;Anna;Ponomarenko;Yevhenivna;3;2023-09-01;4;f005;sp018;CONTRACT;ACTIVE;a.ponomarenko6@ukma.edu.ua;+380501236098;2004-02-06;22
st20230670;Oleksandr;Ponomarenko;Arturovych;3;2023-09-01;5;f005;sp018;BUDGET;ACTIVE;o.ponomarenko4@ukma.edu.ua;+380501236102;2005-06-22;20
st20230671;Mariia;Rudenko;Vitaliivna;3;2023-09-01;5;f005;sp018;CONTRACT;ACTIVE;m.rudenko7@ukma.edu.ua;+380501236095;2005-09-03;20
st20230672;Svitlana;Rudenko;Denysivna;3;2023-09-01;5;f005;sp018;BUDGET;ACTIVE;s.rudenko5@ukma.edu.ua;+380501236104;2004-12-15;21
st20230673;Mykhailo;Savchenko;Ivanovych;3;2023-09-01;5;f005;sp018;BUDGET;ACTIVE;m.savchenko3@ukma.edu.ua;+380501236087;2004-05-01;21
st20230674;Dmytro;Savchenko;Romanovych;3;2023-09-01;5;f005;sp018;BUDGET;ACTIVE;d.savchenko4@ukma.edu.ua;+380501236089;2004-10-14;21
st20230675;Alina;Shevchuk;Yuriivna;3;2023-09-01;5;f005;sp018;BUDGET;ACTIVE;a.shevchuk5@ukma.edu.ua;+380501236083;2005-03-03;21
st20230676;Tetiana;Taran;Mykhailivna;3;2023-09-01;5;f005;sp018;BUDGET;ACTIVE;t.taran4@ukma.edu.ua;+380501236074;2005-01-12;21
st20230677;Volodymyr;Taran;Hlibovych;3;2023-09-01;6;f005;sp018;CONTRACT;ACTIVE;v.taran6@ukma.edu.ua;+380501236092;2004-04-03;22
st20230678;Vasyl;Tkachenko;Oleksandrovych;3;2023-09-01;6;f005;sp018;BUDGET;ACTIVE;v.tkachenko10@ukma.edu.ua;+380501236075;2004-06-14;21
st20230679;Maksym;Tkachuk;Arturovych;3;2023-09-01;6;f005;sp018;CONTRACT;ACTIVE;m.tkachuk2@ukma.edu.ua;+380501236078;2005-05-13;20
st20230680;Khrystyna;Vlasenko;Dmytrivna;3;2023-09-01;6;f005;sp018;BUDGET;ACTIVE;k.vlasenko5@ukma.edu.ua;+380501236068;2005-01-22;21






st20230681;Bozhena;Babenko;Romanivna;3;2023-09-01;1;f006;sp020;BUDGET;ACTIVE;b.babenko2@ukma.edu.ua;+380501236122;2004-01-01;22
st20230682;Oleksandr;Boiko;Hlibovych;3;2023-09-01;1;f006;sp020;BUDGET;ACTIVE;o.boiko2@ukma.edu.ua;+380501236118;2005-07-16;20
st20230683;Vira;Boiko;Maksymivna;3;2023-09-01;1;f006;sp020;BUDGET;ACTIVE;v.boiko7@ukma.edu.ua;+380501236128;2004-01-10;22
st20230684;Yana;Havryliuk;Yuriivna;3;2023-09-01;1;f006;sp020;CONTRACT;ACTIVE;y.havryliuk1@ukma.edu.ua;+380501236123;2004-08-03;21
st20230685;Sofiia;Honcharenko;Dmytrivna;3;2023-09-01;1;f006;sp020;BUDGET;ACTIVE;s.honcharenko3@ukma.edu.ua;+380501236134;2004-12-03;21
st20230686;Vira;Ivanenko;Stepanivna;3;2023-09-01;1;f006;sp020;CONTRACT;ACTIVE;v.ivanenko12@ukma.edu.ua;+380501236129;2004-02-22;22
st20230687;Daria;Karpenko;Andriivna;3;2023-09-01;2;f006;sp020;CONTRACT;ACTIVE;d.karpenko4@ukma.edu.ua;+380501236107;2004-08-15;21
st20230688;Veronika;Karpenko;Oleksandrivna;3;2023-09-01;2;f006;sp020;CONTRACT;ACTIVE;v.karpenko4@ukma.edu.ua;+380501236114;2004-05-12;21
st20230689;Andrii;Kovalenko;Yuriiovych;3;2023-09-01;2;f006;sp020;BUDGET;ACTIVE;a.kovalenko10@ukma.edu.ua;+380501236131;2004-04-18;22
st20230690;Oksana;Kravchenko;Volodymyrivna;3;2023-09-01;2;f006;sp020;BUDGET;ACTIVE;o.kravchenko5@ukma.edu.ua;+380501236126;2005-05-12;20
st20230691;Yevhen;Lysenko;Bohdanovych;3;2023-09-01;2;f006;sp020;BUDGET;ACTIVE;y.lysenko5@ukma.edu.ua;+380501236108;2005-09-01;20
st20230692;Roman;Marchenko;Mykolaiovych;3;2023-09-01;2;f006;sp020;BUDGET;ACTIVE;r.marchenko3@ukma.edu.ua;+380501236124;2005-04-09;21
st20230693;Vira;Marchenko;Kyrylivna;3;2023-09-01;3;f006;sp020;CONTRACT;ACTIVE;v.marchenko12@ukma.edu.ua;+380501236135;2004-05-10;21
st20230694;Uliana;Melnyk;Rostyslavivna;3;2023-09-01;3;f006;sp020;BUDGET;ACTIVE;u.melnyk@ukma.edu.ua;+380501236121;2005-04-23;21
st20230695;Viktoriia;Moroz;Olehivna;3;2023-09-01;3;f006;sp020;CONTRACT;ACTIVE;v.moroz3@ukma.edu.ua;+380501236113;2005-11-15;20
st20230696;Andrii;Oliinyk;Dmytrovych;3;2023-09-01;3;f006;sp020;CONTRACT;ACTIVE;a.oliinyk4@ukma.edu.ua;+380501236116;2004-02-28;22
st20230697;Alina;Oliinyk;Denysivna;3;2023-09-01;3;f006;sp020;CONTRACT;ACTIVE;a.oliinyk5@ukma.edu.ua;+380501236119;2004-10-01;21
st20230698;Kateryna;Panchenko;Yuriivna;3;2023-09-01;3;f006;sp020;CONTRACT;ACTIVE;k.panchenko3@ukma.edu.ua;+380501236111;2004-04-07;22
st20230699;Yelyzaveta;Petrenko;Vitaliivna;3;2023-09-01;4;f006;sp020;BUDGET;ACTIVE;y.petrenko5@ukma.edu.ua;+380501236109;2004-09-24;21
st20230700;Kseniia;Polishchuk;Yevhenivna;3;2023-09-01;4;f006;sp020;BUDGET;ACTIVE;k.polishchuk6@ukma.edu.ua;+380501236112;2004-10-23;21
st20230701;Vladyslav;Polishchuk;Maksymovych;3;2023-09-01;4;f006;sp020;CONTRACT;ACTIVE;v.polishchuk4@ukma.edu.ua;+380501236137;2005-06-19;20
st20230702;Vasyl;Ponomarenko;Kyrylovych;3;2023-09-01;4;f006;sp020;BUDGET;ACTIVE;v.ponomarenko5@ukma.edu.ua;+380501236127;2004-01-02;22
st20230703;Liubov;Ponomarenko;Vitaliivna;3;2023-09-01;4;f006;sp020;CONTRACT;ACTIVE;l.ponomarenko1@ukma.edu.ua;+380501236132;2005-11-16;20
st20230704;Uliana;Rudenko;Antonivna;3;2023-09-01;4;f006;sp020;CONTRACT;ACTIVE;u.rudenko3@ukma.edu.ua;+380501236117;2005-05-06;20
st20230705;Solomiia;Rudenko;Illivna;3;2023-09-01;5;f006;sp020;BUDGET;ACTIVE;s.rudenko6@ukma.edu.ua;+380501236136;2004-11-09;21
st20230706;Vladyslav;Shevchenko;Vladyslavovych;3;2023-09-01;5;f006;sp020;CONTRACT;ACTIVE;v.shevchenko4@ukma.edu.ua;+380501236115;2004-10-28;21
st20230707;Veronika;Sydorenko;Denysivna;3;2023-09-01;5;f006;sp020;BUDGET;ACTIVE;v.sydorenko6@ukma.edu.ua;+380501236125;2004-03-27;22
st20230708;Andrii;Taran;Yevhenovych;3;2023-09-01;5;f006;sp020;CONTRACT;ACTIVE;a.taran7@ukma.edu.ua;+380501236130;2004-10-16;21
st20230709;Vladyslav;Tkachenko;Valentynovych;3;2023-09-01;5;f006;sp020;BUDGET;ACTIVE;v.tkachenko11@ukma.edu.ua;+380501236110;2005-10-03;20
st20230710;Yuliia;Tkachenko;Andriivna;3;2023-09-01;5;f006;sp020;CONTRACT;ACTIVE;y.tkachenko3@ukma.edu.ua;+380501236120;2004-05-05;21
st20230711;Nazar;Tkachenko;Andriiovych;3;2023-09-01;6;f006;sp020;CONTRACT;ACTIVE;n.tkachenko1@ukma.edu.ua;+380501236133;2004-06-23;21


st20230712;Tetiana;Boiko;Vitaliivna;3;2023-09-01;1;f006;sp021;BUDGET;ACTIVE;t.boiko1@ukma.edu.ua;+380501236162;2004-07-26;21
st20230713;Solomiia;Bondar;Oleksandrivna;3;2023-09-01;1;f006;sp021;CONTRACT;ACTIVE;s.bondar2@ukma.edu.ua;+380501236150;2005-12-16;20
st20230714;Vira;Bondarenko;Hlibivna;3;2023-09-01;1;f006;sp021;CONTRACT;ACTIVE;v.bondarenko6@ukma.edu.ua;+380501236169;2005-10-03;20
st20230715;Nadiia;Dmytrenko;Artemivna;3;2023-09-01;1;f006;sp021;CONTRACT;ACTIVE;n.dmytrenko3@ukma.edu.ua;+380501236151;2005-05-15;20
st20230716;Serhii;Havryliuk;Andriiovych;3;2023-09-01;1;f006;sp021;CONTRACT;ACTIVE;s.havryliuk3@ukma.edu.ua;+380501236164;2005-10-11;20
st20230717;Vladyslav;Hrytsenko;Olehovych;3;2023-09-01;1;f006;sp021;CONTRACT;ACTIVE;v.hrytsenko3@ukma.edu.ua;+380501236141;2005-10-22;20
st20230718;Khrystyna;Hrytsenko;Mykhailivna;3;2023-09-01;1;f006;sp021;CONTRACT;ACTIVE;k.hrytsenko1@ukma.edu.ua;+380501236159;2005-12-05;20
st20230719;Viktor;Hrytsenko;Mykhailovych;3;2023-09-01;2;f006;sp021;BUDGET;ACTIVE;v.hrytsenko4@ukma.edu.ua;+380501236171;2005-08-14;20
st20230720;Liubov;Ivanenko;Denysivna;3;2023-09-01;2;f006;sp021;CONTRACT;ACTIVE;l.ivanenko@ukma.edu.ua;+380501236158;2004-10-24;21
st20230721;Yurii;Karpenko;Dmytrovych;3;2023-09-01;2;f006;sp021;BUDGET;ACTIVE;y.karpenko3@ukma.edu.ua;+380501236168;2004-08-12;21
st20230722;Ivan;Khomenko;Arturovych;3;2023-09-01;2;f006;sp021;BUDGET;ACTIVE;i.khomenko4@ukma.edu.ua;+380501236144;2005-07-17;20
st20230723;Kseniia;Khomenko;Mykhailivna;3;2023-09-01;2;f006;sp021;CONTRACT;ACTIVE;k.khomenko4@ukma.edu.ua;+380501236166;2004-07-14;21
st20230724;Uliana;Koval;Stepanivna;3;2023-09-01;2;f006;sp021;CONTRACT;ACTIVE;u.koval@ukma.edu.ua;+380501236142;2005-12-10;20
st20230725;Yelyzaveta;Kovalenko;Volodymyrivna;3;2023-09-01;2;f006;sp021;CONTRACT;ACTIVE;y.kovalenko5@ukma.edu.ua;+380501236143;2005-04-20;21
st20230726;Illia;Kovalenko;Yuriiovych;3;2023-09-01;3;f006;sp021;BUDGET;ACTIVE;i.kovalenko1@ukma.edu.ua;+380501236147;2005-02-12;21
st20230727;Kateryna;Kovalenko;Andriivna;3;2023-09-01;3;f006;sp021;CONTRACT;ACTIVE;k.kovalenko2@ukma.edu.ua;+380501236161;2004-03-11;22
st20230728;Hlib;Lysenko;Valentynovych;3;2023-09-01;3;f006;sp021;BUDGET;ACTIVE;h.lysenko1@ukma.edu.ua;+380501236165;2005-09-04;20
st20230729;Nazar;Marchenko;Olehovych;3;2023-09-01;3;f006;sp021;BUDGET;ACTIVE;n.marchenko1@ukma.edu.ua;+380501236170;2004-07-09;21
st20230730;Uliana;Marchenko;Illivna;3;2023-09-01;3;f006;sp021;CONTRACT;ACTIVE;u.marchenko@ukma.edu.ua;+380501236174;2004-10-19;21
st20230731;Volodymyr;Melnyk;Vitaliiovych;3;2023-09-01;3;f006;sp021;BUDGET;ACTIVE;v.melnyk10@ukma.edu.ua;+380501236153;2004-01-20;22
st20230732;Nazar;Moroz;Dmytrovych;3;2023-09-01;3;f006;sp021;BUDGET;ACTIVE;n.moroz2@ukma.edu.ua;+380501236163;2005-01-07;21
st20230733;Oleksandr;Oliinyk;Tymurovych;3;2023-09-01;4;f006;sp021;BUDGET;ACTIVE;o.oliinyk5@ukma.edu.ua;+380501236155;2005-04-27;21
st20230734;Artur;Panchenko;Stepanovych;3;2023-09-01;4;f006;sp021;BUDGET;ACTIVE;a.panchenko1@ukma.edu.ua;+380501236140;2005-03-11;21
st20230735;Khrystyna;Panchenko;Denysivna;3;2023-09-01;4;f006;sp021;BUDGET;ACTIVE;k.panchenko4@ukma.edu.ua;+380501236152;2005-11-07;20
st20230736;Oleksandr;Radchenko;Romanovych;3;2023-09-01;4;f006;sp021;CONTRACT;ACTIVE;o.radchenko1@ukma.edu.ua;+380501236139;2005-02-11;21
st20230737;Yevhen;Rudenko;Stepanovych;3;2023-09-01;4;f006;sp021;CONTRACT;ACTIVE;y.rudenko@ukma.edu.ua;+380501236148;2004-04-24;22
st20230738;Valeriia;Rudenko;Yuriivna;3;2023-09-01;4;f006;sp021;CONTRACT;ACTIVE;v.rudenko6@ukma.edu.ua;+380501236160;2004-10-10;21
st20230739;Zlata;Rudenko;Illivna;3;2023-09-01;4;f006;sp021;CONTRACT;ACTIVE;z.rudenko@ukma.edu.ua;+380501236172;2004-07-02;21
st20230740;Andrii;Shevchenko;Olehovych;3;2023-09-01;5;f006;sp021;BUDGET;ACTIVE;a.shevchenko6@ukma.edu.ua;+380501236157;2005-07-15;20
st20230741;Andrii;Shevchuk;Vladyslavovych;3;2023-09-01;5;f006;sp021;CONTRACT;ACTIVE;a.shevchuk6@ukma.edu.ua;+380501236146;2005-06-26;20
st20230742;Bohdan;Sydorenko;Volodymyrovych;3;2023-09-01;5;f006;sp021;CONTRACT;ACTIVE;b.sydorenko2@ukma.edu.ua;+380501236149;2004-03-15;22
st20230743;Volodymyr;Sydorenko;Artemovych;3;2023-09-01;5;f006;sp021;BUDGET;ACTIVE;v.sydorenko7@ukma.edu.ua;+380501236156;2005-04-18;21
st20230744;Uliana;Sydorenko;Valentynivna;3;2023-09-01;5;f006;sp021;CONTRACT;ACTIVE;u.sydorenko1@ukma.edu.ua;+380501236173;2004-02-11;22
st20230745;Mykola;Tkachenko;Yevhenovych;3;2023-09-01;5;f006;sp021;CONTRACT;ACTIVE;m.tkachenko4@ukma.edu.ua;+380501236145;2004-11-24;21
st20230746;Nadiia;Tkachenko;Artemivna;3;2023-09-01;5;f006;sp021;BUDGET;ACTIVE;n.tkachenko2@ukma.edu.ua;+380501236154;2005-09-09;20
st20230747;Hlib;Tkachuk;Maksymovych;3;2023-09-01;6;f006;sp021;CONTRACT;ACTIVE;h.tkachuk3@ukma.edu.ua;+380501236138;2004-05-21;21
st20230748;Oleksandr;Tkachuk;Denysovych;3;2023-09-01;6;f006;sp021;BUDGET;ACTIVE;o.tkachuk3@ukma.edu.ua;+380501236167;2005-10-13;20


st20230749;Tetiana;Babenko;Mykhailivna;3;2023-09-01;1;f006;sp022;CONTRACT;ACTIVE;t.babenko3@ukma.edu.ua;+380501236203;2004-11-16;21
st20230750;Yuliia;Boiko;Yuriivna;3;2023-09-01;1;f006;sp022;BUDGET;ACTIVE;y.boiko3@ukma.edu.ua;+380501236184;2004-06-06;21
st20230751;Alisa;Boiko;Vladyslavivna;3;2023-09-01;1;f006;sp022;CONTRACT;ACTIVE;a.boiko4@ukma.edu.ua;+380501236199;2004-10-19;21
st20230752;Nadiia;Dmytrenko;Kyrylivna;3;2023-09-01;1;f006;sp022;BUDGET;ACTIVE;n.dmytrenko4@ukma.edu.ua;+380501236186;2004-11-10;21
st20230753;Yurii;Havryliuk;Andriiovych;3;2023-09-01;1;f006;sp022;CONTRACT;ACTIVE;y.havryliuk2@ukma.edu.ua;+380501236177;2004-01-21;22
st20230754;Veronika;Havryliuk;Vladyslavivna;3;2023-09-01;2;f006;sp022;BUDGET;ACTIVE;v.havryliuk5@ukma.edu.ua;+380501236197;2004-06-27;21
st20230755;Taras;Honcharenko;Serhiiovych;3;2023-09-01;2;f006;sp022;CONTRACT;ACTIVE;t.honcharenko4@ukma.edu.ua;+380501236182;2004-05-22;21
st20230756;Sofiia;Honcharenko;Vladyslavivna;3;2023-09-01;2;f006;sp022;BUDGET;ACTIVE;s.honcharenko4@ukma.edu.ua;+380501236193;2004-01-19;22
st20230757;Nadiia;Hrytsenko;Dmytrivna;3;2023-09-01;2;f006;sp022;CONTRACT;ACTIVE;n.hrytsenko1@ukma.edu.ua;+380501236175;2004-11-07;21
st20230758;Vasyl;Hrytsenko;Maksymovych;3;2023-09-01;2;f006;sp022;CONTRACT;ACTIVE;v.hrytsenko5@ukma.edu.ua;+380501236195;2004-08-26;21
st20230759;Taras;Ivanenko;Tarasovych;3;2023-09-01;3;f006;sp022;CONTRACT;ACTIVE;t.ivanenko4@ukma.edu.ua;+380501236201;2004-10-26;21
st20230760;Roman;Ivanenko;Antonovych;3;2023-09-01;3;f006;sp022;CONTRACT;ACTIVE;r.ivanenko3@ukma.edu.ua;+380501236202;2004-08-01;21
st20230761;Bohdan;Karpenko;Maksymovych;3;2023-09-01;3;f006;sp022;CONTRACT;ACTIVE;b.karpenko1@ukma.edu.ua;+380501236188;2004-06-11;21
st20230762;Kateryna;Lysenko;Olehivna;3;2023-09-01;3;f006;sp022;BUDGET;ACTIVE;k.lysenko2@ukma.edu.ua;+380501236181;2004-01-01;22
st20230763;Mariia;Lysenko;Romanivna;3;2023-09-01;3;f006;sp022;CONTRACT;ACTIVE;m.lysenko4@ukma.edu.ua;+380501236185;2004-10-24;21
st20230764;Vitalii;Marchenko;Tarasovych;3;2023-09-01;4;f006;sp022;BUDGET;ACTIVE;v.marchenko13@ukma.edu.ua;+380501236196;2005-08-28;20
st20230765;Solomiia;Marchenko;Artemivna;3;2023-09-01;4;f006;sp022;CONTRACT;ACTIVE;s.marchenko1@ukma.edu.ua;+380501236198;2005-05-18;20
st20230766;Maksym;Melnyk;Volodymyrovych;3;2023-09-01;4;f006;sp022;BUDGET;ACTIVE;m.melnyk3@ukma.edu.ua;+380501236187;2004-02-15;22
st20230767;Veronika;Moroz;Mykhailivna;3;2023-09-01;4;f006;sp022;CONTRACT;ACTIVE;v.moroz4@ukma.edu.ua;+380501236179;2005-03-28;21
st20230768;Nataliia;Petrenko;Rostyslavivna;3;2023-09-01;4;f006;sp022;CONTRACT;ACTIVE;n.petrenko@ukma.edu.ua;+380501236176;2004-08-05;21
st20230769;Tetiana;Polishchuk;Romanivna;3;2023-09-01;5;f006;sp022;CONTRACT;ACTIVE;t.polishchuk3@ukma.edu.ua;+380501236194;2004-12-18;21
st20230770;Serhii;Rudenko;Kyrylovych;3;2023-09-01;5;f006;sp022;CONTRACT;ACTIVE;s.rudenko7@ukma.edu.ua;+380501236180;2005-03-18;21
st20230771;Anna;Rudenko;Volodymyrivna;3;2023-09-01;5;f006;sp022;CONTRACT;ACTIVE;a.rudenko4@ukma.edu.ua;+380501236191;2005-09-26;20
st20230772;Vira;Savchenko;Bohdanivna;3;2023-09-01;5;f006;sp022;BUDGET;ACTIVE;v.savchenko6@ukma.edu.ua;+380501236183;2004-03-13;22
st20230773;Iryna;Shevchenko;Valentynivna;3;2023-09-01;5;f006;sp022;BUDGET;ACTIVE;i.shevchenko2@ukma.edu.ua;+380501236178;2004-07-26;21
st20230774;Bohdan;Tkachenko;Andriiovych;3;2023-09-01;6;f006;sp022;CONTRACT;ACTIVE;b.tkachenko@ukma.edu.ua;+380501236189;2004-05-27;21
st20230775;Roman;Vlasenko;Mykolaiovych;3;2023-09-01;6;f006;sp022;BUDGET;ACTIVE;r.vlasenko3@ukma.edu.ua;+380501236190;2005-06-26;20
st20230776;Vira;Vlasenko;Romanivna;3;2023-09-01;6;f006;sp022;CONTRACT;ACTIVE;v.vlasenko9@ukma.edu.ua;+380501236192;2004-07-10;21
st20230777;Daria;Vlasenko;Hlibivna;3;2023-09-01;6;f006;sp022;CONTRACT;ACTIVE;d.vlasenko4@ukma.edu.ua;+380501236200;2005-05-07;20
st20230778;Daria;Vlasenko;Rostyslavivna;3;2023-09-01;6;f006;sp022;CONTRACT;ACTIVE;d.vlasenko5@ukma.edu.ua;+380501236204;2004-11-12;21


st20230779;Viktoriia;Babenko;Andriivna;3;2023-09-01;1;f006;sp023;BUDGET;ACTIVE;v.babenko5@ukma.edu.ua;+380501236215;2005-11-02;20
st20230780;Volodymyr;Boiko;Romanovych;3;2023-09-01;1;f006;sp023;BUDGET;ACTIVE;v.boiko8@ukma.edu.ua;+380501236219;2005-08-01;20
st20230781;Viktoriia;Dmytrenko;Olehivna;3;2023-09-01;1;f006;sp023;CONTRACT;ACTIVE;v.dmytrenko5@ukma.edu.ua;+380501236231;2004-02-08;22
st20230782;Zlata;Dmytrenko;Yevhenivna;3;2023-09-01;1;f006;sp023;CONTRACT;ACTIVE;z.dmytrenko@ukma.edu.ua;+380501236236;2005-05-15;20
st20230783;Vladyslav;Dmytrenko;Oleksandrovych;3;2023-09-01;1;f006;sp023;BUDGET;ACTIVE;v.dmytrenko6@ukma.edu.ua;+380501236243;2005-03-15;21
st20230784;Dmytro;Havryliuk;Denysovych;3;2023-09-01;1;f006;sp023;BUDGET;ACTIVE;d.havryliuk1@ukma.edu.ua;+380501236240;2004-07-06;21
st20230785;Bozhena;Havryliuk;Rostyslavivna;3;2023-09-01;1;f006;sp023;CONTRACT;ACTIVE;b.havryliuk2@ukma.edu.ua;+380501236245;2005-12-26;20
st20230786;Oksana;Honcharenko;Bohdanivna;3;2023-09-01;1;f006;sp023;CONTRACT;ACTIVE;o.honcharenko2@ukma.edu.ua;+380501236221;2004-07-01;21
st20230787;Anhelina;Hrytsenko;Yuriivna;3;2023-09-01;2;f006;sp023;BUDGET;ACTIVE;a.hrytsenko5@ukma.edu.ua;+380501236210;2004-04-13;22
st20230788;Zlata;Hrytsenko;Arturivna;3;2023-09-01;2;f006;sp023;CONTRACT;ACTIVE;z.hrytsenko2@ukma.edu.ua;+380501236220;2005-11-11;20
st20230789;Kyrylo;Hrytsenko;Volodymyrovych;3;2023-09-01;2;f006;sp023;CONTRACT;ACTIVE;k.hrytsenko2@ukma.edu.ua;+380501236233;2005-01-04;21
st20230790;Solomiia;Khomenko;Olehivna;3;2023-09-01;2;f006;sp023;BUDGET;ACTIVE;s.khomenko3@ukma.edu.ua;+380501236244;2004-03-25;22
st20230791;Solomiia;Koval;Arturivna;3;2023-09-01;2;f006;sp023;CONTRACT;ACTIVE;s.koval3@ukma.edu.ua;+380501236237;2004-02-18;22
st20230792;Roman;Kovalenko;Bohdanovych;3;2023-09-01;2;f006;sp023;BUDGET;ACTIVE;r.kovalenko2@ukma.edu.ua;+380501236206;2005-01-03;21
st20230793;Viktoriia;Kovalenko;Kyrylivna;3;2023-09-01;2;f006;sp023;BUDGET;ACTIVE;v.kovalenko5@ukma.edu.ua;+380501236225;2004-12-08;21
st20230794;Andrii;Marchenko;Denysovych;3;2023-09-01;2;f006;sp023;CONTRACT;ACTIVE;a.marchenko5@ukma.edu.ua;+380501236211;2005-10-18;20
st20230795;Kyrylo;Marchenko;Serhiiovych;3;2023-09-01;3;f006;sp023;BUDGET;ACTIVE;k.marchenko9@ukma.edu.ua;+380501236213;2005-04-10;21
st20230796;Vladyslav;Marchenko;Rostyslavovych;3;2023-09-01;3;f006;sp023;CONTRACT;ACTIVE;v.marchenko14@ukma.edu.ua;+380501236223;2004-02-15;22
st20230797;Yuliia;Marchenko;Ivanivna;3;2023-09-01;3;f006;sp023;BUDGET;ACTIVE;y.marchenko6@ukma.edu.ua;+380501236242;2005-04-14;21
st20230798;Vira;Melnyk;Oleksandrivna;3;2023-09-01;3;f006;sp023;CONTRACT;ACTIVE;v.melnyk11@ukma.edu.ua;+380501236238;2004-06-01;21
st20230799;Stepan;Moroz;Illich;3;2023-09-01;3;f006;sp023;CONTRACT;ACTIVE;s.moroz2@ukma.edu.ua;+380501236207;2005-07-16;20
st20230800;Liubov;Moroz;Antonivna;3;2023-09-01;3;f006;sp023;CONTRACT;ACTIVE;l.moroz2@ukma.edu.ua;+380501236209;2004-12-05;21
st20230801;Andrii;Oliinyk;Hlibovych;3;2023-09-01;3;f006;sp023;CONTRACT;ACTIVE;a.oliinyk6@ukma.edu.ua;+380501236227;2004-02-28;22
st20230802;Ihor;Oliinyk;Ivanovych;3;2023-09-01;3;f006;sp023;BUDGET;ACTIVE;i.oliinyk5@ukma.edu.ua;+380501236228;2004-06-27;21
st20230803;Polina;Petrenko;Tymurivna;3;2023-09-01;4;f006;sp023;CONTRACT;ACTIVE;p.petrenko2@ukma.edu.ua;+380501236214;2005-12-14;20
st20230804;Rostyslav;Petrenko;Stepanovych;3;2023-09-01;4;f006;sp023;BUDGET;ACTIVE;r.petrenko1@ukma.edu.ua;+380501236218;2004-03-24;22
st20230805;Uliana;Polishchuk;Mykhailivna;3;2023-09-01;4;f006;sp023;BUDGET;ACTIVE;u.polishchuk@ukma.edu.ua;+380501236216;2004-07-22;21
st20230806;Uliana;Radchenko;Ivanivna;3;2023-09-01;4;f006;sp023;CONTRACT;ACTIVE;u.radchenko@ukma.edu.ua;+380501236234;2004-07-02;21
st20230807;Viktor;Rudenko;Vitaliiovych;3;2023-09-01;4;f006;sp023;CONTRACT;ACTIVE;v.rudenko7@ukma.edu.ua;+380501236224;2004-10-11;21
st20230808;Vasyl;Rudenko;Arturovych;3;2023-09-01;4;f006;sp023;CONTRACT;ACTIVE;v.rudenko8@ukma.edu.ua;+380501236239;2005-04-23;21
st20230809;Yurii;Savchenko;Vladyslavovych;3;2023-09-01;4;f006;sp023;BUDGET;ACTIVE;y.savchenko3@ukma.edu.ua;+380501236246;2005-03-25;21
st20230810;Mykhailo;Shevchenko;Tarasovych;3;2023-09-01;4;f006;sp023;BUDGET;ACTIVE;m.shevchenko2@ukma.edu.ua;+380501236235;2004-03-22;22
st20230811;Alisa;Shevchuk;Stepanivna;3;2023-09-01;5;f006;sp023;CONTRACT;ACTIVE;a.shevchuk7@ukma.edu.ua;+380501236229;2005-07-28;20
st20230812;Serhii;Shevchuk;Dmytrovych;3;2023-09-01;5;f006;sp023;CONTRACT;ACTIVE;s.shevchuk4@ukma.edu.ua;+380501236230;2005-08-01;20
st20230813;Valeriia;Sydorenko;Denysivna;3;2023-09-01;5;f006;sp023;CONTRACT;ACTIVE;v.sydorenko8@ukma.edu.ua;+380501236222;2005-10-16;20
st20230814;Anton;Taran;Olehovych;3;2023-09-01;5;f006;sp023;BUDGET;ACTIVE;a.taran8@ukma.edu.ua;+380501236205;2004-08-14;21
st20230815;Roman;Taran;Bohdanovych;3;2023-09-01;5;f006;sp023;CONTRACT;ACTIVE;r.taran1@ukma.edu.ua;+380501236208;2005-11-17;20
st20230816;Anna;Taran;Vitaliivna;3;2023-09-01;5;f006;sp023;CONTRACT;ACTIVE;a.taran9@ukma.edu.ua;+380501236212;2004-04-22;22
st20230817;Artem;Taran;Mykolaiovych;3;2023-09-01;5;f006;sp023;CONTRACT;ACTIVE;a.taran10@ukma.edu.ua;+380501236217;2005-06-03;20
st20230818;Zlata;Taran;Illivna;3;2023-09-01;5;f006;sp023;CONTRACT;ACTIVE;z.taran1@ukma.edu.ua;+380501236241;2005-09-04;20
st20230819;Viktoriia;Tkachenko;Oleksandrivna;3;2023-09-01;6;f006;sp023;BUDGET;ACTIVE;v.tkachenko12@ukma.edu.ua;+380501236232;2004-01-19;22
st20230820;Ihor;Tkachenko;Mykolaiovych;3;2023-09-01;6;f006;sp023;CONTRACT;ACTIVE;i.tkachenko1@ukma.edu.ua;+380501236247;2004-03-18;22
st20230821;Nadiia;Tkachuk;Vitaliivna;3;2023-09-01;6;f006;sp023;CONTRACT;ACTIVE;n.tkachuk1@ukma.edu.ua;+380501236226;2005-05-22;20


st20230822;Bohdan;Babenko;Ivanovych;3;2023-09-01;1;f006;sp024;BUDGET;ACTIVE;b.babenko3@ukma.edu.ua;+380501236261;2005-01-26;21
st20230823;Tetiana;Boiko;Rostyslavivna;3;2023-09-01;1;f006;sp024;CONTRACT;ACTIVE;t.boiko2@ukma.edu.ua;+380501236274;2004-09-27;21
st20230824;Valeriia;Bondar;Valentynivna;3;2023-09-01;1;f006;sp024;CONTRACT;ACTIVE;v.bondar5@ukma.edu.ua;+380501236253;2005-06-24;20
st20230825;Yurii;Bondar;Romanovych;3;2023-09-01;1;f006;sp024;CONTRACT;ACTIVE;y.bondar@ukma.edu.ua;+380501236255;2005-03-26;21
st20230826;Polina;Bondar;Mykhailivna;3;2023-09-01;1;f006;sp024;BUDGET;ACTIVE;p.bondar2@ukma.edu.ua;+380501236257;2004-11-06;21
st20230827;Stepan;Bondar;Dmytrovych;3;2023-09-01;1;f006;sp024;CONTRACT;ACTIVE;s.bondar3@ukma.edu.ua;+380501236266;2004-12-24;21
st20230828;Illia;Bondarenko;Tymurovych;3;2023-09-01;1;f006;sp024;BUDGET;ACTIVE;i.bondarenko3@ukma.edu.ua;+380501236262;2004-01-18;22
st20230829;Oleh;Bondarenko;Tymurovych;3;2023-09-01;2;f006;sp024;BUDGET;ACTIVE;o.bondarenko2@ukma.edu.ua;+380501236265;2005-08-07;20
st20230830;Iryna;Dmytrenko;Yuriivna;3;2023-09-01;2;f006;sp024;CONTRACT;ACTIVE;i.dmytrenko2@ukma.edu.ua;+380501236272;2005-06-12;20
st20230831;Khrystyna;Havryliuk;Illivna;3;2023-09-01;2;f006;sp024;BUDGET;ACTIVE;k.havryliuk2@ukma.edu.ua;+380501236273;2004-04-24;22
st20230832;Bohdan;Honcharenko;Valentynovych;3;2023-09-01;2;f006;sp024;BUDGET;ACTIVE;b.honcharenko1@ukma.edu.ua;+380501236248;2004-08-11;21
st20230833;Ihor;Honcharenko;Mykhailovych;3;2023-09-01;2;f006;sp024;CONTRACT;ACTIVE;i.honcharenko2@ukma.edu.ua;+380501236249;2005-10-10;20
st20230834;Olena;Hrytsenko;Maksymivna;3;2023-09-01;2;f006;sp024;CONTRACT;ACTIVE;o.hrytsenko2@ukma.edu.ua;+380501236263;2005-12-15;20
st20230835;Vira;Hrytsenko;Kyrylivna;3;2023-09-01;2;f006;sp024;BUDGET;ACTIVE;v.hrytsenko6@ukma.edu.ua;+380501236277;2005-01-25;21
st20230836;Anton;Ivanenko;Vladyslavovych;3;2023-09-01;3;f006;sp024;CONTRACT;ACTIVE;a.ivanenko6@ukma.edu.ua;+380501236278;2004-06-04;21
st20230837;Diana;Karpenko;Volodymyrivna;3;2023-09-01;3;f006;sp024;CONTRACT;ACTIVE;d.karpenko5@ukma.edu.ua;+380501236256;2005-10-12;20
st20230838;Nadiia;Khomenko;Oleksandrivna;3;2023-09-01;3;f006;sp024;BUDGET;ACTIVE;n.khomenko@ukma.edu.ua;+380501236252;2004-11-26;21
st20230839;Mykhailo;Koval;Vitaliiovych;3;2023-09-01;3;f006;sp024;BUDGET;ACTIVE;m.koval1@ukma.edu.ua;+380501236250;2004-05-16;21
st20230840;Dmytro;Koval;Arturovych;3;2023-09-01;3;f006;sp024;CONTRACT;ACTIVE;d.koval6@ukma.edu.ua;+380501236251;2004-11-08;21
st20230841;Polina;Koval;Kyrylivna;3;2023-09-01;3;f006;sp024;BUDGET;ACTIVE;p.koval3@ukma.edu.ua;+380501236279;2005-03-17;21
st20230842;Oksana;Kovalenko;Vladyslavivna;3;2023-09-01;3;f006;sp024;CONTRACT;ACTIVE;o.kovalenko6@ukma.edu.ua;+380501236264;2004-02-02;22
st20230843;Mariia;Lysenko;Mykolaivna;3;2023-09-01;4;f006;sp024;BUDGET;ACTIVE;m.lysenko5@ukma.edu.ua;+380501236281;2004-02-26;22
st20230844;Nadiia;Melnyk;Dmytrivna;3;2023-09-01;4;f006;sp024;BUDGET;ACTIVE;n.melnyk1@ukma.edu.ua;+380501236269;2004-03-01;22
st20230845;Polina;Melnyk;Kyrylivna;3;2023-09-01;4;f006;sp024;CONTRACT;ACTIVE;p.melnyk4@ukma.edu.ua;+380501236276;2004-07-15;21
st20230846;Pavlo;Polishchuk;Ivanovych;3;2023-09-01;4;f006;sp024;CONTRACT;ACTIVE;p.polishchuk@ukma.edu.ua;+380501236260;2004-04-19;22
st20230847;Serhii;Polishchuk;Dmytrovych;3;2023-09-01;4;f006;sp024;CONTRACT;ACTIVE;s.polishchuk4@ukma.edu.ua;+380501236271;2005-08-24;20
st20230848;Taras;Ponomarenko;Kyrylovych;3;2023-09-01;4;f006;sp024;CONTRACT;ACTIVE;t.ponomarenko3@ukma.edu.ua;+380501236282;2004-12-27;21
st20230849;Andrii;Radchenko;Serhiiovych;3;2023-09-01;4;f006;sp024;BUDGET;ACTIVE;a.radchenko6@ukma.edu.ua;+380501236267;2004-09-02;21
st20230850;Artem;Radchenko;Ivanovych;3;2023-09-01;5;f006;sp024;CONTRACT;ACTIVE;a.radchenko7@ukma.edu.ua;+380501236280;2004-08-18;21
st20230851;Anhelina;Radchenko;Antonivna;3;2023-09-01;5;f006;sp024;CONTRACT;ACTIVE;a.radchenko8@ukma.edu.ua;+380501236285;2005-01-13;21
st20230852;Oleksandr;Savchenko;Tymurovych;3;2023-09-01;5;f006;sp024;BUDGET;ACTIVE;o.savchenko5@ukma.edu.ua;+380501236268;2004-04-28;22
st20230853;Vitalii;Shevchuk;Maksymovych;3;2023-09-01;5;f006;sp024;BUDGET;ACTIVE;v.shevchuk1@ukma.edu.ua;+380501236258;2004-03-10;22
st20230854;Vladyslav;Shevchuk;Ivanovych;3;2023-09-01;5;f006;sp024;BUDGET;ACTIVE;v.shevchuk2@ukma.edu.ua;+380501236270;2005-10-17;20
st20230855;Artem;Shevchuk;Arturovych;3;2023-09-01;5;f006;sp024;CONTRACT;ACTIVE;a.shevchuk8@ukma.edu.ua;+380501236275;2004-06-25;21
st20230856;Alina;Sydorenko;Dmytrivna;3;2023-09-01;5;f006;sp024;BUDGET;ACTIVE;a.sydorenko9@ukma.edu.ua;+380501236283;2004-11-13;21
st20230857;Veronika;Tkachuk;Olehivna;3;2023-09-01;6;f006;sp024;BUDGET;ACTIVE;v.tkachuk5@ukma.edu.ua;+380501236254;2004-03-12;22
st20230858;Yana;Tkachuk;Denysivna;3;2023-09-01;6;f006;sp024;CONTRACT;ACTIVE;y.tkachuk4@ukma.edu.ua;+380501236259;2005-02-03;21
st20230859;Dmytro;Vlasenko;Yuriiovych;3;2023-09-01;6;f006;sp024;CONTRACT;ACTIVE;d.vlasenko6@ukma.edu.ua;+380501236284;2004-09-10;21


st20230860;Yuliia;Babenko;Volodymyrivna;3;2023-09-01;1;f006;sp025;CONTRACT;ACTIVE;y.babenko2@ukma.edu.ua;+380501236301;2005-03-04;21
st20230861;Uliana;Bondar;Artemivna;3;2023-09-01;1;f006;sp025;BUDGET;ACTIVE;u.bondar1@ukma.edu.ua;+380501236317;2004-08-19;21
st20230862;Liubov;Bondarenko;Andriivna;3;2023-09-01;1;f006;sp025;CONTRACT;ACTIVE;l.bondarenko2@ukma.edu.ua;+380501236298;2004-04-02;22
st20230863;Vasyl;Dmytrenko;Maksymovych;3;2023-09-01;1;f006;sp025;BUDGET;ACTIVE;v.dmytrenko7@ukma.edu.ua;+380501236302;2004-10-28;21
st20230864;Valeriia;Havryliuk;Hlibivna;3;2023-09-01;1;f006;sp025;CONTRACT;ACTIVE;v.havryliuk6@ukma.edu.ua;+380501236309;2005-01-08;21
st20230865;Hlib;Honcharenko;Kyrylovych;3;2023-09-01;1;f006;sp025;BUDGET;ACTIVE;h.honcharenko2@ukma.edu.ua;+380501236299;2004-07-28;21
st20230866;Mykola;Honcharenko;Antonovych;3;2023-09-01;2;f006;sp025;BUDGET;ACTIVE;m.honcharenko4@ukma.edu.ua;+380501236303;2004-02-07;22
st20230867;Sofiia;Honcharenko;Mykolaivna;3;2023-09-01;2;f006;sp025;BUDGET;ACTIVE;s.honcharenko5@ukma.edu.ua;+380501236314;2004-08-24;21
st20230868;Iryna;Hrytsenko;Mykolaivna;3;2023-09-01;2;f006;sp025;BUDGET;ACTIVE;i.hrytsenko3@ukma.edu.ua;+380501236287;2004-04-14;22
st20230869;Liubov;Hrytsenko;Tymurivna;3;2023-09-01;2;f006;sp025;CONTRACT;ACTIVE;l.hrytsenko1@ukma.edu.ua;+380501236296;2004-05-17;21
st20230870;Andrii;Ivanenko;Maksymovych;3;2023-09-01;2;f006;sp025;CONTRACT;ACTIVE;a.ivanenko7@ukma.edu.ua;+380501236290;2004-11-04;21
st20230871;Maksym;Ivanenko;Illich;3;2023-09-01;2;f006;sp025;BUDGET;ACTIVE;m.ivanenko3@ukma.edu.ua;+380501236292;2004-05-21;21
st20230872;Alina;Karpenko;Arturivna;3;2023-09-01;3;f006;sp025;CONTRACT;ACTIVE;a.karpenko7@ukma.edu.ua;+380501236316;2005-04-25;21
st20230873;Taras;Kovalenko;Arturovych;3;2023-09-01;3;f006;sp025;BUDGET;ACTIVE;t.kovalenko1@ukma.edu.ua;+380501236300;2005-05-19;20
st20230874;Anton;Kravchenko;Andriiovych;3;2023-09-01;3;f006;sp025;BUDGET;ACTIVE;a.kravchenko6@ukma.edu.ua;+380501236307;2004-09-14;21
st20230875;Serhii;Lysenko;Yevhenovych;3;2023-09-01;3;f006;sp025;CONTRACT;ACTIVE;s.lysenko2@ukma.edu.ua;+380501236289;2004-01-14;22
st20230876;Oleh;Oliinyk;Arturovych;3;2023-09-01;3;f006;sp025;BUDGET;ACTIVE;o.oliinyk6@ukma.edu.ua;+380501236305;2004-08-25;21
st20230877;Yana;Polishchuk;Vladyslavivna;3;2023-09-01;3;f006;sp025;CONTRACT;ACTIVE;y.polishchuk2@ukma.edu.ua;+380501236286;2005-12-11;20
st20230878;Ihor;Ponomarenko;Kyrylovych;3;2023-09-01;4;f006;sp025;CONTRACT;ACTIVE;i.ponomarenko@ukma.edu.ua;+380501236293;2005-02-25;21
st20230879;Valeriia;Ponomarenko;Illivna;3;2023-09-01;4;f006;sp025;BUDGET;ACTIVE;v.ponomarenko6@ukma.edu.ua;+380501236294;2005-01-08;21
st20230880;Vladyslav;Ponomarenko;Arturovych;3;2023-09-01;4;f006;sp025;CONTRACT;ACTIVE;v.ponomarenko7@ukma.edu.ua;+380501236311;2005-03-22;21
st20230881;Bozhena;Shevchenko;Tarasivna;3;2023-09-01;4;f006;sp025;CONTRACT;ACTIVE;b.shevchenko1@ukma.edu.ua;+380501236308;2004-02-10;22
st20230882;Iryna;Shevchenko;Mykhailivna;3;2023-09-01;4;f006;sp025;CONTRACT;ACTIVE;i.shevchenko3@ukma.edu.ua;+380501236310;2004-08-25;21
st20230883;Anastasiia;Shevchenko;Ivanivna;3;2023-09-01;4;f006;sp025;BUDGET;ACTIVE;a.shevchenko7@ukma.edu.ua;+380501236315;2005-04-13;21
st20230884;Mykola;Shevchuk;Serhiiovych;3;2023-09-01;5;f006;sp025;BUDGET;ACTIVE;m.shevchuk3@ukma.edu.ua;+380501236291;2004-02-25;22
st20230885;Artem;Sydorenko;Artemovych;3;2023-09-01;5;f006;sp025;BUDGET;ACTIVE;a.sydorenko10@ukma.edu.ua;+380501236312;2004-07-27;21
st20230886;Oleksandr;Taran;Tymurovych;3;2023-09-01;5;f006;sp025;CONTRACT;ACTIVE;o.taran2@ukma.edu.ua;+380501236288;2005-05-01;20
st20230887;Valeriia;Taran;Serhiivna;3;2023-09-01;5;f006;sp025;BUDGET;ACTIVE;v.taran7@ukma.edu.ua;+380501236304;2005-06-26;20
st20230888;Pavlo;Tkachenko;Mykhailovych;3;2023-09-01;5;f006;sp025;CONTRACT;ACTIVE;p.tkachenko1@ukma.edu.ua;+380501236295;2005-03-05;21
st20230889;Alisa;Tkachuk;Arturivna;3;2023-09-01;5;f006;sp025;CONTRACT;ACTIVE;a.tkachuk3@ukma.edu.ua;+380501236297;2005-12-05;20
st20230890;Artem;Vlasenko;Yevhenovych;3;2023-09-01;6;f006;sp025;CONTRACT;ACTIVE;a.vlasenko7@ukma.edu.ua;+380501236306;2004-02-13;22
st20230891;Yana;Vlasenko;Artemivna;3;2023-09-01;6;f006;sp025;BUDGET;ACTIVE;y.vlasenko3@ukma.edu.ua;+380501236313;2005-04-17;21




















st20220001;Bohdan;Boiko;Kyrylovych;4;2022-09-01;1;f001;sp001;BUDGET;ACTIVE;b.boiko2@ukma.edu.ua;+380501236324;2004-12-07;21
st20220002;Bozhena;Boiko;Valentynivna;4;2022-09-01;1;f001;sp001;CONTRACT;ACTIVE;b.boiko3@ukma.edu.ua;+380501236336;2003-06-28;22
st20220003;Liubov;Boiko;Artemivna;4;2022-09-01;1;f001;sp001;BUDGET;ACTIVE;l.boiko1@ukma.edu.ua;+380501236346;2003-05-11;22
st20220004;Alina;Boiko;Bohdanivna;4;2022-09-01;1;f001;sp001;CONTRACT;ACTIVE;a.boiko5@ukma.edu.ua;+380501236348;2004-02-25;22
st20220005;Anton;Bondarenko;Bohdanovych;4;2022-09-01;1;f001;sp001;CONTRACT;ACTIVE;a.bondarenko3@ukma.edu.ua;+380501236321;2003-04-16;23
st20220006;Rostyslav;Havryliuk;Stepanovych;4;2022-09-01;1;f001;sp001;CONTRACT;ACTIVE;r.havryliuk3@ukma.edu.ua;+380501236320;2003-04-02;23
st20220007;Alina;Havryliuk;Ivanivna;4;2022-09-01;2;f001;sp001;CONTRACT;ACTIVE;a.havryliuk4@ukma.edu.ua;+380501236328;2004-01-21;22
st20220008;Alisa;Honcharenko;Artemivna;4;2022-09-01;2;f001;sp001;BUDGET;ACTIVE;a.honcharenko8@ukma.edu.ua;+380501236337;2003-04-17;23
st20220009;Vladyslav;Hrytsenko;Romanovych;4;2022-09-01;2;f001;sp001;CONTRACT;ACTIVE;v.hrytsenko7@ukma.edu.ua;+380501236340;2003-02-27;23
st20220010;Anhelina;Ivanenko;Yevhenivna;4;2022-09-01;2;f001;sp001;BUDGET;ACTIVE;a.ivanenko8@ukma.edu.ua;+380501236319;2004-08-21;21
st20220011;Bozhena;Ivanenko;Oleksandrivna;4;2022-09-01;2;f001;sp001;CONTRACT;ACTIVE;b.ivanenko2@ukma.edu.ua;+380501236341;2003-07-21;22
st20220012;Veronika;Karpenko;Illivna;4;2022-09-01;2;f001;sp001;BUDGET;ACTIVE;v.karpenko5@ukma.edu.ua;+380501236325;2003-07-07;22
st20220013;Yelyzaveta;Kravchenko;Vladyslavivna;4;2022-09-01;3;f001;sp001;CONTRACT;ACTIVE;y.kravchenko3@ukma.edu.ua;+380501236334;2004-12-10;21
st20220014;Daria;Marchenko;Rostyslavivna;4;2022-09-01;3;f001;sp001;BUDGET;ACTIVE;d.marchenko1@ukma.edu.ua;+380501236347;2003-01-20;23
st20220015;Anhelina;Moroz;Tymurivna;4;2022-09-01;3;f001;sp001;BUDGET;ACTIVE;a.moroz6@ukma.edu.ua;+380501236326;2003-03-26;23
st20220016;Anton;Moroz;Illich;4;2022-09-01;3;f001;sp001;CONTRACT;ACTIVE;a.moroz7@ukma.edu.ua;+380501236335;2003-10-13;22
st20220017;Anhelina;Oliinyk;Illivna;4;2022-09-01;3;f001;sp001;CONTRACT;ACTIVE;a.oliinyk7@ukma.edu.ua;+380501236329;2004-08-03;21
st20220018;Bozhena;Oliinyk;Yuriivna;4;2022-09-01;3;f001;sp001;BUDGET;ACTIVE;b.oliinyk4@ukma.edu.ua;+380501236349;2004-11-23;21
st20220019;Valeriia;Panchenko;Antonivna;4;2022-09-01;4;f001;sp001;CONTRACT;ACTIVE;v.panchenko9@ukma.edu.ua;+380501236332;2004-07-10;21
st20220020;Yana;Panchenko;Oleksandrivna;4;2022-09-01;4;f001;sp001;BUDGET;ACTIVE;y.panchenko7@ukma.edu.ua;+380501236350;2004-11-24;21
st20220021;Daria;Polishchuk;Dmytrivna;4;2022-09-01;4;f001;sp001;BUDGET;ACTIVE;d.polishchuk2@ukma.edu.ua;+380501236343;2003-09-24;22
st20220022;Bohdan;Ponomarenko;Yevhenovych;4;2022-09-01;4;f001;sp001;BUDGET;ACTIVE;b.ponomarenko1@ukma.edu.ua;+380501236338;2004-01-04;22
st20220023;Khrystyna;Rudenko;Ivanivna;4;2022-09-01;4;f001;sp001;CONTRACT;ACTIVE;k.rudenko1@ukma.edu.ua;+380501236339;2004-01-11;22
st20220024;Ivan;Savchenko;Rostyslavovych;4;2022-09-01;4;f001;sp001;CONTRACT;ACTIVE;i.savchenko4@ukma.edu.ua;+380501236323;2003-08-01;22
st20220025;Mykola;Savchenko;Illich;4;2022-09-01;5;f001;sp001;CONTRACT;ACTIVE;m.savchenko4@ukma.edu.ua;+380501236331;2004-11-27;21
st20220026;Alisa;Shevchenko;Oleksandrivna;4;2022-09-01;5;f001;sp001;BUDGET;ACTIVE;a.shevchenko8@ukma.edu.ua;+380501236318;2004-10-19;21
st20220027;Valeriia;Taran;Kyrylivna;4;2022-09-01;5;f001;sp001;BUDGET;ACTIVE;v.taran8@ukma.edu.ua;+380501236322;2003-11-03;22
st20220028;Diana;Taran;Serhiivna;4;2022-09-01;5;f001;sp001;BUDGET;ACTIVE;d.taran3@ukma.edu.ua;+380501236342;2003-05-04;22
st20220029;Stepan;Taran;Tarasovych;4;2022-09-01;5;f001;sp001;BUDGET;ACTIVE;s.taran5@ukma.edu.ua;+380501236345;2003-12-24;22
st20220030;Oleksandr;Tkachenko;Maksymovych;4;2022-09-01;5;f001;sp001;CONTRACT;ACTIVE;o.tkachenko@ukma.edu.ua;+380501236333;2003-11-09;22
st20220031;Artem;Tkachenko;Ivanovych;4;2022-09-01;6;f001;sp001;CONTRACT;ACTIVE;a.tkachenko10@ukma.edu.ua;+380501236344;2003-11-14;22
st20220032;Svitlana;Vlasenko;Dmytrivna;4;2022-09-01;6;f001;sp001;BUDGET;ACTIVE;s.vlasenko2@ukma.edu.ua;+380501236327;2003-07-16;22
st20220033;Vasyl;Vlasenko;Tymurovych;4;2022-09-01;6;f001;sp001;BUDGET;ACTIVE;v.vlasenko10@ukma.edu.ua;+380501236330;2003-02-23;23


st20220034;Volodymyr;Babenko;Kyrylovych;4;2022-09-01;1;f001;sp002;CONTRACT;ACTIVE;v.babenko6@ukma.edu.ua;+380501236356;2003-01-28;23
st20220035;Taras;Boiko;Mykhailovych;4;2022-09-01;1;f001;sp002;CONTRACT;ACTIVE;t.boiko3@ukma.edu.ua;+380501236354;2004-11-10;21
st20220036;Alisa;Bondar;Maksymivna;4;2022-09-01;1;f001;sp002;CONTRACT;ACTIVE;a.bondar10@ukma.edu.ua;+380501236366;2003-08-11;22
st20220037;Ivan;Bondarenko;Tymurovych;4;2022-09-01;1;f001;sp002;BUDGET;ACTIVE;i.bondarenko4@ukma.edu.ua;+380501236360;2004-06-11;21
st20220038;Nataliia;Dmytrenko;Serhiivna;4;2022-09-01;1;f001;sp002;CONTRACT;ACTIVE;n.dmytrenko5@ukma.edu.ua;+380501236355;2003-03-15;23
st20220039;Anton;Dmytrenko;Hlibovych;4;2022-09-01;1;f001;sp002;CONTRACT;ACTIVE;a.dmytrenko7@ukma.edu.ua;+380501236362;2004-05-02;21
st20220040;Mykola;Dmytrenko;Oleksandrovych;4;2022-09-01;2;f001;sp002;BUDGET;ACTIVE;m.dmytrenko3@ukma.edu.ua;+380501236376;2004-08-13;21
st20220041;Alina;Havryliuk;Antonivna;4;2022-09-01;2;f001;sp002;BUDGET;ACTIVE;a.havryliuk5@ukma.edu.ua;+380501236374;2004-01-21;22
st20220042;Taras;Havryliuk;Illich;4;2022-09-01;2;f001;sp002;CONTRACT;ACTIVE;t.havryliuk6@ukma.edu.ua;+380501236382;2003-03-12;23
st20220043;Anna;Honcharenko;Hlibivna;4;2022-09-01;2;f001;sp002;CONTRACT;ACTIVE;a.honcharenko9@ukma.edu.ua;+380501236361;2004-02-04;22
st20220044;Viktoriia;Karpenko;Mykhailivna;4;2022-09-01;2;f001;sp002;CONTRACT;ACTIVE;v.karpenko6@ukma.edu.ua;+380501236364;2003-03-15;23
st20220045;Taras;Karpenko;Andriiovych;4;2022-09-01;2;f001;sp002;CONTRACT;ACTIVE;t.karpenko@ukma.edu.ua;+380501236370;2004-05-23;21
st20220046;Olena;Khomenko;Kyrylivna;4;2022-09-01;3;f001;sp002;CONTRACT;ACTIVE;o.khomenko4@ukma.edu.ua;+380501236378;2003-02-02;23
st20220047;Alina;Kovalenko;Volodymyrivna;4;2022-09-01;3;f001;sp002;CONTRACT;ACTIVE;a.kovalenko11@ukma.edu.ua;+380501236351;2004-08-02;21
st20220048;Tetiana;Lysenko;Stepanivna;4;2022-09-01;3;f001;sp002;BUDGET;ACTIVE;t.lysenko3@ukma.edu.ua;+380501236384;2003-06-15;22
st20220049;Ivan;Marchenko;Artemovych;4;2022-09-01;3;f001;sp002;BUDGET;ACTIVE;i.marchenko2@ukma.edu.ua;+380501236352;2003-01-12;23
st20220050;Pavlo;Marchenko;Valentynovych;4;2022-09-01;3;f001;sp002;BUDGET;ACTIVE;p.marchenko1@ukma.edu.ua;+380501236380;2004-11-02;21
st20220051;Bohdan;Melnyk;Yuriiovych;4;2022-09-01;3;f001;sp002;BUDGET;ACTIVE;b.melnyk1@ukma.edu.ua;+380501236367;2003-09-06;22
st20220052;Hlib;Oliinyk;Artemovych;4;2022-09-01;4;f001;sp002;CONTRACT;ACTIVE;h.oliinyk1@ukma.edu.ua;+380501236358;2004-01-03;22
st20220053;Rostyslav;Panchenko;Mykhailovych;4;2022-09-01;4;f001;sp002;CONTRACT;ACTIVE;r.panchenko1@ukma.edu.ua;+380501236375;2003-02-09;23
st20220054;Illia;Polishchuk;Bohdanovych;4;2022-09-01;4;f001;sp002;CONTRACT;ACTIVE;i.polishchuk7@ukma.edu.ua;+380501236373;2004-10-10;21
st20220055;Liubov;Ponomarenko;Tarasivna;4;2022-09-01;4;f001;sp002;CONTRACT;ACTIVE;l.ponomarenko2@ukma.edu.ua;+380501236357;2003-06-01;22
st20220056;Khrystyna;Ponomarenko;Arturivna;4;2022-09-01;4;f001;sp002;CONTRACT;ACTIVE;k.ponomarenko6@ukma.edu.ua;+380501236379;2003-05-10;22
st20220057;Illia;Radchenko;Rostyslavovych;4;2022-09-01;4;f001;sp002;CONTRACT;ACTIVE;i.radchenko2@ukma.edu.ua;+380501236363;2004-03-19;22
st20220058;Ihor;Rudenko;Artemovych;4;2022-09-01;5;f001;sp002;BUDGET;ACTIVE;i.rudenko2@ukma.edu.ua;+380501236365;2004-11-17;21
st20220059;Rostyslav;Rudenko;Stepanovych;4;2022-09-01;5;f001;sp002;CONTRACT;ACTIVE;r.rudenko2@ukma.edu.ua;+380501236369;2003-06-03;22
st20220060;Hlib;Rudenko;Antonovych;4;2022-09-01;5;f001;sp002;BUDGET;ACTIVE;h.rudenko3@ukma.edu.ua;+380501236371;2003-10-12;22
st20220061;Mariia;Rudenko;Olehivna;4;2022-09-01;5;f001;sp002;CONTRACT;ACTIVE;m.rudenko8@ukma.edu.ua;+380501236383;2004-08-01;21
st20220062;Mykhailo;Shevchenko;Rostyslavovych;4;2022-09-01;5;f001;sp002;BUDGET;ACTIVE;m.shevchenko3@ukma.edu.ua;+380501236353;2004-08-11;21
st20220063;Yurii;Shevchenko;Arturovych;4;2022-09-01;5;f001;sp002;BUDGET;ACTIVE;y.shevchenko2@ukma.edu.ua;+380501236359;2003-05-19;22
st20220064;Kateryna;Tkachuk;Stepanivna;4;2022-09-01;6;f001;sp002;BUDGET;ACTIVE;k.tkachuk3@ukma.edu.ua;+380501236368;2004-12-27;21
st20220065;Daria;Tkachuk;Tarasivna;4;2022-09-01;6;f001;sp002;BUDGET;ACTIVE;d.tkachuk5@ukma.edu.ua;+380501236372;2004-10-20;21
st20220066;Viktoriia;Tkachuk;Bohdanivna;4;2022-09-01;6;f001;sp002;BUDGET;ACTIVE;v.tkachuk6@ukma.edu.ua;+380501236377;2004-07-18;21
st20220067;Vitalii;Tkachuk;Mykolaiovych;4;2022-09-01;6;f001;sp002;CONTRACT;ACTIVE;v.tkachuk7@ukma.edu.ua;+380501236381;2003-02-28;23


st20220068;Roman;Boiko;Bohdanovych;4;2022-09-01;1;f001;sp003;BUDGET;ACTIVE;r.boiko1@ukma.edu.ua;+380501236391;2004-03-15;22
st20220069;Yelyzaveta;Boiko;Andriivna;4;2022-09-01;1;f001;sp003;CONTRACT;ACTIVE;y.boiko4@ukma.edu.ua;+380501236408;2004-01-14;22
st20220070;Viktoriia;Boiko;Andriivna;4;2022-09-01;1;f001;sp003;CONTRACT;ACTIVE;v.boiko9@ukma.edu.ua;+380501236412;2004-12-01;21
st20220071;Alina;Bondar;Rostyslavivna;4;2022-09-01;1;f001;sp003;CONTRACT;ACTIVE;a.bondar11@ukma.edu.ua;+380501236386;2004-01-03;22
st20220072;Khrystyna;Bondar;Stepanivna;4;2022-09-01;1;f001;sp003;CONTRACT;ACTIVE;k.bondar@ukma.edu.ua;+380501236392;2003-02-19;23
st20220073;Ivan;Bondarenko;Volodymyrovych;4;2022-09-01;1;f001;sp003;CONTRACT;ACTIVE;i.bondarenko5@ukma.edu.ua;+380501236387;2004-05-20;21
st20220074;Nadiia;Bondarenko;Hlibivna;4;2022-09-01;2;f001;sp003;CONTRACT;ACTIVE;n.bondarenko1@ukma.edu.ua;+380501236393;2004-09-04;21
st20220075;Yana;Bondarenko;Kyrylivna;4;2022-09-01;2;f001;sp003;BUDGET;ACTIVE;y.bondarenko7@ukma.edu.ua;+380501236397;2004-12-25;21
st20220076;Viktoriia;Dmytrenko;Yevhenivna;4;2022-09-01;2;f001;sp003;CONTRACT;ACTIVE;v.dmytrenko8@ukma.edu.ua;+380501236385;2004-11-10;21
st20220077;Mykhailo;Havryliuk;Mykolaiovych;4;2022-09-01;2;f001;sp003;CONTRACT;ACTIVE;m.havryliuk6@ukma.edu.ua;+380501236409;2003-04-28;23
st20220078;Kyrylo;Honcharenko;Volodymyrovych;4;2022-09-01;2;f001;sp003;BUDGET;ACTIVE;k.honcharenko2@ukma.edu.ua;+380501236411;2004-12-15;21
st20220079;Nazar;Honcharenko;Kyrylovych;4;2022-09-01;2;f001;sp003;CONTRACT;ACTIVE;n.honcharenko2@ukma.edu.ua;+380501236414;2004-08-19;21
st20220080;Nadiia;Ivanenko;Yuriivna;4;2022-09-01;3;f001;sp003;CONTRACT;ACTIVE;n.ivanenko@ukma.edu.ua;+380501236407;2004-09-21;21
st20220081;Uliana;Karpenko;Volodymyrivna;4;2022-09-01;3;f001;sp003;BUDGET;ACTIVE;u.karpenko@ukma.edu.ua;+380501236415;2004-06-20;21
st20220082;Yurii;Khomenko;Arturovych;4;2022-09-01;3;f001;sp003;BUDGET;ACTIVE;y.khomenko3@ukma.edu.ua;+380501236401;2004-04-05;22
st20220083;Veronika;Koval;Tarasivna;4;2022-09-01;3;f001;sp003;BUDGET;ACTIVE;v.koval7@ukma.edu.ua;+380501236389;2004-11-15;21
st20220084;Valeriia;Koval;Mykhailivna;4;2022-09-01;3;f001;sp003;CONTRACT;ACTIVE;v.koval8@ukma.edu.ua;+380501236395;2003-01-15;23
st20220085;Anton;Marchenko;Romanovych;4;2022-09-01;3;f001;sp003;BUDGET;ACTIVE;a.marchenko6@ukma.edu.ua;+380501236390;2004-09-05;21
st20220086;Veronika;Marchenko;Hlibivna;4;2022-09-01;4;f001;sp003;CONTRACT;ACTIVE;v.marchenko15@ukma.edu.ua;+380501236399;2003-10-24;22
st20220087;Yuliia;Oliinyk;Bohdanivna;4;2022-09-01;4;f001;sp003;BUDGET;ACTIVE;y.oliinyk2@ukma.edu.ua;+380501236410;2003-11-09;22
st20220088;Veronika;Oliinyk;Tarasivna;4;2022-09-01;4;f001;sp003;CONTRACT;ACTIVE;v.oliinyk5@ukma.edu.ua;+380501236413;2004-04-15;22
st20220089;Oksana;Panchenko;Artemivna;4;2022-09-01;4;f001;sp003;CONTRACT;ACTIVE;o.panchenko3@ukma.edu.ua;+380501236394;2004-06-20;21
st20220090;Mariia;Panchenko;Yuriivna;4;2022-09-01;4;f001;sp003;CONTRACT;ACTIVE;m.panchenko3@ukma.edu.ua;+380501236398;2004-06-15;21
st20220091;Diana;Panchenko;Vladyslavivna;4;2022-09-01;4;f001;sp003;CONTRACT;ACTIVE;d.panchenko2@ukma.edu.ua;+380501236404;2003-06-05;22
st20220092;Andrii;Panchenko;Hlibovych;4;2022-09-01;5;f001;sp003;BUDGET;ACTIVE;a.panchenko2@ukma.edu.ua;+380501236405;2004-05-04;21
st20220093;Roman;Polishchuk;Stepanovych;4;2022-09-01;5;f001;sp003;BUDGET;ACTIVE;r.polishchuk3@ukma.edu.ua;+380501236388;2004-04-05;22
st20220094;Yana;Radchenko;Antonivna;4;2022-09-01;5;f001;sp003;CONTRACT;ACTIVE;y.radchenko7@ukma.edu.ua;+380501236396;2004-08-28;21
st20220095;Zlata;Radchenko;Stepanivna;4;2022-09-01;5;f001;sp003;CONTRACT;ACTIVE;z.radchenko@ukma.edu.ua;+380501236406;2003-04-16;23
st20220096;Mykhailo;Sydorenko;Yevhenovych;4;2022-09-01;5;f001;sp003;BUDGET;ACTIVE;m.sydorenko3@ukma.edu.ua;+380501236400;2003-07-27;22
st20220097;Yurii;Taran;Vitaliiovych;4;2022-09-01;5;f001;sp003;BUDGET;ACTIVE;y.taran3@ukma.edu.ua;+380501236402;2004-12-03;21
st20220098;Anhelina;Tkachuk;Artemivna;4;2022-09-01;6;f001;sp003;CONTRACT;ACTIVE;a.tkachuk4@ukma.edu.ua;+380501236403;2004-06-08;21


st20220099;Yana;Babenko;Volodymyrivna;4;2022-09-01;1;f001;sp004;CONTRACT;ACTIVE;y.babenko3@ukma.edu.ua;+380501236429;2004-11-03;21
st20220100;Iryna;Babenko;Rostyslavivna;4;2022-09-01;1;f001;sp004;CONTRACT;ACTIVE;i.babenko3@ukma.edu.ua;+380501236446;2004-07-22;21
st20220101;Yevhen;Boiko;Romanovych;4;2022-09-01;1;f001;sp004;BUDGET;ACTIVE;y.boiko5@ukma.edu.ua;+380501236434;2004-11-02;21
st20220102;Halyna;Boiko;Rostyslavivna;4;2022-09-01;1;f001;sp004;BUDGET;ACTIVE;h.boiko2@ukma.edu.ua;+380501236440;2004-06-12;21
st20220103;Viktor;Boiko;Stepanovych;4;2022-09-01;1;f001;sp004;CONTRACT;ACTIVE;v.boiko10@ukma.edu.ua;+380501236458;2004-05-06;21
st20220104;Rostyslav;Bondar;Mykhailovych;4;2022-09-01;1;f001;sp004;CONTRACT;ACTIVE;r.bondar1@ukma.edu.ua;+380501236418;2003-06-02;22
st20220105;Mariia;Bondar;Illivna;4;2022-09-01;1;f001;sp004;BUDGET;ACTIVE;m.bondar3@ukma.edu.ua;+380501236455;2003-10-07;22
st20220106;Anna;Bondarenko;Maksymivna;4;2022-09-01;1;f001;sp004;BUDGET;ACTIVE;a.bondarenko4@ukma.edu.ua;+380501236435;2003-06-19;22
st20220107;Nataliia;Bondarenko;Dmytrivna;4;2022-09-01;2;f001;sp004;BUDGET;ACTIVE;n.bondarenko2@ukma.edu.ua;+380501236456;2004-03-20;22
st20220108;Vira;Dmytrenko;Tymurivna;4;2022-09-01;2;f001;sp004;CONTRACT;ACTIVE;v.dmytrenko9@ukma.edu.ua;+380501236450;2004-11-19;21
st20220109;Liubov;Havryliuk;Volodymyrivna;4;2022-09-01;2;f001;sp004;CONTRACT;ACTIVE;l.havryliuk1@ukma.edu.ua;+380501236431;2004-02-10;22
st20220110;Vladyslav;Havryliuk;Yevhenovych;4;2022-09-01;2;f001;sp004;BUDGET;ACTIVE;v.havryliuk7@ukma.edu.ua;+380501236454;2003-12-11;22
st20220111;Nadiia;Honcharenko;Yuriivna;4;2022-09-01;2;f001;sp004;BUDGET;ACTIVE;n.honcharenko3@ukma.edu.ua;+380501236441;2004-02-13;22
st20220112;Yelyzaveta;Hrytsenko;Denysivna;4;2022-09-01;2;f001;sp004;CONTRACT;ACTIVE;y.hrytsenko1@ukma.edu.ua;+380501236432;2003-01-04;23
st20220113;Anna;Hrytsenko;Illivna;4;2022-09-01;2;f001;sp004;BUDGET;ACTIVE;a.hrytsenko6@ukma.edu.ua;+380501236437;2003-09-22;22
st20220114;Mariia;Hrytsenko;Tymurivna;4;2022-09-01;2;f001;sp004;CONTRACT;ACTIVE;m.hrytsenko@ukma.edu.ua;+380501236439;2004-04-20;22
st20220115;Dmytro;Hrytsenko;Antonovych;4;2022-09-01;3;f001;sp004;CONTRACT;ACTIVE;d.hrytsenko2@ukma.edu.ua;+380501236449;2003-02-11;23
st20220116;Mykhailo;Karpenko;Yuriiovych;4;2022-09-01;3;f001;sp004;BUDGET;ACTIVE;m.karpenko3@ukma.edu.ua;+380501236427;2004-07-18;21
st20220117;Anastasiia;Karpenko;Mykhailivna;4;2022-09-01;3;f001;sp004;BUDGET;ACTIVE;a.karpenko8@ukma.edu.ua;+380501236443;2003-08-18;22
st20220118;Vira;Khomenko;Dmytrivna;4;2022-09-01;3;f001;sp004;CONTRACT;ACTIVE;v.khomenko2@ukma.edu.ua;+380501236445;2003-02-07;23
st20220119;Uliana;Kovalenko;Dmytrivna;4;2022-09-01;3;f001;sp004;CONTRACT;ACTIVE;u.kovalenko3@ukma.edu.ua;+380501236438;2004-09-12;21
st20220120;Mykhailo;Kravchenko;Yuriiovych;4;2022-09-01;3;f001;sp004;CONTRACT;ACTIVE;m.kravchenko3@ukma.edu.ua;+380501236436;2003-08-13;22
st20220121;Anna;Kravchenko;Antonivna;4;2022-09-01;3;f001;sp004;CONTRACT;ACTIVE;a.kravchenko7@ukma.edu.ua;+380501236447;2004-10-24;21
st20220122;Mykhailo;Marchenko;Vladyslavovych;4;2022-09-01;3;f001;sp004;CONTRACT;ACTIVE;m.marchenko3@ukma.edu.ua;+380501236451;2004-05-11;21
st20220123;Alina;Moroz;Valentynivna;4;2022-09-01;4;f001;sp004;BUDGET;ACTIVE;a.moroz8@ukma.edu.ua;+380501236430;2004-02-20;22
st20220124;Bohdan;Panchenko;Tarasovych;4;2022-09-01;4;f001;sp004;CONTRACT;ACTIVE;b.panchenko2@ukma.edu.ua;+380501236416;2004-11-13;21
st20220125;Yuliia;Petrenko;Arturivna;4;2022-09-01;4;f001;sp004;CONTRACT;ACTIVE;y.petrenko6@ukma.edu.ua;+380501236420;2004-03-08;22
st20220126;Khrystyna;Petrenko;Dmytrivna;4;2022-09-01;4;f001;sp004;BUDGET;ACTIVE;k.petrenko6@ukma.edu.ua;+380501236424;2003-06-13;22
st20220127;Nazar;Petrenko;Illich;4;2022-09-01;4;f001;sp004;CONTRACT;ACTIVE;n.petrenko1@ukma.edu.ua;+380501236452;2003-11-07;22
st20220128;Svitlana;Polishchuk;Bohdanivna;4;2022-09-01;4;f001;sp004;BUDGET;ACTIVE;s.polishchuk5@ukma.edu.ua;+380501236448;2003-09-07;22
st20220129;Anna;Radchenko;Denysivna;4;2022-09-01;4;f001;sp004;CONTRACT;ACTIVE;a.radchenko9@ukma.edu.ua;+380501236417;2003-05-01;22
st20220130;Kateryna;Radchenko;Denysivna;4;2022-09-01;4;f001;sp004;CONTRACT;ACTIVE;k.radchenko3@ukma.edu.ua;+380501236421;2003-08-19;22
st20220131;Diana;Rudenko;Ivanivna;4;2022-09-01;5;f001;sp004;BUDGET;ACTIVE;d.rudenko2@ukma.edu.ua;+380501236423;2004-01-06;22
st20220132;Volodymyr;Rudenko;Andriiovych;4;2022-09-01;5;f001;sp004;CONTRACT;ACTIVE;v.rudenko9@ukma.edu.ua;+380501236426;2003-09-17;22
st20220133;Anna;Savchenko;Kyrylivna;4;2022-09-01;5;f001;sp004;BUDGET;ACTIVE;a.savchenko10@ukma.edu.ua;+380501236457;2004-01-15;22
st20220134;Kateryna;Sydorenko;Antonivna;4;2022-09-01;5;f001;sp004;CONTRACT;ACTIVE;k.sydorenko3@ukma.edu.ua;+380501236444;2003-06-21;22
st20220135;Oleh;Sydorenko;Mykhailovych;4;2022-09-01;5;f001;sp004;CONTRACT;ACTIVE;o.sydorenko4@ukma.edu.ua;+380501236453;2004-10-22;21
st20220136;Khrystyna;Taran;Valentynivna;4;2022-09-01;5;f001;sp004;CONTRACT;ACTIVE;k.taran3@ukma.edu.ua;+380501236425;2004-01-28;22
st20220137;Vasyl;Taran;Kyrylovych;4;2022-09-01;5;f001;sp004;CONTRACT;ACTIVE;v.taran9@ukma.edu.ua;+380501236428;2003-04-24;23
st20220138;Viktoriia;Tkachenko;Mykolaivna;4;2022-09-01;5;f001;sp004;CONTRACT;ACTIVE;v.tkachenko13@ukma.edu.ua;+380501236442;2004-04-18;22
st20220139;Artur;Tkachuk;Oleksandrovych;4;2022-09-01;6;f001;sp004;CONTRACT;ACTIVE;a.tkachuk5@ukma.edu.ua;+380501236422;2003-01-26;23
st20220140;Polina;Tkachuk;Serhiivna;4;2022-09-01;6;f001;sp004;CONTRACT;ACTIVE;p.tkachuk1@ukma.edu.ua;+380501236433;2004-08-22;21
st20220141;Rostyslav;Vlasenko;Kyrylovych;4;2022-09-01;6;f001;sp004;BUDGET;ACTIVE;r.vlasenko4@ukma.edu.ua;+380501236419;2003-02-23;23


st20220142;Nataliia;Babenko;Romanivna;4;2022-09-01;1;f001;sp005;CONTRACT;ACTIVE;n.babenko2@ukma.edu.ua;+380501236465;2004-05-04;21
st20220143;Yana;Babenko;Arturivna;4;2022-09-01;1;f001;sp005;BUDGET;ACTIVE;y.babenko4@ukma.edu.ua;+380501236468;2003-09-19;22
st20220144;Vladyslav;Babenko;Serhiiovych;4;2022-09-01;1;f001;sp005;CONTRACT;ACTIVE;v.babenko7@ukma.edu.ua;+380501236474;2003-07-22;22
st20220145;Khrystyna;Babenko;Dmytrivna;4;2022-09-01;1;f001;sp005;CONTRACT;ACTIVE;k.babenko6@ukma.edu.ua;+380501236483;2003-06-27;22
st20220146;Viktoriia;Boiko;Serhiivna;4;2022-09-01;1;f001;sp005;BUDGET;ACTIVE;v.boiko11@ukma.edu.ua;+380501236481;2003-11-17;22
st20220147;Pavlo;Bondar;Hlibovych;4;2022-09-01;1;f001;sp005;CONTRACT;ACTIVE;p.bondar3@ukma.edu.ua;+380501236464;2004-07-02;21
st20220148;Vasyl;Bondarenko;Valentynovych;4;2022-09-01;1;f001;sp005;CONTRACT;ACTIVE;v.bondarenko7@ukma.edu.ua;+380501236484;2004-11-26;21
st20220149;Oksana;Havryliuk;Romanivna;4;2022-09-01;2;f001;sp005;CONTRACT;ACTIVE;o.havryliuk2@ukma.edu.ua;+380501236488;2003-01-14;23
st20220150;Anna;Hrytsenko;Denysivna;4;2022-09-01;2;f001;sp005;BUDGET;ACTIVE;a.hrytsenko7@ukma.edu.ua;+380501236470;2003-10-03;22
st20220151;Mykola;Ivanenko;Yevhenovych;4;2022-09-01;2;f001;sp005;CONTRACT;ACTIVE;m.ivanenko4@ukma.edu.ua;+380501236495;2003-10-10;22
st20220152;Anastasiia;Karpenko;Romanivna;4;2022-09-01;2;f001;sp005;BUDGET;ACTIVE;a.karpenko9@ukma.edu.ua;+380501236475;2003-08-24;22
st20220153;Alisa;Karpenko;Denysivna;4;2022-09-01;2;f001;sp005;CONTRACT;ACTIVE;a.karpenko10@ukma.edu.ua;+380501236476;2003-05-15;22
st20220154;Rostyslav;Karpenko;Ivanovych;4;2022-09-01;2;f001;sp005;CONTRACT;ACTIVE;r.karpenko@ukma.edu.ua;+380501236479;2003-02-17;23
st20220155;Yana;Karpenko;Romanivna;4;2022-09-01;2;f001;sp005;CONTRACT;ACTIVE;y.karpenko4@ukma.edu.ua;+380501236498;2003-03-14;23
st20220156;Hlib;Khomenko;Vitaliiovych;4;2022-09-01;3;f001;sp005;BUDGET;ACTIVE;h.khomenko2@ukma.edu.ua;+380501236462;2004-05-23;21
st20220157;Svitlana;Khomenko;Mykolaivna;4;2022-09-01;3;f001;sp005;CONTRACT;ACTIVE;s.khomenko4@ukma.edu.ua;+380501236472;2004-12-27;21
st20220158;Maksym;Koval;Tymurovych;4;2022-09-01;3;f001;sp005;CONTRACT;ACTIVE;m.koval2@ukma.edu.ua;+380501236486;2003-09-18;22
st20220159;Nadiia;Kovalenko;Kyrylivna;4;2022-09-01;3;f001;sp005;CONTRACT;ACTIVE;n.kovalenko2@ukma.edu.ua;+380501236467;2003-08-21;22
st20220160;Nadiia;Kravchenko;Dmytrivna;4;2022-09-01;3;f001;sp005;CONTRACT;ACTIVE;n.kravchenko5@ukma.edu.ua;+380501236477;2003-03-08;23
st20220161;Roman;Kravchenko;Valentynovych;4;2022-09-01;3;f001;sp005;CONTRACT;ACTIVE;r.kravchenko4@ukma.edu.ua;+380501236482;2003-05-24;22
st20220162;Polina;Kravchenko;Maksymivna;4;2022-09-01;3;f001;sp005;CONTRACT;ACTIVE;p.kravchenko1@ukma.edu.ua;+380501236497;2003-10-12;22
st20220163;Volodymyr;Lysenko;Illich;4;2022-09-01;4;f001;sp005;BUDGET;ACTIVE;v.lysenko9@ukma.edu.ua;+380501236459;2003-03-01;23
st20220164;Yevhen;Lysenko;Rostyslavovych;4;2022-09-01;4;f001;sp005;BUDGET;ACTIVE;y.lysenko6@ukma.edu.ua;+380501236485;2003-10-06;22
st20220165;Oksana;Marchenko;Dmytrivna;4;2022-09-01;4;f001;sp005;CONTRACT;ACTIVE;o.marchenko1@ukma.edu.ua;+380501236480;2004-07-09;21
st20220166;Alina;Melnyk;Yevhenivna;4;2022-09-01;4;f001;sp005;BUDGET;ACTIVE;a.melnyk7@ukma.edu.ua;+380501236469;2004-10-10;21
st20220167;Oleh;Melnyk;Yevhenovych;4;2022-09-01;4;f001;sp005;BUDGET;ACTIVE;o.melnyk4@ukma.edu.ua;+380501236492;2003-12-01;22
st20220168;Oksana;Melnyk;Tarasivna;4;2022-09-01;4;f001;sp005;CONTRACT;ACTIVE;o.melnyk5@ukma.edu.ua;+380501236499;2003-08-24;22
st20220169;Mykhailo;Oliinyk;Valentynovych;4;2022-09-01;4;f001;sp005;BUDGET;ACTIVE;m.oliinyk4@ukma.edu.ua;+380501236466;2004-12-25;21
st20220170;Vitalii;Panchenko;Tymurovych;4;2022-09-01;5;f001;sp005;BUDGET;ACTIVE;v.panchenko10@ukma.edu.ua;+380501236473;2004-05-07;21
st20220171;Oleksandr;Panchenko;Yevhenovych;4;2022-09-01;5;f001;sp005;BUDGET;ACTIVE;o.panchenko4@ukma.edu.ua;+380501236493;2003-04-15;23
st20220172;Bohdan;Polishchuk;Antonovych;4;2022-09-01;5;f001;sp005;CONTRACT;ACTIVE;b.polishchuk1@ukma.edu.ua;+380501236463;2004-03-02;22
st20220173;Anhelina;Polishchuk;Romanivna;4;2022-09-01;5;f001;sp005;CONTRACT;ACTIVE;a.polishchuk6@ukma.edu.ua;+380501236489;2003-04-23;23
st20220174;Nataliia;Polishchuk;Tarasivna;4;2022-09-01;5;f001;sp005;BUDGET;ACTIVE;n.polishchuk3@ukma.edu.ua;+380501236491;2004-06-22;21
st20220175;Veronika;Polishchuk;Denysivna;4;2022-09-01;5;f001;sp005;BUDGET;ACTIVE;v.polishchuk5@ukma.edu.ua;+380501236496;2003-04-23;23
st20220176;Vira;Rudenko;Tymurivna;4;2022-09-01;5;f001;sp005;CONTRACT;ACTIVE;v.rudenko10@ukma.edu.ua;+380501236460;2003-11-07;22
st20220177;Khrystyna;Shevchuk;Mykhailivna;4;2022-09-01;6;f001;sp005;BUDGET;ACTIVE;k.shevchuk4@ukma.edu.ua;+380501236490;2004-01-05;22
st20220178;Andrii;Shevchuk;Mykhailovych;4;2022-09-01;6;f001;sp005;CONTRACT;ACTIVE;a.shevchuk9@ukma.edu.ua;+380501236494;2003-04-13;23
st20220179;Nadiia;Sydorenko;Denysivna;4;2022-09-01;6;f001;sp005;BUDGET;ACTIVE;n.sydorenko4@ukma.edu.ua;+380501236461;2004-11-15;21
st20220180;Nazar;Tkachenko;Serhiiovych;4;2022-09-01;6;f001;sp005;BUDGET;ACTIVE;n.tkachenko3@ukma.edu.ua;+380501236500;2003-10-04;22
st20220181;Alisa;Tkachuk;Hlibivna;4;2022-09-01;6;f001;sp005;CONTRACT;ACTIVE;a.tkachuk6@ukma.edu.ua;+380501236478;2003-09-07;22
st20220182;Iryna;Vlasenko;Yevhenivna;4;2022-09-01;6;f001;sp005;CONTRACT;ACTIVE;i.vlasenko5@ukma.edu.ua;+380501236471;2004-10-25;21
st20220183;Anna;Vlasenko;Arturivna;4;2022-09-01;6;f001;sp005;BUDGET;ACTIVE;a.vlasenko8@ukma.edu.ua;+380501236487;2003-09-20;22






st20220184;Sofiia;Boiko;Andriivna;4;2022-09-01;1;f002;sp006;BUDGET;ACTIVE;s.boiko7@ukma.edu.ua;+380501236519;2003-03-02;23
st20220185;Vasyl;Boiko;Andriiovych;4;2022-09-01;1;f002;sp006;CONTRACT;ACTIVE;v.boiko12@ukma.edu.ua;+380501236528;2004-10-20;21
st20220186;Polina;Dmytrenko;Rostyslavivna;4;2022-09-01;1;f002;sp006;CONTRACT;ACTIVE;p.dmytrenko1@ukma.edu.ua;+380501236511;2004-06-26;21
st20220187;Maksym;Dmytrenko;Volodymyrovych;4;2022-09-01;1;f002;sp006;CONTRACT;ACTIVE;m.dmytrenko4@ukma.edu.ua;+380501236520;2003-11-01;22
st20220188;Viktor;Havryliuk;Olehovych;4;2022-09-01;1;f002;sp006;CONTRACT;ACTIVE;v.havryliuk8@ukma.edu.ua;+380501236503;2003-04-01;23
st20220189;Nataliia;Hrytsenko;Bohdanivna;4;2022-09-01;1;f002;sp006;CONTRACT;ACTIVE;n.hrytsenko2@ukma.edu.ua;+380501236523;2004-05-06;21
st20220190;Iryna;Karpenko;Tymurivna;4;2022-09-01;2;f002;sp006;BUDGET;ACTIVE;i.karpenko3@ukma.edu.ua;+380501236521;2004-06-06;21
st20220191;Kseniia;Koval;Volodymyrivna;4;2022-09-01;2;f002;sp006;BUDGET;ACTIVE;k.koval2@ukma.edu.ua;+380501236508;2003-10-05;22
st20220192;Olena;Koval;Hlibivna;4;2022-09-01;2;f002;sp006;BUDGET;ACTIVE;o.koval1@ukma.edu.ua;+380501236513;2004-02-12;22
st20220193;Maksym;Koval;Valentynovych;4;2022-09-01;2;f002;sp006;BUDGET;ACTIVE;m.koval3@ukma.edu.ua;+380501236526;2003-04-28;23
st20220194;Yevhen;Kovalenko;Volodymyrovych;4;2022-09-01;2;f002;sp006;CONTRACT;ACTIVE;y.kovalenko6@ukma.edu.ua;+380501236509;2003-10-19;22
st20220195;Anhelina;Kravchenko;Yuriivna;4;2022-09-01;2;f002;sp006;CONTRACT;ACTIVE;a.kravchenko8@ukma.edu.ua;+380501236501;2004-01-16;22
st20220196;Veronika;Lysenko;Bohdanivna;4;2022-09-01;3;f002;sp006;BUDGET;ACTIVE;v.lysenko10@ukma.edu.ua;+380501236516;2003-07-20;22
st20220197;Uliana;Melnyk;Valentynivna;4;2022-09-01;3;f002;sp006;BUDGET;ACTIVE;u.melnyk1@ukma.edu.ua;+380501236514;2003-06-24;22
st20220198;Mariia;Panchenko;Maksymivna;4;2022-09-01;3;f002;sp006;BUDGET;ACTIVE;m.panchenko4@ukma.edu.ua;+380501236506;2004-02-25;22
st20220199;Rostyslav;Petrenko;Serhiiovych;4;2022-09-01;3;f002;sp006;BUDGET;ACTIVE;r.petrenko2@ukma.edu.ua;+380501236502;2003-03-01;23
st20220200;Oleh;Petrenko;Illich;4;2022-09-01;3;f002;sp006;CONTRACT;ACTIVE;o.petrenko3@ukma.edu.ua;+380501236512;2003-11-28;22
st20220201;Rostyslav;Petrenko;Stepanovych;4;2022-09-01;3;f002;sp006;CONTRACT;ACTIVE;r.petrenko3@ukma.edu.ua;+380501236518;2003-11-08;22
st20220202;Rostyslav;Polishchuk;Yuriiovych;4;2022-09-01;4;f002;sp006;CONTRACT;ACTIVE;r.polishchuk4@ukma.edu.ua;+380501236530;2004-04-20;22
st20220203;Valeriia;Ponomarenko;Kyrylivna;4;2022-09-01;4;f002;sp006;BUDGET;ACTIVE;v.ponomarenko8@ukma.edu.ua;+380501236510;2004-05-07;21
st20220204;Volodymyr;Savchenko;Rostyslavovych;4;2022-09-01;4;f002;sp006;BUDGET;ACTIVE;v.savchenko7@ukma.edu.ua;+380501236505;2003-09-14;22
st20220205;Yuliia;Savchenko;Volodymyrivna;4;2022-09-01;4;f002;sp006;CONTRACT;ACTIVE;y.savchenko4@ukma.edu.ua;+380501236525;2003-06-13;22
st20220206;Alisa;Savchenko;Vitaliivna;4;2022-09-01;4;f002;sp006;CONTRACT;ACTIVE;a.savchenko11@ukma.edu.ua;+380501236527;2003-04-18;23
st20220207;Svitlana;Shevchenko;Maksymivna;4;2022-09-01;4;f002;sp006;CONTRACT;ACTIVE;s.shevchenko3@ukma.edu.ua;+380501236531;2004-02-17;22
st20220208;Alina;Shevchuk;Illivna;4;2022-09-01;5;f002;sp006;BUDGET;ACTIVE;a.shevchuk10@ukma.edu.ua;+380501236517;2004-06-04;21
st20220209;Tetiana;Shevchuk;Vitaliivna;4;2022-09-01;5;f002;sp006;CONTRACT;ACTIVE;t.shevchuk1@ukma.edu.ua;+380501236524;2004-05-22;21
st20220210;Khrystyna;Sydorenko;Andriivna;4;2022-09-01;5;f002;sp006;CONTRACT;ACTIVE;k.sydorenko4@ukma.edu.ua;+380501236504;2004-07-15;21
st20220211;Polina;Taran;Tarasivna;4;2022-09-01;5;f002;sp006;CONTRACT;ACTIVE;p.taran@ukma.edu.ua;+380501236507;2004-06-17;21
st20220212;Hlib;Taran;Yuriiovych;4;2022-09-01;5;f002;sp006;CONTRACT;ACTIVE;h.taran2@ukma.edu.ua;+380501236522;2004-05-15;21
st20220213;Alisa;Tkachenko;Bohdanivna;4;2022-09-01;5;f002;sp006;BUDGET;ACTIVE;a.tkachenko11@ukma.edu.ua;+380501236529;2004-06-10;21
st20220214;Taras;Vlasenko;Kyrylovych;4;2022-09-01;6;f002;sp006;CONTRACT;ACTIVE;t.vlasenko3@ukma.edu.ua;+380501236515;2003-12-26;22


st20220215;Zlata;Boiko;Vladyslavivna;4;2022-09-01;1;f002;sp007;CONTRACT;ACTIVE;z.boiko@ukma.edu.ua;+380501236532;2004-11-18;21
st20220216;Zlata;Bondar;Volodymyrivna;4;2022-09-01;1;f002;sp007;BUDGET;ACTIVE;z.bondar@ukma.edu.ua;+380501236539;2003-08-21;22
st20220217;Veronika;Bondarenko;Yuriivna;4;2022-09-01;1;f002;sp007;BUDGET;ACTIVE;v.bondarenko8@ukma.edu.ua;+380501236546;2004-04-26;22
st20220218;Zlata;Bondarenko;Tarasivna;4;2022-09-01;1;f002;sp007;CONTRACT;ACTIVE;z.bondarenko@ukma.edu.ua;+380501236556;2003-06-17;22
st20220219;Denys;Dmytrenko;Valentynovych;4;2022-09-01;1;f002;sp007;CONTRACT;ACTIVE;d.dmytrenko3@ukma.edu.ua;+380501236551;2004-07-06;21
st20220220;Volodymyr;Hrytsenko;Volodymyrovych;4;2022-09-01;1;f002;sp007;CONTRACT;ACTIVE;v.hrytsenko8@ukma.edu.ua;+380501236550;2003-10-13;22
st20220221;Oleh;Hrytsenko;Dmytrovych;4;2022-09-01;2;f002;sp007;BUDGET;ACTIVE;o.hrytsenko3@ukma.edu.ua;+380501236553;2004-10-02;21
st20220222;Bohdan;Khomenko;Hlibovych;4;2022-09-01;2;f002;sp007;CONTRACT;ACTIVE;b.khomenko1@ukma.edu.ua;+380501236542;2004-09-14;21
st20220223;Yevhen;Khomenko;Andriiovych;4;2022-09-01;2;f002;sp007;CONTRACT;ACTIVE;y.khomenko4@ukma.edu.ua;+380501236545;2004-12-25;21
st20220224;Alina;Khomenko;Tymurivna;4;2022-09-01;2;f002;sp007;CONTRACT;ACTIVE;a.khomenko6@ukma.edu.ua;+380501236552;2003-06-15;22
st20220225;Polina;Kovalenko;Mykhailivna;4;2022-09-01;2;f002;sp007;CONTRACT;ACTIVE;p.kovalenko1@ukma.edu.ua;+380501236561;2003-03-28;23
st20220226;Yurii;Kravchenko;Andriiovych;4;2022-09-01;2;f002;sp007;BUDGET;ACTIVE;y.kravchenko4@ukma.edu.ua;+380501236533;2004-01-24;22
st20220227;Andrii;Kravchenko;Oleksandrovych;4;2022-09-01;3;f002;sp007;CONTRACT;ACTIVE;a.kravchenko9@ukma.edu.ua;+380501236544;2004-01-20;22
st20220228;Oleh;Kravchenko;Valentynovych;4;2022-09-01;3;f002;sp007;BUDGET;ACTIVE;o.kravchenko6@ukma.edu.ua;+380501236549;2003-02-13;23
st20220229;Hlib;Lysenko;Mykolaiovych;4;2022-09-01;3;f002;sp007;CONTRACT;ACTIVE;h.lysenko2@ukma.edu.ua;+380501236540;2003-08-18;22
st20220230;Valeriia;Lysenko;Vladyslavivna;4;2022-09-01;3;f002;sp007;CONTRACT;ACTIVE;v.lysenko11@ukma.edu.ua;+380501236547;2003-01-04;23
st20220231;Khrystyna;Lysenko;Mykhailivna;4;2022-09-01;3;f002;sp007;BUDGET;ACTIVE;k.lysenko3@ukma.edu.ua;+380501236562;2004-01-17;22
st20220232;Roman;Marchenko;Serhiiovych;4;2022-09-01;3;f002;sp007;CONTRACT;ACTIVE;r.marchenko4@ukma.edu.ua;+380501236543;2004-11-26;21
st20220233;Kateryna;Melnyk;Rostyslavivna;4;2022-09-01;4;f002;sp007;BUDGET;ACTIVE;k.melnyk6@ukma.edu.ua;+380501236537;2003-10-05;22
st20220234;Maksym;Panchenko;Vladyslavovych;4;2022-09-01;4;f002;sp007;CONTRACT;ACTIVE;m.panchenko5@ukma.edu.ua;+380501236538;2003-05-05;22
st20220235;Iryna;Petrenko;Stepanivna;4;2022-09-01;4;f002;sp007;CONTRACT;ACTIVE;i.petrenko7@ukma.edu.ua;+380501236535;2003-01-07;23
st20220236;Oleh;Petrenko;Romanovych;4;2022-09-01;4;f002;sp007;BUDGET;ACTIVE;o.petrenko4@ukma.edu.ua;+380501236558;2003-03-05;23
st20220237;Anastasiia;Petrenko;Kyrylivna;4;2022-09-01;4;f002;sp007;BUDGET;ACTIVE;a.petrenko7@ukma.edu.ua;+380501236559;2004-04-11;22
st20220238;Polina;Polishchuk;Valentynivna;4;2022-09-01;4;f002;sp007;CONTRACT;ACTIVE;p.polishchuk1@ukma.edu.ua;+380501236554;2003-11-20;22
st20220239;Taras;Radchenko;Maksymovych;4;2022-09-01;5;f002;sp007;CONTRACT;ACTIVE;t.radchenko1@ukma.edu.ua;+380501236560;2003-02-19;23
st20220240;Tetiana;Radchenko;Bohdanivna;4;2022-09-01;5;f002;sp007;BUDGET;ACTIVE;t.radchenko2@ukma.edu.ua;+380501236563;2004-01-21;22
st20220241;Denys;Shevchenko;Andriiovych;4;2022-09-01;5;f002;sp007;BUDGET;ACTIVE;d.shevchenko2@ukma.edu.ua;+380501236541;2003-12-12;22
st20220242;Anna;Shevchenko;Artemivna;4;2022-09-01;5;f002;sp007;CONTRACT;ACTIVE;a.shevchenko9@ukma.edu.ua;+380501236557;2004-11-22;21
st20220243;Kateryna;Sydorenko;Mykolaivna;4;2022-09-01;5;f002;sp007;BUDGET;ACTIVE;k.sydorenko5@ukma.edu.ua;+380501236555;2003-02-28;23
st20220244;Uliana;Tkachenko;Rostyslavivna;4;2022-09-01;5;f002;sp007;CONTRACT;ACTIVE;u.tkachenko@ukma.edu.ua;+380501236534;2004-07-24;21
st20220245;Denys;Tkachenko;Romanovych;4;2022-09-01;6;f002;sp007;CONTRACT;ACTIVE;d.tkachenko3@ukma.edu.ua;+380501236548;2003-07-11;22
st20220246;Dmytro;Vlasenko;Romanovych;4;2022-09-01;6;f002;sp007;CONTRACT;ACTIVE;d.vlasenko7@ukma.edu.ua;+380501236536;2004-03-02;22


st20220247;Yuliia;Babenko;Mykolaivna;4;2022-09-01;1;f002;sp008;BUDGET;ACTIVE;y.babenko5@ukma.edu.ua;+380501236571;2004-10-27;21
st20220248;Stepan;Babenko;Serhiiovych;4;2022-09-01;1;f002;sp008;CONTRACT;ACTIVE;s.babenko4@ukma.edu.ua;+380501236572;2003-05-14;22
st20220249;Hlib;Babenko;Rostyslavovych;4;2022-09-01;1;f002;sp008;CONTRACT;ACTIVE;h.babenko1@ukma.edu.ua;+380501236580;2004-09-05;21
st20220250;Mykhailo;Babenko;Tymurovych;4;2022-09-01;1;f002;sp008;CONTRACT;ACTIVE;m.babenko2@ukma.edu.ua;+380501236607;2004-07-17;21
st20220251;Yuliia;Bondar;Tymurivna;4;2022-09-01;1;f002;sp008;BUDGET;ACTIVE;y.bondar1@ukma.edu.ua;+380501236566;2003-05-21;22
st20220252;Anna;Bondar;Tarasivna;4;2022-09-01;1;f002;sp008;BUDGET;ACTIVE;a.bondar12@ukma.edu.ua;+380501236575;2003-09-28;22
st20220253;Yelyzaveta;Bondar;Mykhailivna;4;2022-09-01;1;f002;sp008;CONTRACT;ACTIVE;y.bondar2@ukma.edu.ua;+380501236577;2004-05-16;21
st20220254;Taras;Bondar;Tarasovych;4;2022-09-01;1;f002;sp008;CONTRACT;ACTIVE;t.bondar3@ukma.edu.ua;+380501236599;2003-02-15;23
st20220255;Vladyslav;Bondarenko;Artemovych;4;2022-09-01;2;f002;sp008;CONTRACT;ACTIVE;v.bondarenko9@ukma.edu.ua;+380501236579;2004-04-02;22
st20220256;Alina;Dmytrenko;Olehivna;4;2022-09-01;2;f002;sp008;CONTRACT;ACTIVE;a.dmytrenko8@ukma.edu.ua;+380501236567;2004-04-11;22
st20220257;Mykola;Honcharenko;Volodymyrovych;4;2022-09-01;2;f002;sp008;BUDGET;ACTIVE;m.honcharenko5@ukma.edu.ua;+380501236574;2004-02-08;22
st20220258;Solomiia;Honcharenko;Hlibivna;4;2022-09-01;2;f002;sp008;CONTRACT;ACTIVE;s.honcharenko6@ukma.edu.ua;+380501236602;2003-09-26;22
st20220259;Kseniia;Hrytsenko;Volodymyrivna;4;2022-09-01;2;f002;sp008;CONTRACT;ACTIVE;k.hrytsenko3@ukma.edu.ua;+380501236584;2004-10-28;21
st20220260;Bohdan;Ivanenko;Bohdanovych;4;2022-09-01;2;f002;sp008;BUDGET;ACTIVE;b.ivanenko3@ukma.edu.ua;+380501236591;2003-07-06;22
st20220261;Nazar;Karpenko;Yevhenovych;4;2022-09-01;2;f002;sp008;BUDGET;ACTIVE;n.karpenko2@ukma.edu.ua;+380501236569;2003-06-25;22
st20220262;Yelyzaveta;Karpenko;Bohdanivna;4;2022-09-01;2;f002;sp008;CONTRACT;ACTIVE;y.karpenko5@ukma.edu.ua;+380501236581;2004-10-26;21
st20220263;Oleh;Karpenko;Dmytrovych;4;2022-09-01;3;f002;sp008;CONTRACT;ACTIVE;o.karpenko2@ukma.edu.ua;+380501236596;2003-05-05;22
st20220264;Tymur;Khomenko;Vladyslavovych;4;2022-09-01;3;f002;sp008;CONTRACT;ACTIVE;t.khomenko@ukma.edu.ua;+380501236578;2003-07-17;22
st20220265;Anastasiia;Khomenko;Tarasivna;4;2022-09-01;3;f002;sp008;CONTRACT;ACTIVE;a.khomenko7@ukma.edu.ua;+380501236583;2003-08-21;22
st20220266;Yevhen;Khomenko;Yevhenovych;4;2022-09-01;3;f002;sp008;CONTRACT;ACTIVE;y.khomenko5@ukma.edu.ua;+380501236597;2004-06-12;21
st20220267;Artur;Marchenko;Yevhenovych;4;2022-09-01;3;f002;sp008;BUDGET;ACTIVE;a.marchenko7@ukma.edu.ua;+380501236565;2004-04-12;22
st20220268;Andrii;Marchenko;Dmytrovych;4;2022-09-01;3;f002;sp008;BUDGET;ACTIVE;a.marchenko8@ukma.edu.ua;+380501236568;2004-11-17;21
st20220269;Tetiana;Marchenko;Oleksandrivna;4;2022-09-01;3;f002;sp008;CONTRACT;ACTIVE;t.marchenko@ukma.edu.ua;+380501236570;2004-04-14;22
st20220270;Yevhen;Marchenko;Maksymovych;4;2022-09-01;3;f002;sp008;BUDGET;ACTIVE;y.marchenko7@ukma.edu.ua;+380501236573;2003-03-21;23
st20220271;Roman;Marchenko;Yevhenovych;4;2022-09-01;4;f002;sp008;CONTRACT;ACTIVE;r.marchenko5@ukma.edu.ua;+380501236576;2004-01-13;22
st20220272;Daria;Marchenko;Illivna;4;2022-09-01;4;f002;sp008;CONTRACT;ACTIVE;d.marchenko2@ukma.edu.ua;+380501236582;2003-08-22;22
st20220273;Yevhen;Melnyk;Bohdanovych;4;2022-09-01;4;f002;sp008;BUDGET;ACTIVE;y.melnyk5@ukma.edu.ua;+380501236601;2004-06-13;21
st20220274;Artur;Oliinyk;Vitaliiovych;4;2022-09-01;4;f002;sp008;CONTRACT;ACTIVE;a.oliinyk8@ukma.edu.ua;+380501236593;2003-09-10;22
st20220275;Kateryna;Panchenko;Serhiivna;4;2022-09-01;4;f002;sp008;CONTRACT;ACTIVE;k.panchenko5@ukma.edu.ua;+380501236604;2003-11-10;22
st20220276;Mykola;Polishchuk;Mykhailovych;4;2022-09-01;4;f002;sp008;CONTRACT;ACTIVE;m.polishchuk3@ukma.edu.ua;+380501236592;2003-04-04;23
st20220277;Daria;Ponomarenko;Hlibivna;4;2022-09-01;4;f002;sp008;CONTRACT;ACTIVE;d.ponomarenko1@ukma.edu.ua;+380501236588;2004-01-09;22
st20220278;Oleksandr;Ponomarenko;Valentynovych;4;2022-09-01;4;f002;sp008;BUDGET;ACTIVE;o.ponomarenko5@ukma.edu.ua;+380501236598;2004-12-16;21
st20220279;Bozhena;Ponomarenko;Rostyslavivna;4;2022-09-01;5;f002;sp008;BUDGET;ACTIVE;b.ponomarenko2@ukma.edu.ua;+380501236606;2003-04-24;23
st20220280;Yuliia;Rudenko;Mykolaivna;4;2022-09-01;5;f002;sp008;CONTRACT;ACTIVE;y.rudenko1@ukma.edu.ua;+380501236595;2003-02-24;23
st20220281;Volodymyr;Rudenko;Vladyslavovych;4;2022-09-01;5;f002;sp008;BUDGET;ACTIVE;v.rudenko11@ukma.edu.ua;+380501236603;2003-10-07;22
st20220282;Daria;Savchenko;Hlibivna;4;2022-09-01;5;f002;sp008;CONTRACT;ACTIVE;d.savchenko5@ukma.edu.ua;+380501236589;2003-10-27;22
st20220283;Oleh;Savchenko;Vitaliiovych;4;2022-09-01;5;f002;sp008;CONTRACT;ACTIVE;o.savchenko6@ukma.edu.ua;+380501236590;2004-06-09;21
st20220284;Mykola;Savchenko;Tymurovych;4;2022-09-01;5;f002;sp008;CONTRACT;ACTIVE;m.savchenko5@ukma.edu.ua;+380501236600;2003-03-04;23
st20220285;Olena;Shevchuk;Denysivna;4;2022-09-01;5;f002;sp008;BUDGET;ACTIVE;o.shevchuk2@ukma.edu.ua;+380501236585;2004-05-03;21
st20220286;Diana;Shevchuk;Denysivna;4;2022-09-01;5;f002;sp008;CONTRACT;ACTIVE;d.shevchuk2@ukma.edu.ua;+380501236586;2003-07-16;22
st20220287;Anton;Sydorenko;Ivanovych;4;2022-09-01;6;f002;sp008;BUDGET;ACTIVE;a.sydorenko11@ukma.edu.ua;+380501236587;2004-11-21;21
st20220288;Oleh;Tkachenko;Yuriiovych;4;2022-09-01;6;f002;sp008;CONTRACT;ACTIVE;o.tkachenko1@ukma.edu.ua;+380501236564;2003-07-10;22
st20220289;Sofiia;Tkachenko;Tarasivna;4;2022-09-01;6;f002;sp008;CONTRACT;ACTIVE;s.tkachenko4@ukma.edu.ua;+380501236594;2003-12-23;22
st20220290;Viktor;Vlasenko;Tymurovych;4;2022-09-01;6;f002;sp008;CONTRACT;ACTIVE;v.vlasenko11@ukma.edu.ua;+380501236605;2004-03-14;22


st20220291;Ihor;Boiko;Rostyslavovych;4;2022-09-01;1;f002;sp009;CONTRACT;ACTIVE;i.boiko4@ukma.edu.ua;+380501236620;2004-10-08;21
st20220292;Anastasiia;Bondar;Vitaliivna;4;2022-09-01;1;f002;sp009;BUDGET;ACTIVE;a.bondar13@ukma.edu.ua;+380501236641;2003-12-02;22
st20220293;Svitlana;Bondarenko;Andriivna;4;2022-09-01;1;f002;sp009;CONTRACT;ACTIVE;s.bondarenko5@ukma.edu.ua;+380501236651;2004-06-27;21
st20220294;Kateryna;Dmytrenko;Andriivna;4;2022-09-01;1;f002;sp009;CONTRACT;ACTIVE;k.dmytrenko2@ukma.edu.ua;+380501236609;2004-05-28;21
st20220295;Viktoriia;Dmytrenko;Hlibivna;4;2022-09-01;1;f002;sp009;CONTRACT;ACTIVE;v.dmytrenko10@ukma.edu.ua;+380501236610;2003-05-22;22
st20220296;Pavlo;Dmytrenko;Dmytrovych;4;2022-09-01;1;f002;sp009;BUDGET;ACTIVE;p.dmytrenko2@ukma.edu.ua;+380501236633;2004-12-20;21
st20220297;Tymur;Dmytrenko;Rostyslavovych;4;2022-09-01;1;f002;sp009;BUDGET;ACTIVE;t.dmytrenko@ukma.edu.ua;+380501236644;2004-04-13;22
st20220298;Ihor;Honcharenko;Hlibovych;4;2022-09-01;1;f002;sp009;CONTRACT;ACTIVE;i.honcharenko3@ukma.edu.ua;+380501236639;2004-08-14;21
st20220299;Kyrylo;Ivanenko;Romanovych;4;2022-09-01;2;f002;sp009;CONTRACT;ACTIVE;k.ivanenko5@ukma.edu.ua;+380501236611;2003-11-23;22
st20220300;Vasyl;Ivanenko;Yuriiovych;4;2022-09-01;2;f002;sp009;BUDGET;ACTIVE;v.ivanenko13@ukma.edu.ua;+380501236627;2004-06-20;21
st20220301;Iryna;Karpenko;Serhiivna;4;2022-09-01;2;f002;sp009;CONTRACT;ACTIVE;i.karpenko4@ukma.edu.ua;+380501236616;2003-01-17;23
st20220302;Vladyslav;Karpenko;Denysovych;4;2022-09-01;2;f002;sp009;CONTRACT;ACTIVE;v.karpenko7@ukma.edu.ua;+380501236619;2004-11-25;21
st20220303;Alisa;Karpenko;Mykolaivna;4;2022-09-01;2;f002;sp009;CONTRACT;ACTIVE;a.karpenko11@ukma.edu.ua;+380501236621;2003-01-07;23
st20220304;Oleksandr;Karpenko;Artemovych;4;2022-09-01;2;f002;sp009;CONTRACT;ACTIVE;o.karpenko3@ukma.edu.ua;+380501236626;2004-04-25;22
st20220305;Volodymyr;Karpenko;Mykhailovych;4;2022-09-01;2;f002;sp009;CONTRACT;ACTIVE;v.karpenko8@ukma.edu.ua;+380501236649;2004-12-07;21
st20220306;Illia;Koval;Andriiovych;4;2022-09-01;2;f002;sp009;BUDGET;ACTIVE;i.koval6@ukma.edu.ua;+380501236617;2003-05-22;22
st20220307;Serhii;Koval;Olehovych;4;2022-09-01;3;f002;sp009;BUDGET;ACTIVE;s.koval4@ukma.edu.ua;+380501236623;2003-04-16;23
st20220308;Liubov;Koval;Mykolaivna;4;2022-09-01;3;f002;sp009;BUDGET;ACTIVE;l.koval@ukma.edu.ua;+380501236650;2004-11-05;21
st20220309;Yuliia;Kovalenko;Olehivna;4;2022-09-01;3;f002;sp009;BUDGET;ACTIVE;y.kovalenko7@ukma.edu.ua;+380501236630;2003-06-23;22
st20220310;Anhelina;Lysenko;Valentynivna;4;2022-09-01;3;f002;sp009;CONTRACT;ACTIVE;a.lysenko4@ukma.edu.ua;+380501236625;2003-12-02;22
st20220311;Tymur;Lysenko;Arturovych;4;2022-09-01;3;f002;sp009;CONTRACT;ACTIVE;t.lysenko4@ukma.edu.ua;+380501236643;2003-02-23;23
st20220312;Artur;Marchenko;Hlibovych;4;2022-09-01;3;f002;sp009;BUDGET;ACTIVE;a.marchenko9@ukma.edu.ua;+380501236645;2004-07-06;21
st20220313;Yurii;Marchenko;Yuriiovych;4;2022-09-01;3;f002;sp009;CONTRACT;ACTIVE;y.marchenko8@ukma.edu.ua;+380501236646;2003-09-14;22
st20220314;Bohdan;Melnyk;Ivanovych;4;2022-09-01;3;f002;sp009;BUDGET;ACTIVE;b.melnyk2@ukma.edu.ua;+380501236608;2004-01-19;22
st20220315;Tetiana;Melnyk;Volodymyrivna;4;2022-09-01;4;f002;sp009;BUDGET;ACTIVE;t.melnyk5@ukma.edu.ua;+380501236635;2004-02-17;22
st20220316;Bozhena;Melnyk;Serhiivna;4;2022-09-01;4;f002;sp009;CONTRACT;ACTIVE;b.melnyk3@ukma.edu.ua;+380501236648;2004-08-22;21
st20220317;Olena;Moroz;Tymurivna;4;2022-09-01;4;f002;sp009;CONTRACT;ACTIVE;o.moroz1@ukma.edu.ua;+380501236622;2003-06-10;22
st20220318;Artem;Panchenko;Maksymovych;4;2022-09-01;4;f002;sp009;BUDGET;ACTIVE;a.panchenko3@ukma.edu.ua;+380501236613;2004-11-12;21
st20220319;Sofiia;Panchenko;Artemivna;4;2022-09-01;4;f002;sp009;BUDGET;ACTIVE;s.panchenko3@ukma.edu.ua;+380501236637;2004-09-18;21
st20220320;Anhelina;Panchenko;Tymurivna;4;2022-09-01;4;f002;sp009;CONTRACT;ACTIVE;a.panchenko4@ukma.edu.ua;+380501236647;2003-06-09;22
st20220321;Ivan;Petrenko;Tymurovych;4;2022-09-01;4;f002;sp009;BUDGET;ACTIVE;i.petrenko8@ukma.edu.ua;+380501236615;2004-10-02;21
st20220322;Anna;Petrenko;Oleksandrivna;4;2022-09-01;4;f002;sp009;CONTRACT;ACTIVE;a.petrenko8@ukma.edu.ua;+380501236628;2003-03-19;23
st20220323;Iryna;Ponomarenko;Artemivna;4;2022-09-01;5;f002;sp009;CONTRACT;ACTIVE;i.ponomarenko1@ukma.edu.ua;+380501236642;2004-11-22;21
st20220324;Alina;Radchenko;Ivanivna;4;2022-09-01;5;f002;sp009;CONTRACT;ACTIVE;a.radchenko10@ukma.edu.ua;+380501236632;2004-10-18;21
st20220325;Sofiia;Radchenko;Artemivna;4;2022-09-01;5;f002;sp009;CONTRACT;ACTIVE;s.radchenko4@ukma.edu.ua;+380501236636;2004-07-23;21
st20220326;Hlib;Rudenko;Vitaliiovych;4;2022-09-01;5;f002;sp009;CONTRACT;ACTIVE;h.rudenko4@ukma.edu.ua;+380501236618;2003-01-19;23
st20220327;Liubov;Rudenko;Arturivna;4;2022-09-01;5;f002;sp009;BUDGET;ACTIVE;l.rudenko@ukma.edu.ua;+380501236629;2004-11-04;21
st20220328;Alina;Shevchenko;Tymurivna;4;2022-09-01;5;f002;sp009;CONTRACT;ACTIVE;a.shevchenko10@ukma.edu.ua;+380501236634;2003-04-21;23
st20220329;Oleh;Shevchenko;Bohdanovych;4;2022-09-01;5;f002;sp009;CONTRACT;ACTIVE;o.shevchenko@ukma.edu.ua;+380501236640;2003-03-01;23
st20220330;Olena;Shevchuk;Denysivna;4;2022-09-01;5;f002;sp009;BUDGET;ACTIVE;o.shevchuk3@ukma.edu.ua;+380501236614;2003-07-27;22
st20220331;Diana;Shevchuk;Volodymyrivna;4;2022-09-01;6;f002;sp009;BUDGET;ACTIVE;d.shevchuk3@ukma.edu.ua;+380501236624;2003-01-05;23
st20220332;Iryna;Shevchuk;Vladyslavivna;4;2022-09-01;6;f002;sp009;CONTRACT;ACTIVE;i.shevchuk@ukma.edu.ua;+380501236631;2003-02-20;23
st20220333;Polina;Sydorenko;Dmytrivna;4;2022-09-01;6;f002;sp009;BUDGET;ACTIVE;p.sydorenko3@ukma.edu.ua;+380501236638;2003-02-10;23
st20220334;Yelyzaveta;Vlasenko;Bohdanivna;4;2022-09-01;6;f002;sp009;CONTRACT;ACTIVE;y.vlasenko4@ukma.edu.ua;+380501236612;2004-02-03;22






st20220335;Rostyslav;Boiko;Romanovych;4;2022-09-01;1;f003;sp010;CONTRACT;ACTIVE;r.boiko2@ukma.edu.ua;+380501236682;2004-02-14;22
st20220336;Nataliia;Bondar;Yevhenivna;4;2022-09-01;1;f003;sp010;BUDGET;ACTIVE;n.bondar2@ukma.edu.ua;+380501236679;2004-06-08;21
st20220337;Yana;Bondar;Dmytrivna;4;2022-09-01;1;f003;sp010;CONTRACT;ACTIVE;y.bondar3@ukma.edu.ua;+380501236688;2004-09-28;21
st20220338;Alina;Bondarenko;Volodymyrivna;4;2022-09-01;1;f003;sp010;CONTRACT;ACTIVE;a.bondarenko5@ukma.edu.ua;+380501236683;2003-03-18;23
st20220339;Andrii;Dmytrenko;Tarasovych;4;2022-09-01;1;f003;sp010;CONTRACT;ACTIVE;a.dmytrenko9@ukma.edu.ua;+380501236685;2003-01-26;23
st20220340;Nataliia;Dmytrenko;Vitaliivna;4;2022-09-01;1;f003;sp010;BUDGET;ACTIVE;n.dmytrenko6@ukma.edu.ua;+380501236690;2004-01-28;22
st20220341;Denys;Havryliuk;Bohdanovych;4;2022-09-01;1;f003;sp010;BUDGET;ACTIVE;d.havryliuk2@ukma.edu.ua;+380501236654;2004-08-22;21
st20220342;Yana;Honcharenko;Serhiivna;4;2022-09-01;2;f003;sp010;CONTRACT;ACTIVE;y.honcharenko3@ukma.edu.ua;+380501236660;2003-01-12;23
st20220343;Valeriia;Hrytsenko;Vitaliivna;4;2022-09-01;2;f003;sp010;CONTRACT;ACTIVE;v.hrytsenko9@ukma.edu.ua;+380501236672;2004-05-18;21
st20220344;Andrii;Hrytsenko;Andriiovych;4;2022-09-01;2;f003;sp010;CONTRACT;ACTIVE;a.hrytsenko8@ukma.edu.ua;+380501236689;2004-02-12;22
st20220345;Diana;Karpenko;Kyrylivna;4;2022-09-01;2;f003;sp010;CONTRACT;ACTIVE;d.karpenko6@ukma.edu.ua;+380501236652;2004-04-03;22
st20220346;Sofiia;Karpenko;Romanivna;4;2022-09-01;2;f003;sp010;CONTRACT;ACTIVE;s.karpenko3@ukma.edu.ua;+380501236669;2004-03-03;22
st20220347;Dmytro;Karpenko;Vitaliiovych;4;2022-09-01;2;f003;sp010;CONTRACT;ACTIVE;d.karpenko7@ukma.edu.ua;+380501236681;2003-10-02;22
st20220348;Pavlo;Koval;Arturovych;4;2022-09-01;2;f003;sp010;CONTRACT;ACTIVE;p.koval4@ukma.edu.ua;+380501236677;2004-01-08;22
st20220349;Pavlo;Koval;Tymurovych;4;2022-09-01;3;f003;sp010;CONTRACT;ACTIVE;p.koval5@ukma.edu.ua;+380501236686;2003-08-24;22
st20220350;Taras;Kravchenko;Illich;4;2022-09-01;3;f003;sp010;CONTRACT;ACTIVE;t.kravchenko4@ukma.edu.ua;+380501236656;2003-04-21;23
st20220351;Illia;Kravchenko;Vitaliiovych;4;2022-09-01;3;f003;sp010;CONTRACT;ACTIVE;i.kravchenko2@ukma.edu.ua;+380501236665;2003-09-24;22
st20220352;Olena;Kravchenko;Stepanivna;4;2022-09-01;3;f003;sp010;CONTRACT;ACTIVE;o.kravchenko7@ukma.edu.ua;+380501236675;2003-05-18;22
st20220353;Alisa;Lysenko;Yevhenivna;4;2022-09-01;3;f003;sp010;CONTRACT;ACTIVE;a.lysenko5@ukma.edu.ua;+380501236678;2003-07-28;22
st20220354;Kyrylo;Melnyk;Olehovych;4;2022-09-01;3;f003;sp010;BUDGET;ACTIVE;k.melnyk7@ukma.edu.ua;+380501236653;2003-03-13;23
st20220355;Kyrylo;Melnyk;Ivanovych;4;2022-09-01;3;f003;sp010;CONTRACT;ACTIVE;k.melnyk8@ukma.edu.ua;+380501236687;2004-05-13;21
st20220356;Mariia;Moroz;Oleksandrivna;4;2022-09-01;4;f003;sp010;BUDGET;ACTIVE;m.moroz1@ukma.edu.ua;+380501236667;2004-12-22;21
st20220357;Yuliia;Moroz;Olehivna;4;2022-09-01;4;f003;sp010;CONTRACT;ACTIVE;y.moroz2@ukma.edu.ua;+380501236668;2003-08-07;22
st20220358;Halyna;Oliinyk;Rostyslavivna;4;2022-09-01;4;f003;sp010;BUDGET;ACTIVE;h.oliinyk2@ukma.edu.ua;+380501236658;2004-06-24;21
st20220359;Hlib;Panchenko;Mykolaiovych;4;2022-09-01;4;f003;sp010;BUDGET;ACTIVE;h.panchenko3@ukma.edu.ua;+380501236664;2003-12-21;22
st20220360;Ihor;Panchenko;Andriiovych;4;2022-09-01;4;f003;sp010;CONTRACT;ACTIVE;i.panchenko4@ukma.edu.ua;+380501236676;2004-12-07;21
st20220361;Svitlana;Panchenko;Artemivna;4;2022-09-01;4;f003;sp010;BUDGET;ACTIVE;s.panchenko4@ukma.edu.ua;+380501236680;2004-08-20;21
st20220362;Serhii;Polishchuk;Oleksandrovych;4;2022-09-01;4;f003;sp010;BUDGET;ACTIVE;s.polishchuk6@ukma.edu.ua;+380501236659;2003-09-24;22
st20220363;Serhii;Rudenko;Mykhailovych;4;2022-09-01;5;f003;sp010;CONTRACT;ACTIVE;s.rudenko8@ukma.edu.ua;+380501236655;2003-02-15;23
st20220364;Mykhailo;Rudenko;Tarasovych;4;2022-09-01;5;f003;sp010;BUDGET;ACTIVE;m.rudenko9@ukma.edu.ua;+380501236661;2003-10-16;22
st20220365;Artur;Shevchenko;Tarasovych;4;2022-09-01;5;f003;sp010;CONTRACT;ACTIVE;a.shevchenko11@ukma.edu.ua;+380501236663;2004-08-17;21
st20220366;Ivan;Shevchenko;Valentynovych;4;2022-09-01;5;f003;sp010;CONTRACT;ACTIVE;i.shevchenko4@ukma.edu.ua;+380501236666;2003-04-06;23
st20220367;Andrii;Shevchenko;Yuriiovych;4;2022-09-01;5;f003;sp010;BUDGET;ACTIVE;a.shevchenko12@ukma.edu.ua;+380501236673;2004-07-09;21
st20220368;Anastasiia;Shevchuk;Andriivna;4;2022-09-01;5;f003;sp010;CONTRACT;ACTIVE;a.shevchuk11@ukma.edu.ua;+380501236657;2004-01-25;22
st20220369;Yuliia;Taran;Tarasivna;4;2022-09-01;5;f003;sp010;CONTRACT;ACTIVE;y.taran4@ukma.edu.ua;+380501236671;2004-08-08;21
st20220370;Nadiia;Taran;Tarasivna;4;2022-09-01;6;f003;sp010;CONTRACT;ACTIVE;n.taran1@ukma.edu.ua;+380501236684;2003-06-15;22
st20220371;Nazar;Tkachuk;Oleksandrovych;4;2022-09-01;6;f003;sp010;CONTRACT;ACTIVE;n.tkachuk2@ukma.edu.ua;+380501236674;2004-08-14;21
st20220372;Dmytro;Vlasenko;Artemovych;4;2022-09-01;6;f003;sp010;BUDGET;ACTIVE;d.vlasenko8@ukma.edu.ua;+380501236662;2004-12-17;21
st20220373;Alisa;Vlasenko;Rostyslavivna;4;2022-09-01;6;f003;sp010;CONTRACT;ACTIVE;a.vlasenko9@ukma.edu.ua;+380501236670;2003-01-14;23


st20220374;Diana;Babenko;Kyrylivna;4;2022-09-01;1;f003;sp011;CONTRACT;ACTIVE;d.babenko3@ukma.edu.ua;+380501236703;2003-03-01;23
st20220375;Artur;Babenko;Yuriiovych;4;2022-09-01;1;f003;sp011;BUDGET;ACTIVE;a.babenko4@ukma.edu.ua;+380501236706;2004-07-13;21
st20220376;Anastasiia;Babenko;Antonivna;4;2022-09-01;1;f003;sp011;CONTRACT;ACTIVE;a.babenko5@ukma.edu.ua;+380501236724;2004-01-17;22
st20220377;Tymur;Bondarenko;Vitaliiovych;4;2022-09-01;1;f003;sp011;CONTRACT;ACTIVE;t.bondarenko3@ukma.edu.ua;+380501236709;2004-02-27;22
st20220378;Svitlana;Dmytrenko;Serhiivna;4;2022-09-01;1;f003;sp011;CONTRACT;ACTIVE;s.dmytrenko2@ukma.edu.ua;+380501236692;2004-09-10;21
st20220379;Ivan;Dmytrenko;Mykolaiovych;4;2022-09-01;1;f003;sp011;CONTRACT;ACTIVE;i.dmytrenko3@ukma.edu.ua;+380501236700;2003-05-03;22
st20220380;Uliana;Havryliuk;Ivanivna;4;2022-09-01;2;f003;sp011;BUDGET;ACTIVE;u.havryliuk1@ukma.edu.ua;+380501236695;2003-11-02;22
st20220381;Serhii;Honcharenko;Kyrylovych;4;2022-09-01;2;f003;sp011;BUDGET;ACTIVE;s.honcharenko7@ukma.edu.ua;+380501236699;2004-11-28;21
st20220382;Dmytro;Hrytsenko;Mykolaiovych;4;2022-09-01;2;f003;sp011;BUDGET;ACTIVE;d.hrytsenko3@ukma.edu.ua;+380501236698;2003-03-04;23
st20220383;Oleh;Hrytsenko;Denysovych;4;2022-09-01;2;f003;sp011;CONTRACT;ACTIVE;o.hrytsenko4@ukma.edu.ua;+380501236711;2004-07-20;21
st20220384;Yelyzaveta;Hrytsenko;Oleksandrivna;4;2022-09-01;2;f003;sp011;CONTRACT;ACTIVE;y.hrytsenko2@ukma.edu.ua;+380501236714;2004-04-20;22
st20220385;Solomiia;Ivanenko;Romanivna;4;2022-09-01;2;f003;sp011;CONTRACT;ACTIVE;s.ivanenko6@ukma.edu.ua;+380501236713;2003-06-06;22
st20220386;Solomiia;Karpenko;Arturivna;4;2022-09-01;3;f003;sp011;CONTRACT;ACTIVE;s.karpenko4@ukma.edu.ua;+380501236720;2003-05-09;22
st20220387;Uliana;Khomenko;Romanivna;4;2022-09-01;3;f003;sp011;CONTRACT;ACTIVE;u.khomenko1@ukma.edu.ua;+380501236707;2003-03-21;23
st20220388;Viktoriia;Khomenko;Rostyslavivna;4;2022-09-01;3;f003;sp011;CONTRACT;ACTIVE;v.khomenko3@ukma.edu.ua;+380501236718;2003-12-14;22
st20220389;Mariia;Kovalenko;Tymurivna;4;2022-09-01;3;f003;sp011;CONTRACT;ACTIVE;m.kovalenko1@ukma.edu.ua;+380501236697;2004-04-21;22
st20220390;Artur;Kovalenko;Valentynovych;4;2022-09-01;3;f003;sp011;CONTRACT;ACTIVE;a.kovalenko12@ukma.edu.ua;+380501236717;2003-08-02;22
st20220391;Oksana;Kravchenko;Mykolaivna;4;2022-09-01;3;f003;sp011;CONTRACT;ACTIVE;o.kravchenko8@ukma.edu.ua;+380501236712;2004-09-20;21
st20220392;Yurii;Kravchenko;Antonovych;4;2022-09-01;4;f003;sp011;CONTRACT;ACTIVE;y.kravchenko5@ukma.edu.ua;+380501236721;2004-01-19;22
st20220393;Anna;Melnyk;Olehivna;4;2022-09-01;4;f003;sp011;BUDGET;ACTIVE;a.melnyk8@ukma.edu.ua;+380501236691;2004-12-26;21
st20220394;Maksym;Moroz;Maksymovych;4;2022-09-01;4;f003;sp011;CONTRACT;ACTIVE;m.moroz2@ukma.edu.ua;+380501236708;2003-09-06;22
st20220395;Liubov;Moroz;Tymurivna;4;2022-09-01;4;f003;sp011;BUDGET;ACTIVE;l.moroz3@ukma.edu.ua;+380501236719;2003-05-12;22
st20220396;Vira;Oliinyk;Vladyslavivna;4;2022-09-01;4;f003;sp011;CONTRACT;ACTIVE;v.oliinyk6@ukma.edu.ua;+380501236722;2004-02-10;22
st20220397;Kateryna;Petrenko;Mykolaivna;4;2022-09-01;4;f003;sp011;BUDGET;ACTIVE;k.petrenko7@ukma.edu.ua;+380501236704;2004-02-25;22
st20220398;Kseniia;Ponomarenko;Illivna;4;2022-09-01;5;f003;sp011;BUDGET;ACTIVE;k.ponomarenko7@ukma.edu.ua;+380501236701;2003-09-22;22
st20220399;Svitlana;Ponomarenko;Andriivna;4;2022-09-01;5;f003;sp011;BUDGET;ACTIVE;s.ponomarenko4@ukma.edu.ua;+380501236702;2003-09-16;22
st20220400;Taras;Ponomarenko;Stepanovych;4;2022-09-01;5;f003;sp011;CONTRACT;ACTIVE;t.ponomarenko4@ukma.edu.ua;+380501236705;2004-04-04;22
st20220401;Dmytro;Savchenko;Yevhenovych;4;2022-09-01;5;f003;sp011;CONTRACT;ACTIVE;d.savchenko6@ukma.edu.ua;+380501236723;2004-10-19;21
st20220402;Vitalii;Shevchenko;Oleksandrovych;4;2022-09-01;5;f003;sp011;BUDGET;ACTIVE;v.shevchenko5@ukma.edu.ua;+380501236716;2003-06-28;22
st20220403;Oksana;Shevchuk;Romanivna;4;2022-09-01;5;f003;sp011;CONTRACT;ACTIVE;o.shevchuk4@ukma.edu.ua;+380501236694;2004-08-22;21
st20220404;Serhii;Taran;Artemovych;4;2022-09-01;6;f003;sp011;CONTRACT;ACTIVE;s.taran6@ukma.edu.ua;+380501236710;2004-08-16;21
st20220405;Uliana;Tkachenko;Hlibivna;4;2022-09-01;6;f003;sp011;BUDGET;ACTIVE;u.tkachenko1@ukma.edu.ua;+380501236696;2003-08-05;22
st20220406;Serhii;Vlasenko;Bohdanovych;4;2022-09-01;6;f003;sp011;BUDGET;ACTIVE;s.vlasenko3@ukma.edu.ua;+380501236693;2003-09-28;22
st20220407;Alina;Vlasenko;Maksymivna;4;2022-09-01;6;f003;sp011;CONTRACT;ACTIVE;a.vlasenko10@ukma.edu.ua;+380501236715;2004-04-05;22


st20220408;Serhii;Babenko;Vladyslavovych;4;2022-09-01;1;f003;sp012;BUDGET;ACTIVE;s.babenko5@ukma.edu.ua;+380501236758;2004-04-27;22
st20220409;Yevhen;Babenko;Maksymovych;4;2022-09-01;1;f003;sp012;CONTRACT;ACTIVE;y.babenko6@ukma.edu.ua;+380501236764;2003-08-26;22
st20220410;Andrii;Bondar;Dmytrovych;4;2022-09-01;1;f003;sp012;CONTRACT;ACTIVE;a.bondar14@ukma.edu.ua;+380501236744;2003-01-10;23
st20220411;Dmytro;Dmytrenko;Romanovych;4;2022-09-01;1;f003;sp012;CONTRACT;ACTIVE;d.dmytrenko4@ukma.edu.ua;+380501236731;2003-12-05;22
st20220412;Diana;Dmytrenko;Rostyslavivna;4;2022-09-01;1;f003;sp012;CONTRACT;ACTIVE;d.dmytrenko5@ukma.edu.ua;+380501236754;2004-09-27;21
st20220413;Ihor;Havryliuk;Rostyslavovych;4;2022-09-01;1;f003;sp012;CONTRACT;ACTIVE;i.havryliuk3@ukma.edu.ua;+380501236741;2003-07-11;22
st20220414;Anton;Honcharenko;Arturovych;4;2022-09-01;1;f003;sp012;CONTRACT;ACTIVE;a.honcharenko10@ukma.edu.ua;+380501236726;2003-12-07;22
st20220415;Liubov;Honcharenko;Stepanivna;4;2022-09-01;2;f003;sp012;BUDGET;ACTIVE;l.honcharenko2@ukma.edu.ua;+380501236743;2004-07-07;21
st20220416;Halyna;Honcharenko;Kyrylivna;4;2022-09-01;2;f003;sp012;BUDGET;ACTIVE;h.honcharenko3@ukma.edu.ua;+380501236752;2004-05-13;21
st20220417;Kateryna;Ivanenko;Vladyslavivna;4;2022-09-01;2;f003;sp012;BUDGET;ACTIVE;k.ivanenko6@ukma.edu.ua;+380501236759;2003-04-24;23
st20220418;Sofiia;Ivanenko;Antonivna;4;2022-09-01;2;f003;sp012;BUDGET;ACTIVE;s.ivanenko7@ukma.edu.ua;+380501236765;2004-08-10;21
st20220419;Nazar;Khomenko;Olehovych;4;2022-09-01;2;f003;sp012;CONTRACT;ACTIVE;n.khomenko1@ukma.edu.ua;+380501236745;2003-04-12;23
st20220420;Alina;Khomenko;Ivanivna;4;2022-09-01;2;f003;sp012;CONTRACT;ACTIVE;a.khomenko8@ukma.edu.ua;+380501236747;2003-09-28;22
st20220421;Zlata;Koval;Serhiivna;4;2022-09-01;2;f003;sp012;BUDGET;ACTIVE;z.koval1@ukma.edu.ua;+380501236736;2003-08-22;22
st20220422;Hlib;Koval;Yuriiovych;4;2022-09-01;3;f003;sp012;CONTRACT;ACTIVE;h.koval@ukma.edu.ua;+380501236755;2003-10-06;22
st20220423;Oleh;Kovalenko;Dmytrovych;4;2022-09-01;3;f003;sp012;BUDGET;ACTIVE;o.kovalenko7@ukma.edu.ua;+380501236734;2003-04-08;23
st20220424;Maksym;Kovalenko;Olehovych;4;2022-09-01;3;f003;sp012;CONTRACT;ACTIVE;m.kovalenko2@ukma.edu.ua;+380501236740;2004-06-11;21
st20220425;Diana;Kravchenko;Tarasivna;4;2022-09-01;3;f003;sp012;CONTRACT;ACTIVE;d.kravchenko4@ukma.edu.ua;+380501236748;2004-11-08;21
st20220426;Oksana;Kravchenko;Arturivna;4;2022-09-01;3;f003;sp012;CONTRACT;ACTIVE;o.kravchenko9@ukma.edu.ua;+380501236750;2004-08-12;21
st20220427;Tetiana;Marchenko;Mykhailivna;4;2022-09-01;3;f003;sp012;BUDGET;ACTIVE;t.marchenko1@ukma.edu.ua;+380501236729;2003-06-19;22
st20220428;Yevhen;Marchenko;Tymurovych;4;2022-09-01;3;f003;sp012;CONTRACT;ACTIVE;y.marchenko9@ukma.edu.ua;+380501236761;2003-04-06;23
st20220429;Andrii;Moroz;Vitaliiovych;4;2022-09-01;4;f003;sp012;BUDGET;ACTIVE;a.moroz9@ukma.edu.ua;+380501236738;2003-02-25;23
st20220430;Bohdan;Moroz;Yuriiovych;4;2022-09-01;4;f003;sp012;CONTRACT;ACTIVE;b.moroz2@ukma.edu.ua;+380501236746;2003-12-09;22
st20220431;Solomiia;Moroz;Mykhailivna;4;2022-09-01;4;f003;sp012;BUDGET;ACTIVE;s.moroz3@ukma.edu.ua;+380501236760;2003-03-21;23
st20220432;Sofiia;Oliinyk;Serhiivna;4;2022-09-01;4;f003;sp012;CONTRACT;ACTIVE;s.oliinyk3@ukma.edu.ua;+380501236727;2003-04-10;23
st20220433;Alisa;Petrenko;Tymurivna;4;2022-09-01;4;f003;sp012;BUDGET;ACTIVE;a.petrenko9@ukma.edu.ua;+380501236728;2004-05-08;21
st20220434;Iryna;Polishchuk;Serhiivna;4;2022-09-01;4;f003;sp012;CONTRACT;ACTIVE;i.polishchuk8@ukma.edu.ua;+380501236733;2004-04-06;22
st20220435;Mykhailo;Polishchuk;Andriiovych;4;2022-09-01;4;f003;sp012;CONTRACT;ACTIVE;m.polishchuk4@ukma.edu.ua;+380501236742;2003-02-15;23
st20220436;Rostyslav;Ponomarenko;Vitaliiovych;4;2022-09-01;5;f003;sp012;CONTRACT;ACTIVE;r.ponomarenko@ukma.edu.ua;+380501236725;2003-08-27;22
st20220437;Viktor;Ponomarenko;Oleksandrovych;4;2022-09-01;5;f003;sp012;CONTRACT;ACTIVE;v.ponomarenko9@ukma.edu.ua;+380501236732;2004-08-15;21
st20220438;Yana;Ponomarenko;Vladyslavivna;4;2022-09-01;5;f003;sp012;CONTRACT;ACTIVE;y.ponomarenko5@ukma.edu.ua;+380501236739;2003-07-19;22
st20220439;Vasyl;Ponomarenko;Serhiiovych;4;2022-09-01;5;f003;sp012;CONTRACT;ACTIVE;v.ponomarenko10@ukma.edu.ua;+380501236753;2003-03-14;23
st20220440;Volodymyr;Radchenko;Serhiiovych;4;2022-09-01;5;f003;sp012;BUDGET;ACTIVE;v.radchenko3@ukma.edu.ua;+380501236730;2004-07-15;21
st20220441;Maksym;Rudenko;Mykhailovych;4;2022-09-01;5;f003;sp012;BUDGET;ACTIVE;m.rudenko10@ukma.edu.ua;+380501236749;2004-09-18;21
st20220442;Ihor;Rudenko;Valentynovych;4;2022-09-01;5;f003;sp012;CONTRACT;ACTIVE;i.rudenko3@ukma.edu.ua;+380501236751;2003-02-26;23
st20220443;Alisa;Savchenko;Stepanivna;4;2022-09-01;6;f003;sp012;BUDGET;ACTIVE;a.savchenko12@ukma.edu.ua;+380501236756;2003-10-24;22
st20220444;Uliana;Shevchenko;Andriivna;4;2022-09-01;6;f003;sp012;CONTRACT;ACTIVE;u.shevchenko@ukma.edu.ua;+380501236735;2004-06-13;21
st20220445;Ihor;Shevchenko;Rostyslavovych;4;2022-09-01;6;f003;sp012;CONTRACT;ACTIVE;i.shevchenko5@ukma.edu.ua;+380501236763;2003-01-11;23
st20220446;Oksana;Taran;Mykhailivna;4;2022-09-01;6;f003;sp012;CONTRACT;ACTIVE;o.taran3@ukma.edu.ua;+380501236757;2004-09-15;21
st20220447;Pavlo;Tkachenko;Andriiovych;4;2022-09-01;6;f003;sp012;CONTRACT;ACTIVE;p.tkachenko2@ukma.edu.ua;+380501236737;2003-11-04;22
st20220448;Maksym;Tkachenko;Artemovych;4;2022-09-01;6;f003;sp012;CONTRACT;ACTIVE;m.tkachenko5@ukma.edu.ua;+380501236766;2004-10-12;21
st20220449;Volodymyr;Tkachuk;Denysovych;4;2022-09-01;6;f003;sp012;BUDGET;ACTIVE;v.tkachuk8@ukma.edu.ua;+380501236762;2003-12-19;22


st20220450;Yevhen;Babenko;Yuriiovych;4;2022-09-01;1;f003;sp013;BUDGET;ACTIVE;y.babenko7@ukma.edu.ua;+380501236773;2004-11-19;21
st20220451;Yuliia;Babenko;Tarasivna;4;2022-09-01;1;f003;sp013;BUDGET;ACTIVE;y.babenko8@ukma.edu.ua;+380501236775;2004-05-12;21
st20220452;Kseniia;Boiko;Valentynivna;4;2022-09-01;1;f003;sp013;CONTRACT;ACTIVE;k.boiko5@ukma.edu.ua;+380501236780;2004-07-08;21
st20220453;Vira;Bondar;Bohdanivna;4;2022-09-01;1;f003;sp013;CONTRACT;ACTIVE;v.bondar6@ukma.edu.ua;+380501236779;2003-07-20;22
st20220454;Nadiia;Bondar;Volodymyrivna;4;2022-09-01;1;f003;sp013;CONTRACT;ACTIVE;n.bondar3@ukma.edu.ua;+380501236788;2003-07-08;22
st20220455;Hlib;Bondarenko;Valentynovych;4;2022-09-01;1;f003;sp013;CONTRACT;ACTIVE;h.bondarenko2@ukma.edu.ua;+380501236790;2004-05-24;21
st20220456;Alisa;Havryliuk;Volodymyrivna;4;2022-09-01;1;f003;sp013;BUDGET;ACTIVE;a.havryliuk6@ukma.edu.ua;+380501236800;2003-05-01;22
st20220457;Bohdan;Hrytsenko;Ivanovych;4;2022-09-01;1;f003;sp013;BUDGET;ACTIVE;b.hrytsenko2@ukma.edu.ua;+380501236777;2004-05-24;21
st20220458;Anna;Karpenko;Vitaliivna;4;2022-09-01;2;f003;sp013;BUDGET;ACTIVE;a.karpenko12@ukma.edu.ua;+380501236797;2004-04-22;22
st20220459;Anna;Karpenko;Olehivna;4;2022-09-01;2;f003;sp013;CONTRACT;ACTIVE;a.karpenko13@ukma.edu.ua;+380501236801;2004-07-08;21
st20220460;Polina;Khomenko;Vladyslavivna;4;2022-09-01;2;f003;sp013;CONTRACT;ACTIVE;p.khomenko2@ukma.edu.ua;+380501236793;2004-04-01;22
st20220461;Taras;Koval;Vladyslavovych;4;2022-09-01;2;f003;sp013;BUDGET;ACTIVE;t.koval@ukma.edu.ua;+380501236767;2004-04-28;22
st20220462;Svitlana;Kravchenko;Tarasivna;4;2022-09-01;2;f003;sp013;CONTRACT;ACTIVE;s.kravchenko3@ukma.edu.ua;+380501236784;2004-12-18;21
st20220463;Kateryna;Marchenko;Romanivna;4;2022-09-01;2;f003;sp013;BUDGET;ACTIVE;k.marchenko10@ukma.edu.ua;+380501236771;2004-06-19;21
st20220464;Artem;Melnyk;Bohdanovych;4;2022-09-01;2;f003;sp013;CONTRACT;ACTIVE;a.melnyk9@ukma.edu.ua;+380501236796;2004-02-23;22
st20220465;Svitlana;Melnyk;Stepanivna;4;2022-09-01;2;f003;sp013;CONTRACT;ACTIVE;s.melnyk1@ukma.edu.ua;+380501236803;2003-06-10;22
st20220466;Andrii;Panchenko;Olehovych;4;2022-09-01;3;f003;sp013;CONTRACT;ACTIVE;a.panchenko5@ukma.edu.ua;+380501236781;2003-11-01;22
st20220467;Hlib;Petrenko;Bohdanovych;4;2022-09-01;3;f003;sp013;CONTRACT;ACTIVE;h.petrenko2@ukma.edu.ua;+380501236791;2003-04-06;23
st20220468;Kateryna;Polishchuk;Vitaliivna;4;2022-09-01;3;f003;sp013;BUDGET;ACTIVE;k.polishchuk7@ukma.edu.ua;+380501236768;2003-12-22;22
st20220469;Pavlo;Polishchuk;Yevhenovych;4;2022-09-01;3;f003;sp013;CONTRACT;ACTIVE;p.polishchuk2@ukma.edu.ua;+380501236783;2004-01-03;22
st20220470;Sofiia;Ponomarenko;Rostyslavivna;4;2022-09-01;3;f003;sp013;BUDGET;ACTIVE;s.ponomarenko5@ukma.edu.ua;+380501236776;2003-09-26;22
st20220471;Mariia;Ponomarenko;Kyrylivna;4;2022-09-01;3;f003;sp013;CONTRACT;ACTIVE;m.ponomarenko2@ukma.edu.ua;+380501236805;2003-10-14;22
st20220472;Oleh;Radchenko;Volodymyrovych;4;2022-09-01;3;f003;sp013;CONTRACT;ACTIVE;o.radchenko2@ukma.edu.ua;+380501236792;2003-05-02;22
st20220473;Zlata;Rudenko;Dmytrivna;4;2022-09-01;3;f003;sp013;CONTRACT;ACTIVE;z.rudenko1@ukma.edu.ua;+380501236769;2003-05-24;22
st20220474;Oksana;Rudenko;Yuriivna;4;2022-09-01;4;f003;sp013;CONTRACT;ACTIVE;o.rudenko4@ukma.edu.ua;+380501236778;2003-10-26;22
st20220475;Oleh;Rudenko;Ivanovych;4;2022-09-01;4;f003;sp013;CONTRACT;ACTIVE;o.rudenko5@ukma.edu.ua;+380501236786;2004-09-07;21
st20220476;Olena;Rudenko;Mykhailivna;4;2022-09-01;4;f003;sp013;CONTRACT;ACTIVE;o.rudenko6@ukma.edu.ua;+380501236806;2003-06-08;22
st20220477;Anna;Savchenko;Volodymyrivna;4;2022-09-01;4;f003;sp013;CONTRACT;ACTIVE;a.savchenko13@ukma.edu.ua;+380501236772;2004-05-16;21
st20220478;Liubov;Shevchenko;Vitaliivna;4;2022-09-01;4;f003;sp013;CONTRACT;ACTIVE;l.shevchenko@ukma.edu.ua;+380501236807;2003-02-03;23
st20220479;Taras;Shevchuk;Volodymyrovych;4;2022-09-01;4;f003;sp013;BUDGET;ACTIVE;t.shevchuk2@ukma.edu.ua;+380501236782;2004-05-27;21
st20220480;Bozhena;Shevchuk;Stepanivna;4;2022-09-01;4;f003;sp013;CONTRACT;ACTIVE;b.shevchuk@ukma.edu.ua;+380501236789;2003-04-18;23
st20220481;Serhii;Sydorenko;Denysovych;4;2022-09-01;4;f003;sp013;BUDGET;ACTIVE;s.sydorenko@ukma.edu.ua;+380501236770;2003-06-13;22
st20220482;Yurii;Sydorenko;Antonovych;4;2022-09-01;5;f003;sp013;CONTRACT;ACTIVE;y.sydorenko4@ukma.edu.ua;+380501236787;2003-06-05;22
st20220483;Oksana;Sydorenko;Ivanivna;4;2022-09-01;5;f003;sp013;BUDGET;ACTIVE;o.sydorenko5@ukma.edu.ua;+380501236794;2003-01-15;23
st20220484;Dmytro;Taran;Arturovych;4;2022-09-01;5;f003;sp013;CONTRACT;ACTIVE;d.taran4@ukma.edu.ua;+380501236785;2003-12-03;22
st20220485;Iryna;Tkachenko;Serhiivna;4;2022-09-01;5;f003;sp013;BUDGET;ACTIVE;i.tkachenko2@ukma.edu.ua;+380501236795;2004-11-06;21
st20220486;Kyrylo;Tkachuk;Olehovych;4;2022-09-01;5;f003;sp013;BUDGET;ACTIVE;k.tkachuk4@ukma.edu.ua;+380501236774;2003-12-02;22
st20220487;Maksym;Tkachuk;Hlibovych;4;2022-09-01;5;f003;sp013;CONTRACT;ACTIVE;m.tkachuk3@ukma.edu.ua;+380501236798;2004-03-08;22
st20220488;Yurii;Tkachuk;Romanovych;4;2022-09-01;5;f003;sp013;CONTRACT;ACTIVE;y.tkachuk5@ukma.edu.ua;+380501236799;2004-04-05;22
st20220489;Yevhen;Tkachuk;Mykolaiovych;4;2022-09-01;5;f003;sp013;BUDGET;ACTIVE;y.tkachuk6@ukma.edu.ua;+380501236804;2003-10-18;22
st20220490;Vasyl;Vlasenko;Valentynovych;4;2022-09-01;6;f003;sp013;BUDGET;ACTIVE;v.vlasenko12@ukma.edu.ua;+380501236802;2003-04-07;23
st20220491;Ihor;Vlasenko;Mykhailovych;4;2022-09-01;6;f003;sp013;CONTRACT;ACTIVE;i.vlasenko6@ukma.edu.ua;+380501236808;2004-06-28;21
st20220492;Viktoriia;Vlasenko;Yevhenivna;4;2022-09-01;6;f003;sp013;CONTRACT;ACTIVE;v.vlasenko13@ukma.edu.ua;+380501236809;2003-12-22;22






st20220493;Zlata;Babenko;Bohdanivna;4;2022-09-01;1;f004;sp014;BUDGET;ACTIVE;z.babenko1@ukma.edu.ua;+380501236811;2003-02-21;23
st20220494;Mykhailo;Babenko;Serhiiovych;4;2022-09-01;1;f004;sp014;BUDGET;ACTIVE;m.babenko3@ukma.edu.ua;+380501236818;2003-10-12;22
st20220495;Yuliia;Babenko;Stepanivna;4;2022-09-01;1;f004;sp014;CONTRACT;ACTIVE;y.babenko9@ukma.edu.ua;+380501236827;2004-05-27;21
st20220496;Vasyl;Boiko;Hlibovych;4;2022-09-01;1;f004;sp014;BUDGET;ACTIVE;v.boiko13@ukma.edu.ua;+380501236817;2003-03-07;23
st20220497;Volodymyr;Boiko;Dmytrovych;4;2022-09-01;1;f004;sp014;CONTRACT;ACTIVE;v.boiko14@ukma.edu.ua;+380501236829;2003-09-05;22
st20220498;Khrystyna;Bondar;Bohdanivna;4;2022-09-01;1;f004;sp014;BUDGET;ACTIVE;k.bondar1@ukma.edu.ua;+380501236814;2004-08-08;21
st20220499;Nataliia;Bondar;Olehivna;4;2022-09-01;2;f004;sp014;CONTRACT;ACTIVE;n.bondar4@ukma.edu.ua;+380501236839;2004-03-07;22
st20220500;Taras;Bondarenko;Olehovych;4;2022-09-01;2;f004;sp014;CONTRACT;ACTIVE;t.bondarenko4@ukma.edu.ua;+380501236832;2003-06-23;22
st20220501;Nadiia;Havryliuk;Valentynivna;4;2022-09-01;2;f004;sp014;CONTRACT;ACTIVE;n.havryliuk2@ukma.edu.ua;+380501236834;2003-08-12;22
st20220502;Halyna;Havryliuk;Mykolaivna;4;2022-09-01;2;f004;sp014;CONTRACT;ACTIVE;h.havryliuk1@ukma.edu.ua;+380501236835;2003-12-11;22
st20220503;Andrii;Honcharenko;Yuriiovych;4;2022-09-01;2;f004;sp014;CONTRACT;ACTIVE;a.honcharenko11@ukma.edu.ua;+380501236820;2004-03-07;22
st20220504;Stepan;Ivanenko;Valentynovych;4;2022-09-01;2;f004;sp014;CONTRACT;ACTIVE;s.ivanenko8@ukma.edu.ua;+380501236813;2003-02-03;23
st20220505;Roman;Khomenko;Arturovych;4;2022-09-01;3;f004;sp014;BUDGET;ACTIVE;r.khomenko@ukma.edu.ua;+380501236837;2004-03-23;22
st20220506;Iryna;Koval;Arturivna;4;2022-09-01;3;f004;sp014;CONTRACT;ACTIVE;i.koval7@ukma.edu.ua;+380501236826;2004-01-22;22
st20220507;Mykhailo;Kravchenko;Olehovych;4;2022-09-01;3;f004;sp014;CONTRACT;ACTIVE;m.kravchenko4@ukma.edu.ua;+380501236812;2004-01-15;22
st20220508;Tetiana;Marchenko;Yevhenivna;4;2022-09-01;3;f004;sp014;BUDGET;ACTIVE;t.marchenko2@ukma.edu.ua;+380501236816;2003-10-24;22
st20220509;Denys;Marchenko;Dmytrovych;4;2022-09-01;3;f004;sp014;CONTRACT;ACTIVE;d.marchenko3@ukma.edu.ua;+380501236840;2003-11-09;22
st20220510;Yevhen;Melnyk;Maksymovych;4;2022-09-01;3;f004;sp014;CONTRACT;ACTIVE;y.melnyk6@ukma.edu.ua;+380501236815;2004-04-11;22
st20220511;Yevhen;Oliinyk;Illich;4;2022-09-01;4;f004;sp014;CONTRACT;ACTIVE;y.oliinyk3@ukma.edu.ua;+380501236821;2003-10-26;22
st20220512;Oksana;Panchenko;Tarasivna;4;2022-09-01;4;f004;sp014;CONTRACT;ACTIVE;o.panchenko5@ukma.edu.ua;+380501236830;2003-02-17;23
st20220513;Mariia;Petrenko;Mykolaivna;4;2022-09-01;4;f004;sp014;CONTRACT;ACTIVE;m.petrenko4@ukma.edu.ua;+380501236822;2003-03-03;23
st20220514;Maksym;Ponomarenko;Olehovych;4;2022-09-01;4;f004;sp014;CONTRACT;ACTIVE;m.ponomarenko3@ukma.edu.ua;+380501236823;2003-02-15;23
st20220515;Ihor;Ponomarenko;Stepanovych;4;2022-09-01;4;f004;sp014;CONTRACT;ACTIVE;i.ponomarenko2@ukma.edu.ua;+380501236825;2003-09-28;22
st20220516;Valentyn;Ponomarenko;Illich;4;2022-09-01;4;f004;sp014;CONTRACT;ACTIVE;v.ponomarenko11@ukma.edu.ua;+380501236831;2003-07-09;22
st20220517;Vladyslav;Radchenko;Denysovych;4;2022-09-01;5;f004;sp014;CONTRACT;ACTIVE;v.radchenko4@ukma.edu.ua;+380501236838;2004-04-07;22
st20220518;Vira;Savchenko;Hlibivna;4;2022-09-01;5;f004;sp014;CONTRACT;ACTIVE;v.savchenko8@ukma.edu.ua;+380501236824;2004-12-04;21
st20220519;Solomiia;Shevchuk;Valentynivna;4;2022-09-01;5;f004;sp014;CONTRACT;ACTIVE;s.shevchuk5@ukma.edu.ua;+380501236828;2003-01-07;23
st20220520;Denys;Sydorenko;Yuriiovych;4;2022-09-01;5;f004;sp014;BUDGET;ACTIVE;d.sydorenko2@ukma.edu.ua;+380501236833;2004-06-16;21
st20220521;Viktor;Sydorenko;Ivanovych;4;2022-09-01;5;f004;sp014;CONTRACT;ACTIVE;v.sydorenko9@ukma.edu.ua;+380501236836;2003-06-25;22
st20220522;Tetiana;Tkachuk;Illivna;4;2022-09-01;5;f004;sp014;CONTRACT;ACTIVE;t.tkachuk1@ukma.edu.ua;+380501236810;2004-07-24;21
st20220523;Alisa;Tkachuk;Olehivna;4;2022-09-01;6;f004;sp014;BUDGET;ACTIVE;a.tkachuk7@ukma.edu.ua;+380501236819;2003-06-19;22


st20220524;Valentyn;Boiko;Illich;4;2022-09-01;1;f004;sp015;BUDGET;ACTIVE;v.boiko15@ukma.edu.ua;+380501236853;2004-12-27;21
st20220525;Solomiia;Boiko;Maksymivna;4;2022-09-01;1;f004;sp015;CONTRACT;ACTIVE;s.boiko8@ukma.edu.ua;+380501236860;2004-12-15;21
st20220526;Anhelina;Boiko;Arturivna;4;2022-09-01;1;f004;sp015;CONTRACT;ACTIVE;a.boiko6@ukma.edu.ua;+380501236873;2004-08-05;21
st20220527;Oksana;Bondar;Kyrylivna;4;2022-09-01;1;f004;sp015;CONTRACT;ACTIVE;o.bondar@ukma.edu.ua;+380501236843;2004-11-26;21
st20220528;Tetiana;Bondarenko;Dmytrivna;4;2022-09-01;1;f004;sp015;CONTRACT;ACTIVE;t.bondarenko5@ukma.edu.ua;+380501236846;2003-11-08;22
st20220529;Halyna;Bondarenko;Yevhenivna;4;2022-09-01;1;f004;sp015;CONTRACT;ACTIVE;h.bondarenko3@ukma.edu.ua;+380501236848;2004-11-27;21
st20220530;Nazar;Bondarenko;Olehovych;4;2022-09-01;1;f004;sp015;BUDGET;ACTIVE;n.bondarenko3@ukma.edu.ua;+380501236871;2004-04-23;22
st20220531;Andrii;Bondarenko;Illich;4;2022-09-01;2;f004;sp015;BUDGET;ACTIVE;a.bondarenko6@ukma.edu.ua;+380501236876;2004-01-23;22
st20220532;Hlib;Bondarenko;Stepanovych;4;2022-09-01;2;f004;sp015;CONTRACT;ACTIVE;h.bondarenko4@ukma.edu.ua;+380501236880;2004-11-14;21
st20220533;Vladyslav;Dmytrenko;Illich;4;2022-09-01;2;f004;sp015;CONTRACT;ACTIVE;v.dmytrenko11@ukma.edu.ua;+380501236862;2003-10-15;22
st20220534;Yuliia;Hrytsenko;Valentynivna;4;2022-09-01;2;f004;sp015;BUDGET;ACTIVE;y.hrytsenko3@ukma.edu.ua;+380501236857;2003-04-21;23
st20220535;Halyna;Hrytsenko;Oleksandrivna;4;2022-09-01;2;f004;sp015;BUDGET;ACTIVE;h.hrytsenko@ukma.edu.ua;+380501236859;2004-06-08;21
st20220536;Pavlo;Hrytsenko;Rostyslavovych;4;2022-09-01;2;f004;sp015;BUDGET;ACTIVE;p.hrytsenko4@ukma.edu.ua;+380501236870;2004-12-28;21
st20220537;Yurii;Karpenko;Tarasovych;4;2022-09-01;2;f004;sp015;CONTRACT;ACTIVE;y.karpenko6@ukma.edu.ua;+380501236878;2004-05-06;21
st20220538;Maksym;Khomenko;Valentynovych;4;2022-09-01;3;f004;sp015;BUDGET;ACTIVE;m.khomenko1@ukma.edu.ua;+380501236850;2003-01-01;23
st20220539;Anton;Khomenko;Mykolaiovych;4;2022-09-01;3;f004;sp015;CONTRACT;ACTIVE;a.khomenko9@ukma.edu.ua;+380501236851;2004-05-15;21
st20220540;Vitalii;Koval;Mykolaiovych;4;2022-09-01;3;f004;sp015;BUDGET;ACTIVE;v.koval9@ukma.edu.ua;+380501236845;2003-04-04;23
st20220541;Sofiia;Koval;Denysivna;4;2022-09-01;3;f004;sp015;BUDGET;ACTIVE;s.koval5@ukma.edu.ua;+380501236856;2003-11-12;22
st20220542;Illia;Koval;Mykhailovych;4;2022-09-01;3;f004;sp015;BUDGET;ACTIVE;i.koval8@ukma.edu.ua;+380501236866;2003-03-18;23
st20220543;Sofiia;Lysenko;Bohdanivna;4;2022-09-01;3;f004;sp015;CONTRACT;ACTIVE;s.lysenko3@ukma.edu.ua;+380501236863;2004-02-18;22
st20220544;Solomiia;Marchenko;Yevhenivna;4;2022-09-01;3;f004;sp015;CONTRACT;ACTIVE;s.marchenko2@ukma.edu.ua;+380501236865;2003-05-23;22
st20220545;Anna;Moroz;Maksymivna;4;2022-09-01;4;f004;sp015;CONTRACT;ACTIVE;a.moroz10@ukma.edu.ua;+380501236858;2003-09-09;22
st20220546;Nazar;Moroz;Artemovych;4;2022-09-01;4;f004;sp015;CONTRACT;ACTIVE;n.moroz3@ukma.edu.ua;+380501236869;2004-05-10;21
st20220547;Rostyslav;Oliinyk;Stepanovych;4;2022-09-01;4;f004;sp015;BUDGET;ACTIVE;r.oliinyk1@ukma.edu.ua;+380501236842;2003-01-06;23
st20220548;Roman;Oliinyk;Olehovych;4;2022-09-01;4;f004;sp015;BUDGET;ACTIVE;r.oliinyk2@ukma.edu.ua;+380501236847;2003-11-16;22
st20220549;Nazar;Panchenko;Oleksandrovych;4;2022-09-01;4;f004;sp015;CONTRACT;ACTIVE;n.panchenko2@ukma.edu.ua;+380501236841;2004-04-24;22
st20220550;Dmytro;Panchenko;Romanovych;4;2022-09-01;4;f004;sp015;BUDGET;ACTIVE;d.panchenko3@ukma.edu.ua;+380501236867;2004-03-14;22
st20220551;Volodymyr;Petrenko;Yuriiovych;4;2022-09-01;4;f004;sp015;CONTRACT;ACTIVE;v.petrenko5@ukma.edu.ua;+380501236849;2003-10-20;22
st20220552;Olena;Polishchuk;Mykhailivna;4;2022-09-01;5;f004;sp015;CONTRACT;ACTIVE;o.polishchuk4@ukma.edu.ua;+380501236861;2003-07-14;22
st20220553;Oksana;Ponomarenko;Hlibivna;4;2022-09-01;5;f004;sp015;CONTRACT;ACTIVE;o.ponomarenko6@ukma.edu.ua;+380501236844;2004-07-10;21
st20220554;Valeriia;Ponomarenko;Olehivna;4;2022-09-01;5;f004;sp015;CONTRACT;ACTIVE;v.ponomarenko12@ukma.edu.ua;+380501236868;2004-03-25;22
st20220555;Anhelina;Ponomarenko;Bohdanivna;4;2022-09-01;5;f004;sp015;CONTRACT;ACTIVE;a.ponomarenko7@ukma.edu.ua;+380501236879;2004-01-27;22
st20220556;Yuliia;Radchenko;Yuriivna;4;2022-09-01;5;f004;sp015;CONTRACT;ACTIVE;y.radchenko8@ukma.edu.ua;+380501236864;2003-11-25;22
st20220557;Artem;Rudenko;Olehovych;4;2022-09-01;5;f004;sp015;CONTRACT;ACTIVE;a.rudenko5@ukma.edu.ua;+380501236854;2003-03-07;23
st20220558;Denys;Rudenko;Vitaliiovych;4;2022-09-01;5;f004;sp015;BUDGET;ACTIVE;d.rudenko3@ukma.edu.ua;+380501236875;2003-02-12;23
st20220559;Anastasiia;Shevchuk;Kyrylivna;4;2022-09-01;6;f004;sp015;BUDGET;ACTIVE;a.shevchuk12@ukma.edu.ua;+380501236872;2003-01-03;23
st20220560;Bozhena;Shevchuk;Andriivna;4;2022-09-01;6;f004;sp015;CONTRACT;ACTIVE;b.shevchuk1@ukma.edu.ua;+380501236877;2004-07-11;21
st20220561;Zlata;Taran;Vladyslavivna;4;2022-09-01;6;f004;sp015;BUDGET;ACTIVE;z.taran2@ukma.edu.ua;+380501236855;2004-11-11;21
st20220562;Alisa;Tkachuk;Bohdanivna;4;2022-09-01;6;f004;sp015;CONTRACT;ACTIVE;a.tkachuk8@ukma.edu.ua;+380501236874;2003-08-27;22
st20220563;Viktoriia;Vlasenko;Artemivna;4;2022-09-01;6;f004;sp015;BUDGET;ACTIVE;v.vlasenko14@ukma.edu.ua;+380501236852;2003-12-18;22






st20220564;Nataliia;Babenko;Stepanivna;4;2022-09-01;1;f005;sp016;CONTRACT;ACTIVE;n.babenko3@ukma.edu.ua;+380501236883;2003-07-25;22
st20220565;Nazar;Babenko;Arturovych;4;2022-09-01;1;f005;sp016;CONTRACT;ACTIVE;n.babenko4@ukma.edu.ua;+380501236893;2004-02-05;22
st20220566;Halyna;Boiko;Oleksandrivna;4;2022-09-01;1;f005;sp016;BUDGET;ACTIVE;h.boiko3@ukma.edu.ua;+380501236905;2004-05-17;21
st20220567;Veronika;Boiko;Yuriivna;4;2022-09-01;1;f005;sp016;BUDGET;ACTIVE;v.boiko16@ukma.edu.ua;+380501236907;2004-05-11;21
st20220568;Vladyslav;Bondar;Hlibovych;4;2022-09-01;1;f005;sp016;CONTRACT;ACTIVE;v.bondar7@ukma.edu.ua;+380501236911;2004-01-25;22
st20220569;Oksana;Bondar;Dmytrivna;4;2022-09-01;1;f005;sp016;CONTRACT;ACTIVE;o.bondar1@ukma.edu.ua;+380501236923;2003-12-10;22
st20220570;Yevhen;Dmytrenko;Rostyslavovych;4;2022-09-01;1;f005;sp016;CONTRACT;ACTIVE;y.dmytrenko2@ukma.edu.ua;+380501236913;2003-02-21;23
st20220571;Yelyzaveta;Havryliuk;Rostyslavivna;4;2022-09-01;1;f005;sp016;BUDGET;ACTIVE;y.havryliuk3@ukma.edu.ua;+380501236882;2003-05-04;22
st20220572;Illia;Havryliuk;Kyrylovych;4;2022-09-01;2;f005;sp016;BUDGET;ACTIVE;i.havryliuk4@ukma.edu.ua;+380501236886;2004-12-22;21
st20220573;Diana;Havryliuk;Oleksandrivna;4;2022-09-01;2;f005;sp016;CONTRACT;ACTIVE;d.havryliuk3@ukma.edu.ua;+380501236888;2004-05-05;21
st20220574;Viktoriia;Hrytsenko;Bohdanivna;4;2022-09-01;2;f005;sp016;BUDGET;ACTIVE;v.hrytsenko10@ukma.edu.ua;+380501236899;2004-12-26;21
st20220575;Liubov;Hrytsenko;Vladyslavivna;4;2022-09-01;2;f005;sp016;BUDGET;ACTIVE;l.hrytsenko2@ukma.edu.ua;+380501236908;2004-11-24;21
st20220576;Anhelina;Hrytsenko;Dmytrivna;4;2022-09-01;2;f005;sp016;CONTRACT;ACTIVE;a.hrytsenko9@ukma.edu.ua;+380501236919;2003-05-26;22
st20220577;Yuliia;Ivanenko;Vitaliivna;4;2022-09-01;2;f005;sp016;CONTRACT;ACTIVE;y.ivanenko4@ukma.edu.ua;+380501236916;2003-04-22;23
st20220578;Mykola;Ivanenko;Volodymyrovych;4;2022-09-01;2;f005;sp016;CONTRACT;ACTIVE;m.ivanenko5@ukma.edu.ua;+380501236917;2003-08-25;22
st20220579;Iryna;Karpenko;Ivanivna;4;2022-09-01;2;f005;sp016;CONTRACT;ACTIVE;i.karpenko5@ukma.edu.ua;+380501236889;2003-12-05;22
st20220580;Pavlo;Karpenko;Vitaliiovych;4;2022-09-01;3;f005;sp016;BUDGET;ACTIVE;p.karpenko@ukma.edu.ua;+380501236901;2003-09-05;22
st20220581;Alisa;Kovalenko;Rostyslavivna;4;2022-09-01;3;f005;sp016;BUDGET;ACTIVE;a.kovalenko13@ukma.edu.ua;+380501236885;2003-08-13;22
st20220582;Veronika;Kovalenko;Oleksandrivna;4;2022-09-01;3;f005;sp016;CONTRACT;ACTIVE;v.kovalenko6@ukma.edu.ua;+380501236920;2003-08-10;22
st20220583;Yevhen;Kravchenko;Hlibovych;4;2022-09-01;3;f005;sp016;BUDGET;ACTIVE;y.kravchenko6@ukma.edu.ua;+380501236891;2004-03-18;22
st20220584;Anton;Kravchenko;Antonovych;4;2022-09-01;3;f005;sp016;CONTRACT;ACTIVE;a.kravchenko10@ukma.edu.ua;+380501236900;2003-06-13;22
st20220585;Liubov;Marchenko;Ivanivna;4;2022-09-01;3;f005;sp016;BUDGET;ACTIVE;l.marchenko2@ukma.edu.ua;+380501236897;2004-12-17;21
st20220586;Solomiia;Melnyk;Olehivna;4;2022-09-01;3;f005;sp016;BUDGET;ACTIVE;s.melnyk2@ukma.edu.ua;+380501236890;2003-07-28;22
st20220587;Olena;Moroz;Valentynivna;4;2022-09-01;3;f005;sp016;CONTRACT;ACTIVE;o.moroz2@ukma.edu.ua;+380501236881;2004-04-25;22
st20220588;Zlata;Panchenko;Oleksandrivna;4;2022-09-01;4;f005;sp016;CONTRACT;ACTIVE;z.panchenko1@ukma.edu.ua;+380501236903;2003-09-08;22
st20220589;Andrii;Ponomarenko;Arturovych;4;2022-09-01;4;f005;sp016;BUDGET;ACTIVE;a.ponomarenko8@ukma.edu.ua;+380501236884;2004-06-06;21
st20220590;Roman;Ponomarenko;Denysovych;4;2022-09-01;4;f005;sp016;BUDGET;ACTIVE;r.ponomarenko1@ukma.edu.ua;+380501236892;2004-10-11;21
st20220591;Kseniia;Radchenko;Volodymyrivna;4;2022-09-01;4;f005;sp016;CONTRACT;ACTIVE;k.radchenko4@ukma.edu.ua;+380501236909;2004-04-05;22
st20220592;Diana;Radchenko;Tarasivna;4;2022-09-01;4;f005;sp016;CONTRACT;ACTIVE;d.radchenko4@ukma.edu.ua;+380501236912;2003-10-17;22
st20220593;Nazar;Radchenko;Oleksandrovych;4;2022-09-01;4;f005;sp016;BUDGET;ACTIVE;n.radchenko1@ukma.edu.ua;+380501236922;2003-11-25;22
st20220594;Nazar;Rudenko;Stepanovych;4;2022-09-01;4;f005;sp016;BUDGET;ACTIVE;n.rudenko2@ukma.edu.ua;+380501236915;2004-06-08;21
st20220595;Anastasiia;Sydorenko;Hlibivna;4;2022-09-01;4;f005;sp016;CONTRACT;ACTIVE;a.sydorenko12@ukma.edu.ua;+380501236902;2004-10-22;21
st20220596;Solomiia;Sydorenko;Yuriivna;4;2022-09-01;5;f005;sp016;BUDGET;ACTIVE;s.sydorenko1@ukma.edu.ua;+380501236914;2004-06-20;21
st20220597;Olena;Taran;Kyrylivna;4;2022-09-01;5;f005;sp016;CONTRACT;ACTIVE;o.taran4@ukma.edu.ua;+380501236896;2004-01-09;22
st20220598;Bohdan;Tkachenko;Tymurovych;4;2022-09-01;5;f005;sp016;BUDGET;ACTIVE;b.tkachenko1@ukma.edu.ua;+380501236887;2004-05-10;21
st20220599;Valentyn;Tkachenko;Serhiiovych;4;2022-09-01;5;f005;sp016;CONTRACT;ACTIVE;v.tkachenko14@ukma.edu.ua;+380501236895;2003-07-27;22
st20220600;Anastasiia;Tkachenko;Antonivna;4;2022-09-01;5;f005;sp016;CONTRACT;ACTIVE;a.tkachenko12@ukma.edu.ua;+380501236898;2003-02-28;23
st20220601;Vladyslav;Tkachenko;Antonovych;4;2022-09-01;5;f005;sp016;CONTRACT;ACTIVE;v.tkachenko15@ukma.edu.ua;+380501236904;2003-05-09;22
st20220602;Viktoriia;Tkachuk;Serhiivna;4;2022-09-01;5;f005;sp016;BUDGET;ACTIVE;v.tkachuk9@ukma.edu.ua;+380501236894;2004-11-28;21
st20220603;Vasyl;Tkachuk;Ivanovych;4;2022-09-01;5;f005;sp016;CONTRACT;ACTIVE;v.tkachuk10@ukma.edu.ua;+380501236906;2004-02-28;22
st20220604;Anastasiia;Tkachuk;Romanivna;4;2022-09-01;6;f005;sp016;BUDGET;ACTIVE;a.tkachuk9@ukma.edu.ua;+380501236910;2004-10-12;21
st20220605;Oksana;Tkachuk;Mykhailivna;4;2022-09-01;6;f005;sp016;CONTRACT;ACTIVE;o.tkachuk4@ukma.edu.ua;+380501236921;2004-08-01;21
st20220606;Oleksandr;Vlasenko;Bohdanovych;4;2022-09-01;6;f005;sp016;CONTRACT;ACTIVE;o.vlasenko3@ukma.edu.ua;+380501236918;2004-10-02;21


st20220607;Valeriia;Boiko;Romanivna;4;2022-09-01;1;f005;sp017;BUDGET;ACTIVE;v.boiko17@ukma.edu.ua;+380501236930;2003-05-19;22
st20220608;Anhelina;Bondar;Volodymyrivna;4;2022-09-01;1;f005;sp017;BUDGET;ACTIVE;a.bondar15@ukma.edu.ua;+380501236938;2004-10-01;21
st20220609;Zlata;Bondar;Mykolaivna;4;2022-09-01;1;f005;sp017;CONTRACT;ACTIVE;z.bondar1@ukma.edu.ua;+380501236954;2003-12-27;22
st20220610;Nadiia;Bondarenko;Mykhailivna;4;2022-09-01;1;f005;sp017;CONTRACT;ACTIVE;n.bondarenko4@ukma.edu.ua;+380501236925;2004-05-22;21
st20220611;Oleksandr;Bondarenko;Volodymyrovych;4;2022-09-01;1;f005;sp017;BUDGET;ACTIVE;o.bondarenko3@ukma.edu.ua;+380501236945;2003-02-13;23
st20220612;Viktoriia;Dmytrenko;Ivanivna;4;2022-09-01;1;f005;sp017;BUDGET;ACTIVE;v.dmytrenko12@ukma.edu.ua;+380501236949;2003-02-19;23
st20220613;Vira;Havryliuk;Tymurivna;4;2022-09-01;2;f005;sp017;CONTRACT;ACTIVE;v.havryliuk9@ukma.edu.ua;+380501236929;2004-09-20;21
st20220614;Artur;Hrytsenko;Tarasovych;4;2022-09-01;2;f005;sp017;CONTRACT;ACTIVE;a.hrytsenko10@ukma.edu.ua;+380501236942;2004-10-01;21
st20220615;Liubov;Karpenko;Oleksandrivna;4;2022-09-01;2;f005;sp017;CONTRACT;ACTIVE;l.karpenko1@ukma.edu.ua;+380501236927;2003-03-04;23
st20220616;Veronika;Karpenko;Denysivna;4;2022-09-01;2;f005;sp017;BUDGET;ACTIVE;v.karpenko9@ukma.edu.ua;+380501236944;2003-11-20;22
st20220617;Alina;Khomenko;Tarasivna;4;2022-09-01;2;f005;sp017;CONTRACT;ACTIVE;a.khomenko10@ukma.edu.ua;+380501236936;2004-03-19;22
st20220618;Daria;Khomenko;Andriivna;4;2022-09-01;2;f005;sp017;CONTRACT;ACTIVE;d.khomenko1@ukma.edu.ua;+380501236946;2003-03-13;23
st20220619;Bohdan;Koval;Denysovych;4;2022-09-01;3;f005;sp017;CONTRACT;ACTIVE;b.koval@ukma.edu.ua;+380501236950;2004-01-06;22
st20220620;Oleksandr;Kovalenko;Valentynovych;4;2022-09-01;3;f005;sp017;BUDGET;ACTIVE;o.kovalenko8@ukma.edu.ua;+380501236948;2004-04-21;22
st20220621;Daria;Kravchenko;Yevhenivna;4;2022-09-01;3;f005;sp017;CONTRACT;ACTIVE;d.kravchenko5@ukma.edu.ua;+380501236934;2004-07-18;21
st20220622;Pavlo;Kravchenko;Dmytrovych;4;2022-09-01;3;f005;sp017;CONTRACT;ACTIVE;p.kravchenko2@ukma.edu.ua;+380501236947;2004-02-06;22
st20220623;Kateryna;Lysenko;Oleksandrivna;4;2022-09-01;3;f005;sp017;CONTRACT;ACTIVE;k.lysenko4@ukma.edu.ua;+380501236943;2003-10-04;22
st20220624;Veronika;Lysenko;Ivanivna;4;2022-09-01;3;f005;sp017;BUDGET;ACTIVE;v.lysenko12@ukma.edu.ua;+380501236952;2003-12-26;22
st20220625;Viktoriia;Marchenko;Tymurivna;4;2022-09-01;4;f005;sp017;BUDGET;ACTIVE;v.marchenko16@ukma.edu.ua;+380501236937;2003-05-05;22
st20220626;Yevhen;Marchenko;Antonovych;4;2022-09-01;4;f005;sp017;BUDGET;ACTIVE;y.marchenko10@ukma.edu.ua;+380501236941;2003-06-17;22
st20220627;Svitlana;Oliinyk;Denysivna;4;2022-09-01;4;f005;sp017;CONTRACT;ACTIVE;s.oliinyk4@ukma.edu.ua;+380501236924;2003-12-26;22
st20220628;Mariia;Panchenko;Rostyslavivna;4;2022-09-01;4;f005;sp017;CONTRACT;ACTIVE;m.panchenko6@ukma.edu.ua;+380501236935;2004-12-07;21
st20220629;Yelyzaveta;Panchenko;Mykhailivna;4;2022-09-01;4;f005;sp017;CONTRACT;ACTIVE;y.panchenko8@ukma.edu.ua;+380501236951;2003-03-26;23
st20220630;Viktor;Panchenko;Denysovych;4;2022-09-01;4;f005;sp017;CONTRACT;ACTIVE;v.panchenko11@ukma.edu.ua;+380501236953;2003-10-09;22
st20220631;Tetiana;Radchenko;Denysivna;4;2022-09-01;5;f005;sp017;CONTRACT;ACTIVE;t.radchenko3@ukma.edu.ua;+380501236939;2004-12-11;21
st20220632;Maksym;Rudenko;Vitaliiovych;4;2022-09-01;5;f005;sp017;BUDGET;ACTIVE;m.rudenko11@ukma.edu.ua;+380501236926;2003-05-24;22
st20220633;Vira;Savchenko;Illivna;4;2022-09-01;5;f005;sp017;CONTRACT;ACTIVE;v.savchenko9@ukma.edu.ua;+380501236928;2004-06-04;21
st20220634;Vira;Shevchenko;Valentynivna;4;2022-09-01;5;f005;sp017;BUDGET;ACTIVE;v.shevchenko6@ukma.edu.ua;+380501236931;2004-11-09;21
st20220635;Illia;Shevchenko;Maksymovych;4;2022-09-01;5;f005;sp017;CONTRACT;ACTIVE;i.shevchenko6@ukma.edu.ua;+380501236932;2004-11-20;21
st20220636;Vasyl;Shevchenko;Dmytrovych;4;2022-09-01;5;f005;sp017;CONTRACT;ACTIVE;v.shevchenko7@ukma.edu.ua;+380501236933;2004-05-17;21
st20220637;Oleh;Sydorenko;Stepanovych;4;2022-09-01;6;f005;sp017;BUDGET;ACTIVE;o.sydorenko6@ukma.edu.ua;+380501236940;2003-02-20;23


st20220638;Oleksandr;Bondarenko;Vladyslavovych;4;2022-09-01;1;f005;sp018;CONTRACT;ACTIVE;o.bondarenko4@ukma.edu.ua;+380501236980;2003-08-19;22
st20220639;Pavlo;Dmytrenko;Andriiovych;4;2022-09-01;1;f005;sp018;BUDGET;ACTIVE;p.dmytrenko3@ukma.edu.ua;+380501236959;2003-06-15;22
st20220640;Valeriia;Dmytrenko;Hlibivna;4;2022-09-01;1;f005;sp018;CONTRACT;ACTIVE;v.dmytrenko13@ukma.edu.ua;+380501236977;2004-10-08;21
st20220641;Diana;Dmytrenko;Bohdanivna;4;2022-09-01;1;f005;sp018;CONTRACT;ACTIVE;d.dmytrenko6@ukma.edu.ua;+380501236984;2004-07-02;21
st20220642;Kyrylo;Havryliuk;Rostyslavovych;4;2022-09-01;1;f005;sp018;CONTRACT;ACTIVE;k.havryliuk3@ukma.edu.ua;+380501236974;2003-07-25;22
st20220643;Vira;Honcharenko;Andriivna;4;2022-09-01;1;f005;sp018;BUDGET;ACTIVE;v.honcharenko7@ukma.edu.ua;+380501236976;2003-03-06;23
st20220644;Daria;Hrytsenko;Yuriivna;4;2022-09-01;2;f005;sp018;CONTRACT;ACTIVE;d.hrytsenko4@ukma.edu.ua;+380501236973;2004-07-16;21
st20220645;Valeriia;Ivanenko;Illivna;4;2022-09-01;2;f005;sp018;CONTRACT;ACTIVE;v.ivanenko14@ukma.edu.ua;+380501236964;2003-09-22;22
st20220646;Roman;Karpenko;Mykolaiovych;4;2022-09-01;2;f005;sp018;BUDGET;ACTIVE;r.karpenko1@ukma.edu.ua;+380501236960;2004-10-26;21
st20220647;Tymur;Khomenko;Ivanovych;4;2022-09-01;2;f005;sp018;CONTRACT;ACTIVE;t.khomenko1@ukma.edu.ua;+380501236970;2003-04-22;23
st20220648;Diana;Koval;Oleksandrivna;4;2022-09-01;2;f005;sp018;BUDGET;ACTIVE;d.koval7@ukma.edu.ua;+380501236972;2004-12-04;21
st20220649;Oleh;Lysenko;Serhiiovych;4;2022-09-01;2;f005;sp018;BUDGET;ACTIVE;o.lysenko4@ukma.edu.ua;+380501236965;2003-12-16;22
st20220650;Halyna;Lysenko;Stepanivna;4;2022-09-01;3;f005;sp018;BUDGET;ACTIVE;h.lysenko3@ukma.edu.ua;+380501236975;2003-11-14;22
st20220651;Viktoriia;Lysenko;Valentynivna;4;2022-09-01;3;f005;sp018;BUDGET;ACTIVE;v.lysenko13@ukma.edu.ua;+380501236978;2003-10-16;22
st20220652;Vira;Marchenko;Illivna;4;2022-09-01;3;f005;sp018;CONTRACT;ACTIVE;v.marchenko17@ukma.edu.ua;+380501236967;2004-04-10;22
st20220653;Yevhen;Melnyk;Artemovych;4;2022-09-01;3;f005;sp018;CONTRACT;ACTIVE;y.melnyk7@ukma.edu.ua;+380501236957;2003-03-09;23
st20220654;Andrii;Melnyk;Hlibovych;4;2022-09-01;3;f005;sp018;CONTRACT;ACTIVE;a.melnyk10@ukma.edu.ua;+380501236982;2003-10-20;22
st20220655;Yelyzaveta;Panchenko;Ivanivna;4;2022-09-01;3;f005;sp018;CONTRACT;ACTIVE;y.panchenko9@ukma.edu.ua;+380501236981;2003-08-01;22
st20220656;Anastasiia;Petrenko;Tarasivna;4;2022-09-01;4;f005;sp018;CONTRACT;ACTIVE;a.petrenko10@ukma.edu.ua;+380501236961;2004-08-25;21
st20220657;Halyna;Petrenko;Oleksandrivna;4;2022-09-01;4;f005;sp018;BUDGET;ACTIVE;h.petrenko3@ukma.edu.ua;+380501236963;2004-02-24;22
st20220658;Valeriia;Polishchuk;Volodymyrivna;4;2022-09-01;4;f005;sp018;CONTRACT;ACTIVE;v.polishchuk6@ukma.edu.ua;+380501236962;2004-03-01;22
st20220659;Andrii;Radchenko;Arturovych;4;2022-09-01;4;f005;sp018;BUDGET;ACTIVE;a.radchenko11@ukma.edu.ua;+380501236968;2003-03-08;23
st20220660;Halyna;Radchenko;Kyrylivna;4;2022-09-01;4;f005;sp018;BUDGET;ACTIVE;h.radchenko3@ukma.edu.ua;+380501236979;2003-09-28;22
st20220661;Alina;Rudenko;Olehivna;4;2022-09-01;4;f005;sp018;BUDGET;ACTIVE;a.rudenko6@ukma.edu.ua;+380501236969;2003-08-22;22
st20220662;Liubov;Savchenko;Hlibivna;4;2022-09-01;5;f005;sp018;CONTRACT;ACTIVE;l.savchenko@ukma.edu.ua;+380501236958;2003-09-23;22
st20220663;Ivan;Shevchuk;Mykolaiovych;4;2022-09-01;5;f005;sp018;BUDGET;ACTIVE;i.shevchuk1@ukma.edu.ua;+380501236983;2004-12-19;21
st20220664;Diana;Shevchuk;Yuriivna;4;2022-09-01;5;f005;sp018;BUDGET;ACTIVE;d.shevchuk4@ukma.edu.ua;+380501236985;2004-01-24;22
st20220665;Andrii;Shevchuk;Denysovych;4;2022-09-01;5;f005;sp018;BUDGET;ACTIVE;a.shevchuk13@ukma.edu.ua;+380501236987;2003-05-07;22
st20220666;Veronika;Sydorenko;Mykhailivna;4;2022-09-01;5;f005;sp018;BUDGET;ACTIVE;v.sydorenko10@ukma.edu.ua;+380501236956;2004-05-04;21
st20220667;Oksana;Sydorenko;Kyrylivna;4;2022-09-01;5;f005;sp018;BUDGET;ACTIVE;o.sydorenko7@ukma.edu.ua;+380501236971;2004-03-13;22
st20220668;Sofiia;Taran;Maksymivna;4;2022-09-01;6;f005;sp018;BUDGET;ACTIVE;s.taran7@ukma.edu.ua;+380501236966;2003-05-19;22
st20220669;Hlib;Vlasenko;Volodymyrovych;4;2022-09-01;6;f005;sp018;BUDGET;ACTIVE;h.vlasenko1@ukma.edu.ua;+380501236955;2004-03-16;22
st20220670;Yurii;Vlasenko;Romanovych;4;2022-09-01;6;f005;sp018;CONTRACT;ACTIVE;y.vlasenko5@ukma.edu.ua;+380501236986;2003-10-28;22






st20220671;Oleh;Babenko;Vitaliiovych;4;2022-09-01;1;f006;sp020;CONTRACT;ACTIVE;o.babenko2@ukma.edu.ua;+380501237005;2004-10-09;21
st20220672;Ihor;Babenko;Vitaliiovych;4;2022-09-01;1;f006;sp020;CONTRACT;ACTIVE;i.babenko4@ukma.edu.ua;+380501237010;2004-12-08;21
st20220673;Tetiana;Babenko;Tarasivna;4;2022-09-01;1;f006;sp020;CONTRACT;ACTIVE;t.babenko4@ukma.edu.ua;+380501237021;2003-09-12;22
st20220674;Roman;Boiko;Vladyslavovych;4;2022-09-01;1;f006;sp020;CONTRACT;ACTIVE;r.boiko3@ukma.edu.ua;+380501236991;2003-01-14;23
st20220675;Oleh;Bondar;Yevhenovych;4;2022-09-01;1;f006;sp020;BUDGET;ACTIVE;o.bondar2@ukma.edu.ua;+380501237024;2004-11-06;21
st20220676;Halyna;Bondar;Valentynivna;4;2022-09-01;1;f006;sp020;CONTRACT;ACTIVE;h.bondar@ukma.edu.ua;+380501237026;2003-01-05;23
st20220677;Bohdan;Dmytrenko;Maksymovych;4;2022-09-01;1;f006;sp020;CONTRACT;ACTIVE;b.dmytrenko2@ukma.edu.ua;+380501236998;2004-01-11;22
st20220678;Anastasiia;Dmytrenko;Kyrylivna;4;2022-09-01;1;f006;sp020;CONTRACT;ACTIVE;a.dmytrenko10@ukma.edu.ua;+380501237027;2004-11-13;21
st20220679;Mykola;Havryliuk;Tymurovych;4;2022-09-01;2;f006;sp020;BUDGET;ACTIVE;m.havryliuk7@ukma.edu.ua;+380501237018;2003-08-15;22
st20220680;Yana;Honcharenko;Yevhenivna;4;2022-09-01;2;f006;sp020;CONTRACT;ACTIVE;y.honcharenko4@ukma.edu.ua;+380501236992;2003-11-05;22
st20220681;Ihor;Karpenko;Bohdanovych;4;2022-09-01;2;f006;sp020;CONTRACT;ACTIVE;i.karpenko6@ukma.edu.ua;+380501237019;2003-05-13;22
st20220682;Kateryna;Karpenko;Kyrylivna;4;2022-09-01;2;f006;sp020;CONTRACT;ACTIVE;k.karpenko4@ukma.edu.ua;+380501237029;2004-05-17;21
st20220683;Ihor;Khomenko;Oleksandrovych;4;2022-09-01;2;f006;sp020;CONTRACT;ACTIVE;i.khomenko5@ukma.edu.ua;+380501237004;2004-08-16;21
st20220684;Tetiana;Koval;Ivanivna;4;2022-09-01;2;f006;sp020;CONTRACT;ACTIVE;t.koval1@ukma.edu.ua;+380501237002;2004-01-23;22
st20220685;Illia;Koval;Valentynovych;4;2022-09-01;2;f006;sp020;CONTRACT;ACTIVE;i.koval9@ukma.edu.ua;+380501237030;2003-04-28;23
st20220686;Alisa;Kovalenko;Illivna;4;2022-09-01;2;f006;sp020;BUDGET;ACTIVE;a.kovalenko14@ukma.edu.ua;+380501237003;2003-10-24;22
st20220687;Svitlana;Kravchenko;Tarasivna;4;2022-09-01;3;f006;sp020;BUDGET;ACTIVE;s.kravchenko4@ukma.edu.ua;+380501237013;2003-03-01;23
st20220688;Valeriia;Lysenko;Arturivna;4;2022-09-01;3;f006;sp020;BUDGET;ACTIVE;v.lysenko14@ukma.edu.ua;+380501236989;2003-06-06;22
st20220689;Bohdan;Lysenko;Oleksandrovych;4;2022-09-01;3;f006;sp020;CONTRACT;ACTIVE;b.lysenko1@ukma.edu.ua;+380501236995;2003-12-23;22
st20220690;Anastasiia;Lysenko;Mykolaivna;4;2022-09-01;3;f006;sp020;CONTRACT;ACTIVE;a.lysenko6@ukma.edu.ua;+380501236999;2003-09-24;22
st20220691;Diana;Lysenko;Tymurivna;4;2022-09-01;3;f006;sp020;CONTRACT;ACTIVE;d.lysenko4@ukma.edu.ua;+380501237022;2003-10-21;22
st20220692;Mariia;Marchenko;Bohdanivna;4;2022-09-01;3;f006;sp020;CONTRACT;ACTIVE;m.marchenko4@ukma.edu.ua;+380501236997;2004-02-08;22
st20220693;Yana;Marchenko;Valentynivna;4;2022-09-01;3;f006;sp020;BUDGET;ACTIVE;y.marchenko11@ukma.edu.ua;+380501237020;2004-01-03;22
st20220694;Rostyslav;Oliinyk;Andriiovych;4;2022-09-01;3;f006;sp020;BUDGET;ACTIVE;r.oliinyk3@ukma.edu.ua;+380501236996;2003-09-02;22
st20220695;Yana;Panchenko;Volodymyrivna;4;2022-09-01;4;f006;sp020;CONTRACT;ACTIVE;y.panchenko10@ukma.edu.ua;+380501236993;2003-04-06;23
st20220696;Iryna;Petrenko;Arturivna;4;2022-09-01;4;f006;sp020;CONTRACT;ACTIVE;i.petrenko9@ukma.edu.ua;+380501237012;2003-12-04;22
st20220697;Serhii;Petrenko;Bohdanovych;4;2022-09-01;4;f006;sp020;CONTRACT;ACTIVE;s.petrenko3@ukma.edu.ua;+380501237025;2004-10-21;21
st20220698;Rostyslav;Polishchuk;Olehovych;4;2022-09-01;4;f006;sp020;CONTRACT;ACTIVE;r.polishchuk5@ukma.edu.ua;+380501237001;2004-10-12;21
st20220699;Alina;Radchenko;Yevhenivna;4;2022-09-01;4;f006;sp020;CONTRACT;ACTIVE;a.radchenko12@ukma.edu.ua;+380501236990;2003-08-14;22
st20220700;Roman;Radchenko;Ivanovych;4;2022-09-01;4;f006;sp020;BUDGET;ACTIVE;r.radchenko1@ukma.edu.ua;+380501237006;2004-07-26;21
st20220701;Diana;Radchenko;Serhiivna;4;2022-09-01;4;f006;sp020;CONTRACT;ACTIVE;d.radchenko5@ukma.edu.ua;+380501237023;2004-05-23;21
st20220702;Uliana;Rudenko;Romanivna;4;2022-09-01;4;f006;sp020;CONTRACT;ACTIVE;u.rudenko4@ukma.edu.ua;+380501237017;2004-05-08;21
st20220703;Diana;Savchenko;Romanivna;4;2022-09-01;5;f006;sp020;CONTRACT;ACTIVE;d.savchenko7@ukma.edu.ua;+380501237014;2004-10-28;21
st20220704;Bohdan;Shevchuk;Rostyslavovych;4;2022-09-01;5;f006;sp020;CONTRACT;ACTIVE;b.shevchuk2@ukma.edu.ua;+380501236988;2004-04-11;22
st20220705;Polina;Shevchuk;Valentynivna;4;2022-09-01;5;f006;sp020;CONTRACT;ACTIVE;p.shevchuk2@ukma.edu.ua;+380501237009;2004-09-04;21
st20220706;Rostyslav;Sydorenko;Hlibovych;4;2022-09-01;5;f006;sp020;BUDGET;ACTIVE;r.sydorenko@ukma.edu.ua;+380501236994;2003-12-17;22
st20220707;Maksym;Sydorenko;Mykolaiovych;4;2022-09-01;5;f006;sp020;CONTRACT;ACTIVE;m.sydorenko4@ukma.edu.ua;+380501237011;2003-01-11;23
st20220708;Alina;Taran;Bohdanivna;4;2022-09-01;5;f006;sp020;BUDGET;ACTIVE;a.taran11@ukma.edu.ua;+380501237000;2003-10-25;22
st20220709;Illia;Taran;Stepanovych;4;2022-09-01;5;f006;sp020;BUDGET;ACTIVE;i.taran@ukma.edu.ua;+380501237008;2004-01-28;22
st20220710;Vasyl;Taran;Kyrylovych;4;2022-09-01;5;f006;sp020;CONTRACT;ACTIVE;v.taran10@ukma.edu.ua;+380501237028;2004-03-21;22
st20220711;Daria;Tkachenko;Rostyslavivna;4;2022-09-01;6;f006;sp020;BUDGET;ACTIVE;d.tkachenko4@ukma.edu.ua;+380501237007;2004-01-07;22
st20220712;Illia;Vlasenko;Andriiovych;4;2022-09-01;6;f006;sp020;BUDGET;ACTIVE;i.vlasenko7@ukma.edu.ua;+380501237015;2003-11-06;22
st20220713;Yurii;Vlasenko;Denysovych;4;2022-09-01;6;f006;sp020;BUDGET;ACTIVE;y.vlasenko6@ukma.edu.ua;+380501237016;2004-02-14;22


st20220714;Roman;Babenko;Yuriiovych;4;2022-09-01;1;f006;sp021;CONTRACT;ACTIVE;r.babenko3@ukma.edu.ua;+380501237033;2003-10-02;22
st20220715;Viktoriia;Boiko;Ivanivna;4;2022-09-01;1;f006;sp021;CONTRACT;ACTIVE;v.boiko18@ukma.edu.ua;+380501237045;2004-07-14;21
st20220716;Rostyslav;Boiko;Valentynovych;4;2022-09-01;1;f006;sp021;BUDGET;ACTIVE;r.boiko4@ukma.edu.ua;+380501237059;2004-01-19;22
st20220717;Vitalii;Bondarenko;Valentynovych;4;2022-09-01;1;f006;sp021;BUDGET;ACTIVE;v.bondarenko10@ukma.edu.ua;+380501237048;2004-06-04;21
st20220718;Sofiia;Dmytrenko;Oleksandrivna;4;2022-09-01;1;f006;sp021;CONTRACT;ACTIVE;s.dmytrenko3@ukma.edu.ua;+380501237042;2003-05-02;22
st20220719;Veronika;Havryliuk;Ivanivna;4;2022-09-01;1;f006;sp021;BUDGET;ACTIVE;v.havryliuk10@ukma.edu.ua;+380501237057;2004-07-24;21
st20220720;Yurii;Ivanenko;Oleksandrovych;4;2022-09-01;2;f006;sp021;BUDGET;ACTIVE;y.ivanenko5@ukma.edu.ua;+380501237054;2004-05-14;21
st20220721;Svitlana;Karpenko;Dmytrivna;4;2022-09-01;2;f006;sp021;CONTRACT;ACTIVE;s.karpenko5@ukma.edu.ua;+380501237049;2004-03-13;22
st20220722;Daria;Karpenko;Oleksandrivna;4;2022-09-01;2;f006;sp021;CONTRACT;ACTIVE;d.karpenko8@ukma.edu.ua;+380501237053;2004-04-24;22
st20220723;Artur;Karpenko;Tarasovych;4;2022-09-01;2;f006;sp021;CONTRACT;ACTIVE;a.karpenko14@ukma.edu.ua;+380501237062;2004-03-24;22
st20220724;Nadiia;Koval;Tymurivna;4;2022-09-01;2;f006;sp021;BUDGET;ACTIVE;n.koval@ukma.edu.ua;+380501237035;2003-12-12;22
st20220725;Halyna;Koval;Vladyslavivna;4;2022-09-01;2;f006;sp021;CONTRACT;ACTIVE;h.koval1@ukma.edu.ua;+380501237047;2004-10-24;21
st20220726;Vitalii;Kovalenko;Rostyslavovych;4;2022-09-01;3;f006;sp021;BUDGET;ACTIVE;v.kovalenko7@ukma.edu.ua;+380501237041;2004-09-16;21
st20220727;Anastasiia;Kovalenko;Vitaliivna;4;2022-09-01;3;f006;sp021;CONTRACT;ACTIVE;a.kovalenko15@ukma.edu.ua;+380501237058;2004-11-14;21
st20220728;Sofiia;Moroz;Vladyslavivna;4;2022-09-01;3;f006;sp021;BUDGET;ACTIVE;s.moroz4@ukma.edu.ua;+380501237060;2004-05-15;21
st20220729;Mariia;Oliinyk;Maksymivna;4;2022-09-01;3;f006;sp021;CONTRACT;ACTIVE;m.oliinyk5@ukma.edu.ua;+380501237034;2004-01-15;22
st20220730;Uliana;Oliinyk;Hlibivna;4;2022-09-01;3;f006;sp021;BUDGET;ACTIVE;u.oliinyk1@ukma.edu.ua;+380501237044;2004-08-01;21
st20220731;Hlib;Polishchuk;Kyrylovych;4;2022-09-01;3;f006;sp021;CONTRACT;ACTIVE;h.polishchuk3@ukma.edu.ua;+380501237043;2003-02-20;23
st20220732;Anastasiia;Ponomarenko;Yuriivna;4;2022-09-01;4;f006;sp021;BUDGET;ACTIVE;a.ponomarenko9@ukma.edu.ua;+380501237056;2003-01-02;23
st20220733;Yevhen;Radchenko;Stepanovych;4;2022-09-01;4;f006;sp021;CONTRACT;ACTIVE;y.radchenko9@ukma.edu.ua;+380501237038;2003-10-20;22
st20220734;Nadiia;Radchenko;Mykhailivna;4;2022-09-01;4;f006;sp021;BUDGET;ACTIVE;n.radchenko2@ukma.edu.ua;+380501237046;2003-10-06;22
st20220735;Nataliia;Rudenko;Maksymivna;4;2022-09-01;4;f006;sp021;CONTRACT;ACTIVE;n.rudenko3@ukma.edu.ua;+380501237032;2003-05-16;22
st20220736;Vitalii;Rudenko;Yevhenovych;4;2022-09-01;4;f006;sp021;CONTRACT;ACTIVE;v.rudenko12@ukma.edu.ua;+380501237050;2004-06-15;21
st20220737;Alisa;Rudenko;Vladyslavivna;4;2022-09-01;4;f006;sp021;BUDGET;ACTIVE;a.rudenko7@ukma.edu.ua;+380501237052;2003-05-01;22
st20220738;Sofiia;Rudenko;Maksymivna;4;2022-09-01;5;f006;sp021;BUDGET;ACTIVE;s.rudenko9@ukma.edu.ua;+380501237055;2004-02-07;22
st20220739;Kseniia;Rudenko;Tymurivna;4;2022-09-01;5;f006;sp021;BUDGET;ACTIVE;k.rudenko2@ukma.edu.ua;+380501237061;2004-08-20;21
st20220740;Viktoriia;Savchenko;Oleksandrivna;4;2022-09-01;5;f006;sp021;CONTRACT;ACTIVE;v.savchenko10@ukma.edu.ua;+380501237039;2003-01-15;23
st20220741;Anna;Shevchenko;Romanivna;4;2022-09-01;5;f006;sp021;CONTRACT;ACTIVE;a.shevchenko13@ukma.edu.ua;+380501237040;2003-10-19;22
st20220742;Nataliia;Shevchuk;Antonivna;4;2022-09-01;5;f006;sp021;BUDGET;ACTIVE;n.shevchuk2@ukma.edu.ua;+380501237037;2003-05-23;22
st20220743;Rostyslav;Sydorenko;Yuriiovych;4;2022-09-01;5;f006;sp021;CONTRACT;ACTIVE;r.sydorenko1@ukma.edu.ua;+380501237036;2003-05-08;22
st20220744;Vladyslav;Sydorenko;Rostyslavovych;4;2022-09-01;6;f006;sp021;CONTRACT;ACTIVE;v.sydorenko11@ukma.edu.ua;+380501237051;2004-10-02;21
st20220745;Denys;Tkachenko;Kyrylovych;4;2022-09-01;6;f006;sp021;BUDGET;ACTIVE;d.tkachenko5@ukma.edu.ua;+380501237031;2003-03-16;23


st20220746;Rostyslav;Babenko;Andriiovych;4;2022-09-01;1;f006;sp022;BUDGET;ACTIVE;r.babenko4@ukma.edu.ua;+380501237064;2004-11-28;21
st20220747;Daria;Honcharenko;Mykolaivna;4;2022-09-01;1;f006;sp022;CONTRACT;ACTIVE;d.honcharenko@ukma.edu.ua;+380501237066;2003-08-17;22
st20220748;Mykhailo;Ivanenko;Denysovych;4;2022-09-01;1;f006;sp022;CONTRACT;ACTIVE;m.ivanenko6@ukma.edu.ua;+380501237063;2004-05-15;21
st20220749;Zlata;Ivanenko;Maksymivna;4;2022-09-01;1;f006;sp022;CONTRACT;ACTIVE;z.ivanenko@ukma.edu.ua;+380501237068;2004-11-26;21
st20220750;Yana;Karpenko;Dmytrivna;4;2022-09-01;1;f006;sp022;CONTRACT;ACTIVE;y.karpenko7@ukma.edu.ua;+380501237086;2003-12-24;22
st20220751;Solomiia;Karpenko;Kyrylivna;4;2022-09-01;1;f006;sp022;CONTRACT;ACTIVE;s.karpenko6@ukma.edu.ua;+380501237090;2004-09-19;21
st20220752;Viktor;Karpenko;Artemovych;4;2022-09-01;2;f006;sp022;BUDGET;ACTIVE;v.karpenko10@ukma.edu.ua;+380501237094;2003-07-21;22
st20220753;Artur;Khomenko;Bohdanovych;4;2022-09-01;2;f006;sp022;CONTRACT;ACTIVE;a.khomenko11@ukma.edu.ua;+380501237077;2003-02-18;23
st20220754;Mykola;Koval;Antonovych;4;2022-09-01;2;f006;sp022;BUDGET;ACTIVE;m.koval4@ukma.edu.ua;+380501237074;2004-07-25;21
st20220755;Nataliia;Kovalenko;Artemivna;4;2022-09-01;2;f006;sp022;BUDGET;ACTIVE;n.kovalenko3@ukma.edu.ua;+380501237075;2003-06-25;22
st20220756;Tymur;Kravchenko;Maksymovych;4;2022-09-01;2;f006;sp022;CONTRACT;ACTIVE;t.kravchenko5@ukma.edu.ua;+380501237076;2004-05-06;21
st20220757;Andrii;Marchenko;Serhiiovych;4;2022-09-01;2;f006;sp022;CONTRACT;ACTIVE;a.marchenko10@ukma.edu.ua;+380501237071;2004-08-18;21
st20220758;Sofiia;Melnyk;Oleksandrivna;4;2022-09-01;3;f006;sp022;BUDGET;ACTIVE;s.melnyk3@ukma.edu.ua;+380501237079;2003-02-28;23
st20220759;Alisa;Oliinyk;Yevhenivna;4;2022-09-01;3;f006;sp022;CONTRACT;ACTIVE;a.oliinyk9@ukma.edu.ua;+380501237069;2003-06-02;22
st20220760;Valentyn;Oliinyk;Kyrylovych;4;2022-09-01;3;f006;sp022;CONTRACT;ACTIVE;v.oliinyk7@ukma.edu.ua;+380501237078;2004-08-03;21
st20220761;Valentyn;Petrenko;Dmytrovych;4;2022-09-01;3;f006;sp022;CONTRACT;ACTIVE;v.petrenko6@ukma.edu.ua;+380501237095;2003-11-19;22
st20220762;Illia;Polishchuk;Olehovych;4;2022-09-01;3;f006;sp022;BUDGET;ACTIVE;i.polishchuk9@ukma.edu.ua;+380501237067;2003-09-27;22
st20220763;Anastasiia;Polishchuk;Mykhailivna;4;2022-09-01;3;f006;sp022;BUDGET;ACTIVE;a.polishchuk7@ukma.edu.ua;+380501237082;2003-09-12;22
st20220764;Oksana;Savchenko;Volodymyrivna;4;2022-09-01;4;f006;sp022;CONTRACT;ACTIVE;o.savchenko7@ukma.edu.ua;+380501237065;2003-05-20;22
st20220765;Hlib;Savchenko;Mykhailovych;4;2022-09-01;4;f006;sp022;CONTRACT;ACTIVE;h.savchenko4@ukma.edu.ua;+380501237073;2003-04-15;23
st20220766;Taras;Savchenko;Vladyslavovych;4;2022-09-01;4;f006;sp022;BUDGET;ACTIVE;t.savchenko1@ukma.edu.ua;+380501237089;2003-08-21;22
st20220767;Andrii;Shevchenko;Bohdanovych;4;2022-09-01;4;f006;sp022;BUDGET;ACTIVE;a.shevchenko14@ukma.edu.ua;+380501237072;2004-06-22;21
st20220768;Hlib;Shevchuk;Antonovych;4;2022-09-01;4;f006;sp022;BUDGET;ACTIVE;h.shevchuk@ukma.edu.ua;+380501237084;2004-01-01;22
st20220769;Tymur;Shevchuk;Mykolaiovych;4;2022-09-01;4;f006;sp022;CONTRACT;ACTIVE;t.shevchuk3@ukma.edu.ua;+380501237085;2004-08-12;21
st20220770;Nadiia;Taran;Tymurivna;4;2022-09-01;5;f006;sp022;BUDGET;ACTIVE;n.taran2@ukma.edu.ua;+380501237081;2003-05-22;22
st20220771;Kseniia;Taran;Illivna;4;2022-09-01;5;f006;sp022;BUDGET;ACTIVE;k.taran4@ukma.edu.ua;+380501237091;2004-01-20;22
st20220772;Halyna;Tkachenko;Dmytrivna;4;2022-09-01;5;f006;sp022;BUDGET;ACTIVE;h.tkachenko3@ukma.edu.ua;+380501237070;2003-05-06;22
st20220773;Polina;Tkachenko;Valentynivna;4;2022-09-01;5;f006;sp022;CONTRACT;ACTIVE;p.tkachenko3@ukma.edu.ua;+380501237080;2004-03-07;22
st20220774;Denys;Tkachenko;Tymurovych;4;2022-09-01;5;f006;sp022;CONTRACT;ACTIVE;d.tkachenko6@ukma.edu.ua;+380501237092;2004-12-04;21
st20220775;Mykhailo;Tkachuk;Bohdanovych;4;2022-09-01;5;f006;sp022;CONTRACT;ACTIVE;m.tkachuk4@ukma.edu.ua;+380501237083;2004-04-19;22
st20220776;Anna;Tkachuk;Vitaliivna;4;2022-09-01;6;f006;sp022;CONTRACT;ACTIVE;a.tkachuk10@ukma.edu.ua;+380501237088;2003-03-08;23
st20220777;Bohdan;Vlasenko;Volodymyrovych;4;2022-09-01;6;f006;sp022;BUDGET;ACTIVE;b.vlasenko1@ukma.edu.ua;+380501237087;2003-02-26;23
st20220778;Alina;Vlasenko;Artemivna;4;2022-09-01;6;f006;sp022;BUDGET;ACTIVE;a.vlasenko11@ukma.edu.ua;+380501237093;2003-09-15;22


st20220779;Serhii;Babenko;Tymurovych;4;2022-09-01;1;f006;sp023;CONTRACT;ACTIVE;s.babenko6@ukma.edu.ua;+380501237098;2003-09-05;22
st20220780;Anna;Boiko;Valentynivna;4;2022-09-01;1;f006;sp023;BUDGET;ACTIVE;a.boiko7@ukma.edu.ua;+380501237125;2003-05-16;22
st20220781;Dmytro;Havryliuk;Ivanovych;4;2022-09-01;1;f006;sp023;CONTRACT;ACTIVE;d.havryliuk4@ukma.edu.ua;+380501237103;2003-12-16;22
st20220782;Polina;Honcharenko;Denysivna;4;2022-09-01;1;f006;sp023;CONTRACT;ACTIVE;p.honcharenko2@ukma.edu.ua;+380501237100;2003-06-15;22
st20220783;Olena;Honcharenko;Denysivna;4;2022-09-01;1;f006;sp023;BUDGET;ACTIVE;o.honcharenko3@ukma.edu.ua;+380501237119;2003-12-04;22
st20220784;Kateryna;Hrytsenko;Arturivna;4;2022-09-01;1;f006;sp023;CONTRACT;ACTIVE;k.hrytsenko4@ukma.edu.ua;+380501237111;2003-04-20;23
st20220785;Mykhailo;Hrytsenko;Mykolaiovych;4;2022-09-01;2;f006;sp023;BUDGET;ACTIVE;m.hrytsenko1@ukma.edu.ua;+380501237118;2004-12-15;21
st20220786;Tetiana;Ivanenko;Antonivna;4;2022-09-01;2;f006;sp023;BUDGET;ACTIVE;t.ivanenko5@ukma.edu.ua;+380501237101;2003-05-24;22
st20220787;Yuliia;Ivanenko;Olehivna;4;2022-09-01;2;f006;sp023;BUDGET;ACTIVE;y.ivanenko6@ukma.edu.ua;+380501237102;2003-09-28;22
st20220788;Roman;Khomenko;Artemovych;4;2022-09-01;2;f006;sp023;CONTRACT;ACTIVE;r.khomenko1@ukma.edu.ua;+380501237107;2004-02-11;22
st20220789;Halyna;Khomenko;Olehivna;4;2022-09-01;2;f006;sp023;BUDGET;ACTIVE;h.khomenko3@ukma.edu.ua;+380501237112;2004-12-14;21
st20220790;Iryna;Koval;Hlibivna;4;2022-09-01;2;f006;sp023;CONTRACT;ACTIVE;i.koval10@ukma.edu.ua;+380501237115;2004-02-03;22
st20220791;Valentyn;Koval;Vitaliiovych;4;2022-09-01;3;f006;sp023;CONTRACT;ACTIVE;v.koval10@ukma.edu.ua;+380501237116;2003-06-23;22
st20220792;Yurii;Kovalenko;Serhiiovych;4;2022-09-01;3;f006;sp023;CONTRACT;ACTIVE;y.kovalenko8@ukma.edu.ua;+380501237114;2003-09-25;22
st20220793;Serhii;Kravchenko;Volodymyrovych;4;2022-09-01;3;f006;sp023;CONTRACT;ACTIVE;s.kravchenko5@ukma.edu.ua;+380501237108;2003-08-19;22
st20220794;Ihor;Lysenko;Andriiovych;4;2022-09-01;3;f006;sp023;BUDGET;ACTIVE;i.lysenko3@ukma.edu.ua;+380501237124;2004-03-05;22
st20220795;Mykola;Marchenko;Rostyslavovych;4;2022-09-01;3;f006;sp023;CONTRACT;ACTIVE;m.marchenko5@ukma.edu.ua;+380501237099;2004-05-10;21
st20220796;Zlata;Melnyk;Serhiivna;4;2022-09-01;3;f006;sp023;BUDGET;ACTIVE;z.melnyk1@ukma.edu.ua;+380501237097;2004-11-19;21
st20220797;Yelyzaveta;Moroz;Antonivna;4;2022-09-01;4;f006;sp023;BUDGET;ACTIVE;y.moroz3@ukma.edu.ua;+380501237106;2003-03-28;23
st20220798;Alisa;Panchenko;Antonivna;4;2022-09-01;4;f006;sp023;CONTRACT;ACTIVE;a.panchenko6@ukma.edu.ua;+380501237096;2004-04-06;22
st20220799;Anastasiia;Petrenko;Olehivna;4;2022-09-01;4;f006;sp023;CONTRACT;ACTIVE;a.petrenko11@ukma.edu.ua;+380501237113;2004-02-07;22
st20220800;Vitalii;Polishchuk;Illich;4;2022-09-01;4;f006;sp023;CONTRACT;ACTIVE;v.polishchuk7@ukma.edu.ua;+380501237104;2004-01-04;22
st20220801;Yelyzaveta;Ponomarenko;Volodymyrivna;4;2022-09-01;4;f006;sp023;CONTRACT;ACTIVE;y.ponomarenko6@ukma.edu.ua;+380501237109;2004-02-03;22
st20220802;Bohdan;Rudenko;Andriiovych;4;2022-09-01;4;f006;sp023;CONTRACT;ACTIVE;b.rudenko2@ukma.edu.ua;+380501237105;2003-05-12;22
st20220803;Rostyslav;Rudenko;Ivanovych;4;2022-09-01;5;f006;sp023;CONTRACT;ACTIVE;r.rudenko3@ukma.edu.ua;+380501237117;2004-04-06;22
st20220804;Valentyn;Shevchenko;Mykhailovych;4;2022-09-01;5;f006;sp023;CONTRACT;ACTIVE;v.shevchenko8@ukma.edu.ua;+380501237110;2003-01-24;23
st20220805;Yurii;Shevchuk;Oleksandrovych;4;2022-09-01;5;f006;sp023;CONTRACT;ACTIVE;y.shevchuk3@ukma.edu.ua;+380501237126;2004-11-09;21
st20220806;Kateryna;Sydorenko;Denysivna;4;2022-09-01;5;f006;sp023;CONTRACT;ACTIVE;k.sydorenko6@ukma.edu.ua;+380501237120;2003-12-14;22
st20220807;Oleksandr;Sydorenko;Romanovych;4;2022-09-01;5;f006;sp023;CONTRACT;ACTIVE;o.sydorenko8@ukma.edu.ua;+380501237123;2003-10-02;22
st20220808;Serhii;Tkachenko;Illich;4;2022-09-01;5;f006;sp023;CONTRACT;ACTIVE;s.tkachenko5@ukma.edu.ua;+380501237121;2003-07-09;22
st20220809;Illia;Tkachenko;Olehovych;4;2022-09-01;6;f006;sp023;CONTRACT;ACTIVE;i.tkachenko3@ukma.edu.ua;+380501237122;2004-02-18;22


st20220810;Andrii;Babenko;Olehovych;4;2022-09-01;1;f006;sp024;BUDGET;ACTIVE;a.babenko6@ukma.edu.ua;+380501237135;2004-05-07;21
st20220811;Denys;Bondar;Illich;4;2022-09-01;1;f006;sp024;BUDGET;ACTIVE;d.bondar3@ukma.edu.ua;+380501237149;2003-05-16;22
st20220812;Maksym;Bondarenko;Romanovych;4;2022-09-01;1;f006;sp024;CONTRACT;ACTIVE;m.bondarenko3@ukma.edu.ua;+380501237140;2003-07-19;22
st20220813;Nataliia;Dmytrenko;Olehivna;4;2022-09-01;1;f006;sp024;CONTRACT;ACTIVE;n.dmytrenko7@ukma.edu.ua;+380501237139;2003-06-10;22
st20220814;Mykhailo;Havryliuk;Tymurovych;4;2022-09-01;1;f006;sp024;CONTRACT;ACTIVE;m.havryliuk8@ukma.edu.ua;+380501237138;2003-04-01;23
st20220815;Stepan;Honcharenko;Valentynovych;4;2022-09-01;1;f006;sp024;CONTRACT;ACTIVE;s.honcharenko8@ukma.edu.ua;+380501237144;2003-03-12;23
st20220816;Ivan;Hrytsenko;Romanovych;4;2022-09-01;2;f006;sp024;CONTRACT;ACTIVE;i.hrytsenko4@ukma.edu.ua;+380501237137;2003-11-24;22
st20220817;Yurii;Hrytsenko;Bohdanovych;4;2022-09-01;2;f006;sp024;CONTRACT;ACTIVE;y.hrytsenko4@ukma.edu.ua;+380501237157;2004-03-27;22
st20220818;Pavlo;Khomenko;Hlibovych;4;2022-09-01;2;f006;sp024;BUDGET;ACTIVE;p.khomenko3@ukma.edu.ua;+380501237153;2004-02-09;22
st20220819;Ihor;Koval;Ivanovych;4;2022-09-01;2;f006;sp024;CONTRACT;ACTIVE;i.koval11@ukma.edu.ua;+380501237155;2004-10-02;21
st20220820;Oleh;Kravchenko;Bohdanovych;4;2022-09-01;2;f006;sp024;CONTRACT;ACTIVE;o.kravchenko10@ukma.edu.ua;+380501237128;2003-02-14;23
st20220821;Kyrylo;Lysenko;Yevhenovych;4;2022-09-01;2;f006;sp024;CONTRACT;ACTIVE;k.lysenko5@ukma.edu.ua;+380501237132;2004-06-25;21
st20220822;Rostyslav;Lysenko;Yevhenovych;4;2022-09-01;3;f006;sp024;CONTRACT;ACTIVE;r.lysenko@ukma.edu.ua;+380501237141;2003-09-13;22
st20220823;Anastasiia;Marchenko;Mykhailivna;4;2022-09-01;3;f006;sp024;CONTRACT;ACTIVE;a.marchenko11@ukma.edu.ua;+380501237146;2004-02-21;22
st20220824;Uliana;Moroz;Mykolaivna;4;2022-09-01;3;f006;sp024;CONTRACT;ACTIVE;u.moroz@ukma.edu.ua;+380501237131;2004-01-19;22
st20220825;Mykhailo;Oliinyk;Hlibovych;4;2022-09-01;3;f006;sp024;CONTRACT;ACTIVE;m.oliinyk6@ukma.edu.ua;+380501237147;2004-07-18;21
st20220826;Taras;Oliinyk;Valentynovych;4;2022-09-01;3;f006;sp024;CONTRACT;ACTIVE;t.oliinyk3@ukma.edu.ua;+380501237154;2004-07-13;21
st20220827;Alina;Petrenko;Antonivna;4;2022-09-01;3;f006;sp024;CONTRACT;ACTIVE;a.petrenko12@ukma.edu.ua;+380501237129;2003-07-06;22
st20220828;Hlib;Petrenko;Yevhenovych;4;2022-09-01;4;f006;sp024;BUDGET;ACTIVE;h.petrenko4@ukma.edu.ua;+380501237130;2004-09-06;21
st20220829;Yuliia;Petrenko;Rostyslavivna;4;2022-09-01;4;f006;sp024;CONTRACT;ACTIVE;y.petrenko7@ukma.edu.ua;+380501237136;2003-05-16;22
st20220830;Volodymyr;Polishchuk;Dmytrovych;4;2022-09-01;4;f006;sp024;CONTRACT;ACTIVE;v.polishchuk8@ukma.edu.ua;+380501237160;2003-01-05;23
st20220831;Ivan;Radchenko;Antonovych;4;2022-09-01;4;f006;sp024;BUDGET;ACTIVE;i.radchenko3@ukma.edu.ua;+380501237142;2003-03-24;23
st20220832;Taras;Radchenko;Arturovych;4;2022-09-01;4;f006;sp024;CONTRACT;ACTIVE;t.radchenko4@ukma.edu.ua;+380501237152;2004-01-12;22
st20220833;Tetiana;Radchenko;Valentynivna;4;2022-09-01;4;f006;sp024;CONTRACT;ACTIVE;t.radchenko5@ukma.edu.ua;+380501237159;2003-05-11;22
st20220834;Nazar;Rudenko;Mykhailovych;4;2022-09-01;5;f006;sp024;BUDGET;ACTIVE;n.rudenko4@ukma.edu.ua;+380501237134;2003-10-27;22
st20220835;Tymur;Rudenko;Olehovych;4;2022-09-01;5;f006;sp024;CONTRACT;ACTIVE;t.rudenko3@ukma.edu.ua;+380501237148;2004-07-13;21
st20220836;Yelyzaveta;Rudenko;Romanivna;4;2022-09-01;5;f006;sp024;CONTRACT;ACTIVE;y.rudenko2@ukma.edu.ua;+380501237156;2004-05-03;21
st20220837;Andrii;Rudenko;Mykolaiovych;4;2022-09-01;5;f006;sp024;CONTRACT;ACTIVE;a.rudenko8@ukma.edu.ua;+380501237161;2003-12-13;22
st20220838;Denys;Savchenko;Kyrylovych;4;2022-09-01;5;f006;sp024;CONTRACT;ACTIVE;d.savchenko8@ukma.edu.ua;+380501237151;2004-10-19;21
st20220839;Ivan;Shevchenko;Yuriiovych;4;2022-09-01;5;f006;sp024;CONTRACT;ACTIVE;i.shevchenko7@ukma.edu.ua;+380501237143;2004-02-15;22
st20220840;Viktoriia;Sydorenko;Illivna;4;2022-09-01;6;f006;sp024;CONTRACT;ACTIVE;v.sydorenko12@ukma.edu.ua;+380501237127;2003-07-13;22
st20220841;Anna;Tkachenko;Maksymivna;4;2022-09-01;6;f006;sp024;CONTRACT;ACTIVE;a.tkachenko13@ukma.edu.ua;+380501237150;2003-02-14;23
st20220842;Zlata;Tkachuk;Olehivna;4;2022-09-01;6;f006;sp024;BUDGET;ACTIVE;z.tkachuk@ukma.edu.ua;+380501237145;2004-03-22;22
st20220843;Dmytro;Vlasenko;Ivanovych;4;2022-09-01;6;f006;sp024;BUDGET;ACTIVE;d.vlasenko9@ukma.edu.ua;+380501237133;2003-05-07;22
st20220844;Khrystyna;Vlasenko;Mykhailivna;4;2022-09-01;6;f006;sp024;CONTRACT;ACTIVE;k.vlasenko6@ukma.edu.ua;+380501237158;2004-01-21;22


st20220845;Mykola;Babenko;Dmytrovych;4;2022-09-01;1;f006;sp025;CONTRACT;ACTIVE;m.babenko4@ukma.edu.ua;+380501237162;2003-02-14;23
st20220846;Yevhen;Boiko;Serhiiovych;4;2022-09-01;1;f006;sp025;BUDGET;ACTIVE;y.boiko6@ukma.edu.ua;+380501237174;2004-12-26;21
st20220847;Illia;Bondar;Vladyslavovych;4;2022-09-01;1;f006;sp025;CONTRACT;ACTIVE;i.bondar5@ukma.edu.ua;+380501237164;2003-02-08;23
st20220848;Tymur;Dmytrenko;Andriiovych;4;2022-09-01;1;f006;sp025;CONTRACT;ACTIVE;t.dmytrenko1@ukma.edu.ua;+380501237177;2003-10-11;22
st20220849;Pavlo;Dmytrenko;Oleksandrovych;4;2022-09-01;1;f006;sp025;BUDGET;ACTIVE;p.dmytrenko4@ukma.edu.ua;+380501237183;2004-08-15;21
st20220850;Valeriia;Honcharenko;Antonivna;4;2022-09-01;1;f006;sp025;CONTRACT;ACTIVE;v.honcharenko8@ukma.edu.ua;+380501237167;2004-08-18;21
st20220851;Kseniia;Honcharenko;Antonivna;4;2022-09-01;2;f006;sp025;BUDGET;ACTIVE;k.honcharenko3@ukma.edu.ua;+380501237168;2003-07-06;22
st20220852;Viktor;Hrytsenko;Arturovych;4;2022-09-01;2;f006;sp025;CONTRACT;ACTIVE;v.hrytsenko11@ukma.edu.ua;+380501237169;2003-09-18;22
st20220853;Nadiia;Hrytsenko;Tymurivna;4;2022-09-01;2;f006;sp025;CONTRACT;ACTIVE;n.hrytsenko3@ukma.edu.ua;+380501237182;2004-09-24;21
st20220854;Maksym;Karpenko;Oleksandrovych;4;2022-09-01;2;f006;sp025;CONTRACT;ACTIVE;m.karpenko4@ukma.edu.ua;+380501237173;2003-07-14;22
st20220855;Oksana;Karpenko;Maksymivna;4;2022-09-01;2;f006;sp025;CONTRACT;ACTIVE;o.karpenko4@ukma.edu.ua;+380501237175;2003-10-22;22
st20220856;Yevhen;Karpenko;Volodymyrovych;4;2022-09-01;2;f006;sp025;CONTRACT;ACTIVE;y.karpenko8@ukma.edu.ua;+380501237179;2003-06-11;22
st20220857;Anastasiia;Khomenko;Volodymyrivna;4;2022-09-01;3;f006;sp025;BUDGET;ACTIVE;a.khomenko12@ukma.edu.ua;+380501237190;2004-06-09;21
st20220858;Bohdan;Koval;Antonovych;4;2022-09-01;3;f006;sp025;CONTRACT;ACTIVE;b.koval1@ukma.edu.ua;+380501237165;2003-07-24;22
st20220859;Artem;Koval;Stepanovych;4;2022-09-01;3;f006;sp025;BUDGET;ACTIVE;a.koval5@ukma.edu.ua;+380501237170;2003-04-07;23
st20220860;Yana;Koval;Serhiivna;4;2022-09-01;3;f006;sp025;CONTRACT;ACTIVE;y.koval3@ukma.edu.ua;+380501237181;2003-09-04;22
st20220861;Olena;Kovalenko;Ivanivna;4;2022-09-01;3;f006;sp025;CONTRACT;ACTIVE;o.kovalenko9@ukma.edu.ua;+380501237185;2003-04-11;23
st20220862;Olena;Kravchenko;Vitaliivna;4;2022-09-01;3;f006;sp025;CONTRACT;ACTIVE;o.kravchenko11@ukma.edu.ua;+380501237180;2004-02-28;22
st20220863;Vitalii;Kravchenko;Artemovych;4;2022-09-01;4;f006;sp025;CONTRACT;ACTIVE;v.kravchenko7@ukma.edu.ua;+380501237193;2003-02-16;23
st20220864;Oleksandr;Petrenko;Rostyslavovych;4;2022-09-01;4;f006;sp025;CONTRACT;ACTIVE;o.petrenko5@ukma.edu.ua;+380501237186;2003-05-21;22
st20220865;Rostyslav;Ponomarenko;Volodymyrovych;4;2022-09-01;4;f006;sp025;CONTRACT;ACTIVE;r.ponomarenko2@ukma.edu.ua;+380501237178;2003-06-24;22
st20220866;Alisa;Radchenko;Valentynivna;4;2022-09-01;4;f006;sp025;CONTRACT;ACTIVE;a.radchenko13@ukma.edu.ua;+380501237191;2003-07-20;22
st20220867;Rostyslav;Rudenko;Valentynovych;4;2022-09-01;4;f006;sp025;BUDGET;ACTIVE;r.rudenko4@ukma.edu.ua;+380501237172;2003-02-20;23
st20220868;Yuliia;Savchenko;Romanivna;4;2022-09-01;4;f006;sp025;BUDGET;ACTIVE;y.savchenko5@ukma.edu.ua;+380501237171;2004-04-05;22
st20220869;Solomiia;Savchenko;Tarasivna;4;2022-09-01;5;f006;sp025;BUDGET;ACTIVE;s.savchenko1@ukma.edu.ua;+380501237187;2004-05-22;21
st20220870;Tymur;Savchenko;Dmytrovych;4;2022-09-01;5;f006;sp025;CONTRACT;ACTIVE;t.savchenko2@ukma.edu.ua;+380501237189;2003-03-23;23
st20220871;Oleh;Shevchuk;Tymurovych;4;2022-09-01;5;f006;sp025;CONTRACT;ACTIVE;o.shevchuk5@ukma.edu.ua;+380501237176;2004-01-02;22
st20220872;Veronika;Sydorenko;Antonivna;4;2022-09-01;5;f006;sp025;BUDGET;ACTIVE;v.sydorenko13@ukma.edu.ua;+380501237184;2004-03-18;22
st20220873;Vira;Sydorenko;Olehivna;4;2022-09-01;5;f006;sp025;CONTRACT;ACTIVE;v.sydorenko14@ukma.edu.ua;+380501237192;2003-11-11;22
st20220874;Ihor;Tkachenko;Serhiiovych;4;2022-09-01;5;f006;sp025;BUDGET;ACTIVE;i.tkachenko4@ukma.edu.ua;+380501237166;2003-08-05;22
st20220875;Kseniia;Tkachuk;Antonivna;4;2022-09-01;6;f006;sp025;BUDGET;ACTIVE;k.tkachuk5@ukma.edu.ua;+380501237163;2004-03-23;22
st20220876;Khrystyna;Vlasenko;Romanivna;4;2022-09-01;6;f006;sp025;CONTRACT;ACTIVE;k.vlasenko7@ukma.edu.ua;+380501237188;2003-07-05;22
