id;name;surname;patronymic;gender;course;enrollmentDate;group;faculty;speciality;studyForm;status;email;phone;dateOfBirth;age
st20250001;Vitalina;Bachynska;Serhiivna;Female;1;2025-09-01;1;f001;sp001;BUDGET;ACTIVE;v.bachynska@ukma.edu.ua;+380503809944;2006-04-12;20
st20250002;Daria;Bobko;Ihorivna;Female;1;2025-09-01;1;f001;sp001;BUDGET;ACTIVE;d.bobko@ukma.edu.ua;+380503809945;2007-08-23;18
st20250003;Ivan;Bozhenko;Ihorovych;Male;1;2025-09-01;1;f001;sp001;BUDGET;ACTIVE;i.bozhenko@ukma.edu.ua;+380503809946;2006-11-05;19
st20250004;Hordii;Bondarenko;Serhiiovych;Male;1;2025-09-01;1;f001;sp001;BUDGET;ACTIVE;h.bondarenko@ukma.edu.ua;+380503809947;2007-01-14;19
st20250005;Sofiia;Bordachenko;Oleksandrivna;Female;1;2025-09-01;1;f001;sp001;BUDGET;ACTIVE;s.bordachenko@ukma.edu.ua;+380503809948;2006-09-30;19
st20250006;Veronika;Burmetska;Valentynivna;Female;1;2025-09-01;1;f001;sp001;BUDGET;ACTIVE;v.burmetska@ukma.edu.ua;+380503809949;2007-05-18;18
st20250007;Mykola;Vashchuk;Volodymyrovych;Male;1;2025-09-01;1;f001;sp001;BUDGET;ACTIVE;m.vashchuk@ukma.edu.ua;+380503809950;2006-03-22;20
st20250008;Yurii;Voloshanovych;Kostiantynovych;Male;1;2025-09-01;1;f001;sp001;BUDGET;ACTIVE;y.voloshanovych@ukma.edu.ua;+380503809951;2007-12-11;18
st20250009;Artem;Voloshchenko;Oleksiiovych;Male;1;2025-09-01;1;f001;sp001;BUDGET;ACTIVE;a.voloshchenko@ukma.edu.ua;+380503809952;2006-07-07;19
st20250010;Roman;Hvozdik;Andriiovych;Male;1;2025-09-01;1;f001;sp001;BUDGET;ACTIVE;r.hvozdik@ukma.edu.ua;+380503809953;2007-02-28;19
st20250011;Nikita;Hella;Serhiiovych;Male;1;2025-09-01;1;f001;sp001;BUDGET;ACTIVE;n.hella@ukma.edu.ua;+380503809954;2006-10-15;19
st20240001;Anton;Boiko;Vladyslavovych;Male;2;2024-09-01;1;f001;sp001;BUDGET;ACTIVE;a.boiko@ukma.edu.ua;+380501234511;2005-02-15;21
st20240002;Sofiia;Bondarenko;Yevhenivna;Female;2;2024-09-01;1;f001;sp001;CONTRACT;ACTIVE;s.bondarenko@ukma.edu.ua;+380501234523;2006-05-15;19
st20240003;Hlib;Dmytrenko;Serhiiovych;Male;2;2024-09-01;1;f001;sp001;BUDGET;ACTIVE;h.dmytrenko@ukma.edu.ua;+380501234526;2006-07-20;19
st20240004;Solomiia;Havryliuk;Arturivna;Female;2;2024-09-01;1;f001;sp001;BUDGET;ACTIVE;s.havryliuk@ukma.edu.ua;+380501234532;2006-06-08;19
st20240005;Roman;Havryliuk;Olehovych;Male;2;2024-09-01;1;f001;sp001;BUDGET;ACTIVE;r.havryliuk@ukma.edu.ua;+380501234534;2006-07-10;19
st20240006;Svitlana;Hrytsenko;Artemivna;Female;2;2024-09-01;1;f001;sp001;CONTRACT;ACTIVE;s.hrytsenko@ukma.edu.ua;+380501234505;2005-01-27;21
st20240007;Oleksandr;Ivanenko;Kyrylovych;Male;2;2024-09-01;1;f001;sp001;CONTRACT;ACTIVE;o.ivanenko@ukma.edu.ua;+380501234501;2005-11-04;20
st20230001;Nazar;Babenko;Oleksandrovych;Male;3;2023-09-01;1;f001;sp001;CONTRACT;ACTIVE;n.babenko@ukma.edu.ua;+380501235490;2005-02-16;21
st20230002;Alisa;Babenko;Yevhenivna;Female;3;2023-09-01;1;f001;sp001;CONTRACT;ACTIVE;a.babenko4@ukma.edu.ua;+380501235495;2004-09-10;21
st20230003;Serhii;Bondar;Yevhenovych;Male;3;2023-09-01;1;f001;sp001;CONTRACT;ACTIVE;s.bondar1@ukma.edu.ua;+380501235458;2004-12-03;21
st20230004;Mykhailo;Bondar;Serhiiovych;Male;3;2023-09-01;1;f001;sp001;CONTRACT;ACTIVE;m.bondar3@ukma.edu.ua;+380501235464;2005-11-05;20
st20230005;Yuliia;Dmytrenko;Illivna;Female;3;2023-09-01;1;f001;sp001;CONTRACT;ACTIVE;y.dmytrenko1@ukma.edu.ua;+380501235473;2005-01-22;21
st20230006;Tetiana;Dmytrenko;Rostyslavivna;Female;3;2023-09-01;1;f001;sp001;CONTRACT;ACTIVE;t.dmytrenko1@ukma.edu.ua;+380501235487;2005-04-28;20
st20230007;Veronika;Havryliuk;Maksymivna;Female;3;2023-09-01;1;f001;sp001;CONTRACT;ACTIVE;v.havryliuk@ukma.edu.ua;+380501235456;2005-10-06;20
st20230008;Mykola;Havryliuk;Ivanovych;Male;3;2023-09-01;1;f001;sp001;BUDGET;ACTIVE;m.havryliuk1@ukma.edu.ua;+380501235457;2004-02-07;22
st20220001;Vira;Boiko;Andriivna;Female;4;2022-09-01;1;f001;sp001;CONTRACT;ACTIVE;v.boiko9@ukma.edu.ua;+380501236376;2004-11-12;21
st20220002;Mykola;Bondar;Hlibovych;Male;4;2022-09-01;1;f001;sp001;BUDGET;ACTIVE;m.bondar6@ukma.edu.ua;+380501236382;2004-08-05;21
st20220003;Serhii;Bondar;Illich;Male;4;2022-09-01;1;f001;sp001;CONTRACT;ACTIVE;s.bondar6@ukma.edu.ua;+380501236385;2004-12-20;21
st20220004;Oleh;Bondar;Ivanovych;Male;4;2022-09-01;1;f001;sp001;BUDGET;ACTIVE;o.bondar4@ukma.edu.ua;+380501236404;2003-10-12;22
st20220005;Pavlo;Bondarenko;Vladyslavovych;Male;4;2022-09-01;1;f001;sp001;CONTRACT;ACTIVE;p.bondarenko2@ukma.edu.ua;+380501236394;2004-07-19;21
st20220006;Yevhen;Dmytrenko;Yuriiovych;Male;4;2022-09-01;1;f001;sp001;BUDGET;ACTIVE;y.dmytrenko5@ukma.edu.ua;+380501236377;2004-02-14;22
st20220007;Alisa;Dmytrenko;Yevhenivna;Female;4;2022-09-01;1;f001;sp001;CONTRACT;ACTIVE;a.dmytrenko8@ukma.edu.ua;+380501236389;2003-10-08;22
st20250012;Ihor;Hordiienko;Volodymyrovych;Male;1;2025-09-01;2;f001;sp001;BUDGET;ACTIVE;i.hordiienko@ukma.edu.ua;+380503809955;2007-06-04;18
st20250013;Arsenii;Hrokh;Mykolaiovych;Male;1;2025-09-01;2;f001;sp001;CONTRACT;ACTIVE;a.hrokh@ukma.edu.ua;+380503809956;2006-01-20;20
st20250014;Maksym;Demkiv;Romanovych;Male;1;2025-09-01;2;f001;sp001;BUDGET;ACTIVE;m.demkiv@ukma.edu.ua;+380503809957;2007-09-12;18
st20250015;Vadim;Dudar;Andriiovych;Male;1;2025-09-01;2;f001;sp001;BUDGET;ACTIVE;v.dudar@ukma.edu.ua;+380503809958;2006-08-08;19
st20250016;Diana;Yezovit;Maksymivna;Female;1;2025-09-01;2;f001;sp001;BUDGET;ACTIVE;d.yezovit@ukma.edu.ua;+380503809959;2007-04-01;19
st20250017;Oleksandr;Zaionchkivskyi;Volodymyrovych;Male;1;2025-09-01;2;f001;sp001;BUDGET;ACTIVE;o.zaionchkivskyi@ukma.edu.ua;+380503809960;2006-12-25;19
st20250018;Mariia;Zanko;Andriivna;Female;1;2025-09-01;2;f001;sp001;CONTRACT;ACTIVE;m.zanko@ukma.edu.ua;+380503809961;2007-11-18;18
st20250019;Andrii;Zaiats;Serhiiovych;Male;1;2025-09-01;2;f001;sp001;BUDGET;ACTIVE;a.zaiats@ukma.edu.ua;+380503809962;2006-05-09;19
st20250020;Illia;Kabysh;Anatoliiovych;Male;1;2025-09-01;2;f001;sp001;BUDGET;ACTIVE;i.kabysh@ukma.edu.ua;+380503809963;2007-03-27;19
st20250021;Daryna;Kazmirchuk;Vasylivna;Female;1;2025-09-01;2;f001;sp001;BUDGET;ACTIVE;d.kazmirchuk@ukma.edu.ua;+380503809964;2006-02-14;20
st20250022;Sofiia;Karachentseva;Oleksiivna;Female;1;2025-09-01;2;f001;sp001;CONTRACT;ACTIVE;s.karachentseva@ukma.edu.ua;+380503809965;2007-07-21;18
st20240008;Illia;Ivanenko;Mykolaiovych;Male;2;2024-09-01;2;f001;sp001;BUDGET;ACTIVE;i.ivanenko@ukma.edu.ua;+380501234504;2006-08-07;19
st20240009;Pavlo;Karpenko;Bohdanovych;Male;2;2024-09-01;2;f001;sp001;BUDGET;ACTIVE;p.karpenko@ukma.edu.ua;+380501234513;2005-01-19;21
st20240010;Valeriia;Karpenko;Illivna;Female;2;2024-09-01;2;f001;sp001;CONTRACT;ACTIVE;v.karpenko@ukma.edu.ua;+380501234524;2005-04-27;20
st20240011;Kseniia;Khomenko;Tymurivna;Female;2;2024-09-01;2;f001;sp001;CONTRACT;ACTIVE;k.khomenko@ukma.edu.ua;+380501234530;2005-01-22;21
st20240012;Zlata;Koval;Artemivna;Female;2;2024-09-01;2;f001;sp001;BUDGET;ACTIVE;z.koval@ukma.edu.ua;+380501234535;2005-12-03;20
st20240013;Illia;Kovalenko;Antonovych;Male;2;2024-09-01;2;f001;sp001;CONTRACT;ACTIVE;i.kovalenko@ukma.edu.ua;+380501234509;2005-10-11;20
st20240014;Vasyl;Kovalenko;Antonovych;Male;2;2024-09-01;2;f001;sp001;BUDGET;ACTIVE;v.kovalenko@ukma.edu.ua;+380501234536;2006-03-21;20
st20230009;Sofiia;Havryliuk;Oleksandrivna;Female;3;2023-09-01;2;f001;sp001;CONTRACT;ACTIVE;s.havryliuk1@ukma.edu.ua;+380501235469;2005-07-22;20
st20230010;Ivan;Honcharenko;Stepanovych;Male;3;2023-09-01;2;f001;sp001;BUDGET;ACTIVE;i.honcharenko2@ukma.edu.ua;+380501235482;2005-10-21;20
st20230011;Anhelina;Hrytsenko;Tarasivna;Female;3;2023-09-01;2;f001;sp001;CONTRACT;ACTIVE;a.hrytsenko3@ukma.edu.ua;+380501235475;2004-06-18;21
st20230012;Mykhailo;Hrytsenko;Olehovych;Male;3;2023-09-01;2;f001;sp001;CONTRACT;ACTIVE;m.hrytsenko1@ukma.edu.ua;+380501235484;2005-03-01;21
st20230013;Nazar;Ivanenko;Bohdanovych;Male;3;2023-09-01;2;f001;sp001;CONTRACT;ACTIVE;n.ivanenko1@ukma.edu.ua;+380501235485;2004-03-06;22
st20230014;Kyrylo;Khomenko;Dmytrovych;Male;3;2023-09-01;2;f001;sp001;BUDGET;ACTIVE;k.khomenko1@ukma.edu.ua;+380501235455;2004-05-09;21
st20230015;Roman;Khomenko;Kyrylovych;Male;3;2023-09-01;2;f001;sp001;BUDGET;ACTIVE;r.khomenko1@ukma.edu.ua;+380501235478;2005-04-24;20
st20230016;Yuliia;Kravchenko;Illivna;Female;3;2023-09-01;2;f001;sp001;CONTRACT;ACTIVE;y.kravchenko4@ukma.edu.ua;+380501235477;2004-08-16;21
st20220008;Viktoriia;Dmytrenko;Serhiivna;Female;4;2022-09-01;2;f001;sp001;CONTRACT;ACTIVE;v.dmytrenko7@ukma.edu.ua;+380501236393;2004-02-26;22
st20220009;Roman;Dmytrenko;Volodymyrovych;Male;4;2022-09-01;2;f001;sp001;CONTRACT;ACTIVE;r.dmytrenko@ukma.edu.ua;+380501236397;2003-11-10;22
st20220010;Olena;Dmytrenko;Ivanivna;Female;4;2022-09-01;2;f001;sp001;BUDGET;ACTIVE;o.dmytrenko2@ukma.edu.ua;+380501236408;2004-03-01;22
st20220011;Yana;Havryliuk;Kyrylivna;Female;4;2022-09-01;2;f001;sp001;CONTRACT;ACTIVE;y.havryliuk1@ukma.edu.ua;+380501236395;2003-03-09;23
st20220012;Nadiia;Honcharenko;Artemivna;Female;4;2022-09-01;2;f001;sp001;CONTRACT;ACTIVE;n.honcharenko1@ukma.edu.ua;+380501236375;2004-05-28;21
st20220013;Khrystyna;Hrytsenko;Denysivna;Female;4;2022-09-01;2;f001;sp001;BUDGET;ACTIVE;k.hrytsenko2@ukma.edu.ua;+380501236383;2004-02-17;22
st20220014;Liubov;Ivanenko;Rostyslavivna;Female;4;2022-09-01;2;f001;sp001;BUDGET;ACTIVE;l.ivanenko1@ukma.edu.ua;+380501236392;2004-08-02;21
st20250023;Denys;Kolisnyk;Maksymovych;Male;1;2025-09-01;3;f001;sp001;BUDGET;ACTIVE;d.kolisnyk@ukma.edu.ua;+380503809966;2006-09-05;19
st20250024;Sofiia;Korzh;Olehivna;Female;1;2025-09-01;3;f001;sp001;BUDGET;ACTIVE;s.korzh@ukma.edu.ua;+380503809967;2007-01-30;19
st20250025;Andrii;Korotkov;Kostiantynovych;Male;1;2025-09-01;3;f001;sp001;BUDGET;ACTIVE;a.korotkov@ukma.edu.ua;+380503809968;2006-11-12;19
st20250026;Stanislav;Koshynskyi;Mykhailovych;Male;1;2025-09-01;3;f001;sp001;BUDGET;ACTIVE;s.koshynskyi@ukma.edu.ua;+380503809969;2007-08-04;18
st20250027;Bohdan;Kravchuk;Tarasovych;Male;1;2025-09-01;3;f001;sp001;BUDGET;ACTIVE;b.kravchuk@ukma.edu.ua;+380503809970;2006-04-19;20
st20250028;Andrii;Kurliak;Yuriiovych;Male;1;2025-09-01;3;f001;sp001;BUDGET;ACTIVE;a.kurliak@ukma.edu.ua;+380503809971;2007-10-09;18
st20250029;Kateryna;Lavruk;Serhiivna;Female;1;2025-09-01;3;f001;sp001;BUDGET;ACTIVE;k.lavruk@ukma.edu.ua;+380503809972;2006-06-25;19
st20250030;Ivan;Lastivka;Ivanovych;Male;1;2025-09-01;3;f001;sp001;BUDGET;ACTIVE;i.lastivka@ukma.edu.ua;+380503809973;2007-02-05;19
st20250031;Sofiia;Leshchenko;Anatoliivna;Female;1;2025-09-01;3;f001;sp001;BUDGET;ACTIVE;s.leshchenko@ukma.edu.ua;+380503809974;2006-01-11;20
st20250032;Kira;Liatambur;Dmytrivna;Female;1;2025-09-01;3;f001;sp001;BUDGET;ACTIVE;k.liatambur@ukma.edu.ua;+380503809975;2007-05-29;18
st20250033;Oleksandr;Maletskyi;Viktorovych;Male;1;2025-09-01;3;f001;sp001;BUDGET;ACTIVE;o.maletskyi@ukma.edu.ua;+380503809976;2006-12-02;19
st20240015;Zlata;Kravchenko;Maksymivna;Female;2;2024-09-01;3;f001;sp001;BUDGET;ACTIVE;z.kravchenko@ukma.edu.ua;+380501234507;2005-01-12;21
st20240016;Veronika;Kravchenko;Arturivna;Female;2;2024-09-01;3;f001;sp001;CONTRACT;ACTIVE;v.kravchenko@ukma.edu.ua;+380501234527;2005-02-17;21
st20240017;Zlata;Kravchenko;Illivna;Female;2;2024-09-01;3;f001;sp001;CONTRACT;ACTIVE;z.kravchenko1@ukma.edu.ua;+380501234529;2006-01-28;20
st20240018;Ivan;Kravchenko;Maksymovych;Male;2;2024-09-01;3;f001;sp001;BUDGET;ACTIVE;i.kravchenko@ukma.edu.ua;+380501234531;2005-05-11;20
st20240019;Veronika;Lysenko;Illivna;Female;2;2024-09-01;3;f001;sp001;CONTRACT;ACTIVE;v.lysenko@ukma.edu.ua;+380501234520;2006-04-13;20
st20240020;Tymur;Marchenko;Andriiovych;Male;2;2024-09-01;3;f001;sp001;BUDGET;ACTIVE;t.marchenko@ukma.edu.ua;+380501234502;2005-08-27;20
st20240021;Yuliia;Marchenko;Mykhailivna;Female;2;2024-09-01;3;f001;sp001;CONTRACT;ACTIVE;y.marchenko@ukma.edu.ua;+380501234516;2006-11-12;19
st20230017;Vira;Marchenko;Artemivna;Female;3;2023-09-01;3;f001;sp001;CONTRACT;ACTIVE;v.marchenko5@ukma.edu.ua;+380501235466;2005-11-16;20
st20230018;Alisa;Marchenko;Rostyslavivna;Female;3;2023-09-01;3;f001;sp001;CONTRACT;ACTIVE;a.marchenko7@ukma.edu.ua;+380501235470;2004-12-20;21
st20230019;Svitlana;Marchenko;Mykhailivna;Female;3;2023-09-01;3;f001;sp001;CONTRACT;ACTIVE;s.marchenko2@ukma.edu.ua;+380501235480;2004-10-09;21
st20230020;Vira;Melnyk;Tarasivna;Female;3;2023-09-01;3;f001;sp001;BUDGET;ACTIVE;v.melnyk4@ukma.edu.ua;+380501235474;2005-09-18;20
st20230021;Mykhailo;Melnyk;Oleksandrovych;Male;3;2023-09-01;3;f001;sp001;CONTRACT;ACTIVE;m.melnyk@ukma.edu.ua;+380501235483;2005-01-11;21
st20230022;Svitlana;Moroz;Romanivna;Female;3;2023-09-01;3;f001;sp001;BUDGET;ACTIVE;s.moroz5@ukma.edu.ua;+380501235496;2005-10-08;20
st20230023;Sofiia;Moroz;Stepanivna;Female;3;2023-09-01;3;f001;sp001;BUDGET;ACTIVE;s.moroz6@ukma.edu.ua;+380501235497;2004-06-10;21
st20230024;Pavlo;Oliinyk;Serhiiovych;Male;3;2023-09-01;3;f001;sp001;CONTRACT;ACTIVE;p.oliinyk1@ukma.edu.ua;+380501235465;2005-04-28;20
st20220015;Yelyzaveta;Karpenko;Mykhailivna;Female;4;2022-09-01;3;f001;sp001;CONTRACT;ACTIVE;y.karpenko6@ukma.edu.ua;+380501236387;2004-03-04;22
st20220016;Ivan;Koval;Maksymovych;Male;4;2022-09-01;3;f001;sp001;CONTRACT;ACTIVE;i.koval2@ukma.edu.ua;+380501236386;2004-05-08;21
st20220017;Roman;Kravchenko;Volodymyrovych;Male;4;2022-09-01;3;f001;sp001;BUDGET;ACTIVE;r.kravchenko2@ukma.edu.ua;+380501236388;2003-08-13;22
st20220018;Halyna;Kravchenko;Valentynivna;Female;4;2022-09-01;3;f001;sp001;CONTRACT;ACTIVE;h.kravchenko1@ukma.edu.ua;+380501236396;2004-05-16;21
st20220019;Sofiia;Lysenko;Andriivna;Female;4;2022-09-01;3;f001;sp001;BUDGET;ACTIVE;s.lysenko1@ukma.edu.ua;+380501236374;2003-11-28;22
st20220020;Vladyslav;Lysenko;Volodymyrovych;Male;4;2022-09-01;3;f001;sp001;BUDGET;ACTIVE;v.lysenko11@ukma.edu.ua;+380501236403;2003-08-22;22
st20220021;Kyrylo;Marchenko;Tymurovych;Male;4;2022-09-01;3;f001;sp001;CONTRACT;ACTIVE;k.marchenko2@ukma.edu.ua;+380501236399;2003-02-11;23
st20250034;Anna;Martazina;Serhiivna;Female;1;2025-09-01;4;f001;sp001;BUDGET;ACTIVE;a.martazina@ukma.edu.ua;+380503809977;2007-09-17;18
st20250035;Rostyslav;Masiian;Ivanovych;Male;1;2025-09-01;4;f001;sp001;BUDGET;ACTIVE;r.masiian@ukma.edu.ua;+380503809978;2006-08-22;19
st20250036;Anna;Matiashchuk;Serhiivna;Female;1;2025-09-01;4;f001;sp001;BUDGET;ACTIVE;a.matiashchuk@ukma.edu.ua;+380503809979;2007-03-08;19
st20250037;Viacheslav;Mokliak;Serhiiovych;Male;1;2025-09-01;4;f001;sp001;BUDGET;ACTIVE;v.mokliak@ukma.edu.ua;+380503809980;2006-10-31;19
st20250038;Mykhailo;Nekhai;Ihorovych;Male;1;2025-09-01;4;f001;sp001;BUDGET;ACTIVE;m.nekhai@ukma.edu.ua;+380503809981;2007-07-14;18
st20250039;Artur;Nikolaichuk;Kyrylovych;Male;1;2025-09-01;4;f001;sp001;BUDGET;ACTIVE;a.nikolaichuk@ukma.edu.ua;+380503809982;2006-05-03;19
st20250040;Oleksandr;Obrazhei;Valeriiovych;Male;1;2025-09-01;4;f001;sp001;BUDGET;ACTIVE;o.obrazhei@ukma.edu.ua;+380503809983;2007-11-26;18
st20250041;Hlib;Piatachenko;Oleksandrovych;Male;1;2025-09-01;4;f001;sp001;BUDGET;ACTIVE;h.piatachenko@ukma.edu.ua;+380503809984;2006-02-18;20
st20250042;Viktoriia;Polishchuk;Yuriivna;Female;1;2025-09-01;4;f001;sp001;BUDGET;ACTIVE;v.polishchuk@ukma.edu.ua;+380503809985;2007-04-10;19
st20250043;Krystyna;Popkova;Viacheslavivna;Female;1;2025-09-01;4;f001;sp001;CONTRACT;ACTIVE;k.popkova@ukma.edu.ua;+380503809986;2006-12-08;19
st20240022;Oksana;Marchenko;Romanivna;Female;2;2024-09-01;4;f001;sp001;CONTRACT;ACTIVE;o.marchenko@ukma.edu.ua;+380501234533;2005-03-28;21
st20240023;Hlib;Moroz;Andriiovych;Male;2;2024-09-01;4;f001;sp001;CONTRACT;ACTIVE;h.moroz@ukma.edu.ua;+380501234514;2005-04-28;20
st20240024;Daria;Oliinyk;Bohdanivna;Female;2;2024-09-01;4;f001;sp001;BUDGET;ACTIVE;d.oliinyk@ukma.edu.ua;+380501234508;2006-04-09;20
st20240025;Anastasiia;Petrenko;Stepanivna;Female;2;2024-09-01;4;f001;sp001;BUDGET;ACTIVE;a.petrenko@ukma.edu.ua;+380501234518;2005-06-01;20
st20240026;Yevhen;Petrenko;Mykhailovych;Male;2;2024-09-01;4;f001;sp001;BUDGET;ACTIVE;y.petrenko@ukma.edu.ua;+380501234521;2005-09-06;20
st20240027;Anna;Polishchuk;Antonivna;Female;2;2024-09-01;4;f001;sp001;BUDGET;ACTIVE;a.polishchuk@ukma.edu.ua;+380501234506;2006-10-27;19
st20240028;Tetiana;Radchenko;Volodymyrivna;Female;2;2024-09-01;4;f001;sp001;CONTRACT;ACTIVE;t.radchenko@ukma.edu.ua;+380501234517;2005-08-04;20
st20230025;Maksym;Oliinyk;Vitaliiovych;Male;3;2023-09-01;4;f001;sp001;BUDGET;ACTIVE;m.oliinyk2@ukma.edu.ua;+380501235479;2004-02-22;22
st20230026;Pavlo;Oliinyk;Arturovych;Male;3;2023-09-01;4;f001;sp001;CONTRACT;ACTIVE;p.oliinyk2@ukma.edu.ua;+380501235486;2004-11-05;21
st20230027;Oleh;Panchenko;Valentynovych;Male;3;2023-09-01;4;f001;sp001;CONTRACT;ACTIVE;o.panchenko2@ukma.edu.ua;+380501235459;2005-02-13;21
st20230028;Viktor;Panchenko;Antonovych;Male;3;2023-09-01;4;f001;sp001;CONTRACT;ACTIVE;v.panchenko2@ukma.edu.ua;+380501235491;2005-07-25;20
st20230029;Andrii;Petrenko;Rostyslavovych;Male;3;2023-09-01;4;f001;sp001;CONTRACT;ACTIVE;a.petrenko4@ukma.edu.ua;+380501235472;2005-11-05;20
st20230030;Nazar;Polishchuk;Volodymyrovych;Male;3;2023-09-01;4;f001;sp001;BUDGET;ACTIVE;n.polishchuk1@ukma.edu.ua;+380501235467;2005-03-17;21
st20230031;Tymur;Polishchuk;Andriiovych;Male;3;2023-09-01;4;f001;sp001;CONTRACT;ACTIVE;t.polishchuk2@ukma.edu.ua;+380501235471;2004-06-09;21
st20230032;Anton;Polishchuk;Vitaliiovych;Male;3;2023-09-01;4;f001;sp001;CONTRACT;ACTIVE;a.polishchuk4@ukma.edu.ua;+380501235493;2005-02-25;21
st20220022;Nadiia;Marchenko;Tarasivna;Female;4;2022-09-01;4;f001;sp001;CONTRACT;ACTIVE;n.marchenko2@ukma.edu.ua;+380501236406;2003-10-08;22
st20220023;Olena;Oliinyk;Stepanivna;Female;4;2022-09-01;4;f001;sp001;CONTRACT;ACTIVE;o.oliinyk3@ukma.edu.ua;+380501236379;2004-08-03;21
st20220024;Andrii;Oliinyk;Volodymyrovych;Male;4;2022-09-01;4;f001;sp001;BUDGET;ACTIVE;a.oliinyk3@ukma.edu.ua;+380501236409;2004-12-18;21
st20220025;Alina;Oliinyk;Maksymivna;Female;4;2022-09-01;4;f001;sp001;CONTRACT;ACTIVE;a.oliinyk4@ukma.edu.ua;+380501236412;2004-04-27;21
st20220026;Vitalii;Panchenko;Oleksandrovych;Male;4;2022-09-01;4;f001;sp001;CONTRACT;ACTIVE;v.panchenko6@ukma.edu.ua;+380501236380;2004-03-10;22
st20220027;Illia;Petrenko;Ivanovych;Male;4;2022-09-01;4;f001;sp001;BUDGET;ACTIVE;i.petrenko4@ukma.edu.ua;+380501236390;2003-01-18;23
st20220028;Anastasiia;Petrenko;Maksymivna;Female;4;2022-09-01;4;f001;sp001;BUDGET;ACTIVE;a.petrenko11@ukma.edu.ua;+380501236401;2004-08-16;21
st20250044;Dmytro;Poplavskyi;Viktorovych;Male;1;2025-09-01;5;f001;sp001;CONTRACT;ACTIVE;d.poplavskyi@ukma.edu.ua;+380503809987;2007-08-16;18
st20250045;Veronika;Prosvirkin;Oleksandrivna;Female;1;2025-09-01;5;f001;sp001;BUDGET;ACTIVE;v.prosvirkin@ukma.edu.ua;+380503809988;2006-06-02;19
st20250046;Mykhailo;Pulov;Volodymyrovych;Male;1;2025-09-01;5;f001;sp001;BUDGET;ACTIVE;m.pulov@ukma.edu.ua;+380503809989;2008-03-05;18
st20250047;Dariia;Radko;Oleksandrivna;Female;1;2025-09-01;5;f001;sp001;BUDGET;ACTIVE;d.radko@ukma.edu.ua;+380503809990;2006-09-14;19
st20250048;Vladyslav;Rezanov;Yevhenovych;Male;1;2025-09-01;5;f001;sp001;CONTRACT;ACTIVE;v.rezanov@ukma.edu.ua;+380503809991;2007-10-28;18
st20250049;Nikita;Riznyk;Yuriiovych;Male;1;2025-09-01;5;f001;sp001;BUDGET;ACTIVE;n.riznyk@ukma.edu.ua;+380503809992;2006-03-05;20
st20250050;Sofiia;Samoilych;Oleksandrivna;Female;1;2025-09-01;5;f001;sp001;BUDGET;ACTIVE;s.samoilych@ukma.edu.ua;+380503809993;2007-05-11;18
st20250051;Maksym;Sviatun;Oleksandrovych;Male;1;2025-09-01;5;f001;sp001;BUDGET;ACTIVE;m.sviatun@ukma.edu.ua;+380503809994;2006-11-20;19
st20250052;Tetiana;Soltys;Mykolaivna;Female;1;2025-09-01;5;f001;sp001;BUDGET;ACTIVE;t.soltys@ukma.edu.ua;+380503809995;2007-07-03;18
st20250053;Daria;Trukhan;Romanivna;Female;1;2025-09-01;5;f001;sp001;BUDGET;ACTIVE;d.trukhan@ukma.edu.ua;+380503809996;2006-01-29;20
st20240029;Vira;Rudenko;Olehivna;Female;2;2024-09-01;5;f001;sp001;CONTRACT;ACTIVE;v.rudenko@ukma.edu.ua;+380501234515;2006-05-02;19
st20240030;Halyna;Rudenko;Stepanivna;Female;2;2024-09-01;5;f001;sp001;CONTRACT;ACTIVE;h.rudenko@ukma.edu.ua;+380501234525;2005-10-25;20
st20240031;Uliana;Rudenko;Kyrylivna;Female;2;2024-09-01;5;f001;sp001;BUDGET;ACTIVE;u.rudenko@ukma.edu.ua;+380501234539;2005-08-06;20
st20240032;Alina;Savchenko;Stepanivna;Female;2;2024-09-01;5;f001;sp001;CONTRACT;ACTIVE;a.savchenko@ukma.edu.ua;+380501234510;2006-01-16;20
st20240033;Kateryna;Shevchuk;Dmytrivna;Female;2;2024-09-01;5;f001;sp001;CONTRACT;ACTIVE;k.shevchuk@ukma.edu.ua;+380501234522;2005-04-23;20
st20240034;Viktor;Tkachenko;Illich;Male;2;2024-09-01;5;f001;sp001;BUDGET;ACTIVE;v.tkachenko@ukma.edu.ua;+380501234519;2005-04-23;20
st20240035;Veronika;Tkachenko;Yevhenivna;Female;2;2024-09-01;5;f001;sp001;CONTRACT;ACTIVE;v.tkachenko1@ukma.edu.ua;+380501234528;2005-06-16;20
st20230033;Mykola;Ponomarenko;Vitaliiovych;Male;3;2023-09-01;5;f001;sp001;CONTRACT;ACTIVE;m.ponomarenko@ukma.edu.ua;+380501235462;2005-08-16;20
st20230034;Yurii;Radchenko;Volodymyrovych;Male;3;2023-09-01;5;f001;sp001;BUDGET;ACTIVE;y.radchenko2@ukma.edu.ua;+380501235463;2005-06-25;20
st20230035;Mariia;Radchenko;Arturivna;Female;3;2023-09-01;5;f001;sp001;BUDGET;ACTIVE;m.radchenko2@ukma.edu.ua;+380501235488;2004-05-14;21
st20230036;Uliana;Shevchuk;Arturivna;Female;3;2023-09-01;5;f001;sp001;BUDGET;ACTIVE;u.shevchuk1@ukma.edu.ua;+380501235492;2005-07-17;20
st20230037;Ivan;Sydorenko;Olehovych;Male;3;2023-09-01;5;f001;sp001;CONTRACT;ACTIVE;i.sydorenko@ukma.edu.ua;+380501235460;2005-10-27;20
st20230038;Tymur;Sydorenko;Denysovych;Male;3;2023-09-01;5;f001;sp001;CONTRACT;ACTIVE;t.sydorenko1@ukma.edu.ua;+380501235468;2004-08-17;21
st20230039;Bohdan;Sydorenko;Tarasovych;Male;3;2023-09-01;5;f001;sp001;CONTRACT;ACTIVE;b.sydorenko2@ukma.edu.ua;+380501235481;2004-05-20;21
st20230040;Alisa;Tkachenko;Yuriivna;Female;3;2023-09-01;5;f001;sp001;CONTRACT;ACTIVE;a.tkachenko2@ukma.edu.ua;+380501235489;2004-08-23;21
st20220029;Yuliia;Polishchuk;Mykolaivna;Female;4;2022-09-01;5;f001;sp001;BUDGET;ACTIVE;y.polishchuk2@ukma.edu.ua;+380501236384;2004-03-21;22
st20220030;Veronika;Ponomarenko;Oleksandrivna;Female;4;2022-09-01;5;f001;sp001;BUDGET;ACTIVE;v.ponomarenko9@ukma.edu.ua;+380501236391;2003-04-14;23
st20220031;Kateryna;Radchenko;Arturivna;Female;4;2022-09-01;5;f001;sp001;BUDGET;ACTIVE;k.radchenko3@ukma.edu.ua;+380501236411;2003-09-07;22
st20220032;Svitlana;Rudenko;Bohdanivna;Female;4;2022-09-01;5;f001;sp001;CONTRACT;ACTIVE;s.rudenko6@ukma.edu.ua;+380501236410;2003-08-18;22
st20220033;Oleksandr;Shevchuk;Antonovych;Male;4;2022-09-01;5;f001;sp001;BUDGET;ACTIVE;o.shevchuk2@ukma.edu.ua;+380501236398;2004-03-07;22
st20220034;Alisa;Shevchuk;Yuriivna;Female;4;2022-09-01;5;f001;sp001;CONTRACT;ACTIVE;a.shevchuk13@ukma.edu.ua;+380501236402;2003-01-18;23
st20220035;Nadiia;Sydorenko;Hlibivna;Female;4;2022-09-01;5;f001;sp001;BUDGET;ACTIVE;n.sydorenko7@ukma.edu.ua;+380501236381;2004-03-18;22
st20250054;Oleksandra;Flomboim;Oleksiivna;Female;1;2025-09-01;6;f001;sp001;BUDGET;ACTIVE;o.flomboim@ukma.edu.ua;+380503809997;2007-02-15;19
st20250055;Anastasiia;Khmara;Yuriivna;Female;1;2025-09-01;6;f001;sp001;BUDGET;ACTIVE;a.khmara@ukma.edu.ua;+380503809998;2006-08-01;19
st20250056;Anastasiia;Shapoval;Oleksandrivna;Female;1;2025-09-01;6;f001;sp001;BUDGET;ACTIVE;a.shapoval@ukma.edu.ua;+380503809999;2007-09-08;18
st20250057;Mykhailo;Shaposhnikov;Artemii Pavlovych;Male;1;2025-09-01;6;f001;sp001;BUDGET;ACTIVE;m.shaposhnikov@ukma.edu.ua;+380503810000;2006-12-13;19
st20250058;Damir;Shakhin-Krupchan;Hiunaiovych;Male;1;2025-09-01;6;f001;sp001;CONTRACT;ACTIVE;d.shakhin-krupchan@ukma.edu.ua;+380503810001;2007-04-26;18
st20250059;Anhelina;Shepetiuk;Artemivna;Female;1;2025-09-01;6;f001;sp001;BUDGET;ACTIVE;a.shepetiuk@ukma.edu.ua;+380503810002;2006-06-18;19
st20250060;Anastasiia;Shkarovska;Serhiivna;Female;1;2025-09-01;6;f001;sp001;BUDGET;ACTIVE;a.shkarovska@ukma.edu.ua;+380503810003;2007-11-09;18
st20250061;Anna;Shkut;Serhiivna;Female;1;2025-09-01;6;f001;sp001;CONTRACT;ACTIVE;a.shkut@ukma.edu.ua;+380503810004;2006-03-10;20
st20250062;Yehor;Shcheholev;Tymofiiovych;Male;1;2025-09-01;6;f001;sp001;CONTRACT;ACTIVE;y.shcheholev@ukma.edu.ua;+380503810005;2007-08-27;18
st20250063;Anastasiia;Yatskevych;Ivanivna;Female;1;2025-09-01;6;f001;sp001;CONTRACT;ACTIVE;a.yatskevych@ukma.edu.ua;+380503810006;2006-01-05;20
st20240036;Valentyn;Tkachuk;Volodymyrovych;Male;2;2024-09-01;6;f001;sp001;BUDGET;ACTIVE;v.tkachuk@ukma.edu.ua;+380501234512;2006-03-27;20
st20240037;Bozhena;Tkachuk;Tymurivna;Female;2;2024-09-01;6;f001;sp001;BUDGET;ACTIVE;b.tkachuk@ukma.edu.ua;+380501234538;2006-01-20;20
st20240038;Oksana;Vlasenko;Vladyslavivna;Female;2;2024-09-01;6;f001;sp001;BUDGET;ACTIVE;o.vlasenko@ukma.edu.ua;+380501234503;2006-12-27;19
st20240039;Roman;Vlasenko;Maksymovych;Male;2;2024-09-01;6;f001;sp001;CONTRACT;ACTIVE;r.vlasenko@ukma.edu.ua;+380501234537;2006-04-10;20
st20230041;Andrii;Tkachuk;Antonovych;Male;3;2023-09-01;6;f001;sp001;CONTRACT;ACTIVE;a.tkachuk5@ukma.edu.ua;+380501235461;2004-02-08;22
st20230042;Nazar;Vlasenko;Maksymovych;Male;3;2023-09-01;6;f001;sp001;CONTRACT;ACTIVE;n.vlasenko2@ukma.edu.ua;+380501235476;2004-02-07;22
st20230043;Nazar;Vlasenko;Vladyslavovych;Male;3;2023-09-01;6;f001;sp001;BUDGET;ACTIVE;n.vlasenko3@ukma.edu.ua;+380501235494;2004-12-07;21
st20220036;Alina;Taran;Maksymivna;Female;4;2022-09-01;6;f001;sp001;CONTRACT;ACTIVE;a.taran7@ukma.edu.ua;+380501236400;2003-05-24;22
st20220037;Nazar;Tkachuk;Valentynovych;Male;4;2022-09-01;6;f001;sp001;CONTRACT;ACTIVE;n.tkachuk1@ukma.edu.ua;+380501236405;2004-11-20;21
st20220038;Ivan;Tkachuk;Dmytrovych;Male;4;2022-09-01;6;f001;sp001;BUDGET;ACTIVE;i.tkachuk7@ukma.edu.ua;+380501236407;2004-01-08;22
st20220039;Iryna;Vlasenko;Antonivna;Female;4;2022-09-01;6;f001;sp001;CONTRACT;ACTIVE;i.vlasenko3@ukma.edu.ua;+380501236378;2003-04-01;23
st20250064;Rinata;Abdurakhimova;Rashidivna;Female;1;2025-09-01;1;f001;sp002;BUDGET;ACTIVE;r.abdurakhimova@ukma.edu.ua;+380503809944;2006-03-12;20
st20250065;Volodymyr;Antosiuk;Serhiiovych;Male;1;2025-09-01;1;f001;sp002;BUDGET;ACTIVE;v.antosiuk@ukma.edu.ua;+380503809945;2007-11-20;18
st20250066;Polina;Astrashenok;Ihorivna;Female;1;2025-09-01;1;f001;sp002;BUDGET;ACTIVE;p.astrashenok@ukma.edu.ua;+380503809946;2006-05-08;19
st20250067;Kira;Babych;Oleksiivna;Female;1;2025-09-01;1;f001;sp002;BUDGET;ACTIVE;k.babych@ukma.edu.ua;+380503809947;2007-01-14;19
st20250068;Vladyslav;Badion;Ruslanovych;Male;1;2025-09-01;1;f001;sp002;BUDGET;ACTIVE;v.badion@ukma.edu.ua;+380503809948;2006-08-30;19
st20250069;Danylo;Beha;Volodymyrovych;Male;1;2025-09-01;1;f001;sp002;BUDGET;ACTIVE;d.beha@ukma.edu.ua;+380503809949;2007-04-22;18
st20250070;Ivan;Bohatyrchuk;Ihorovych;Male;1;2025-09-01;1;f001;sp002;CONTRACT;ACTIVE;i.bohatyrchuk@ukma.edu.ua;+380503809950;2006-12-05;19
st20250071;Yuliana;Briukhovetska;Bohdanivna;Female;1;2025-09-01;1;f001;sp002;BUDGET;ACTIVE;y.briukhovetska@ukma.edu.ua;+380503809951;2007-09-11;18
st20250072;Inna;Burdeina;Ihorivna;Female;1;2025-09-01;1;f001;sp002;BUDGET;ACTIVE;i.burdeina@ukma.edu.ua;+380503809952;2006-10-27;19
st20240040;Illia;Babenko;Yuriiovych;Male;2;2024-09-01;1;f001;sp002;CONTRACT;ACTIVE;i.babenko@ukma.edu.ua;+380501234545;2005-10-02;20
st20240041;Vira;Babenko;Ivanivna;Female;2;2024-09-01;1;f001;sp002;CONTRACT;ACTIVE;v.babenko@ukma.edu.ua;+380501234560;2005-07-22;20
st20240042;Daria;Babenko;Yevhenivna;Female;2;2024-09-01;1;f001;sp002;CONTRACT;ACTIVE;d.babenko@ukma.edu.ua;+380501234570;2006-11-20;19
st20240043;Nazar;Boiko;Rostyslavovych;Male;2;2024-09-01;1;f001;sp002;BUDGET;ACTIVE;n.boiko@ukma.edu.ua;+380501234572;2005-07-22;20
st20240044;Denys;Boiko;Yevhenovych;Male;2;2024-09-01;1;f001;sp002;BUDGET;ACTIVE;d.boiko@ukma.edu.ua;+380501234579;2005-04-14;21
st20240045;Veronika;Bondarenko;Bohdanivna;Female;2;2024-09-01;1;f001;sp002;BUDGET;ACTIVE;v.bondarenko@ukma.edu.ua;+380501234557;2005-11-24;20
st20240046;Iryna;Dmytrenko;Andriivna;Female;2;2024-09-01;1;f001;sp002;CONTRACT;ACTIVE;i.dmytrenko@ukma.edu.ua;+380501234551;2005-11-06;20
st20230044;Solomiia;Boiko;Serhiivna;Female;3;2023-09-01;1;f001;sp002;CONTRACT;ACTIVE;s.boiko3@ukma.edu.ua;+380501235535;2005-07-23;20
st20230045;Alina;Bondar;Romanivna;Female;3;2023-09-01;1;f001;sp002;CONTRACT;ACTIVE;a.bondar4@ukma.edu.ua;+380501235502;2004-05-15;21
st20230046;Yana;Dmytrenko;Vitaliivna;Female;3;2023-09-01;1;f001;sp002;CONTRACT;ACTIVE;y.dmytrenko2@ukma.edu.ua;+380501235518;2004-03-01;22
st20230047;Tetiana;Dmytrenko;Serhiivna;Female;3;2023-09-01;1;f001;sp002;BUDGET;ACTIVE;t.dmytrenko2@ukma.edu.ua;+380501235526;2005-11-20;20
st20230048;Olena;Havryliuk;Valentynivna;Female;3;2023-09-01;1;f001;sp002;BUDGET;ACTIVE;o.havryliuk1@ukma.edu.ua;+380501235525;2004-12-15;21
st20230049;Anhelina;Havryliuk;Kyrylivna;Female;3;2023-09-01;1;f001;sp002;CONTRACT;ACTIVE;a.havryliuk4@ukma.edu.ua;+380501235527;2004-06-13;21
st20230050;Alina;Honcharenko;Valentynivna;Female;3;2023-09-01;1;f001;sp002;BUDGET;ACTIVE;a.honcharenko4@ukma.edu.ua;+380501235520;2004-01-21;22
st20220040;Valeriia;Babenko;Artemivna;Female;4;2022-09-01;1;f001;sp002;CONTRACT;ACTIVE;v.babenko7@ukma.edu.ua;+380501236439;2003-06-13;22
st20220041;Kseniia;Boiko;Olehivna;Female;4;2022-09-01;1;f001;sp002;BUDGET;ACTIVE;k.boiko4@ukma.edu.ua;+380501236440;2004-08-03;21
st20220042;Dmytro;Bondar;Mykhailovych;Male;4;2022-09-01;1;f001;sp002;CONTRACT;ACTIVE;d.bondar3@ukma.edu.ua;+380501236455;2003-09-05;22
st20220043;Bozhena;Dmytrenko;Vladyslavivna;Female;4;2022-09-01;1;f001;sp002;CONTRACT;ACTIVE;b.dmytrenko3@ukma.edu.ua;+380501236431;2003-08-27;22
st20220044;Daria;Dmytrenko;Tarasivna;Female;4;2022-09-01;1;f001;sp002;BUDGET;ACTIVE;d.dmytrenko4@ukma.edu.ua;+380501236442;2003-04-12;23
st20220045;Kyrylo;Havryliuk;Maksymovych;Male;4;2022-09-01;1;f001;sp002;CONTRACT;ACTIVE;k.havryliuk2@ukma.edu.ua;+380501236415;2003-05-04;22
st20220046;Anastasiia;Havryliuk;Romanivna;Female;4;2022-09-01;1;f001;sp002;CONTRACT;ACTIVE;a.havryliuk8@ukma.edu.ua;+380501236424;2003-12-23;22
st20220047;Yelyzaveta;Havryliuk;Vitaliivna;Female;4;2022-09-01;1;f001;sp002;CONTRACT;ACTIVE;y.havryliuk2@ukma.edu.ua;+380501236427;2004-09-19;21
st20250073;Artem;Haidiay;Ihorovych;Male;1;2025-09-01;2;f001;sp002;CONTRACT;ACTIVE;a.haidiay@ukma.edu.ua;+380503809953;2007-02-16;19
st20250074;Danylo;Hamza;Volodymyrovych;Male;1;2025-09-01;2;f001;sp002;BUDGET;ACTIVE;d.hamza@ukma.edu.ua;+380503809954;2006-07-03;19
st20250075;Yulianna;Hnatiuk;Liubomyrivna;Female;1;2025-09-01;2;f001;sp002;BUDGET;ACTIVE;y.hnatiuk@ukma.edu.ua;+380503809955;2007-05-19;18
st20250076;Maksym;Hryhorenko;Yuriiovych;Male;1;2025-09-01;2;f001;sp002;CONTRACT;ACTIVE;m.hryhorenko@ukma.edu.ua;+380503809956;2006-09-24;19
st20250077;Bohdan;Hrytsenko;Oleksandrovych;Male;1;2025-09-01;2;f001;sp002;CONTRACT;ACTIVE;b.hrytsenko@ukma.edu.ua;+380503809957;2007-03-31;19
st20250078;Kseniia;Hunaza;Olekhivna;Female;1;2025-09-01;2;f001;sp002;BUDGET;ACTIVE;k.hunaza@ukma.edu.ua;+380503809958;2006-01-09;20
st20250079;Artem;Diatlov;Oleksandrovych;Male;1;2025-09-01;2;f001;sp002;BUDGET;ACTIVE;a.diatlov@ukma.edu.ua;+380503809959;2007-11-04;18
st20250080;Kristina;Ivanenko;Ihorivna;Female;1;2025-09-01;2;f001;sp002;CONTRACT;ACTIVE;k.ivanenko@ukma.edu.ua;+380503809960;2006-08-21;19
st20250081;Olha;Ivanyna;Oleksandrivna;Female;1;2025-09-01;2;f001;sp002;CONTRACT;ACTIVE;o.ivanyna@ukma.edu.ua;+380503809961;2007-06-15;18
st20250082;Andrii;Ziulkovskyi;Denysovych;Male;1;2025-09-01;2;f001;sp002;BUDGET;ACTIVE;a.ziulkovskyi@ukma.edu.ua;+380503809962;2006-04-30;19
st20240047;Vladyslav;Dmytrenko;Denysovych;Male;2;2024-09-01;2;f001;sp002;BUDGET;ACTIVE;v.dmytrenko@ukma.edu.ua;+380501234565;2005-07-14;20
st20240048;Illia;Havryliuk;Artemovych;Male;2;2024-09-01;2;f001;sp002;CONTRACT;ACTIVE;i.havryliuk@ukma.edu.ua;+380501234547;2006-12-07;19
st20240049;Iryna;Ivanenko;Mykolaivna;Female;2;2024-09-01;2;f001;sp002;CONTRACT;ACTIVE;i.ivanenko1@ukma.edu.ua;+380501234540;2005-09-27;20
st20240050;Kateryna;Ivanenko;Illivna;Female;2;2024-09-01;2;f001;sp002;BUDGET;ACTIVE;k.ivanenko@ukma.edu.ua;+380501234553;2006-06-14;19
st20240051;Polina;Ivanenko;Hlibivna;Female;2;2024-09-01;2;f001;sp002;CONTRACT;ACTIVE;p.ivanenko@ukma.edu.ua;+380501234563;2005-10-07;20
st20240052;Sofiia;Ivanenko;Volodymyrivna;Female;2;2024-09-01;2;f001;sp002;CONTRACT;ACTIVE;s.ivanenko@ukma.edu.ua;+380501234573;2006-06-13;19
st20240053;Anton;Karpenko;Serhiiovych;Male;2;2024-09-01;2;f001;sp002;BUDGET;ACTIVE;a.karpenko@ukma.edu.ua;+380501234543;2006-03-06;20
st20230051;Illia;Karpenko;Ivanovych;Male;3;2023-09-01;2;f001;sp002;BUDGET;ACTIVE;i.karpenko@ukma.edu.ua;+380501235514;2005-10-09;20
st20230052;Rostyslav;Karpenko;Illich;Male;3;2023-09-01;2;f001;sp002;CONTRACT;ACTIVE;r.karpenko@ukma.edu.ua;+380501235531;2004-01-11;22
st20230053;Yurii;Khomenko;Denysovych;Male;3;2023-09-01;2;f001;sp002;CONTRACT;ACTIVE;y.khomenko3@ukma.edu.ua;+380501235507;2005-07-01;20
st20230054;Mariia;Khomenko;Ivanivna;Female;3;2023-09-01;2;f001;sp002;CONTRACT;ACTIVE;m.khomenko3@ukma.edu.ua;+380501235534;2005-12-12;20
st20230055;Oksana;Koval;Antonivna;Female;3;2023-09-01;2;f001;sp002;CONTRACT;ACTIVE;o.koval2@ukma.edu.ua;+380501235508;2005-09-24;20
st20230056;Anton;Koval;Tarasovych;Male;3;2023-09-01;2;f001;sp002;CONTRACT;ACTIVE;a.koval2@ukma.edu.ua;+380501235510;2004-03-06;22
st20230057;Svitlana;Koval;Tymurivna;Female;3;2023-09-01;2;f001;sp002;CONTRACT;ACTIVE;s.koval2@ukma.edu.ua;+380501235530;2005-06-28;20
st20220048;Anastasiia;Havryliuk;Vitaliivna;Female;4;2022-09-01;2;f001;sp002;CONTRACT;ACTIVE;a.havryliuk9@ukma.edu.ua;+380501236430;2004-01-02;22
st20220049;Iryna;Havryliuk;Maksymivna;Female;4;2022-09-01;2;f001;sp002;CONTRACT;ACTIVE;i.havryliuk1@ukma.edu.ua;+380501236446;2003-09-02;22
st20220050;Svitlana;Honcharenko;Yuriivna;Female;4;2022-09-01;2;f001;sp002;CONTRACT;ACTIVE;s.honcharenko@ukma.edu.ua;+380501236429;2003-07-06;22
st20220051;Yelyzaveta;Ivanenko;Mykolaivna;Female;4;2022-09-01;2;f001;sp002;CONTRACT;ACTIVE;y.ivanenko2@ukma.edu.ua;+380501236421;2004-05-16;21
st20220052;Oleh;Ivanenko;Romanovych;Male;4;2022-09-01;2;f001;sp002;CONTRACT;ACTIVE;o.ivanenko7@ukma.edu.ua;+380501236450;2004-09-26;21
st20220053;Liubov;Karpenko;Antonivna;Female;4;2022-09-01;2;f001;sp002;CONTRACT;ACTIVE;l.karpenko@ukma.edu.ua;+380501236423;2004-03-19;22
st20220054;Mykhailo;Koval;Tymurovych;Male;4;2022-09-01;2;f001;sp002;BUDGET;ACTIVE;m.koval2@ukma.edu.ua;+380501236419;2003-12-18;22
st20220055;Mariia;Koval;Antonivna;Female;4;2022-09-01;2;f001;sp002;CONTRACT;ACTIVE;m.koval3@ukma.edu.ua;+380501236422;2004-03-16;22
st20250083;Daria;Kolomoiets;Oleksandrivna;Female;1;2025-09-01;3;f001;sp002;BUDGET;ACTIVE;d.kolomoiets@ukma.edu.ua;+380503809963;2007-10-12;18
st20250084;Artem;Kondratenko;Vitaliiovych;Male;1;2025-09-01;3;f001;sp002;BUDGET;ACTIVE;a.kondratenko@ukma.edu.ua;+380503809964;2006-02-28;20
st20250085;Polina;Kostiuk;Vasylivna;Female;1;2025-09-01;3;f001;sp002;BUDGET;ACTIVE;p.kostiuk@ukma.edu.ua;+380503809965;2007-07-07;18
st20250086;Varvara;Kreiman;Serhiivna;Female;1;2025-09-01;3;f001;sp002;BUDGET;ACTIVE;v.kreiman@ukma.edu.ua;+380503809966;2006-11-19;19
st20250087;Mariia;Krysa;Orestivna;Female;1;2025-09-01;3;f001;sp002;BUDGET;ACTIVE;m.krysa@ukma.edu.ua;+380503809967;2007-05-23;18
st20250088;Yevheniia;Kriuchko;Denysivna;Female;1;2025-09-01;3;f001;sp002;BUDGET;ACTIVE;y.kriuchko@ukma.edu.ua;+380503809968;2006-01-04;20
st20250089;Mykhailo;Kurta;Mykolaiovych;Male;1;2025-09-01;3;f001;sp002;BUDGET;ACTIVE;m.kurta@ukma.edu.ua;+380503809969;2007-09-29;18
st20250090;Anton;Markov;Olehovych;Male;1;2025-09-01;3;f001;sp002;CONTRACT;ACTIVE;a.markov@ukma.edu.ua;+380503809970;2006-12-14;19
st20250091;Illia;Martyniuk;Serhiiovych;Male;1;2025-09-01;3;f001;sp002;CONTRACT;ACTIVE;i.martyniuk@ukma.edu.ua;+380503809971;2007-03-08;19
st20250092;Bohdan;Martynov;Denysovych;Male;1;2025-09-01;3;f001;sp002;BUDGET;ACTIVE;b.martynov@ukma.edu.ua;+380503809972;2006-06-21;19
st20240054;Dmytro;Khomenko;Yevhenovych;Male;2;2024-09-01;3;f001;sp002;CONTRACT;ACTIVE;d.khomenko@ukma.edu.ua;+380501234541;2005-11-04;20
st20240055;Pavlo;Khomenko;Stepanovych;Male;2;2024-09-01;3;f001;sp002;BUDGET;ACTIVE;p.khomenko@ukma.edu.ua;+380501234544;2005-01-25;21
st20240056;Denys;Khomenko;Kyrylovych;Male;2;2024-09-01;3;f001;sp002;BUDGET;ACTIVE;d.khomenko1@ukma.edu.ua;+380501234554;2005-05-07;20
st20240057;Solomiia;Khomenko;Arturivna;Female;2;2024-09-01;3;f001;sp002;CONTRACT;ACTIVE;s.khomenko@ukma.edu.ua;+380501234566;2006-03-06;20
st20240058;Vladyslav;Khomenko;Denysovych;Male;2;2024-09-01;3;f001;sp002;BUDGET;ACTIVE;v.khomenko@ukma.edu.ua;+380501234571;2006-01-22;20
st20240059;Volodymyr;Kovalenko;Volodymyrovych;Male;2;2024-09-01;3;f001;sp002;CONTRACT;ACTIVE;v.kovalenko1@ukma.edu.ua;+380501234548;2006-09-07;19
st20240060;Bohdan;Kravchenko;Bohdanovych;Male;2;2024-09-01;3;f001;sp002;CONTRACT;ACTIVE;b.kravchenko@ukma.edu.ua;+380501234542;2005-08-24;20
st20230058;Roman;Koval;Oleksandrovych;Male;3;2023-09-01;3;f001;sp002;CONTRACT;ACTIVE;r.koval@ukma.edu.ua;+380501235532;2005-07-12;20
st20230059;Kyrylo;Kravchenko;Antonovych;Male;3;2023-09-01;3;f001;sp002;BUDGET;ACTIVE;k.kravchenko1@ukma.edu.ua;+380501235500;2004-09-28;21
st20230060;Artem;Lysenko;Mykhailovych;Male;3;2023-09-01;3;f001;sp002;BUDGET;ACTIVE;a.lysenko4@ukma.edu.ua;+380501235523;2004-11-24;21
st20230061;Bozhena;Lysenko;Olehivna;Female;3;2023-09-01;3;f001;sp002;BUDGET;ACTIVE;b.lysenko@ukma.edu.ua;+380501235528;2005-05-01;20
st20230062;Polina;Lysenko;Valentynivna;Female;3;2023-09-01;3;f001;sp002;CONTRACT;ACTIVE;p.lysenko1@ukma.edu.ua;+380501235529;2004-02-22;22
st20230063;Hlib;Melnyk;Valentynovych;Male;3;2023-09-01;3;f001;sp002;BUDGET;ACTIVE;h.melnyk@ukma.edu.ua;+380501235498;2005-12-03;20
st20230064;Zlata;Melnyk;Romanivna;Female;3;2023-09-01;3;f001;sp002;CONTRACT;ACTIVE;z.melnyk@ukma.edu.ua;+380501235501;2004-01-27;22
st20220056;Tetiana;Koval;Arturivna;Female;4;2022-09-01;3;f001;sp002;BUDGET;ACTIVE;t.koval4@ukma.edu.ua;+380501236443;2004-01-11;22
st20220057;Liubov;Kravchenko;Artemivna;Female;4;2022-09-01;3;f001;sp002;BUDGET;ACTIVE;l.kravchenko2@ukma.edu.ua;+380501236449;2003-03-15;23
st20220058;Halyna;Lysenko;Tymurivna;Female;4;2022-09-01;3;f001;sp002;BUDGET;ACTIVE;h.lysenko1@ukma.edu.ua;+380501236437;2004-06-21;21
st20220059;Anna;Lysenko;Stepanivna;Female;4;2022-09-01;3;f001;sp002;CONTRACT;ACTIVE;a.lysenko8@ukma.edu.ua;+380501236444;2003-02-09;23
st20220060;Denys;Moroz;Stepanovych;Male;4;2022-09-01;3;f001;sp002;BUDGET;ACTIVE;d.moroz2@ukma.edu.ua;+380501236435;2003-07-18;22
st20220061;Bozhena;Moroz;Mykhailivna;Female;4;2022-09-01;3;f001;sp002;CONTRACT;ACTIVE;b.moroz1@ukma.edu.ua;+380501236441;2003-04-07;23
st20220062;Oksana;Moroz;Volodymyrivna;Female;4;2022-09-01;3;f001;sp002;CONTRACT;ACTIVE;o.moroz3@ukma.edu.ua;+380501236453;2004-07-17;21
st20220063;Anton;Moroz;Stepanovych;Male;4;2022-09-01;3;f001;sp002;CONTRACT;ACTIVE;a.moroz4@ukma.edu.ua;+380501236454;2003-07-01;22
st20250093;Viktoriia;Matiitso;Volodymyrivna;Female;1;2025-09-01;4;f001;sp002;BUDGET;ACTIVE;v.matiitso@ukma.edu.ua;+380503809973;2007-11-28;18
st20250094;Ihor;Movchan;Mykolaiovych;Male;1;2025-09-01;4;f001;sp002;BUDGET;ACTIVE;i.movchan@ukma.edu.ua;+380503809974;2006-04-15;20
st20250095;Oleksandra;Muratova;Ihorivna;Female;1;2025-09-01;4;f001;sp002;BUDGET;ACTIVE;o.muratova@ukma.edu.ua;+380503809975;2007-08-01;18
st20250096;Ivan;Mialkovskyi;Danylovych;Male;1;2025-09-01;4;f001;sp002;BUDGET;ACTIVE;i.mialkovskyi@ukma.edu.ua;+380503809976;2006-02-11;20
st20250097;Volodymyr;Nikolaiev;Yevhenovych;Male;1;2025-09-01;4;f001;sp002;BUDGET;ACTIVE;v.nikolaiev@ukma.edu.ua;+380503809977;2007-07-25;18
st20250098;Yaroslav;Palamarchuk;Pavlovych;Male;1;2025-09-01;4;f001;sp002;BUDGET;ACTIVE;y.palamarchuk@ukma.edu.ua;+380503809978;2006-10-30;19
st20250099;Alina;Parashchii;Oleksandrivna;Female;1;2025-09-01;4;f001;sp002;BUDGET;ACTIVE;a.parashchii@ukma.edu.ua;+380503809979;2007-05-14;18
st20250100;Daria;Perepelytsia;Hennadiivna;Female;1;2025-09-01;4;f001;sp002;BUDGET;ACTIVE;d.perepelytsia@ukma.edu.ua;+380503809980;2006-12-02;19
st20250101;Kostiantyn;Pozharov;Serhiiovych;Male;1;2025-09-01;4;f001;sp002;BUDGET;ACTIVE;k.pozharov@ukma.edu.ua;+380503809981;2007-09-05;18
st20250102;Sofiia;Prutska;Ihorivna;Female;1;2025-09-01;4;f001;sp002;BUDGET;ACTIVE;s.prutska@ukma.edu.ua;+380503809982;2006-03-27;20
st20240061;Mykola;Kravchenko;Maksymovych;Male;2;2024-09-01;4;f001;sp002;CONTRACT;ACTIVE;m.kravchenko@ukma.edu.ua;+380501234577;2005-03-21;21
st20240062;Artem;Lysenko;Stepanovych;Male;2;2024-09-01;4;f001;sp002;CONTRACT;ACTIVE;a.lysenko@ukma.edu.ua;+380501234568;2005-05-11;20
st20240063;Bozhena;Melnyk;Arturivna;Female;2;2024-09-01;4;f001;sp002;CONTRACT;ACTIVE;b.melnyk@ukma.edu.ua;+380501234567;2005-08-15;20
st20240064;Artur;Moroz;Illich;Male;2;2024-09-01;4;f001;sp002;CONTRACT;ACTIVE;a.moroz@ukma.edu.ua;+380501234549;2006-05-14;19
st20240065;Veronika;Moroz;Oleksandrivna;Female;2;2024-09-01;4;f001;sp002;BUDGET;ACTIVE;v.moroz@ukma.edu.ua;+380501234558;2006-12-23;19
st20240066;Oksana;Petrenko;Vladyslavivna;Female;2;2024-09-01;4;f001;sp002;CONTRACT;ACTIVE;o.petrenko@ukma.edu.ua;+380501234546;2006-05-02;19
st20240067;Hlib;Ponomarenko;Vitaliiovych;Male;2;2024-09-01;4;f001;sp002;CONTRACT;ACTIVE;h.ponomarenko@ukma.edu.ua;+380501234561;2006-08-14;19
st20230065;Anhelina;Melnyk;Ivanivna;Female;3;2023-09-01;4;f001;sp002;CONTRACT;ACTIVE;a.melnyk8@ukma.edu.ua;+380501235503;2004-09-05;21
st20230066;Yurii;Oliinyk;Ivanovych;Male;3;2023-09-01;4;f001;sp002;CONTRACT;ACTIVE;y.oliinyk@ukma.edu.ua;+380501235517;2004-11-06;21
st20230067;Svitlana;Petrenko;Hlibivna;Female;3;2023-09-01;4;f001;sp002;CONTRACT;ACTIVE;s.petrenko2@ukma.edu.ua;+380501235504;2005-02-21;21
st20230068;Viktor;Polishchuk;Maksymovych;Male;3;2023-09-01;4;f001;sp002;CONTRACT;ACTIVE;v.polishchuk5@ukma.edu.ua;+380501235533;2005-03-01;21
st20230069;Nataliia;Ponomarenko;Serhiivna;Female;3;2023-09-01;4;f001;sp002;CONTRACT;ACTIVE;n.ponomarenko2@ukma.edu.ua;+380501235513;2004-03-19;22
st20230070;Illia;Ponomarenko;Vitaliiovych;Male;3;2023-09-01;4;f001;sp002;CONTRACT;ACTIVE;i.ponomarenko2@ukma.edu.ua;+380501235516;2004-11-08;21
st20230071;Bohdan;Ponomarenko;Illich;Male;3;2023-09-01;4;f001;sp002;CONTRACT;ACTIVE;b.ponomarenko@ukma.edu.ua;+380501235522;2005-11-01;20
st20220064;Vladyslav;Oliinyk;Serhiiovych;Male;4;2022-09-01;4;f001;sp002;CONTRACT;ACTIVE;v.oliinyk3@ukma.edu.ua;+380501236418;2003-01-25;23
st20220065;Viktor;Oliinyk;Ivanovych;Male;4;2022-09-01;4;f001;sp002;CONTRACT;ACTIVE;v.oliinyk4@ukma.edu.ua;+380501236420;2004-03-15;22
st20220066;Vladyslav;Panchenko;Illich;Male;4;2022-09-01;4;f001;sp002;BUDGET;ACTIVE;v.panchenko7@ukma.edu.ua;+380501236413;2004-10-20;21
st20220067;Bohdan;Panchenko;Rostyslavovych;Male;4;2022-09-01;4;f001;sp002;CONTRACT;ACTIVE;b.panchenko3@ukma.edu.ua;+380501236433;2004-09-01;21
st20220068;Pavlo;Panchenko;Kyrylovych;Male;4;2022-09-01;4;f001;sp002;CONTRACT;ACTIVE;p.panchenko1@ukma.edu.ua;+380501236452;2003-02-14;23
st20220069;Iryna;Petrenko;Volodymyrivna;Female;4;2022-09-01;4;f001;sp002;BUDGET;ACTIVE;i.petrenko5@ukma.edu.ua;+380501236438;2004-03-17;22
st20220070;Uliana;Polishchuk;Bohdanivna;Female;4;2022-09-01;4;f001;sp002;CONTRACT;ACTIVE;u.polishchuk1@ukma.edu.ua;+380501236416;2003-02-19;23
st20220071;Valeriia;Polishchuk;Hlibivna;Female;4;2022-09-01;4;f001;sp002;BUDGET;ACTIVE;v.polishchuk12@ukma.edu.ua;+380501236425;2004-07-28;21
st20250103;Khrystyna;Revchuk;Yevheniivna;Female;1;2025-09-01;5;f001;sp002;BUDGET;ACTIVE;k.revchuk@ukma.edu.ua;+380503809983;2007-11-15;18
st20250104;Ivan;Rudniev;Yevhenovych;Male;1;2025-09-01;5;f001;sp002;CONTRACT;ACTIVE;i.rudniev@ukma.edu.ua;+380503809984;2006-04-06;20
st20250105;Beata;Skvortsova;Olekhivna;Female;1;2025-09-01;5;f001;sp002;BUDGET;ACTIVE;b.skvortsova@ukma.edu.ua;+380503809985;2007-08-22;18
st20250106;Marta;Skvortsova;Olekhivna;Female;1;2025-09-01;5;f001;sp002;BUDGET;ACTIVE;m.skvortsova@ukma.edu.ua;+380503809986;2006-01-18;20
st20250107;Oleksii;Solovar;Maksymovych;Male;1;2025-09-01;5;f001;sp002;CONTRACT;ACTIVE;o.solovar@ukma.edu.ua;+380503809987;2007-05-01;18
st20250108;Mariia;Soshko;Ihorivna;Female;1;2025-09-01;5;f001;sp002;BUDGET;ACTIVE;m.soshko@ukma.edu.ua;+380503809988;2006-10-10;19
st20250109;Uliana;Tanchuk;Hennadiivna;Female;1;2025-09-01;5;f001;sp002;BUDGET;ACTIVE;u.tanchuk@ukma.edu.ua;+380503809989;2007-03-14;19
st20250110;Oleh;Tretiak;Oleksandrovych;Male;1;2025-09-01;5;f001;sp002;BUDGET;ACTIVE;o.tretiak@ukma.edu.ua;+380503809990;2006-11-02;19
st20250111;Nikita;Fedorov;Antonovych;Male;1;2025-09-01;5;f001;sp002;CONTRACT;ACTIVE;n.fedorov@ukma.edu.ua;+380503809991;2007-07-19;18
st20250112;Yelyzaveta;Freilikhman;Yevheniivna;Female;1;2025-09-01;5;f001;sp002;CONTRACT;ACTIVE;y.freilikhman@ukma.edu.ua;+380503809992;2006-06-26;19
st20240068;Anhelina;Radchenko;Mykhailivna;Female;2;2024-09-01;5;f001;sp002;CONTRACT;ACTIVE;a.radchenko@ukma.edu.ua;+380501234552;2006-01-13;20
st20240069;Maksym;Radchenko;Tarasovych;Male;2;2024-09-01;5;f001;sp002;BUDGET;ACTIVE;m.radchenko@ukma.edu.ua;+380501234569;2005-10-07;20
st20240070;Uliana;Rudenko;Yuriivna;Female;2;2024-09-01;5;f001;sp002;BUDGET;ACTIVE;u.rudenko1@ukma.edu.ua;+380501234578;2005-05-20;20
st20240071;Veronika;Shevchenko;Yevhenivna;Female;2;2024-09-01;5;f001;sp002;CONTRACT;ACTIVE;v.shevchenko@ukma.edu.ua;+380501234576;2006-10-02;19
st20240072;Nadiia;Shevchuk;Serhiivna;Female;2;2024-09-01;5;f001;sp002;BUDGET;ACTIVE;n.shevchuk@ukma.edu.ua;+380501234574;2005-01-13;21
st20240073;Sofiia;Sydorenko;Hlibivna;Female;2;2024-09-01;5;f001;sp002;BUDGET;ACTIVE;s.sydorenko@ukma.edu.ua;+380501234555;2005-01-16;21
st20240074;Nadiia;Sydorenko;Valentynivna;Female;2;2024-09-01;5;f001;sp002;CONTRACT;ACTIVE;n.sydorenko@ukma.edu.ua;+380501234559;2006-02-18;20
st20230072;Daria;Radchenko;Maksymivna;Female;3;2023-09-01;5;f001;sp002;BUDGET;ACTIVE;d.radchenko1@ukma.edu.ua;+380501235509;2004-06-16;21
st20230073;Kseniia;Savchenko;Romanivna;Female;3;2023-09-01;5;f001;sp002;CONTRACT;ACTIVE;k.savchenko1@ukma.edu.ua;+380501235499;2004-04-18;22
st20230074;Mykhailo;Savchenko;Arturovych;Male;3;2023-09-01;5;f001;sp002;BUDGET;ACTIVE;m.savchenko@ukma.edu.ua;+380501235521;2005-12-15;20
st20230075;Solomiia;Shevchenko;Hlibivna;Female;3;2023-09-01;5;f001;sp002;CONTRACT;ACTIVE;s.shevchenko4@ukma.edu.ua;+380501235512;2004-05-25;21
st20230076;Alisa;Shevchuk;Hlibivna;Female;3;2023-09-01;5;f001;sp002;CONTRACT;ACTIVE;a.shevchuk5@ukma.edu.ua;+380501235511;2004-05-10;21
st20230077;Tymur;Shevchuk;Tarasovych;Male;3;2023-09-01;5;f001;sp002;CONTRACT;ACTIVE;t.shevchuk@ukma.edu.ua;+380501235519;2004-09-12;21
st20230078;Nadiia;Sydorenko;Yevhenivna;Female;3;2023-09-01;5;f001;sp002;BUDGET;ACTIVE;n.sydorenko3@ukma.edu.ua;+380501235515;2005-03-12;21
st20220072;Valentyn;Polishchuk;Stepanovych;Male;4;2022-09-01;5;f001;sp002;BUDGET;ACTIVE;v.polishchuk13@ukma.edu.ua;+380501236451;2003-10-25;22
st20220073;Yuliia;Ponomarenko;Antonivna;Female;4;2022-09-01;5;f001;sp002;CONTRACT;ACTIVE;y.ponomarenko8@ukma.edu.ua;+380501236417;2004-08-21;21
st20220074;Yelyzaveta;Savchenko;Tymurivna;Female;4;2022-09-01;5;f001;sp002;BUDGET;ACTIVE;y.savchenko4@ukma.edu.ua;+380501236426;2004-01-06;22
st20220075;Yuliia;Shevchenko;Antonivna;Female;4;2022-09-01;5;f001;sp002;BUDGET;ACTIVE;y.shevchenko3@ukma.edu.ua;+380501236434;2004-09-20;21
st20220076;Oksana;Shevchenko;Andriivna;Female;4;2022-09-01;5;f001;sp002;CONTRACT;ACTIVE;o.shevchenko4@ukma.edu.ua;+380501236447;2004-12-04;21
st20220077;Oksana;Shevchuk;Vladyslavivna;Female;4;2022-09-01;5;f001;sp002;CONTRACT;ACTIVE;o.shevchuk3@ukma.edu.ua;+380501236448;2004-02-07;22
st20220078;Khrystyna;Sydorenko;Vitaliivna;Female;4;2022-09-01;5;f001;sp002;CONTRACT;ACTIVE;k.sydorenko3@ukma.edu.ua;+380501236414;2004-02-04;22
st20220079;Bozhena;Taran;Andriivna;Female;4;2022-09-01;5;f001;sp002;CONTRACT;ACTIVE;b.taran2@ukma.edu.ua;+380501236456;2003-08-05;22
st20250113;Anastasiia;Khaminova;Andriivna;Female;1;2025-09-01;6;f001;sp002;BUDGET;ACTIVE;a.khaminova@ukma.edu.ua;+380503809993;2007-12-09;18
st20250114;Arina;Khmel;Andriivna;Female;1;2025-09-01;6;f001;sp002;BUDGET;ACTIVE;a.khmel@ukma.edu.ua;+380503809994;2006-09-01;19
st20250115;Kateryna;Khominich;Ihorivna;Female;1;2025-09-01;6;f001;sp002;BUDGET;ACTIVE;k.khominich@ukma.edu.ua;+380503809995;2007-04-12;19
st20250116;Oleksandra;Chumachenko;Viacheslavivna;Female;1;2025-09-01;6;f001;sp002;CONTRACT;ACTIVE;o.chumachenko@ukma.edu.ua;+380503809996;2006-02-15;20
st20250117;Andrii;Shehynskyi;Andriiovych;Male;1;2025-09-01;6;f001;sp002;BUDGET;ACTIVE;a.shehynskyi@ukma.edu.ua;+380503809997;2007-01-28;19
st20250118;Vladyslava;Shtompil;Yuriivna;Female;1;2025-09-01;6;f001;sp002;CONTRACT;ACTIVE;v.shtompil@ukma.edu.ua;+380503809998;2006-07-11;19
st20250119;Mykhailo;Shcherbak;Antonovych;Male;1;2025-09-01;6;f001;sp002;CONTRACT;ACTIVE;m.shcherbak@ukma.edu.ua;+380503809999;2007-11-02;18
st20240075;Valentyn;Sydorenko;Mykhailovych;Male;2;2024-09-01;6;f001;sp002;BUDGET;ACTIVE;v.sydorenko@ukma.edu.ua;+380501234562;2006-01-25;20
st20240076;Taras;Tkachenko;Yuriiovych;Male;2;2024-09-01;6;f001;sp002;BUDGET;ACTIVE;t.tkachenko@ukma.edu.ua;+380501234550;2005-04-14;21
st20240077;Valentyn;Tkachuk;Yuriiovych;Male;2;2024-09-01;6;f001;sp002;BUDGET;ACTIVE;v.tkachuk1@ukma.edu.ua;+380501234575;2005-05-08;20
st20240078;Alina;Vlasenko;Mykolaivna;Female;2;2024-09-01;6;f001;sp002;CONTRACT;ACTIVE;a.vlasenko@ukma.edu.ua;+380501234556;2006-12-23;19
st20240079;Solomiia;Vlasenko;Vladyslavivna;Female;2;2024-09-01;6;f001;sp002;CONTRACT;ACTIVE;s.vlasenko@ukma.edu.ua;+380501234564;2006-06-09;19
st20230079;Anhelina;Taran;Yevhenivna;Female;3;2023-09-01;6;f001;sp002;BUDGET;ACTIVE;a.taran@ukma.edu.ua;+380501235506;2005-01-22;21
st20230080;Oleh;Taran;Dmytrovych;Male;3;2023-09-01;6;f001;sp002;CONTRACT;ACTIVE;o.taran2@ukma.edu.ua;+380501235524;2005-12-16;20
st20230081;Ivan;Taran;Serhiiovych;Male;3;2023-09-01;6;f001;sp002;CONTRACT;ACTIVE;i.taran@ukma.edu.ua;+380501235536;2005-10-26;20
st20230082;Dmytro;Tkachenko;Volodymyrovych;Male;3;2023-09-01;6;f001;sp002;CONTRACT;ACTIVE;d.tkachenko1@ukma.edu.ua;+380501235505;2005-02-28;21
st20220080;Solomiia;Tkachenko;Andriivna;Female;4;2022-09-01;6;f001;sp002;CONTRACT;ACTIVE;s.tkachenko1@ukma.edu.ua;+380501236432;2003-06-08;22
st20220081;Stepan;Tkachenko;Dmytrovych;Male;4;2022-09-01;6;f001;sp002;BUDGET;ACTIVE;s.tkachenko2@ukma.edu.ua;+380501236436;2004-10-05;21
st20220082;Artur;Tkachuk;Dmytrovych;Male;4;2022-09-01;6;f001;sp002;CONTRACT;ACTIVE;a.tkachuk12@ukma.edu.ua;+380501236445;2004-08-02;21
st20220083;Oleh;Vlasenko;Serhiiovych;Male;4;2022-09-01;6;f001;sp002;CONTRACT;ACTIVE;o.vlasenko4@ukma.edu.ua;+380501236428;2003-06-07;22
st20250120;Arsenii;Bakhmetov;Ruslanovych;Male;1;2025-09-01;1;f001;sp003;CONTRACT;ACTIVE;a.bakhmetov@ukma.edu.ua;+380503809944;2007-03-12;19
st20250121;Oleksandra;Bezsmertna;Vladyslavivna;Female;1;2025-09-01;1;f001;sp003;BUDGET;ACTIVE;o.bezsmertna@ukma.edu.ua;+380503809945;2006-11-20;19
st20250122;Artem;Vasylevych;Maksymovych;Male;1;2025-09-01;1;f001;sp003;BUDGET;ACTIVE;a.vasylevych@ukma.edu.ua;+380503809946;2007-05-08;18
st20250123;Bohdan;Vlasenko;Mykhailovych;Male;1;2025-09-01;1;f001;sp003;CONTRACT;ACTIVE;b.vlasenko@ukma.edu.ua;+380503809947;2006-08-14;19
st20240080;Alina;Bondar;Tarasivna;Female;2;2024-09-01;1;f001;sp003;CONTRACT;ACTIVE;a.bondar@ukma.edu.ua;+380501234596;2005-08-21;20
st20240081;Viktor;Bondarenko;Romanovych;Male;2;2024-09-01;1;f001;sp003;CONTRACT;ACTIVE;v.bondarenko1@ukma.edu.ua;+380501234607;2006-08-21;19
st20240082;Sofiia;Bondarenko;Olehivna;Female;2;2024-09-01;1;f001;sp003;BUDGET;ACTIVE;s.bondarenko1@ukma.edu.ua;+380501234615;2006-01-23;20
st20240083;Oksana;Bondarenko;Yevhenivna;Female;2;2024-09-01;1;f001;sp003;CONTRACT;ACTIVE;o.bondarenko@ukma.edu.ua;+380501234618;2005-10-17;20
st20240084;Mykhailo;Havryliuk;Hlibovych;Male;2;2024-09-01;1;f001;sp003;BUDGET;ACTIVE;m.havryliuk@ukma.edu.ua;+380501234583;2005-06-04;20
st20240085;Nadiia;Havryliuk;Hlibivna;Female;2;2024-09-01;1;f001;sp003;CONTRACT;ACTIVE;n.havryliuk@ukma.edu.ua;+380501234588;2006-12-27;19
st20240086;Yuliia;Havryliuk;Hlibivna;Female;2;2024-09-01;1;f001;sp003;BUDGET;ACTIVE;y.havryliuk@ukma.edu.ua;+380501234616;2006-02-15;20
st20240087;Olena;Havryliuk;Yevhenivna;Female;2;2024-09-01;1;f001;sp003;CONTRACT;ACTIVE;o.havryliuk@ukma.edu.ua;+380501234620;2005-07-03;20
st20230083;Mykhailo;Boiko;Romanovych;Male;3;2023-09-01;1;f001;sp003;CONTRACT;ACTIVE;m.boiko1@ukma.edu.ua;+380501235563;2004-07-14;21
st20230084;Tetiana;Honcharenko;Tarasivna;Female;3;2023-09-01;1;f001;sp003;BUDGET;ACTIVE;t.honcharenko1@ukma.edu.ua;+380501235568;2004-09-04;21
st20230085;Mykhailo;Hrytsenko;Romanovych;Male;3;2023-09-01;1;f001;sp003;BUDGET;ACTIVE;m.hrytsenko2@ukma.edu.ua;+380501235538;2005-07-01;20
st20230086;Oleh;Hrytsenko;Olehovych;Male;3;2023-09-01;1;f001;sp003;CONTRACT;ACTIVE;o.hrytsenko@ukma.edu.ua;+380501235542;2005-03-21;21
st20230087;Nataliia;Hrytsenko;Valentynivna;Female;3;2023-09-01;1;f001;sp003;BUDGET;ACTIVE;n.hrytsenko2@ukma.edu.ua;+380501235560;2005-08-06;20
st20230088;Viktoriia;Ivanenko;Illivna;Female;3;2023-09-01;1;f001;sp003;BUDGET;ACTIVE;v.ivanenko4@ukma.edu.ua;+380501235570;2004-03-21;22
st20230089;Mariia;Karpenko;Volodymyrivna;Female;3;2023-09-01;1;f001;sp003;BUDGET;ACTIVE;m.karpenko1@ukma.edu.ua;+380501235555;2005-03-22;21
st20220084;Nadiia;Babenko;Mykhailivna;Female;4;2022-09-01;1;f001;sp003;CONTRACT;ACTIVE;n.babenko2@ukma.edu.ua;+380501236488;2004-09-03;21
st20220085;Khrystyna;Dmytrenko;Yevhenivna;Female;4;2022-09-01;1;f001;sp003;CONTRACT;ACTIVE;k.dmytrenko3@ukma.edu.ua;+380501236457;2004-12-24;21
st20220086;Oleh;Dmytrenko;Mykhailovych;Male;4;2022-09-01;1;f001;sp003;CONTRACT;ACTIVE;o.dmytrenko3@ukma.edu.ua;+380501236459;2004-09-06;21
st20220087;Kseniia;Dmytrenko;Maksymivna;Female;4;2022-09-01;1;f001;sp003;BUDGET;ACTIVE;k.dmytrenko4@ukma.edu.ua;+380501236479;2004-10-23;21
st20220088;Volodymyr;Havryliuk;Dmytrovych;Male;4;2022-09-01;1;f001;sp003;BUDGET;ACTIVE;v.havryliuk4@ukma.edu.ua;+380501236482;2004-02-01;22
st20220089;Oksana;Honcharenko;Arturivna;Female;4;2022-09-01;1;f001;sp003;CONTRACT;ACTIVE;o.honcharenko4@ukma.edu.ua;+380501236472;2003-06-27;22
st20250124;Illia;Hlazunov;Volodymyrovych;Male;1;2025-09-01;2;f001;sp003;CONTRACT;ACTIVE;i.hlazunov@ukma.edu.ua;+380503809948;2007-02-22;19
st20250125;Myroslav;Horshkov;Dmytrovych;Male;1;2025-09-01;2;f001;sp003;BUDGET;ACTIVE;m.horshkov@ukma.edu.ua;+380503809949;2006-12-05;19
st20250126;Oleksandr;Datsenko;Ruslanovych;Male;1;2025-09-01;2;f001;sp003;CONTRACT;ACTIVE;o.datsenko@ukma.edu.ua;+380503809950;2007-09-11;18
st20250127;Petro;Zoria;Ruslanovych;Male;1;2025-09-01;2;f001;sp003;CONTRACT;ACTIVE;p.zoria@ukma.edu.ua;+380503809951;2006-10-27;19
st20240088;Yelyzaveta;Honcharenko;Maksymivna;Female;2;2024-09-01;2;f001;sp003;CONTRACT;ACTIVE;y.honcharenko@ukma.edu.ua;+380501234582;2005-08-21;20
st20240089;Artem;Honcharenko;Maksymovych;Male;2;2024-09-01;2;f001;sp003;CONTRACT;ACTIVE;a.honcharenko@ukma.edu.ua;+380501234592;2005-08-07;20
st20240090;Ihor;Honcharenko;Olehovych;Male;2;2024-09-01;2;f001;sp003;CONTRACT;ACTIVE;i.honcharenko@ukma.edu.ua;+380501234600;2005-08-27;20
st20240091;Oksana;Honcharenko;Antonivna;Female;2;2024-09-01;2;f001;sp003;CONTRACT;ACTIVE;o.honcharenko@ukma.edu.ua;+380501234608;2005-05-03;20
st20240092;Svitlana;Hrytsenko;Volodymyrivna;Female;2;2024-09-01;2;f001;sp003;CONTRACT;ACTIVE;s.hrytsenko1@ukma.edu.ua;+380501234610;2006-03-15;20
st20240093;Nazar;Ivanenko;Olehovych;Male;2;2024-09-01;2;f001;sp003;BUDGET;ACTIVE;n.ivanenko@ukma.edu.ua;+380501234601;2005-01-03;21
st20240094;Vira;Karpenko;Maksymivna;Female;2;2024-09-01;2;f001;sp003;CONTRACT;ACTIVE;v.karpenko1@ukma.edu.ua;+380501234594;2005-04-03;21
st20240095;Mykola;Khomenko;Hlibovych;Male;2;2024-09-01;2;f001;sp003;BUDGET;ACTIVE;m.khomenko@ukma.edu.ua;+380501234599;2006-08-27;19
st20230090;Liubov;Khomenko;Romanivna;Female;3;2023-09-01;2;f001;sp003;CONTRACT;ACTIVE;l.khomenko@ukma.edu.ua;+380501235548;2005-06-01;20
st20230091;Tymur;Koval;Rostyslavovych;Male;3;2023-09-01;2;f001;sp003;CONTRACT;ACTIVE;t.koval2@ukma.edu.ua;+380501235565;2004-01-21;22
st20230092;Kyrylo;Kovalenko;Hlibovych;Male;3;2023-09-01;2;f001;sp003;BUDGET;ACTIVE;k.kovalenko@ukma.edu.ua;+380501235543;2004-05-17;21
st20230093;Anastasiia;Kravchenko;Tarasivna;Female;3;2023-09-01;2;f001;sp003;BUDGET;ACTIVE;a.kravchenko5@ukma.edu.ua;+380501235549;2004-08-16;21
st20230094;Anna;Kravchenko;Maksymivna;Female;3;2023-09-01;2;f001;sp003;CONTRACT;ACTIVE;a.kravchenko6@ukma.edu.ua;+380501235551;2004-10-26;21
st20230095;Nadiia;Kravchenko;Vitaliivna;Female;3;2023-09-01;2;f001;sp003;CONTRACT;ACTIVE;n.kravchenko@ukma.edu.ua;+380501235554;2005-07-18;20
st20230096;Solomiia;Kravchenko;Volodymyrivna;Female;3;2023-09-01;2;f001;sp003;BUDGET;ACTIVE;s.kravchenko2@ukma.edu.ua;+380501235573;2005-11-24;20
st20220090;Sofiia;Hrytsenko;Serhiivna;Female;4;2022-09-01;2;f001;sp003;BUDGET;ACTIVE;s.hrytsenko3@ukma.edu.ua;+380501236486;2004-11-20;21
st20220091;Yuliia;Hrytsenko;Mykolaivna;Female;4;2022-09-01;2;f001;sp003;BUDGET;ACTIVE;y.hrytsenko3@ukma.edu.ua;+380501236487;2004-06-18;21
st20220092;Oleh;Karpenko;Ivanovych;Male;4;2022-09-01;2;f001;sp003;CONTRACT;ACTIVE;o.karpenko4@ukma.edu.ua;+380501236460;2004-09-21;21
st20220093;Vladyslav;Khomenko;Tymurovych;Male;4;2022-09-01;2;f001;sp003;CONTRACT;ACTIVE;v.khomenko6@ukma.edu.ua;+380501236471;2003-04-06;23
st20220094;Oleh;Khomenko;Mykolaiovych;Male;4;2022-09-01;2;f001;sp003;CONTRACT;ACTIVE;o.khomenko4@ukma.edu.ua;+380501236485;2004-12-17;21
st20220095;Vasyl;Khomenko;Stepanovych;Male;4;2022-09-01;2;f001;sp003;CONTRACT;ACTIVE;v.khomenko7@ukma.edu.ua;+380501236490;2004-07-09;21
st20250128;Arina;Kuznietsova;Volodymyrivna;Female;1;2025-09-01;3;f001;sp003;CONTRACT;ACTIVE;a.kuznietsova@ukma.edu.ua;+380503809952;2007-04-16;19
st20250129;Denys;Krotov;Yevhenovych;Male;1;2025-09-01;3;f001;sp003;CONTRACT;ACTIVE;d.krotov@ukma.edu.ua;+380503809953;2006-07-03;19
st20250130;Matvii;Levchenko;Yevhenovych;Male;1;2025-09-01;3;f001;sp003;CONTRACT;ACTIVE;m.levchenko@ukma.edu.ua;+380503809954;2007-05-19;18
st20250131;Maksym;Levytskyi;Mykhailovych;Male;1;2025-09-01;3;f001;sp003;BUDGET;ACTIVE;m.levytskyi@ukma.edu.ua;+380503809955;2006-09-24;19
st20240096;Veronika;Khomenko;Valentynivna;Female;2;2024-09-01;3;f001;sp003;CONTRACT;ACTIVE;v.khomenko1@ukma.edu.ua;+380501234621;2006-06-13;19
st20240097;Anton;Khomenko;Tymurovych;Male;2;2024-09-01;3;f001;sp003;BUDGET;ACTIVE;a.khomenko@ukma.edu.ua;+380501234623;2006-10-05;19
st20240098;Solomiia;Koval;Romanivna;Female;2;2024-09-01;3;f001;sp003;BUDGET;ACTIVE;s.koval@ukma.edu.ua;+380501234584;2006-09-11;19
st20240099;Nadiia;Koval;Dmytrivna;Female;2;2024-09-01;3;f001;sp003;BUDGET;ACTIVE;n.koval@ukma.edu.ua;+380501234612;2006-01-24;20
st20240100;Vira;Kovalenko;Bohdanivna;Female;2;2024-09-01;3;f001;sp003;CONTRACT;ACTIVE;v.kovalenko2@ukma.edu.ua;+380501234598;2006-02-12;20
st20240101;Dmytro;Kovalenko;Maksymovych;Male;2;2024-09-01;3;f001;sp003;CONTRACT;ACTIVE;d.kovalenko@ukma.edu.ua;+380501234619;2006-10-28;19
st20240102;Maksym;Kravchenko;Artemovych;Male;2;2024-09-01;3;f001;sp003;BUDGET;ACTIVE;m.kravchenko1@ukma.edu.ua;+380501234589;2006-06-18;19
st20240103;Volodymyr;Marchenko;Rostyslavovych;Male;2;2024-09-01;3;f001;sp003;BUDGET;ACTIVE;v.marchenko@ukma.edu.ua;+380501234604;2005-12-26;20
st20230097;Tetiana;Lysenko;Artemivna;Female;3;2023-09-01;3;f001;sp003;BUDGET;ACTIVE;t.lysenko2@ukma.edu.ua;+380501235545;2004-10-07;21
st20230098;Mykola;Panchenko;Yuriiovych;Male;3;2023-09-01;3;f001;sp003;CONTRACT;ACTIVE;m.panchenko@ukma.edu.ua;+380501235550;2004-07-07;21
st20230099;Yana;Petrenko;Vitaliivna;Female;3;2023-09-01;3;f001;sp003;CONTRACT;ACTIVE;y.petrenko4@ukma.edu.ua;+380501235540;2004-09-21;21
st20230100;Sofiia;Petrenko;Vladyslavivna;Female;3;2023-09-01;3;f001;sp003;BUDGET;ACTIVE;s.petrenko3@ukma.edu.ua;+380501235569;2005-10-25;20
st20230101;Zlata;Polishchuk;Vitaliivna;Female;3;2023-09-01;3;f001;sp003;CONTRACT;ACTIVE;z.polishchuk@ukma.edu.ua;+380501235537;2005-06-06;20
st20230102;Yuliia;Radchenko;Serhiivna;Female;3;2023-09-01;3;f001;sp003;CONTRACT;ACTIVE;y.radchenko3@ukma.edu.ua;+380501235564;2004-07-22;21
st20230103;Rostyslav;Radchenko;Antonovych;Male;3;2023-09-01;3;f001;sp003;CONTRACT;ACTIVE;r.radchenko1@ukma.edu.ua;+380501235572;2005-04-23;20
st20220096;Nadiia;Koval;Oleksandrivna;Female;4;2022-09-01;3;f001;sp003;BUDGET;ACTIVE;n.koval3@ukma.edu.ua;+380501236473;2003-08-16;22
st20220097;Stepan;Kovalenko;Mykolaiovych;Male;4;2022-09-01;3;f001;sp003;BUDGET;ACTIVE;s.kovalenko4@ukma.edu.ua;+380501236475;2003-06-03;22
st20220098;Kyrylo;Kravchenko;Bohdanovych;Male;4;2022-09-01;3;f001;sp003;CONTRACT;ACTIVE;k.kravchenko3@ukma.edu.ua;+380501236461;2003-05-23;22
st20220099;Artem;Lysenko;Serhiiovych;Male;4;2022-09-01;3;f001;sp003;BUDGET;ACTIVE;a.lysenko9@ukma.edu.ua;+380501236474;2004-01-18;22
st20220100;Bohdan;Lysenko;Volodymyrovych;Male;4;2022-09-01;3;f001;sp003;BUDGET;ACTIVE;b.lysenko3@ukma.edu.ua;+380501236476;2004-03-17;22
st20220101;Svitlana;Marchenko;Andriivna;Female;4;2022-09-01;3;f001;sp003;CONTRACT;ACTIVE;s.marchenko5@ukma.edu.ua;+380501236465;2003-04-04;23
st20250132;Dmytro;Lishylenko;Mykolaiovych;Male;1;2025-09-01;4;f001;sp003;CONTRACT;ACTIVE;d.lishylenko@ukma.edu.ua;+380503809956;2007-03-31;19
st20250133;Ivan;Martyniuk;Mykhailovych;Male;1;2025-09-01;4;f001;sp003;CONTRACT;ACTIVE;i.martyniuk@ukma.edu.ua;+380503809957;2006-01-09;20
st20250134;Polina;Moskalenko;Oleksandrivna;Female;1;2025-09-01;4;f001;sp003;CONTRACT;ACTIVE;p.moskalenko@ukma.edu.ua;+380503809958;2007-11-04;18
st20250135;Mykhailo;Nurmakhamedov;Maksymovych;Male;1;2025-09-01;4;f001;sp003;BUDGET;ACTIVE;m.nurmakhamedov@ukma.edu.ua;+380503809959;2006-08-21;19
st20240104;Kateryna;Oliinyk;Andriivna;Female;2;2024-09-01;4;f001;sp003;BUDGET;ACTIVE;k.oliinyk@ukma.edu.ua;+380501234590;2006-01-09;20
st20240105;Anhelina;Oliinyk;Maksymivna;Female;2;2024-09-01;4;f001;sp003;BUDGET;ACTIVE;a.oliinyk@ukma.edu.ua;+380501234613;2006-03-10;20
st20240106;Solomiia;Petrenko;Romanivna;Female;2;2024-09-01;4;f001;sp003;BUDGET;ACTIVE;s.petrenko@ukma.edu.ua;+380501234585;2005-03-06;21
st20240107;Nazar;Petrenko;Ivanovych;Male;2;2024-09-01;4;f001;sp003;CONTRACT;ACTIVE;n.petrenko@ukma.edu.ua;+380501234606;2005-11-12;20
st20240108;Kateryna;Ponomarenko;Stepanivna;Female;2;2024-09-01;4;f001;sp003;BUDGET;ACTIVE;k.ponomarenko@ukma.edu.ua;+380501234622;2005-08-04;20
st20240109;Anna;Radchenko;Olehivna;Female;2;2024-09-01;4;f001;sp003;CONTRACT;ACTIVE;a.radchenko1@ukma.edu.ua;+380501234611;2005-03-14;21
st20240110;Vitalii;Radchenko;Vladyslavovych;Male;2;2024-09-01;4;f001;sp003;BUDGET;ACTIVE;v.radchenko@ukma.edu.ua;+380501234617;2006-02-20;20
st20240111;Iryna;Rudenko;Yevhenivna;Female;2;2024-09-01;4;f001;sp003;BUDGET;ACTIVE;i.rudenko@ukma.edu.ua;+380501234603;2006-05-12;19
st20230104;Ivan;Rudenko;Vladyslavovych;Male;3;2023-09-01;4;f001;sp003;BUDGET;ACTIVE;i.rudenko3@ukma.edu.ua;+380501235539;2004-03-27;22
st20230105;Valeriia;Rudenko;Ivanivna;Female;3;2023-09-01;4;f001;sp003;CONTRACT;ACTIVE;v.rudenko2@ukma.edu.ua;+380501235541;2005-06-17;20
st20230106;Bozhena;Rudenko;Yuriivna;Female;3;2023-09-01;4;f001;sp003;CONTRACT;ACTIVE;b.rudenko@ukma.edu.ua;+380501235557;2005-10-23;20
st20230107;Yurii;Rudenko;Yuriiovych;Male;3;2023-09-01;4;f001;sp003;CONTRACT;ACTIVE;y.rudenko1@ukma.edu.ua;+380501235558;2004-03-20;22
st20230108;Kseniia;Savchenko;Oleksandrivna;Female;3;2023-09-01;4;f001;sp003;CONTRACT;ACTIVE;k.savchenko2@ukma.edu.ua;+380501235546;2004-11-12;21
st20230109;Nataliia;Savchenko;Vladyslavivna;Female;3;2023-09-01;4;f001;sp003;CONTRACT;ACTIVE;n.savchenko4@ukma.edu.ua;+380501235547;2005-07-27;20
st20230110;Iryna;Savchenko;Romanivna;Female;3;2023-09-01;4;f001;sp003;CONTRACT;ACTIVE;i.savchenko1@ukma.edu.ua;+380501235566;2004-11-09;21
st20220102;Pavlo;Marchenko;Tarasovych;Male;4;2022-09-01;4;f001;sp003;CONTRACT;ACTIVE;p.marchenko1@ukma.edu.ua;+380501236481;2003-03-02;23
st20220103;Olena;Melnyk;Mykolaivna;Female;4;2022-09-01;4;f001;sp003;BUDGET;ACTIVE;o.melnyk3@ukma.edu.ua;+380501236458;2004-10-16;21
st20220104;Bozhena;Moroz;Tymurivna;Female;4;2022-09-01;4;f001;sp003;CONTRACT;ACTIVE;b.moroz2@ukma.edu.ua;+380501236464;2003-01-27;23
st20220105;Viktor;Moroz;Maksymovych;Male;4;2022-09-01;4;f001;sp003;BUDGET;ACTIVE;v.moroz10@ukma.edu.ua;+380501236484;2004-11-15;21
st20220106;Zlata;Panchenko;Tarasivna;Female;4;2022-09-01;4;f001;sp003;CONTRACT;ACTIVE;z.panchenko@ukma.edu.ua;+380501236462;2004-09-01;21
st20220107;Maksym;Petrenko;Oleksandrovych;Male;4;2022-09-01;4;f001;sp003;CONTRACT;ACTIVE;m.petrenko@ukma.edu.ua;+380501236477;2003-11-09;22
st20250136;Illia;Osipov;Andriiovych;Male;1;2025-09-01;5;f001;sp003;CONTRACT;ACTIVE;i.osipov@ukma.edu.ua;+380503809960;2007-06-15;18
st20250137;Yuliia;Skorobohach;Romanivna;Female;1;2025-09-01;5;f001;sp003;CONTRACT;ACTIVE;y.skorobohach@ukma.edu.ua;+380503809961;2006-04-30;19
st20250138;Maksym;Smetaniuk;Viktorovych;Male;1;2025-09-01;5;f001;sp003;CONTRACT;ACTIVE;m.smetaniuk@ukma.edu.ua;+380503809962;2007-10-12;18
st20250139;Vladyslav;Smyrnov;Oleksandrovych;Male;1;2025-09-01;5;f001;sp003;CONTRACT;ACTIVE;v.smyrnov@ukma.edu.ua;+380503809963;2006-02-28;20
st20240112;Vasyl;Savchenko;Illich;Male;2;2024-09-01;5;f001;sp003;CONTRACT;ACTIVE;v.savchenko@ukma.edu.ua;+380501234593;2005-10-16;20
st20240113;Artur;Shevchenko;Bohdanovych;Male;2;2024-09-01;5;f001;sp003;CONTRACT;ACTIVE;a.shevchenko@ukma.edu.ua;+380501234605;2006-05-23;19
st20240114;Oleksandr;Sydorenko;Antonovych;Male;2;2024-09-01;5;f001;sp003;CONTRACT;ACTIVE;o.sydorenko@ukma.edu.ua;+380501234581;2005-01-04;21
st20240115;Bohdan;Sydorenko;Andriiovych;Male;2;2024-09-01;5;f001;sp003;CONTRACT;ACTIVE;b.sydorenko@ukma.edu.ua;+380501234586;2006-04-09;20
st20240116;Hlib;Sydorenko;Olehovych;Male;2;2024-09-01;5;f001;sp003;CONTRACT;ACTIVE;h.sydorenko@ukma.edu.ua;+380501234597;2005-07-01;20
st20240117;Bozhena;Taran;Arturivna;Female;2;2024-09-01;5;f001;sp003;CONTRACT;ACTIVE;b.taran@ukma.edu.ua;+380501234614;2006-09-04;19
st20240118;Alisa;Tkachuk;Mykhailivna;Female;2;2024-09-01;5;f001;sp003;CONTRACT;ACTIVE;a.tkachuk@ukma.edu.ua;+380501234595;2005-03-22;21
st20240119;Mykhailo;Tkachuk;Stepanovych;Male;2;2024-09-01;5;f001;sp003;CONTRACT;ACTIVE;m.tkachuk@ukma.edu.ua;+380501234602;2006-09-05;19
st20230111;Nataliia;Savchenko;Andriivna;Female;3;2023-09-01;5;f001;sp003;CONTRACT;ACTIVE;n.savchenko5@ukma.edu.ua;+380501235574;2005-11-05;20
st20230112;Illia;Shevchuk;Romanovych;Male;3;2023-09-01;5;f001;sp003;BUDGET;ACTIVE;i.shevchuk1@ukma.edu.ua;+380501235556;2005-10-15;20
st20230113;Kyrylo;Shevchuk;Romanovych;Male;3;2023-09-01;5;f001;sp003;CONTRACT;ACTIVE;k.shevchuk2@ukma.edu.ua;+380501235559;2005-05-26;20
st20230114;Anna;Taran;Mykhailivna;Female;3;2023-09-01;5;f001;sp003;BUDGET;ACTIVE;a.taran1@ukma.edu.ua;+380501235544;2004-10-10;21
st20230115;Viktoriia;Taran;Ivanivna;Female;3;2023-09-01;5;f001;sp003;CONTRACT;ACTIVE;v.taran6@ukma.edu.ua;+380501235552;2004-03-25;22
st20230116;Sofiia;Taran;Romanivna;Female;3;2023-09-01;5;f001;sp003;CONTRACT;ACTIVE;s.taran1@ukma.edu.ua;+380501235561;2005-10-27;20
st20230117;Valentyn;Taran;Vladyslavovych;Male;3;2023-09-01;5;f001;sp003;BUDGET;ACTIVE;v.taran7@ukma.edu.ua;+380501235562;2004-03-01;22
st20220108;Kseniia;Polishchuk;Olehivna;Female;4;2022-09-01;5;f001;sp003;CONTRACT;ACTIVE;k.polishchuk1@ukma.edu.ua;+380501236489;2003-07-01;22
st20220109;Mykhailo;Ponomarenko;Antonovych;Male;4;2022-09-01;5;f001;sp003;CONTRACT;ACTIVE;m.ponomarenko2@ukma.edu.ua;+380501236470;2004-07-10;21
st20220110;Andrii;Radchenko;Andriiovych;Male;4;2022-09-01;5;f001;sp003;CONTRACT;ACTIVE;a.radchenko8@ukma.edu.ua;+380501236468;2003-01-05;23
st20220111;Ivan;Savchenko;Olehovych;Male;4;2022-09-01;5;f001;sp003;BUDGET;ACTIVE;i.savchenko4@ukma.edu.ua;+380501236478;2004-10-01;21
st20220112;Yana;Shevchuk;Hlibivna;Female;4;2022-09-01;5;f001;sp003;CONTRACT;ACTIVE;y.shevchuk5@ukma.edu.ua;+380501236480;2003-09-28;22
st20220113;Taras;Shevchuk;Dmytrovych;Male;4;2022-09-01;5;f001;sp003;BUDGET;ACTIVE;t.shevchuk2@ukma.edu.ua;+380501236483;2003-06-15;22
st20250140;Danylo;Sokolovskyi;Vitaliiovych;Male;1;2025-09-01;6;f001;sp003;CONTRACT;ACTIVE;d.sokolovskyi@ukma.edu.ua;+380503809964;2007-07-07;18
st20250141;Kyrylo;Fedorov;Yuriiovych;Male;1;2025-09-01;6;f001;sp003;CONTRACT;ACTIVE;k.fedorov@ukma.edu.ua;+380503809965;2006-11-19;19
st20250142;Ostap;Filatov;Oleksiiovych;Male;1;2025-09-01;6;f001;sp003;CONTRACT;ACTIVE;o.filatov@ukma.edu.ua;+380503809966;2007-05-23;18
st20250143;Yaroslav;Khalaim;Yevhenovych;Male;1;2025-09-01;6;f001;sp003;CONTRACT;ACTIVE;y.khalaim@ukma.edu.ua;+380503809967;2006-01-04;20
st20250144;Ivan;Yanhol;Tarasovych;Male;1;2025-09-01;6;f001;sp003;CONTRACT;ACTIVE;i.yanhol@ukma.edu.ua;+380503809968;2007-09-29;18
st20240120;Polina;Vlasenko;Maksymivna;Female;2;2024-09-01;6;f001;sp003;CONTRACT;ACTIVE;p.vlasenko@ukma.edu.ua;+380501234580;2006-09-17;19
st20240121;Olena;Vlasenko;Denysivna;Female;2;2024-09-01;6;f001;sp003;BUDGET;ACTIVE;o.vlasenko1@ukma.edu.ua;+380501234587;2006-02-17;20
st20240122;Denys;Vlasenko;Romanovych;Male;2;2024-09-01;6;f001;sp003;CONTRACT;ACTIVE;d.vlasenko@ukma.edu.ua;+380501234591;2005-09-10;20
st20240123;Roman;Vlasenko;Volodymyrovych;Male;2;2024-09-01;6;f001;sp003;BUDGET;ACTIVE;r.vlasenko1@ukma.edu.ua;+380501234609;2006-09-06;19
st20230118;Polina;Tkachuk;Antonivna;Female;3;2023-09-01;6;f001;sp003;CONTRACT;ACTIVE;p.tkachuk@ukma.edu.ua;+380501235553;2004-10-14;21
st20230119;Olena;Vlasenko;Tarasivna;Female;3;2023-09-01;6;f001;sp003;CONTRACT;ACTIVE;o.vlasenko2@ukma.edu.ua;+380501235567;2004-07-02;21
st20230120;Anton;Vlasenko;Rostyslavovych;Male;3;2023-09-01;6;f001;sp003;CONTRACT;ACTIVE;a.vlasenko4@ukma.edu.ua;+380501235571;2004-11-11;21
st20220114;Solomiia;Taran;Volodymyrivna;Female;4;2022-09-01;6;f001;sp003;CONTRACT;ACTIVE;s.taran4@ukma.edu.ua;+380501236463;2004-08-17;21
st20220115;Valentyn;Tkachuk;Denysovych;Male;4;2022-09-01;6;f001;sp003;CONTRACT;ACTIVE;v.tkachuk15@ukma.edu.ua;+380501236466;2004-11-01;21
st20220116;Zlata;Tkachuk;Dmytrivna;Female;4;2022-09-01;6;f001;sp003;BUDGET;ACTIVE;z.tkachuk@ukma.edu.ua;+380501236467;2003-10-16;22
st20220117;Rostyslav;Vlasenko;Tymurovych;Male;4;2022-09-01;6;f001;sp003;CONTRACT;ACTIVE;r.vlasenko3@ukma.edu.ua;+380501236469;2003-07-09;22
st20250145;Sofiia;Anopko;Oleksiivna;Female;1;2025-09-01;1;f001;sp004;BUDGET;ACTIVE;s.anopko@ukma.edu.ua;+380503809969;2006-03-22;20
st20250146;Anastasiia;Bezkorovaina;Artemivna;Female;1;2025-09-01;1;f001;sp004;BUDGET;ACTIVE;a.bezkorovaina@ukma.edu.ua;+380503809970;2007-08-11;18
st20250147;Margarita;Bondarenko;Serhiiivna;Female;1;2025-09-01;1;f001;sp004;BUDGET;ACTIVE;m.bondarenko@ukma.edu.ua;+380503809971;2006-05-14;19
st20250148;Ilona;Vydyborets;Ihorivna;Female;1;2025-09-01;1;f001;sp004;BUDGET;ACTIVE;i.vydyborets@ukma.edu.ua;+380503809972;2007-02-28;19
st20250149;Artem;Horbunov;Romanovych;Male;1;2025-09-01;1;f001;sp004;BUDGET;ACTIVE;a.horbunov@ukma.edu.ua;+380503809973;2006-12-05;19
st20240124;Artur;Bondar;Rostyslavovych;Male;2;2024-09-01;1;f001;sp004;BUDGET;ACTIVE;a.bondar1@ukma.edu.ua;+380501234629;2005-04-07;21
st20240125;Svitlana;Dmytrenko;Ivanivna;Female;2;2024-09-01;1;f001;sp004;CONTRACT;ACTIVE;s.dmytrenko@ukma.edu.ua;+380501234650;2005-06-24;20
st20240126;Uliana;Havryliuk;Artemivna;Female;2;2024-09-01;1;f001;sp004;BUDGET;ACTIVE;u.havryliuk@ukma.edu.ua;+380501234636;2006-07-23;19
st20240127;Alisa;Havryliuk;Antonivna;Female;2;2024-09-01;1;f001;sp004;CONTRACT;ACTIVE;a.havryliuk@ukma.edu.ua;+380501234639;2005-09-14;20
st20240128;Artem;Honcharenko;Serhiiovych;Male;2;2024-09-01;1;f001;sp004;BUDGET;ACTIVE;a.honcharenko1@ukma.edu.ua;+380501234644;2006-02-14;20
st20230121;Roman;Boiko;Dmytrovych;Male;3;2023-09-01;1;f001;sp004;CONTRACT;ACTIVE;r.boiko@ukma.edu.ua;+380501235601;2004-02-25;22
st20230122;Mykola;Dmytrenko;Bohdanovych;Male;3;2023-09-01;1;f001;sp004;CONTRACT;ACTIVE;m.dmytrenko2@ukma.edu.ua;+380501235596;2004-12-05;21
st20230123;Viktor;Honcharenko;Mykhailovych;Male;3;2023-09-01;1;f001;sp004;CONTRACT;ACTIVE;v.honcharenko4@ukma.edu.ua;+380501235575;2005-09-07;20
st20230124;Pavlo;Honcharenko;Vitaliiovych;Male;3;2023-09-01;1;f001;sp004;CONTRACT;ACTIVE;p.honcharenko@ukma.edu.ua;+380501235584;2004-06-01;21
st20230125;Oleksandr;Honcharenko;Oleksandrovych;Male;3;2023-09-01;1;f001;sp004;BUDGET;ACTIVE;o.honcharenko3@ukma.edu.ua;+380501235586;2005-12-20;20
st20230126;Pavlo;Hrytsenko;Vitaliiovych;Male;3;2023-09-01;1;f001;sp004;CONTRACT;ACTIVE;p.hrytsenko@ukma.edu.ua;+380501235589;2005-11-03;20
st20220118;Andrii;Babenko;Andriiovych;Male;4;2022-09-01;1;f001;sp004;BUDGET;ACTIVE;a.babenko8@ukma.edu.ua;+380501236492;2003-02-18;23
st20220119;Tetiana;Boiko;Hlibivna;Female;4;2022-09-01;1;f001;sp004;CONTRACT;ACTIVE;t.boiko3@ukma.edu.ua;+380501236503;2003-10-20;22
st20220120;Nadiia;Boiko;Yuriivna;Female;4;2022-09-01;1;f001;sp004;CONTRACT;ACTIVE;n.boiko3@ukma.edu.ua;+380501236504;2004-07-24;21
st20220121;Vasyl;Bondar;Illich;Male;4;2022-09-01;1;f001;sp004;BUDGET;ACTIVE;v.bondar9@ukma.edu.ua;+380501236522;2004-03-10;22
st20220122;Sofiia;Bondarenko;Ivanivna;Female;4;2022-09-01;1;f001;sp004;BUDGET;ACTIVE;s.bondarenko7@ukma.edu.ua;+380501236491;2004-08-12;21
st20220123;Bohdan;Dmytrenko;Serhiiovych;Male;4;2022-09-01;1;f001;sp004;BUDGET;ACTIVE;b.dmytrenko4@ukma.edu.ua;+380501236531;2004-03-19;22
st20220124;Svitlana;Havryliuk;Denysivna;Female;4;2022-09-01;1;f001;sp004;CONTRACT;ACTIVE;s.havryliuk2@ukma.edu.ua;+380501236526;2003-01-08;23
st20250150;Hryhorii;Dolmazov;Mykolaiovych;Male;1;2025-09-01;2;f001;sp004;BUDGET;ACTIVE;h.dolmazov@ukma.edu.ua;+380503809974;2007-04-19;19
st20250151;Heorhii;Zubenko;Denysovych;Male;1;2025-09-01;2;f001;sp004;BUDGET;ACTIVE;h.zubenko@ukma.edu.ua;+380503809975;2006-11-20;19
st20250152;Veronika;Kachai;Ruslanivna;Female;1;2025-09-01;2;f001;sp004;BUDGET;ACTIVE;v.kachai@ukma.edu.ua;+380503809976;2007-09-11;18
st20250153;Roman;Kysil;Yuriiovych;Male;1;2025-09-01;2;f001;sp004;BUDGET;ACTIVE;r.kysil@ukma.edu.ua;+380503809977;2006-01-08;20
st20250154;Oleksandr;Kovalenko;Oleksandrovych;Male;1;2025-09-01;2;f001;sp004;BUDGET;ACTIVE;o.kovalenko@ukma.edu.ua;+380503809978;2007-07-14;18
st20240129;Yurii;Hrytsenko;Tarasovych;Male;2;2024-09-01;2;f001;sp004;BUDGET;ACTIVE;y.hrytsenko@ukma.edu.ua;+380501234630;2006-09-21;19
st20240130;Uliana;Hrytsenko;Hlibivna;Female;2;2024-09-01;2;f001;sp004;CONTRACT;ACTIVE;u.hrytsenko@ukma.edu.ua;+380501234633;2006-06-13;19
st20240131;Valentyn;Hrytsenko;Vladyslavovych;Male;2;2024-09-01;2;f001;sp004;BUDGET;ACTIVE;v.hrytsenko@ukma.edu.ua;+380501234634;2005-01-23;21
st20240132;Valeriia;Hrytsenko;Vladyslavivna;Female;2;2024-09-01;2;f001;sp004;CONTRACT;ACTIVE;v.hrytsenko1@ukma.edu.ua;+380501234648;2005-12-18;20
st20240133;Halyna;Ivanenko;Antonivna;Female;2;2024-09-01;2;f001;sp004;BUDGET;ACTIVE;h.ivanenko@ukma.edu.ua;+380501234643;2006-02-17;20
st20230127;Anhelina;Karpenko;Tarasivna;Female;3;2023-09-01;2;f001;sp004;CONTRACT;ACTIVE;a.karpenko7@ukma.edu.ua;+380501235585;2005-06-17;20
st20230128;Artem;Karpenko;Bohdanovych;Male;3;2023-09-01;2;f001;sp004;BUDGET;ACTIVE;a.karpenko8@ukma.edu.ua;+380501235595;2004-02-06;22
st20230129;Alina;Karpenko;Rostyslavivna;Female;3;2023-09-01;2;f001;sp004;CONTRACT;ACTIVE;a.karpenko9@ukma.edu.ua;+380501235608;2005-04-24;20
st20230130;Halyna;Khomenko;Denysivna;Female;3;2023-09-01;2;f001;sp004;BUDGET;ACTIVE;h.khomenko2@ukma.edu.ua;+380501235576;2004-04-08;22
st20230131;Serhii;Koval;Dmytrovych;Male;3;2023-09-01;2;f001;sp004;BUDGET;ACTIVE;s.koval3@ukma.edu.ua;+380501235591;2004-07-26;21
st20230132;Yevhen;Lysenko;Ivanovych;Male;3;2023-09-01;2;f001;sp004;BUDGET;ACTIVE;y.lysenko@ukma.edu.ua;+380501235580;2004-02-16;22
st20220125;Halyna;Honcharenko;Oleksandrivna;Female;4;2022-09-01;2;f001;sp004;BUDGET;ACTIVE;h.honcharenko1@ukma.edu.ua;+380501236494;2003-12-22;22
st20220126;Ihor;Honcharenko;Illich;Male;4;2022-09-01;2;f001;sp004;CONTRACT;ACTIVE;i.honcharenko3@ukma.edu.ua;+380501236512;2003-01-27;23
st20220127;Sofiia;Hrytsenko;Yuriivna;Female;4;2022-09-01;2;f001;sp004;CONTRACT;ACTIVE;s.hrytsenko4@ukma.edu.ua;+380501236505;2003-10-27;22
st20220128;Halyna;Hrytsenko;Maksymivna;Female;4;2022-09-01;2;f001;sp004;CONTRACT;ACTIVE;h.hrytsenko1@ukma.edu.ua;+380501236521;2003-12-05;22
st20220129;Diana;Ivanenko;Bohdanivna;Female;4;2022-09-01;2;f001;sp004;BUDGET;ACTIVE;d.ivanenko5@ukma.edu.ua;+380501236502;2004-02-20;22
st20220130;Dmytro;Ivanenko;Tymurovych;Male;4;2022-09-01;2;f001;sp004;CONTRACT;ACTIVE;d.ivanenko6@ukma.edu.ua;+380501236529;2004-09-11;21
st20220131;Artur;Karpenko;Kyrylovych;Male;4;2022-09-01;2;f001;sp004;BUDGET;ACTIVE;a.karpenko10@ukma.edu.ua;+380501236517;2003-02-11;23
st20250155;Arina;Korotych;Maksymivna;Female;1;2025-09-01;3;f001;sp004;BUDGET;ACTIVE;a.korotych@ukma.edu.ua;+380503809979;2006-10-27;19
st20250156;Daryna;Liakhovska;Yaroslavivna;Female;1;2025-09-01;3;f001;sp004;BUDGET;ACTIVE;d.liakhovska@ukma.edu.ua;+380503809980;2007-03-31;19
st20250157;Kateryna;Markovska;;Female;1;2025-09-01;3;f001;sp004;BUDGET;ACTIVE;k.markovska@ukma.edu.ua;+380503809981;2006-08-16;19
st20250158;Artem;Melnychenko;Romanovych;Male;1;2025-09-01;3;f001;sp004;BUDGET;ACTIVE;a.melnychenko@ukma.edu.ua;+380503809982;2007-11-04;18
st20250159;Mariana;Mytskaniuk;Yuriivna;Female;1;2025-09-01;3;f001;sp004;BUDGET;ACTIVE;m.mytskaniuk@ukma.edu.ua;+380503809983;2006-06-21;19
st20240134;Pavlo;Karpenko;Dmytrovych;Male;2;2024-09-01;3;f001;sp004;BUDGET;ACTIVE;p.karpenko1@ukma.edu.ua;+380501234642;2006-12-07;19
st20240135;Nadiia;Karpenko;Antonivna;Female;2;2024-09-01;3;f001;sp004;BUDGET;ACTIVE;n.karpenko@ukma.edu.ua;+380501234649;2006-05-14;19
st20240136;Olena;Kovalenko;Mykolaivna;Female;2;2024-09-01;3;f001;sp004;BUDGET;ACTIVE;o.kovalenko@ukma.edu.ua;+380501234635;2006-12-11;19
st20240137;Anna;Marchenko;Yuriivna;Female;2;2024-09-01;3;f001;sp004;CONTRACT;ACTIVE;a.marchenko@ukma.edu.ua;+380501234646;2005-10-24;20
st20240138;Taras;Melnyk;Rostyslavovych;Male;2;2024-09-01;3;f001;sp004;BUDGET;ACTIVE;t.melnyk@ukma.edu.ua;+380501234626;2005-11-13;20
st20230133;Ivan;Marchenko;Bohdanovych;Male;3;2023-09-01;3;f001;sp004;CONTRACT;ACTIVE;i.marchenko@ukma.edu.ua;+380501235583;2004-05-26;21
st20230134;Yuliia;Marchenko;Kyrylivna;Female;3;2023-09-01;3;f001;sp004;CONTRACT;ACTIVE;y.marchenko7@ukma.edu.ua;+380501235590;2005-09-09;20
st20230135;Tymur;Melnyk;Dmytrovych;Male;3;2023-09-01;3;f001;sp004;BUDGET;ACTIVE;t.melnyk3@ukma.edu.ua;+380501235588;2005-03-16;21
st20230136;Uliana;Moroz;Andriivna;Female;3;2023-09-01;3;f001;sp004;CONTRACT;ACTIVE;u.moroz1@ukma.edu.ua;+380501235603;2005-06-12;20
st20230137;Yuliia;Moroz;Tymurivna;Female;3;2023-09-01;3;f001;sp004;CONTRACT;ACTIVE;y.moroz3@ukma.edu.ua;+380501235605;2004-08-23;21
st20230138;Olena;Oliinyk;Antonivna;Female;3;2023-09-01;3;f001;sp004;CONTRACT;ACTIVE;o.oliinyk1@ukma.edu.ua;+380501235598;2005-09-04;20
st20220132;Denys;Khomenko;Bohdanovych;Male;4;2022-09-01;3;f001;sp004;CONTRACT;ACTIVE;d.khomenko5@ukma.edu.ua;+380501236495;2004-01-28;22
st20220133;Polina;Koval;Olehivna;Female;4;2022-09-01;3;f001;sp004;CONTRACT;ACTIVE;p.koval1@ukma.edu.ua;+380501236523;2003-12-23;22
st20220134;Mykola;Koval;Volodymyrovych;Male;4;2022-09-01;3;f001;sp004;BUDGET;ACTIVE;m.koval4@ukma.edu.ua;+380501236528;2003-08-21;22
st20220135;Artem;Kravchenko;Denysovych;Male;4;2022-09-01;3;f001;sp004;CONTRACT;ACTIVE;a.kravchenko8@ukma.edu.ua;+380501236506;2003-12-27;22
st20220136;Alina;Kravchenko;Arturivna;Female;4;2022-09-01;3;f001;sp004;CONTRACT;ACTIVE;a.kravchenko9@ukma.edu.ua;+380501236511;2003-08-27;22
st20220137;Nazar;Kravchenko;Vladyslavovych;Male;4;2022-09-01;3;f001;sp004;CONTRACT;ACTIVE;n.kravchenko3@ukma.edu.ua;+380501236525;2003-12-18;22
st20220138;Iryna;Lysenko;Hlibivna;Female;4;2022-09-01;3;f001;sp004;CONTRACT;ACTIVE;i.lysenko3@ukma.edu.ua;+380501236498;2004-02-15;22
st20250160;Oleksandra;Osadcha;Pavlivna;Female;1;2025-09-01;4;f001;sp004;BUDGET;ACTIVE;o.osadcha@ukma.edu.ua;+380503809984;2007-05-19;18
st20250161;Mariana;Pekna;Ivanivna;Female;1;2025-09-01;4;f001;sp004;BUDGET;ACTIVE;m.pekna@ukma.edu.ua;+380503809985;2006-01-09;20
st20250162;Yelyzaveta;Perkova;Denysivna;Female;1;2025-09-01;4;f001;sp004;CONTRACT;ACTIVE;y.perkova@ukma.edu.ua;+380503809986;2007-12-25;18
st20250163;Vladyslava;Petrenko;Serhiiivna;Female;1;2025-09-01;4;f001;sp004;BUDGET;ACTIVE;v.petrenko@ukma.edu.ua;+380503809987;2006-04-30;19
st20250164;Vladyslav;Pokotylo;Oleksandrovych;Male;1;2025-09-01;4;f001;sp004;BUDGET;ACTIVE;v.pokotylo@ukma.edu.ua;+380503809988;2007-10-12;18
st20240139;Taras;Melnyk;Mykhailovych;Male;2;2024-09-01;4;f001;sp004;CONTRACT;ACTIVE;t.melnyk1@ukma.edu.ua;+380501234638;2006-09-04;19
st20240140;Anastasiia;Moroz;Andriivna;Female;2;2024-09-01;4;f001;sp004;CONTRACT;ACTIVE;a.moroz1@ukma.edu.ua;+380501234625;2005-03-07;21
st20240141;Illia;Oliinyk;Serhiiovych;Male;2;2024-09-01;4;f001;sp004;CONTRACT;ACTIVE;i.oliinyk@ukma.edu.ua;+380501234647;2005-03-07;21
st20240142;Taras;Polishchuk;Yuriiovych;Male;2;2024-09-01;4;f001;sp004;CONTRACT;ACTIVE;t.polishchuk@ukma.edu.ua;+380501234624;2006-11-28;19
st20240143;Oleksandr;Polishchuk;Valentynovych;Male;2;2024-09-01;4;f001;sp004;BUDGET;ACTIVE;o.polishchuk@ukma.edu.ua;+380501234628;2006-05-10;19
st20230139;Kyrylo;Oliinyk;Oleksandrovych;Male;3;2023-09-01;4;f001;sp004;BUDGET;ACTIVE;k.oliinyk2@ukma.edu.ua;+380501235599;2005-10-19;20
st20230140;Halyna;Panchenko;Romanivna;Female;3;2023-09-01;4;f001;sp004;CONTRACT;ACTIVE;h.panchenko@ukma.edu.ua;+380501235594;2005-09-13;20
st20230141;Ihor;Ponomarenko;Illich;Male;3;2023-09-01;4;f001;sp004;CONTRACT;ACTIVE;i.ponomarenko3@ukma.edu.ua;+380501235587;2005-04-25;20
st20230142;Hlib;Ponomarenko;Rostyslavovych;Male;3;2023-09-01;4;f001;sp004;BUDGET;ACTIVE;h.ponomarenko2@ukma.edu.ua;+380501235597;2004-07-25;21
st20230143;Anhelina;Ponomarenko;Antonivna;Female;3;2023-09-01;4;f001;sp004;BUDGET;ACTIVE;a.ponomarenko5@ukma.edu.ua;+380501235604;2004-12-19;21
st20230144;Tymur;Rudenko;Maksymovych;Male;3;2023-09-01;4;f001;sp004;CONTRACT;ACTIVE;t.rudenko@ukma.edu.ua;+380501235578;2004-04-12;22
st20220139;Viktoriia;Lysenko;Mykolaivna;Female;4;2022-09-01;4;f001;sp004;BUDGET;ACTIVE;v.lysenko12@ukma.edu.ua;+380501236500;2003-07-09;22
st20220140;Halyna;Lysenko;Arturivna;Female;4;2022-09-01;4;f001;sp004;BUDGET;ACTIVE;h.lysenko2@ukma.edu.ua;+380501236518;2003-12-22;22
st20220141;Veronika;Lysenko;Romanivna;Female;4;2022-09-01;4;f001;sp004;BUDGET;ACTIVE;v.lysenko13@ukma.edu.ua;+380501236519;2003-07-24;22
st20220142;Olena;Lysenko;Mykolaivna;Female;4;2022-09-01;4;f001;sp004;BUDGET;ACTIVE;o.lysenko1@ukma.edu.ua;+380501236527;2003-04-04;23
st20220143;Tetiana;Marchenko;Olehivna;Female;4;2022-09-01;4;f001;sp004;BUDGET;ACTIVE;t.marchenko2@ukma.edu.ua;+380501236513;2004-09-24;21
st20220144;Rostyslav;Marchenko;Vladyslavovych;Male;4;2022-09-01;4;f001;sp004;BUDGET;ACTIVE;r.marchenko1@ukma.edu.ua;+380501236515;2004-10-06;21
st20220145;Yana;Moroz;Dmytrivna;Female;4;2022-09-01;4;f001;sp004;BUDGET;ACTIVE;y.moroz4@ukma.edu.ua;+380501236501;2003-05-04;22
st20250165;Oleksii;Pushkash;Andriiovych;Male;1;2025-09-01;5;f001;sp004;BUDGET;ACTIVE;o.pushkash@ukma.edu.ua;+380503809989;2006-02-28;20
st20250166;Viacheslav;Rozputnii;Yuriiovych;Male;1;2025-09-01;5;f001;sp004;BUDGET;ACTIVE;v.rozputnii@ukma.edu.ua;+380503809990;2007-07-07;18
st20250167;Vladyslav;Savchenko;Vadymovych;Male;1;2025-09-01;5;f001;sp004;BUDGET;ACTIVE;v.savchenko@ukma.edu.ua;+380503809991;2006-11-19;19
st20250168;Roman;Sydorenko;Dmytrovych;Male;1;2025-09-01;5;f001;sp004;BUDGET;ACTIVE;r.sydorenko@ukma.edu.ua;+380503809992;2007-05-23;18
st20250169;Mykhailo;Sych;Oleksandrovych;Male;1;2025-09-01;5;f001;sp004;BUDGET;ACTIVE;m.sych@ukma.edu.ua;+380503809993;2006-01-04;20
st20240144;Yurii;Ponomarenko;Serhiiovych;Male;2;2024-09-01;5;f001;sp004;BUDGET;ACTIVE;y.ponomarenko@ukma.edu.ua;+380501234652;2006-12-19;19
st20240145;Pavlo;Radchenko;Oleksandrovych;Male;2;2024-09-01;5;f001;sp004;BUDGET;ACTIVE;p.radchenko@ukma.edu.ua;+380501234653;2006-06-14;19
st20240146;Alisa;Savchenko;Denysivna;Female;2;2024-09-01;5;f001;sp004;CONTRACT;ACTIVE;a.savchenko1@ukma.edu.ua;+380501234645;2005-10-23;20
st20240147;Andrii;Shevchenko;Bohdanovych;Male;2;2024-09-01;5;f001;sp004;CONTRACT;ACTIVE;a.shevchenko1@ukma.edu.ua;+380501234631;2006-03-07;20
st20240148;Mariia;Shevchuk;Vladyslavivna;Female;2;2024-09-01;5;f001;sp004;BUDGET;ACTIVE;m.shevchuk@ukma.edu.ua;+380501234632;2006-07-17;19
st20230145;Mariia;Savchenko;Tarasivna;Female;3;2023-09-01;5;f001;sp004;CONTRACT;ACTIVE;m.savchenko1@ukma.edu.ua;+380501235609;2004-05-20;21
st20230146;Alina;Shevchenko;Serhiivna;Female;3;2023-09-01;5;f001;sp004;BUDGET;ACTIVE;a.shevchenko5@ukma.edu.ua;+380501235592;2005-01-11;21
st20230147;Stepan;Shevchuk;Antonovych;Male;3;2023-09-01;5;f001;sp004;CONTRACT;ACTIVE;s.shevchuk1@ukma.edu.ua;+380501235577;2005-05-05;20
st20230148;Mariia;Shevchuk;Denysivna;Female;3;2023-09-01;5;f001;sp004;CONTRACT;ACTIVE;m.shevchuk2@ukma.edu.ua;+380501235582;2004-06-03;21
st20230149;Yuliia;Shevchuk;Kyrylivna;Female;3;2023-09-01;5;f001;sp004;BUDGET;ACTIVE;y.shevchuk1@ukma.edu.ua;+380501235602;2004-08-26;21
st20230150;Kateryna;Shevchuk;Mykolaivna;Female;3;2023-09-01;5;f001;sp004;CONTRACT;ACTIVE;k.shevchuk3@ukma.edu.ua;+380501235607;2004-07-13;21
st20220146;Oleh;Moroz;Andriiovych;Male;4;2022-09-01;5;f001;sp004;CONTRACT;ACTIVE;o.moroz4@ukma.edu.ua;+380501236514;2003-03-09;23
st20220147;Kseniia;Panchenko;Bohdanivna;Female;4;2022-09-01;5;f001;sp004;CONTRACT;ACTIVE;k.panchenko5@ukma.edu.ua;+380501236508;2003-12-22;22
st20220148;Vira;Panchenko;Serhiivna;Female;4;2022-09-01;5;f001;sp004;BUDGET;ACTIVE;v.panchenko8@ukma.edu.ua;+380501236530;2004-05-06;21
st20220149;Olena;Petrenko;Vladyslavivna;Female;4;2022-09-01;5;f001;sp004;BUDGET;ACTIVE;o.petrenko3@ukma.edu.ua;+380501236509;2003-09-02;22
st20220150;Yelyzaveta;Polishchuk;Arturivna;Female;4;2022-09-01;5;f001;sp004;CONTRACT;ACTIVE;y.polishchuk3@ukma.edu.ua;+380501236499;2003-10-13;22
st20220151;Alina;Polishchuk;Tarasivna;Female;4;2022-09-01;5;f001;sp004;BUDGET;ACTIVE;a.polishchuk7@ukma.edu.ua;+380501236524;2003-10-21;22
st20220152;Andrii;Ponomarenko;Dmytrovych;Male;4;2022-09-01;5;f001;sp004;CONTRACT;ACTIVE;a.ponomarenko7@ukma.edu.ua;+380501236507;2004-06-12;21
st20250170;Stepan;Solomko;Valentynovych;Male;1;2025-09-01;6;f001;sp004;BUDGET;ACTIVE;s.solomko@ukma.edu.ua;+380503809994;2007-09-29;18
st20250171;Oleksandr;Sorokivskyi;Andriiovych;Male;1;2025-09-01;6;f001;sp004;BUDGET;ACTIVE;o.sorokivskyi@ukma.edu.ua;+380503809995;2006-12-14;19
st20250172;Albina;Trtovac;Islamivna;Female;1;2025-09-01;6;f001;sp004;BUDGET;ACTIVE;a.trtovac@ukma.edu.ua;+380503809996;2007-03-08;19
st20250173;Nazar;Frolov;Dmytrovych;Male;1;2025-09-01;6;f001;sp004;BUDGET;ACTIVE;n.frolov@ukma.edu.ua;+380503809997;2006-06-21;19
st20250174;Liudomyr;Chaikovskyi;Kostiantynovych;Male;1;2025-09-01;6;f001;sp004;BUDGET;ACTIVE;l.chaikovskyi@ukma.edu.ua;+380503809998;2007-11-28;18
st20250175;Tamara;Shkolna;Dmytrivna;Female;1;2025-09-01;6;f001;sp004;BUDGET;ACTIVE;t.shkolna@ukma.edu.ua;+380503809999;2006-04-15;20
st20250176;Anna;Yasinska;Valeriivna;Female;1;2025-09-01;6;f001;sp004;BUDGET;ACTIVE;a.yasinska@ukma.edu.ua;+380503810000;2007-08-01;18
st20240149;Solomiia;Sydorenko;Dmytrivna;Female;2;2024-09-01;6;f001;sp004;CONTRACT;ACTIVE;s.sydorenko1@ukma.edu.ua;+380501234627;2006-10-07;19
st20240150;Illia;Tkachenko;Stepanovych;Male;2;2024-09-01;6;f001;sp004;CONTRACT;ACTIVE;i.tkachenko@ukma.edu.ua;+380501234640;2005-12-03;20
st20240151;Stepan;Tkachuk;Ivanovych;Male;2;2024-09-01;6;f001;sp004;CONTRACT;ACTIVE;s.tkachuk@ukma.edu.ua;+380501234651;2006-08-05;19
st20240152;Alisa;Vlasenko;Rostyslavivna;Female;2;2024-09-01;6;f001;sp004;BUDGET;ACTIVE;a.vlasenko1@ukma.edu.ua;+380501234637;2005-07-04;20
st20240153;Nazar;Vlasenko;Denysovych;Male;2;2024-09-01;6;f001;sp004;CONTRACT;ACTIVE;n.vlasenko@ukma.edu.ua;+380501234641;2006-06-17;19
st20230151;Alina;Shevchuk;Tarasivna;Female;3;2023-09-01;6;f001;sp004;CONTRACT;ACTIVE;a.shevchuk6@ukma.edu.ua;+380501235610;2004-01-25;22
st20230152;Yevhen;Taran;Serhiiovych;Male;3;2023-09-01;6;f001;sp004;CONTRACT;ACTIVE;y.taran2@ukma.edu.ua;+380501235581;2004-09-10;21
st20230153;Valeriia;Taran;Vladyslavivna;Female;3;2023-09-01;6;f001;sp004;BUDGET;ACTIVE;v.taran8@ukma.edu.ua;+380501235593;2005-10-06;20
st20230154;Liubov;Taran;Volodymyrivna;Female;3;2023-09-01;6;f001;sp004;BUDGET;ACTIVE;l.taran@ukma.edu.ua;+380501235600;2004-06-07;21
st20230155;Diana;Tkachenko;Ivanivna;Female;3;2023-09-01;6;f001;sp004;CONTRACT;ACTIVE;d.tkachenko2@ukma.edu.ua;+380501235606;2004-03-12;22
st20230156;Iryna;Tkachuk;Romanivna;Female;3;2023-09-01;6;f001;sp004;CONTRACT;ACTIVE;i.tkachuk3@ukma.edu.ua;+380501235579;2004-07-22;21
st20220153;Oleksandr;Shevchenko;Olehovych;Male;4;2022-09-01;6;f001;sp004;CONTRACT;ACTIVE;o.shevchenko5@ukma.edu.ua;+380501236493;2003-07-24;22
st20220154;Yuliia;Shevchenko;Serhiivna;Female;4;2022-09-01;6;f001;sp004;BUDGET;ACTIVE;y.shevchenko4@ukma.edu.ua;+380501236496;2004-06-28;21
st20220155;Yevhen;Shevchenko;Dmytrovych;Male;4;2022-09-01;6;f001;sp004;BUDGET;ACTIVE;y.shevchenko5@ukma.edu.ua;+380501236520;2003-08-05;22
st20220156;Halyna;Taran;Mykhailivna;Female;4;2022-09-01;6;f001;sp004;BUDGET;ACTIVE;h.taran@ukma.edu.ua;+380501236497;2003-01-28;23
st20220157;Andrii;Taran;Denysovych;Male;4;2022-09-01;6;f001;sp004;CONTRACT;ACTIVE;a.taran8@ukma.edu.ua;+380501236516;2003-10-11;22
st20220158;Anhelina;Taran;Rostyslavivna;Female;4;2022-09-01;6;f001;sp004;CONTRACT;ACTIVE;a.taran9@ukma.edu.ua;+380501236532;2003-03-19;23
st20220159;Taras;Tkachenko;Romanovych;Male;4;2022-09-01;6;f001;sp004;CONTRACT;ACTIVE;t.tkachenko2@ukma.edu.ua;+380501236510;2004-04-14;22
st20250177;Sofiia;Banit;Viktorivna;Female;1;2025-09-01;1;f001;sp005;CONTRACT;ACTIVE;s.banit@ukma.edu.ua;+380503809969;2006-03-14;20
st20250178;Yurii;Bobrovnik;Serhiiovych;Male;1;2025-09-01;1;f001;sp005;CONTRACT;ACTIVE;y.bobrovnik@ukma.edu.ua;+380503809970;2007-11-20;18
st20250179;Daryna;Bohaievska;Yuriivna;Female;1;2025-09-01;1;f001;sp005;CONTRACT;ACTIVE;d.bohaievska@ukma.edu.ua;+380503809971;2006-05-08;19
st20250180;Daria;Burenko;Vadymivna;Female;1;2025-09-01;1;f001;sp005;CONTRACT;ACTIVE;d.burenko@ukma.edu.ua;+380503809972;2007-01-14;19
st20250181;Timur;Bieliaienko;Oleksandrovych;Male;1;2025-09-01;1;f001;sp005;CONTRACT;ACTIVE;t.bieliaienko@ukma.edu.ua;+380503809973;2006-08-30;19
st20250182;Dmytro;Vakh;Ruslanovych;Male;1;2025-09-01;1;f001;sp005;CONTRACT;ACTIVE;d.vakh@ukma.edu.ua;+380503809974;2007-04-22;18
st20240154;Anna;Babenko;Kyrylivna;Female;2;2024-09-01;1;f001;sp005;CONTRACT;ACTIVE;a.babenko@ukma.edu.ua;+380501234661;2006-08-08;19
st20240155;Vasyl;Babenko;Vitaliiovych;Male;2;2024-09-01;1;f001;sp005;CONTRACT;ACTIVE;v.babenko1@ukma.edu.ua;+380501234668;2006-05-02;19
st20240156;Anna;Babenko;Yuriivna;Female;2;2024-09-01;1;f001;sp005;CONTRACT;ACTIVE;a.babenko1@ukma.edu.ua;+380501234691;2006-11-18;19
st20240157;Solomiia;Bondarenko;Romanivna;Female;2;2024-09-01;1;f001;sp005;CONTRACT;ACTIVE;s.bondarenko2@ukma.edu.ua;+380501234686;2006-10-03;19
st20240158;Solomiia;Dmytrenko;Stepanivna;Female;2;2024-09-01;1;f001;sp005;CONTRACT;ACTIVE;s.dmytrenko1@ukma.edu.ua;+380501234678;2005-09-02;20
st20240159;Viktoriia;Honcharenko;Artemivna;Female;2;2024-09-01;1;f001;sp005;CONTRACT;ACTIVE;v.honcharenko@ukma.edu.ua;+380501234658;2005-07-18;20
st20240160;Anna;Hrytsenko;Vitaliivna;Female;2;2024-09-01;1;f001;sp005;CONTRACT;ACTIVE;a.hrytsenko@ukma.edu.ua;+380501234685;2005-11-23;20
st20230157;Illia;Babenko;Ivanovych;Male;3;2023-09-01;1;f001;sp005;CONTRACT;ACTIVE;i.babenko1@ukma.edu.ua;+380501235619;2005-10-09;20
st20230158;Yelyzaveta;Boiko;Mykhailivna;Female;3;2023-09-01;1;f001;sp005;BUDGET;ACTIVE;y.boiko1@ukma.edu.ua;+380501235614;2004-10-14;21
st20230159;Denys;Boiko;Bohdanovych;Male;3;2023-09-01;1;f001;sp005;BUDGET;ACTIVE;d.boiko2@ukma.edu.ua;+380501235615;2005-08-20;20
st20230160;Olena;Boiko;Tymurivna;Female;3;2023-09-01;1;f001;sp005;BUDGET;ACTIVE;o.boiko1@ukma.edu.ua;+380501235629;2004-11-17;21
st20230161;Bozhena;Boiko;Yuriivna;Female;3;2023-09-01;1;f001;sp005;CONTRACT;ACTIVE;b.boiko@ukma.edu.ua;+380501235644;2005-10-28;20
st20230162;Andrii;Honcharenko;Yuriiovych;Male;3;2023-09-01;1;f001;sp005;BUDGET;ACTIVE;a.honcharenko5@ukma.edu.ua;+380501235620;2005-10-26;20
st20230163;Anton;Honcharenko;Illich;Male;3;2023-09-01;1;f001;sp005;CONTRACT;ACTIVE;a.honcharenko6@ukma.edu.ua;+380501235633;2004-06-20;21
st20220160;Roman;Boiko;Kyrylovych;Male;4;2022-09-01;1;f001;sp005;CONTRACT;ACTIVE;r.boiko3@ukma.edu.ua;+380501236539;2004-08-20;21
st20220161;Illia;Bondar;Artemovych;Male;4;2022-09-01;1;f001;sp005;BUDGET;ACTIVE;i.bondar2@ukma.edu.ua;+380501236559;2003-02-20;23
st20220162;Liubov;Bondarenko;Romanivna;Female;4;2022-09-01;1;f001;sp005;CONTRACT;ACTIVE;l.bondarenko@ukma.edu.ua;+380501236533;2003-08-20;22
st20220163;Vitalii;Bondarenko;Maksymovych;Male;4;2022-09-01;1;f001;sp005;CONTRACT;ACTIVE;v.bondarenko12@ukma.edu.ua;+380501236535;2003-07-22;22
st20220164;Yurii;Dmytrenko;Ivanovych;Male;4;2022-09-01;1;f001;sp005;BUDGET;ACTIVE;y.dmytrenko6@ukma.edu.ua;+380501236545;2003-05-02;22
st20220165;Uliana;Dmytrenko;Romanivna;Female;4;2022-09-01;1;f001;sp005;BUDGET;ACTIVE;u.dmytrenko@ukma.edu.ua;+380501236550;2003-07-08;22
st20250183;Nikita;Velbovets;Romanovych;Male;1;2025-09-01;2;f001;sp005;CONTRACT;ACTIVE;n.velbovets@ukma.edu.ua;+380503809975;2006-12-05;19
st20250184;Kateryna;Halych;Mykolaivna;Female;1;2025-09-01;2;f001;sp005;CONTRACT;ACTIVE;k.halych@ukma.edu.ua;+380503809976;2007-09-11;18
st20250185;Anastasiia;Dziuba;Radyslavivna;Female;1;2025-09-01;2;f001;sp005;CONTRACT;ACTIVE;a.dziuba@ukma.edu.ua;+380503809977;2006-10-27;19
st20250186;Nazar;Diachenko;Ihorovych;Male;1;2025-09-01;2;f001;sp005;BUDGET;ACTIVE;n.diachenko@ukma.edu.ua;+380503809978;2007-02-16;19
st20250187;Illia;Zhelvakov;Yuriiovych;Male;1;2025-09-01;2;f001;sp005;CONTRACT;ACTIVE;i.zhelvakov@ukma.edu.ua;+380503809979;2006-07-03;19
st20250188;Yeva;Yefimova;Ruslanivna;Female;1;2025-09-01;2;f001;sp005;CONTRACT;ACTIVE;y.yefimova@ukma.edu.ua;+380503809980;2007-05-19;18
st20240161;Oleksandr;Ivanenko;Rostyslavovych;Male;2;2024-09-01;2;f001;sp005;CONTRACT;ACTIVE;o.ivanenko1@ukma.edu.ua;+380501234679;2006-02-26;20
st20240162;Hlib;Karpenko;Rostyslavovych;Male;2;2024-09-01;2;f001;sp005;BUDGET;ACTIVE;h.karpenko@ukma.edu.ua;+380501234689;2006-08-21;19
st20240163;Yevhen;Khomenko;Tarasovych;Male;2;2024-09-01;2;f001;sp005;CONTRACT;ACTIVE;y.khomenko@ukma.edu.ua;+380501234654;2006-06-16;19
st20240164;Andrii;Khomenko;Vitaliiovych;Male;2;2024-09-01;2;f001;sp005;CONTRACT;ACTIVE;a.khomenko1@ukma.edu.ua;+380501234682;2005-04-21;20
st20240165;Oleh;Khomenko;Andriiovych;Male;2;2024-09-01;2;f001;sp005;BUDGET;ACTIVE;o.khomenko@ukma.edu.ua;+380501234688;2005-01-06;21
st20240166;Yuliia;Koval;Stepanivna;Female;2;2024-09-01;2;f001;sp005;BUDGET;ACTIVE;y.koval@ukma.edu.ua;+380501234665;2006-05-22;19
st20240167;Yurii;Koval;Andriiovych;Male;2;2024-09-01;2;f001;sp005;CONTRACT;ACTIVE;y.koval1@ukma.edu.ua;+380501234666;2006-11-03;19
st20230164;Khrystyna;Honcharenko;Stepanivna;Female;3;2023-09-01;2;f001;sp005;BUDGET;ACTIVE;k.honcharenko2@ukma.edu.ua;+380501235642;2004-04-12;22
st20230165;Nataliia;Ivanenko;Arturivna;Female;3;2023-09-01;2;f001;sp005;CONTRACT;ACTIVE;n.ivanenko2@ukma.edu.ua;+380501235626;2005-06-17;20
st20230166;Uliana;Karpenko;Ivanivna;Female;3;2023-09-01;2;f001;sp005;BUDGET;ACTIVE;u.karpenko@ukma.edu.ua;+380501235612;2004-02-03;22
st20230167;Bohdan;Karpenko;Valentynovych;Male;3;2023-09-01;2;f001;sp005;CONTRACT;ACTIVE;b.karpenko2@ukma.edu.ua;+380501235630;2005-12-17;20
st20230168;Stepan;Khomenko;Yuriiovych;Male;3;2023-09-01;2;f001;sp005;BUDGET;ACTIVE;s.khomenko5@ukma.edu.ua;+380501235625;2005-11-07;20
st20230169;Oksana;Koval;Mykolaivna;Female;3;2023-09-01;2;f001;sp005;CONTRACT;ACTIVE;o.koval3@ukma.edu.ua;+380501235611;2004-02-17;22
st20230170;Vitalii;Koval;Antonovych;Male;3;2023-09-01;2;f001;sp005;CONTRACT;ACTIVE;v.koval4@ukma.edu.ua;+380501235636;2005-06-09;20
st20220166;Vasyl;Honcharenko;Valentynovych;Male;4;2022-09-01;2;f001;sp005;CONTRACT;ACTIVE;v.honcharenko12@ukma.edu.ua;+380501236564;2004-07-01;21
st20220167;Serhii;Ivanenko;Ivanovych;Male;4;2022-09-01;2;f001;sp005;CONTRACT;ACTIVE;s.ivanenko4@ukma.edu.ua;+380501236543;2003-04-18;23
st20220168;Anastasiia;Karpenko;Olehivna;Female;4;2022-09-01;2;f001;sp005;CONTRACT;ACTIVE;a.karpenko11@ukma.edu.ua;+380501236549;2004-12-15;21
st20220169;Denys;Koval;Ivanovych;Male;4;2022-09-01;2;f001;sp005;CONTRACT;ACTIVE;d.koval4@ukma.edu.ua;+380501236556;2003-07-25;22
st20220170;Yevhen;Koval;Romanovych;Male;4;2022-09-01;2;f001;sp005;CONTRACT;ACTIVE;y.koval5@ukma.edu.ua;+380501236562;2003-08-05;22
st20220171;Oleh;Kovalenko;Illich;Male;4;2022-09-01;2;f001;sp005;BUDGET;ACTIVE;o.kovalenko2@ukma.edu.ua;+380501236538;2003-01-14;23
st20250189;Bohdan;Kobziev;Andriiovych;Male;1;2025-09-01;3;f001;sp005;CONTRACT;ACTIVE;b.kobziev@ukma.edu.ua;+380503809981;2006-09-24;19
st20250190;Kristina;Kostyk;Denysivna;Female;1;2025-09-01;3;f001;sp005;CONTRACT;ACTIVE;k.kostyk@ukma.edu.ua;+380503809982;2007-03-31;19
st20250191;Daria;Kryvsun;Viacheslavivna;Female;1;2025-09-01;3;f001;sp005;CONTRACT;ACTIVE;d.kryvsun@ukma.edu.ua;+380503809983;2006-01-09;20
st20250192;Bohdan;Li;;Male;1;2025-09-01;3;f001;sp005;CONTRACT;ACTIVE;b.li@ukma.edu.ua;+380503809984;2007-11-04;18
st20250193;Dmytro;Makarenko;Yuriiovych;Male;1;2025-09-01;3;f001;sp005;CONTRACT;ACTIVE;d.makarenko@ukma.edu.ua;+380503809985;2006-08-21;19
st20250194;Anastasiia;Mykytiuk;Leonidivna;Female;1;2025-09-01;3;f001;sp005;CONTRACT;ACTIVE;a.mykytiuk@ukma.edu.ua;+380503809986;2007-06-15;18
st20240168;Uliana;Kovalenko;Tarasivna;Female;2;2024-09-01;3;f001;sp005;CONTRACT;ACTIVE;u.kovalenko@ukma.edu.ua;+380501234655;2005-06-12;20
st20240169;Oleksandr;Kravchenko;Hlibovych;Male;2;2024-09-01;3;f001;sp005;CONTRACT;ACTIVE;o.kravchenko@ukma.edu.ua;+380501234677;2006-04-23;19
st20240170;Denys;Marchenko;Andriiovych;Male;2;2024-09-01;3;f001;sp005;CONTRACT;ACTIVE;d.marchenko@ukma.edu.ua;+380501234667;2006-01-04;20
st20240171;Tymur;Marchenko;Vladyslavovych;Male;2;2024-09-01;3;f001;sp005;CONTRACT;ACTIVE;t.marchenko1@ukma.edu.ua;+380501234683;2006-03-25;20
st20240172;Yurii;Melnyk;Dmytrovych;Male;2;2024-09-01;3;f001;sp005;CONTRACT;ACTIVE;y.melnyk@ukma.edu.ua;+380501234659;2006-06-27;19
st20240173;Artem;Melnyk;Denysovych;Male;2;2024-09-01;3;f001;sp005;CONTRACT;ACTIVE;a.melnyk@ukma.edu.ua;+380501234662;2005-09-17;20
st20240174;Alisa;Melnyk;Valentynivna;Female;2;2024-09-01;3;f001;sp005;CONTRACT;ACTIVE;a.melnyk1@ukma.edu.ua;+380501234676;2005-06-15;20
st20230171;Viktoriia;Kovalenko;Vladyslavivna;Female;3;2023-09-01;3;f001;sp005;CONTRACT;ACTIVE;v.kovalenko5@ukma.edu.ua;+380501235618;2004-01-10;22
st20230172;Viktoriia;Kovalenko;Olehivna;Female;3;2023-09-01;3;f001;sp005;CONTRACT;ACTIVE;v.kovalenko6@ukma.edu.ua;+380501235639;2005-09-10;20
st20230173;Khrystyna;Kovalenko;Romanivna;Female;3;2023-09-01;3;f001;sp005;CONTRACT;ACTIVE;k.kovalenko1@ukma.edu.ua;+380501235646;2004-07-07;21
st20230174;Vladyslav;Kravchenko;Tarasovych;Male;3;2023-09-01;3;f001;sp005;CONTRACT;ACTIVE;v.kravchenko3@ukma.edu.ua;+380501235634;2005-09-03;20
st20230175;Bohdan;Kravchenko;Andriiovych;Male;3;2023-09-01;3;f001;sp005;BUDGET;ACTIVE;b.kravchenko1@ukma.edu.ua;+380501235640;2004-05-27;21
st20230176;Alisa;Lysenko;Volodymyrivna;Female;3;2023-09-01;3;f001;sp005;BUDGET;ACTIVE;a.lysenko5@ukma.edu.ua;+380501235649;2004-07-05;21
st20230177;Vira;Lysenko;Andriivna;Female;3;2023-09-01;3;f001;sp005;BUDGET;ACTIVE;v.lysenko5@ukma.edu.ua;+380501235651;2005-01-23;21
st20220172;Mariia;Kravchenko;Maksymivna;Female;4;2022-09-01;3;f001;sp005;CONTRACT;ACTIVE;m.kravchenko4@ukma.edu.ua;+380501236544;2003-01-07;23
st20220173;Artem;Lysenko;Mykolaiovych;Male;4;2022-09-01;3;f001;sp005;CONTRACT;ACTIVE;a.lysenko10@ukma.edu.ua;+380501236553;2004-11-06;21
st20220174;Anton;Marchenko;Volodymyrovych;Male;4;2022-09-01;3;f001;sp005;CONTRACT;ACTIVE;a.marchenko14@ukma.edu.ua;+380501236546;2004-06-05;21
st20220175;Liubov;Marchenko;Volodymyrivna;Female;4;2022-09-01;3;f001;sp005;BUDGET;ACTIVE;l.marchenko@ukma.edu.ua;+380501236560;2004-12-18;21
st20220176;Andrii;Moroz;Yuriiovych;Male;4;2022-09-01;3;f001;sp005;CONTRACT;ACTIVE;a.moroz5@ukma.edu.ua;+380501236552;2003-01-10;23
st20220177;Yevhen;Oliinyk;Artemovych;Male;4;2022-09-01;3;f001;sp005;BUDGET;ACTIVE;y.oliinyk1@ukma.edu.ua;+380501236555;2003-04-20;22
st20250195;Daria;Miroshnichenko;Oleksandrivna;Female;1;2025-09-01;4;f001;sp005;CONTRACT;ACTIVE;d.miroshnichenko@ukma.edu.ua;+380503809987;2006-04-30;19
st20250196;Nazarii;Nazarenko;Ihorovych;Male;1;2025-09-01;4;f001;sp005;CONTRACT;ACTIVE;n.nazarenko@ukma.edu.ua;+380503809988;2007-10-12;18
st20250197;Mykola;Novikov;Viktorovych;Male;1;2025-09-01;4;f001;sp005;CONTRACT;ACTIVE;m.novikov@ukma.edu.ua;+380503809989;2006-02-28;20
st20250198;Borys;Petliovanyi;Leonidovych;Male;1;2025-09-01;4;f001;sp005;CONTRACT;ACTIVE;b.petliovanyi@ukma.edu.ua;+380503809990;2007-07-07;18
st20250199;Volodymyr;Pohribnyi;Volodymyrovych;Male;1;2025-09-01;4;f001;sp005;BUDGET;ACTIVE;v.pohribnyi@ukma.edu.ua;+380503809991;2006-11-19;19
st20250200;Daria;Pokatilova;Volodymyrivna;Female;1;2025-09-01;4;f001;sp005;CONTRACT;ACTIVE;d.pokatilova@ukma.edu.ua;+380503809992;2007-05-23;18
st20240175;Nazar;Melnyk;Valentynovych;Male;2;2024-09-01;4;f001;sp005;BUDGET;ACTIVE;n.melnyk@ukma.edu.ua;+380501234681;2006-11-15;19
st20240176;Oleksandr;Moroz;Volodymyrovych;Male;2;2024-09-01;4;f001;sp005;CONTRACT;ACTIVE;o.moroz@ukma.edu.ua;+380501234671;2006-03-10;20
st20240177;Yurii;Moroz;Rostyslavovych;Male;2;2024-09-01;4;f001;sp005;CONTRACT;ACTIVE;y.moroz@ukma.edu.ua;+380501234684;2006-01-26;20
st20240178;Ihor;Petrenko;Denysovych;Male;2;2024-09-01;4;f001;sp005;CONTRACT;ACTIVE;i.petrenko@ukma.edu.ua;+380501234656;2006-08-19;19
st20240179;Oleksandr;Petrenko;Illich;Male;2;2024-09-01;4;f001;sp005;CONTRACT;ACTIVE;o.petrenko1@ukma.edu.ua;+380501234663;2006-10-14;19
st20240180;Iryna;Petrenko;Andriivna;Female;2;2024-09-01;4;f001;sp005;BUDGET;ACTIVE;i.petrenko1@ukma.edu.ua;+380501234664;2005-03-23;21
st20240181;Volodymyr;Ponomarenko;Serhiiovych;Male;2;2024-09-01;4;f001;sp005;BUDGET;ACTIVE;v.ponomarenko@ukma.edu.ua;+380501234675;2006-01-26;20
st20230178;Yurii;Marchenko;Vitaliiovych;Male;3;2023-09-01;4;f001;sp005;CONTRACT;ACTIVE;y.marchenko8@ukma.edu.ua;+380501235617;2004-01-13;22
st20230179;Nadiia;Melnyk;Illivna;Female;3;2023-09-01;4;f001;sp005;BUDGET;ACTIVE;n.melnyk1@ukma.edu.ua;+380501235628;2004-07-12;21
st20230180;Anna;Moroz;Vladyslavivna;Female;3;2023-09-01;4;f001;sp005;CONTRACT;ACTIVE;a.moroz3@ukma.edu.ua;+380501235635;2004-05-07;21
st20230181;Vira;Panchenko;Arturivna;Female;3;2023-09-01;4;f001;sp005;CONTRACT;ACTIVE;v.panchenko3@ukma.edu.ua;+380501235631;2005-02-23;21
st20230182;Vladyslav;Petrenko;Arturovych;Male;3;2023-09-01;4;f001;sp005;CONTRACT;ACTIVE;v.petrenko3@ukma.edu.ua;+380501235637;2004-02-27;22
st20230183;Alina;Polishchuk;Kyrylivna;Female;3;2023-09-01;4;f001;sp005;CONTRACT;ACTIVE;a.polishchuk5@ukma.edu.ua;+380501235643;2004-01-08;22
st20230184;Oksana;Ponomarenko;Valentynivna;Female;3;2023-09-01;4;f001;sp005;CONTRACT;ACTIVE;o.ponomarenko2@ukma.edu.ua;+380501235613;2004-07-14;21
st20220178;Vitalii;Oliinyk;Romanovych;Male;4;2022-09-01;4;f001;sp005;CONTRACT;ACTIVE;v.oliinyk5@ukma.edu.ua;+380501236558;2003-08-12;22
st20220179;Sofiia;Oliinyk;Olehivna;Female;4;2022-09-01;4;f001;sp005;BUDGET;ACTIVE;s.oliinyk5@ukma.edu.ua;+380501236561;2003-04-19;23
st20220180;Taras;Panchenko;Dmytrovych;Male;4;2022-09-01;4;f001;sp005;CONTRACT;ACTIVE;t.panchenko3@ukma.edu.ua;+380501236540;2003-07-28;22
st20220181;Ivan;Panchenko;Andriiovych;Male;4;2022-09-01;4;f001;sp005;CONTRACT;ACTIVE;i.panchenko2@ukma.edu.ua;+380501236551;2004-12-08;21
st20220182;Kyrylo;Panchenko;Antonovych;Male;4;2022-09-01;4;f001;sp005;CONTRACT;ACTIVE;k.panchenko6@ukma.edu.ua;+380501236565;2003-06-22;22
st20220183;Nadiia;Ponomarenko;Mykhailivna;Female;4;2022-09-01;4;f001;sp005;CONTRACT;ACTIVE;n.ponomarenko3@ukma.edu.ua;+380501236536;2004-08-27;21
st20250201;Antonii;Polovko;Ihorovych;Male;1;2025-09-01;5;f001;sp005;CONTRACT;ACTIVE;a.polovko@ukma.edu.ua;+380503809993;2006-01-04;20
st20250202;Yurii;Ponomarenko;Yaroslavovych;Male;1;2025-09-01;5;f001;sp005;CONTRACT;ACTIVE;y.ponomarenko@ukma.edu.ua;+380503809994;2007-09-29;18
st20250203;Marta;Prokopiuk;Liubomyrivna;Female;1;2025-09-01;5;f001;sp005;CONTRACT;ACTIVE;m.prokopiuk@ukma.edu.ua;+380503809995;2006-12-14;19
st20250204;Mykhailo;Riabchenko;Ihorovych;Male;1;2025-09-01;5;f001;sp005;CONTRACT;ACTIVE;m.riabchenko@ukma.edu.ua;+380503809996;2007-03-08;19
st20250205;Daria;Syniavska;Ihorivna;Female;1;2025-09-01;5;f001;sp005;CONTRACT;ACTIVE;d.syniavska@ukma.edu.ua;+380503809997;2006-06-21;19
st20250206;Vladyslav;Skyrda;Ihorovych;Male;1;2025-09-01;5;f001;sp005;CONTRACT;ACTIVE;v.skyrda@ukma.edu.ua;+380503809998;2007-11-28;18
st20240182;Nadiia;Savchenko;Andriivna;Female;2;2024-09-01;5;f001;sp005;CONTRACT;ACTIVE;n.savchenko@ukma.edu.ua;+380501234670;2005-11-23;20
st20240183;Artur;Savchenko;Mykhailovych;Male;2;2024-09-01;5;f001;sp005;BUDGET;ACTIVE;a.savchenko2@ukma.edu.ua;+380501234674;2006-01-10;20
st20240184;Yuliia;Savchenko;Dmytrivna;Female;2;2024-09-01;5;f001;sp005;CONTRACT;ACTIVE;y.savchenko@ukma.edu.ua;+380501234690;2006-10-26;19
st20240185;Kateryna;Shevchenko;Volodymyrivna;Female;2;2024-09-01;5;f001;sp005;BUDGET;ACTIVE;k.shevchenko@ukma.edu.ua;+380501234669;2006-03-17;20
st20240186;Khrystyna;Shevchuk;Mykolaivna;Female;2;2024-09-01;5;f001;sp005;CONTRACT;ACTIVE;k.shevchuk1@ukma.edu.ua;+380501234673;2006-11-14;19
st20240187;Yuliia;Taran;Oleksandrivna;Female;2;2024-09-01;5;f001;sp005;CONTRACT;ACTIVE;y.taran@ukma.edu.ua;+380501234680;2005-09-19;20
st20240188;Vitalii;Tkachenko;Olehovych;Male;2;2024-09-01;5;f001;sp005;BUDGET;ACTIVE;v.tkachenko2@ukma.edu.ua;+380501234660;2005-01-25;21
st20230185;Sofiia;Radchenko;Rostyslavivna;Female;3;2023-09-01;5;f001;sp005;BUDGET;ACTIVE;s.radchenko1@ukma.edu.ua;+380501235638;2004-01-03;22
st20230186;Dmytro;Rudenko;Tarasovych;Male;3;2023-09-01;5;f001;sp005;CONTRACT;ACTIVE;d.rudenko1@ukma.edu.ua;+380501235645;2004-03-27;22
st20230187;Serhii;Rudenko;Rostyslavovych;Male;3;2023-09-01;5;f001;sp005;BUDGET;ACTIVE;s.rudenko4@ukma.edu.ua;+380501235647;2004-01-04;22
st20230188;Diana;Savchenko;Illivna;Female;3;2023-09-01;5;f001;sp005;CONTRACT;ACTIVE;d.savchenko@ukma.edu.ua;+380501235621;2004-05-22;21
st20230189;Svitlana;Shevchenko;Bohdanivna;Female;3;2023-09-01;5;f001;sp005;CONTRACT;ACTIVE;s.shevchenko5@ukma.edu.ua;+380501235622;2004-12-18;21
st20230190;Veronika;Shevchenko;Vladyslavivna;Female;3;2023-09-01;5;f001;sp005;CONTRACT;ACTIVE;v.shevchenko5@ukma.edu.ua;+380501235641;2005-06-23;20
st20230191;Svitlana;Shevchenko;Dmytrivna;Female;3;2023-09-01;5;f001;sp005;CONTRACT;ACTIVE;s.shevchenko6@ukma.edu.ua;+380501235648;2004-03-09;22
st20220184;Mykhailo;Ponomarenko;Yevhenovych;Male;4;2022-09-01;5;f001;sp005;BUDGET;ACTIVE;m.ponomarenko3@ukma.edu.ua;+380501236554;2003-05-18;22
st20220185;Yuliia;Radchenko;Tarasivna;Female;4;2022-09-01;5;f001;sp005;BUDGET;ACTIVE;y.radchenko5@ukma.edu.ua;+380501236548;2004-10-16;21
st20220186;Halyna;Rudenko;Ivanivna;Female;4;2022-09-01;5;f001;sp005;BUDGET;ACTIVE;h.rudenko1@ukma.edu.ua;+380501236542;2004-01-26;22
st20220187;Anna;Savchenko;Olehivna;Female;4;2022-09-01;5;f001;sp005;BUDGET;ACTIVE;a.savchenko9@ukma.edu.ua;+380501236534;2003-09-18;22
st20220188;Anna;Shevchuk;Andriivna;Female;4;2022-09-01;5;f001;sp005;BUDGET;ACTIVE;a.shevchuk14@ukma.edu.ua;+380501236537;2004-01-01;22
st20220189;Sofiia;Shevchuk;Ivanivna;Female;4;2022-09-01;5;f001;sp005;BUDGET;ACTIVE;s.shevchuk5@ukma.edu.ua;+380501236547;2004-01-05;22
st20250207;Danylo;Solovei;Romanovych;Male;1;2025-09-01;6;f001;sp005;BUDGET;ACTIVE;d.solovei@ukma.edu.ua;+380503809999;2006-04-15;20
st20250208;Vladyslav;Stetsiuk;Volodymyrovych;Male;1;2025-09-01;6;f001;sp005;BUDGET;ACTIVE;v.stetsiuk@ukma.edu.ua;+380503810000;2007-08-01;18
st20250209;Ivan;Ulianchenko;Mykolaiovych;Male;1;2025-09-01;6;f001;sp005;CONTRACT;ACTIVE;i.ulianchenko@ukma.edu.ua;+380503810001;2006-12-13;19
st20250210;Vira;Yakovleva;Andriivna;Female;1;2025-09-01;6;f001;sp005;BUDGET;ACTIVE;v.yakovleva@ukma.edu.ua;+380503810002;2007-04-26;18
st20240189;Yevhen;Tkachenko;Maksymovych;Male;2;2024-09-01;6;f001;sp005;CONTRACT;ACTIVE;y.tkachenko@ukma.edu.ua;+380501234672;2005-07-20;20
st20240190;Yana;Vlasenko;Oleksandrivna;Female;2;2024-09-01;6;f001;sp005;BUDGET;ACTIVE;y.vlasenko@ukma.edu.ua;+380501234657;2005-01-23;21
st20240191;Alina;Vlasenko;Denysivna;Female;2;2024-09-01;6;f001;sp005;CONTRACT;ACTIVE;a.vlasenko2@ukma.edu.ua;+380501234687;2005-03-28;21
st20230192;Denys;Shevchuk;Tarasovych;Male;3;2023-09-01;6;f001;sp005;BUDGET;ACTIVE;d.shevchuk3@ukma.edu.ua;+380501235623;2004-01-06;22
st20230193;Nadiia;Shevchuk;Olehivna;Female;3;2023-09-01;6;f001;sp005;CONTRACT;ACTIVE;n.shevchuk3@ukma.edu.ua;+380501235627;2004-03-21;22
st20230194;Mykola;Sydorenko;Antonovych;Male;3;2023-09-01;6;f001;sp005;BUDGET;ACTIVE;m.sydorenko2@ukma.edu.ua;+380501235624;2004-04-13;22
st20230195;Liubov;Tkachenko;Valentynivna;Female;3;2023-09-01;6;f001;sp005;CONTRACT;ACTIVE;l.tkachenko1@ukma.edu.ua;+380501235632;2005-08-03;20
st20230196;Kateryna;Tkachuk;Valentynivna;Female;3;2023-09-01;6;f001;sp005;BUDGET;ACTIVE;k.tkachuk2@ukma.edu.ua;+380501235616;2005-09-02;20
st20230197;Yana;Tkachuk;Stepanivna;Female;3;2023-09-01;6;f001;sp005;BUDGET;ACTIVE;y.tkachuk@ukma.edu.ua;+380501235650;2005-01-15;21
st20220190;Mariia;Tkachenko;Tymurivna;Female;4;2022-09-01;6;f001;sp005;CONTRACT;ACTIVE;m.tkachenko1@ukma.edu.ua;+380501236541;2004-05-16;21
st20220191;Denys;Tkachenko;Rostyslavovych;Male;4;2022-09-01;6;f001;sp005;BUDGET;ACTIVE;d.tkachenko5@ukma.edu.ua;+380501236563;2003-02-05;23
st20220192;Mykola;Tkachuk;Olehovych;Male;4;2022-09-01;6;f001;sp005;CONTRACT;ACTIVE;m.tkachuk2@ukma.edu.ua;+380501236557;2003-06-03;22
st20250211;Anastasiia;Anokhina;Kostiantynivna;Female;1;2025-09-01;1;f002;sp006;CONTRACT;ACTIVE;a.anokhina@ukma.edu.ua;+380501234501;2006-03-12;20
st20250212;Diana;Babanko;Yuriivna;Female;1;2025-09-01;1;f002;sp006;CONTRACT;ACTIVE;d.babanko@ukma.edu.ua;+380501234502;2007-08-23;18
st20250213;Mariia;Baklan;Serhiivna;Female;1;2025-09-01;1;f002;sp006;CONTRACT;ACTIVE;m.baklan@ukma.edu.ua;+380501234503;2006-11-05;19
st20250214;Anastasiia;Boiko;Vasylivna;Female;1;2025-09-01;1;f002;sp006;BUDGET;ACTIVE;a.boiko@ukma.edu.ua;+380501234504;2007-01-14;19
st20250215;Valeriia;Bulakivska;Mykhailivna;Female;1;2025-09-01;1;f002;sp006;CONTRACT;ACTIVE;v.bulakivska@ukma.edu.ua;+380501234505;2006-09-30;19
st20250216;Mariia;Vashchuk;Serhiivna;Female;1;2025-09-01;1;f002;sp006;CONTRACT;ACTIVE;m.vashchuk@ukma.edu.ua;+380501234506;2007-05-18;18
st20240192;Valeriia;Andrushchenko;Ruslanivna;Female;2;2024-09-01;1;f002;sp006;CONTRACT;ACTIVE;v.andrushchenko@ukma.edu.ua;+380501234746;2006-11-09;19
st20240193;Nikolai;Avdoshko;Dmytrovych;Male;2;2024-09-01;1;f002;sp006;CONTRACT;ACTIVE;n.avdoshko@ukma.edu.ua;+380501234717;2005-09-16;20
st20240194;Mariia;Bakanycheva;Oleksandrivna;Female;2;2024-09-01;1;f002;sp006;BUDGET;ACTIVE;m.bakanycheva@ukma.edu.ua;+380501234692;2006-06-01;19
st20240195;Viktoriia;Biletska;Viktorivna;Female;2;2024-09-01;1;f002;sp006;CONTRACT;ACTIVE;v.biletska@ukma.edu.ua;+380501234741;2006-10-17;19
st20240196;Sofiia;Boiko;Viktorivna;Female;2;2024-09-01;1;f002;sp006;CONTRACT;ACTIVE;s.boiko@ukma.edu.ua;+380501234726;2006-06-25;19
st20240197;Daria;Bzenko;Dmytrivna;Female;2;2024-09-01;1;f002;sp006;BUDGET;ACTIVE;d.bzenko@ukma.edu.ua;+380501234714;2005-10-23;20
st20240198;Valeriia;Diakova;Oleksandrivna;Female;2;2024-09-01;1;f002;sp006;CONTRACT;ACTIVE;v.diakova@ukma.edu.ua;+380501234761;2005-01-09;21
st20240199;Sofiia;Dilihodina;Yevheniivna;Female;2;2024-09-01;1;f002;sp006;CONTRACT;ACTIVE;s.dilihodina@ukma.edu.ua;+380501234762;2005-11-24;20
st20240200;Vladyslava;Dmitriieva;Yevhenivna;Female;2;2024-09-01;1;f002;sp006;CONTRACT;ACTIVE;v.dmitriieva@ukma.edu.ua;+380501234727;2006-11-27;19
st20240201;Viktoriia;Dzhulai;Serhiivna;Female;2;2024-09-01;1;f002;sp006;CONTRACT;ACTIVE;v.dzhulai@ukma.edu.ua;+380501234733;2005-04-27;20
st20240202;Kateryna;Halunko;Volodymyrivna;Female;2;2024-09-01;1;f002;sp006;BUDGET;ACTIVE;k.halunko@ukma.edu.ua;+380501234702;2006-11-10;19
st20240203;Kateryna;Hamieza;Olehivna;Female;2;2024-09-01;1;f002;sp006;BUDGET;ACTIVE;k.hamieza@ukma.edu.ua;+380501234710;2006-01-24;20
st20240204;Anna;Havryliuk;Dmytrivna;Female;2;2024-09-01;1;f002;sp006;CONTRACT;ACTIVE;a.havryliuk1@ukma.edu.ua;+380501234718;2005-04-16;21
st20240205;Sofiia;Honcharova;Viktorivna;Female;2;2024-09-01;1;f002;sp006;CONTRACT;ACTIVE;s.honcharova@ukma.edu.ua;+380501234743;2006-08-20;19
st20230198;Kseniia;Babenko;Serhiivna;Female;3;2023-09-01;1;f002;sp006;BUDGET;ACTIVE;k.babenko@ukma.edu.ua;+380501235652;2004-10-26;21
st20230199;Anton;Babenko;Arturovych;Male;3;2023-09-01;1;f002;sp006;BUDGET;ACTIVE;a.babenko5@ukma.edu.ua;+380501235674;2004-09-08;21
st20230200;Rostyslav;Boiko;Vitaliiovych;Male;3;2023-09-01;1;f002;sp006;BUDGET;ACTIVE;r.boiko1@ukma.edu.ua;+380501235664;2005-06-22;20
st20230201;Uliana;Boiko;Valentynivna;Female;3;2023-09-01;1;f002;sp006;CONTRACT;ACTIVE;u.boiko@ukma.edu.ua;+380501235683;2004-03-27;22
st20230202;Volodymyr;Bondar;Maksymovych;Male;3;2023-09-01;1;f002;sp006;CONTRACT;ACTIVE;v.bondar3@ukma.edu.ua;+380501235665;2005-04-21;20
st20230203;Tymur;Bondarenko;Oleksandrovych;Male;3;2023-09-01;1;f002;sp006;CONTRACT;ACTIVE;t.bondarenko1@ukma.edu.ua;+380501235657;2004-09-19;21
st20220193;Yana;Babenko;Illivna;Female;4;2022-09-01;1;f002;sp006;BUDGET;ACTIVE;y.babenko5@ukma.edu.ua;+380501236596;2004-09-15;21
st20220194;Oleh;Boiko;Ivanovych;Male;4;2022-09-01;1;f002;sp006;BUDGET;ACTIVE;o.boiko2@ukma.edu.ua;+380501236584;2003-05-26;22
st20220195;Uliana;Boiko;Hlibivna;Female;4;2022-09-01;1;f002;sp006;BUDGET;ACTIVE;u.boiko1@ukma.edu.ua;+380501236606;2004-09-28;21
st20220196;Ivan;Boiko;Mykolaiovych;Male;4;2022-09-01;1;f002;sp006;CONTRACT;ACTIVE;i.boiko3@ukma.edu.ua;+380501236607;2003-05-21;22
st20220197;Oksana;Boiko;Yevhenivna;Female;4;2022-09-01;1;f002;sp006;CONTRACT;ACTIVE;o.boiko3@ukma.edu.ua;+380501236608;2004-06-18;21
st20220198;Yevhen;Bondar;Antonovych;Male;4;2022-09-01;1;f002;sp006;CONTRACT;ACTIVE;y.bondar4@ukma.edu.ua;+380501236573;2003-03-03;23
st20220199;Mykhailo;Bondar;Dmytrovych;Male;4;2022-09-01;1;f002;sp006;BUDGET;ACTIVE;m.bondar7@ukma.edu.ua;+380501236589;2004-10-19;21
st20220200;Vladyslav;Bondarenko;Hlibovych;Male;4;2022-09-01;1;f002;sp006;CONTRACT;ACTIVE;v.bondarenko13@ukma.edu.ua;+380501236583;2004-01-14;22
st20250217;Yakiv;Vashchenko;Tymofiiovych;Male;1;2025-09-01;2;f002;sp006;CONTRACT;ACTIVE;y.vashchenko@ukma.edu.ua;+380501234507;2006-03-22;20
st20250218;Anastasiia;Verhun;Maksymivna;Female;1;2025-09-01;2;f002;sp006;CONTRACT;ACTIVE;a.verhun@ukma.edu.ua;+380501234508;2007-12-11;18
st20250219;Arina;Herasymych;Anatoliivna;Female;1;2025-09-01;2;f002;sp006;CONTRACT;ACTIVE;a.herasymych@ukma.edu.ua;+380501234509;2006-07-07;19
st20250220;Khrystyna;Honcharuk;Volodymyrivna;Female;1;2025-09-01;2;f002;sp006;CONTRACT;ACTIVE;k.honcharuk@ukma.edu.ua;+380501234510;2007-02-28;19
st20250221;Solomiia;Hovorukha;Mykolaivna;Female;1;2025-09-01;2;f002;sp006;BUDGET;ACTIVE;s.hovorukha@ukma.edu.ua;+380501234511;2006-10-15;19
st20250222;Anastasiia;Hrecha;Ihorivna;Female;1;2025-09-01;2;f002;sp006;CONTRACT;ACTIVE;a.hrecha@ukma.edu.ua;+380501234512;2007-06-04;18
st20240206;Oleksandra;Ivanets;Yuriivna;Female;2;2024-09-01;2;f002;sp006;CONTRACT;ACTIVE;o.ivanets@ukma.edu.ua;+380501234771;2006-12-11;19
st20240207;Daria;Ivanova;Olehivna;Female;2;2024-09-01;2;f002;sp006;BUDGET;ACTIVE;d.ivanova@ukma.edu.ua;+380501234703;2005-01-06;21
st20240208;Vitalina;Ivashchenko;Vitaliivna;Female;2;2024-09-01;2;f002;sp006;CONTRACT;ACTIVE;v.ivashchenko@ukma.edu.ua;+380501234769;2006-10-22;19
st20240209;Mariia;Kadatska;Pavlivna;Female;2;2024-09-01;2;f002;sp006;CONTRACT;ACTIVE;m.kadatska@ukma.edu.ua;+380501234748;2006-11-18;19
st20240210;Kateryna;Kaplonova;Borysivna;Female;2;2024-09-01;2;f002;sp006;CONTRACT;ACTIVE;k.kaplonova@ukma.edu.ua;+380501234721;2005-06-28;20
st20240211;Mariia;Kapshuk;Oleksandrivna;Female;2;2024-09-01;2;f002;sp006;CONTRACT;ACTIVE;m.kapshuk@ukma.edu.ua;+380501234763;2006-03-15;20
st20240212;Yevheniia;Katsii;Andriivna;Female;2;2024-09-01;2;f002;sp006;CONTRACT;ACTIVE;y.katsii@ukma.edu.ua;+380501234744;2005-08-08;20
st20240213;Oleksandra;Khavrych;Petrivna;Female;2;2024-09-01;2;f002;sp006;CONTRACT;ACTIVE;o.khavrych@ukma.edu.ua;+380501234719;2006-03-27;20
st20240214;Anastasiia;Khlan;Oleksandrivna;Female;2;2024-09-01;2;f002;sp006;CONTRACT;ACTIVE;a.khlan@ukma.edu.ua;+380501234725;2005-12-14;20
st20240215;Diana;Korenchuk;Bohdanivna;Female;2;2024-09-01;2;f002;sp006;CONTRACT;ACTIVE;d.korenchuk@ukma.edu.ua;+380501234759;2005-10-07;20
st20240216;Veronika;Korzhuk;Volodymyrivna;Female;2;2024-09-01;2;f002;sp006;CONTRACT;ACTIVE;v.korzhuk@ukma.edu.ua;+380501234724;2006-05-04;19
st20240217;Karyna;Koshchei;Oleksandrivna;Female;2;2024-09-01;2;f002;sp006;CONTRACT;ACTIVE;k.koshchei@ukma.edu.ua;+380501234739;2005-12-20;20
st20240218;Anastasiia;Kotova;Andriivna;Female;2;2024-09-01;2;f002;sp006;BUDGET;ACTIVE;a.kotova@ukma.edu.ua;+380501234713;2006-01-07;20
st20240219;Sofiia;Kovalenko;Pavlivna;Female;2;2024-09-01;2;f002;sp006;BUDGET;ACTIVE;s.kovalenko@ukma.edu.ua;+380501234704;2006-11-27;19
st20230204;Khrystyna;Bondarenko;Yevhenivna;Female;3;2023-09-01;2;f002;sp006;CONTRACT;ACTIVE;k.bondarenko@ukma.edu.ua;+380501235669;2005-12-03;20
st20230205;Vladyslav;Dmytrenko;Stepanovych;Male;3;2023-09-01;2;f002;sp006;BUDGET;ACTIVE;v.dmytrenko2@ukma.edu.ua;+380501235660;2005-03-19;21
st20230206;Iryna;Dmytrenko;Yevhenivna;Female;3;2023-09-01;2;f002;sp006;CONTRACT;ACTIVE;i.dmytrenko2@ukma.edu.ua;+380501235661;2004-12-10;21
st20230207;Vasyl;Dmytrenko;Denysovych;Male;3;2023-09-01;2;f002;sp006;BUDGET;ACTIVE;v.dmytrenko3@ukma.edu.ua;+380501235679;2005-03-03;21
st20230208;Anna;Dmytrenko;Tymurivna;Female;3;2023-09-01;2;f002;sp006;CONTRACT;ACTIVE;a.dmytrenko4@ukma.edu.ua;+380501235680;2004-10-17;21
st20230209;Nataliia;Havryliuk;Tymurivna;Female;3;2023-09-01;2;f002;sp006;CONTRACT;ACTIVE;n.havryliuk1@ukma.edu.ua;+380501235658;2005-01-21;21
st20220201;Denys;Bondarenko;Antonovych;Male;4;2022-09-01;2;f002;sp006;CONTRACT;ACTIVE;d.bondarenko@ukma.edu.ua;+380501236592;2004-02-10;22
st20220202;Oksana;Dmytrenko;Oleksandrivna;Female;4;2022-09-01;2;f002;sp006;CONTRACT;ACTIVE;o.dmytrenko4@ukma.edu.ua;+380501236577;2003-09-02;22
st20220203;Nataliia;Dmytrenko;Rostyslavivna;Female;4;2022-09-01;2;f002;sp006;CONTRACT;ACTIVE;n.dmytrenko1@ukma.edu.ua;+380501236590;2004-01-02;22
st20220204;Valentyn;Havryliuk;Yevhenovych;Male;4;2022-09-01;2;f002;sp006;BUDGET;ACTIVE;v.havryliuk5@ukma.edu.ua;+380501236581;2004-01-26;22
st20220205;Roman;Hrytsenko;Valentynovych;Male;4;2022-09-01;2;f002;sp006;CONTRACT;ACTIVE;r.hrytsenko1@ukma.edu.ua;+380501236566;2003-10-26;22
st20220206;Bozhena;Hrytsenko;Kyrylivna;Female;4;2022-09-01;2;f002;sp006;CONTRACT;ACTIVE;b.hrytsenko1@ukma.edu.ua;+380501236580;2004-03-01;22
st20220207;Yuliia;Hrytsenko;Hlibivna;Female;4;2022-09-01;2;f002;sp006;CONTRACT;ACTIVE;y.hrytsenko4@ukma.edu.ua;+380501236600;2004-05-12;21
st20220208;Ivan;Ivanenko;Andriiovych;Male;4;2022-09-01;2;f002;sp006;BUDGET;ACTIVE;i.ivanenko5@ukma.edu.ua;+380501236585;2004-05-01;21
st20250223;Taisiia;Hryniv;Oleksandrivna;Female;1;2025-09-01;3;f002;sp006;CONTRACT;ACTIVE;t.hryniv@ukma.edu.ua;+380501234513;2006-01-20;20
st20250224;Kira;Dakhnenko;Serhiivna;Female;1;2025-09-01;3;f002;sp006;CONTRACT;ACTIVE;k.dakhnenko@ukma.edu.ua;+380501234514;2007-09-12;18
st20250225;Sofiia;Davyhora;Vitaliivna;Female;1;2025-09-01;3;f002;sp006;CONTRACT;ACTIVE;s.davyhora@ukma.edu.ua;+380501234515;2006-08-08;19
st20250226;Valeriia;Dobrodniak;Anatoliivna;Female;1;2025-09-01;3;f002;sp006;CONTRACT;ACTIVE;v.dobrodniak@ukma.edu.ua;+380501234516;2007-04-01;19
st20250227;Yevheniia;Dmukhovska;Eduardivna;Female;1;2025-09-01;3;f002;sp006;CONTRACT;ACTIVE;y.dmukhovska@ukma.edu.ua;+380501234517;2006-12-25;19
st20250228;Roman;Zhitynskyi;Ihorovych;Male;1;2025-09-01;3;f002;sp006;BUDGET;ACTIVE;r.zhitynskyi@ukma.edu.ua;+380501234518;2007-11-18;18
st20250229;Sofiia;Zadorozhna;Viacheslavivna;Female;1;2025-09-01;3;f002;sp006;CONTRACT;ACTIVE;s.zadorozhna@ukma.edu.ua;+380501234519;2006-05-09;19
st20240220;Sofiia;Kovryha;Tarasivna;Female;2;2024-09-01;3;f002;sp006;BUDGET;ACTIVE;s.kovryha@ukma.edu.ua;+380501234708;2005-07-12;20
st20240221;Anastasiia;Kozlitina;Andriivna;Female;2;2024-09-01;3;f002;sp006;CONTRACT;ACTIVE;a.kozlitina@ukma.edu.ua;+380501234749;2005-04-13;21
st20240222;Mylana;Kravets;Antonivna;Female;2;2024-09-01;3;f002;sp006;CONTRACT;ACTIVE;m.kravets@ukma.edu.ua;+380501234722;2005-07-23;20
st20240223;Sofiia;Kushneruk;Oleksandrivna;Female;2;2024-09-01;3;f002;sp006;CONTRACT;ACTIVE;s.kushneruk@ukma.edu.ua;+380501234730;2006-03-04;20
st20240224;Anhelina;Kushnir;Oleksiivna;Female;2;2024-09-01;3;f002;sp006;CONTRACT;ACTIVE;a.kushnir@ukma.edu.ua;+380501234729;2006-06-23;19
st20240225;Sofiia;Lipukhina;Antonivna;Female;2;2024-09-01;3;f002;sp006;CONTRACT;ACTIVE;s.lipukhina@ukma.edu.ua;+380501234751;2007-01-05;19
st20240226;Olesia;Lishenko;Dmytrivna;Female;2;2024-09-01;3;f002;sp006;CONTRACT;ACTIVE;o.lishenko@ukma.edu.ua;+380501234753;2006-06-05;19
st20240227;Tetiana;Lonska;Serhiivna;Female;2;2024-09-01;3;f002;sp006;CONTRACT;ACTIVE;t.lonska@ukma.edu.ua;+380501234720;2006-12-15;19
st20240228;Albina;Lutfullina;Vitaliivna;Female;2;2024-09-01;3;f002;sp006;BUDGET;ACTIVE;a.lutfullina@ukma.edu.ua;+380501234705;2005-12-17;20
st20240229;Pavlo;Makarenko;Yuriiovych;Male;2;2024-09-01;3;f002;sp006;CONTRACT;ACTIVE;p.makarenko@ukma.edu.ua;+380501234736;2005-04-02;21
st20240230;Viktoriia;Matusevych;Tarasivna;Female;2;2024-09-01;3;f002;sp006;BUDGET;ACTIVE;v.matusevych@ukma.edu.ua;+380501234693;2006-03-14;20
st20240231;Kateryna;Mintianska;Yaroslavivna;Female;2;2024-09-01;3;f002;sp006;BUDGET;ACTIVE;k.mintianska@ukma.edu.ua;+380501234707;2006-04-13;20
st20240232;Anastasiia;Morhun;Mykolaivna;Female;2;2024-09-01;3;f002;sp006;BUDGET;ACTIVE;a.morhun@ukma.edu.ua;+380501234701;2006-08-02;19
st20240233;Svitlana;Mozalevska;Oleksandrivna;Female;2;2024-09-01;3;f002;sp006;CONTRACT;ACTIVE;s.mozalevska@ukma.edu.ua;+380501234735;2006-03-10;20
st20230210;Tymur;Havryliuk;Maksymovych;Male;3;2023-09-01;3;f002;sp006;BUDGET;ACTIVE;t.havryliuk2@ukma.edu.ua;+380501235663;2005-04-10;21
st20230211;Uliana;Havryliuk;Bohdanivna;Female;3;2023-09-01;3;f002;sp006;BUDGET;ACTIVE;u.havryliuk1@ukma.edu.ua;+380501235673;2005-06-21;20
st20230212;Nazar;Havryliuk;Denysovych;Male;3;2023-09-01;3;f002;sp006;CONTRACT;ACTIVE;n.havryliuk2@ukma.edu.ua;+380501235681;2005-06-03;20
st20230213;Polina;Honcharenko;Vitaliivna;Female;3;2023-09-01;3;f002;sp006;BUDGET;ACTIVE;p.honcharenko1@ukma.edu.ua;+380501235668;2004-10-27;21
st20230214;Valeriia;Khomenko;Kyrylivna;Female;3;2023-09-01;3;f002;sp006;BUDGET;ACTIVE;v.khomenko4@ukma.edu.ua;+380501235654;2005-01-09;21
st20230215;Stepan;Kovalenko;Arturovych;Male;3;2023-09-01;3;f002;sp006;CONTRACT;ACTIVE;s.kovalenko2@ukma.edu.ua;+380501235659;2005-09-05;20
st20220209;Vasyl;Ivanenko;Stepanovych;Male;4;2022-09-01;3;f002;sp006;CONTRACT;ACTIVE;v.ivanenko8@ukma.edu.ua;+380501236603;2003-02-21;23
st20220210;Uliana;Karpenko;Ivanivna;Female;4;2022-09-01;3;f002;sp006;CONTRACT;ACTIVE;u.karpenko1@ukma.edu.ua;+380501236579;2004-05-01;21
st20220211;Solomiia;Koval;Tymurivna;Female;4;2022-09-01;3;f002;sp006;BUDGET;ACTIVE;s.koval7@ukma.edu.ua;+380501236567;2003-02-23;23
st20220212;Oksana;Lysenko;Vladyslavivna;Female;4;2022-09-01;3;f002;sp006;CONTRACT;ACTIVE;o.lysenko2@ukma.edu.ua;+380501236568;2003-05-15;22
st20220213;Pavlo;Lysenko;Volodymyrovych;Male;4;2022-09-01;3;f002;sp006;BUDGET;ACTIVE;p.lysenko3@ukma.edu.ua;+380501236572;2004-11-04;21
st20220214;Pavlo;Melnyk;Maksymovych;Male;4;2022-09-01;3;f002;sp006;BUDGET;ACTIVE;p.melnyk@ukma.edu.ua;+380501236588;2003-01-03;23
st20220215;Oleksandr;Moroz;Valentynovych;Male;4;2022-09-01;3;f002;sp006;CONTRACT;ACTIVE;o.moroz5@ukma.edu.ua;+380501236587;2004-05-04;21
st20220216;Anastasiia;Moroz;Serhiivna;Female;4;2022-09-01;3;f002;sp006;CONTRACT;ACTIVE;a.moroz6@ukma.edu.ua;+380501236604;2003-03-12;23
st20250230;Anastasiia;Zadorozhna;Valeriivna;Female;1;2025-09-01;4;f002;sp006;BUDGET;ACTIVE;a.zadorozhna@ukma.edu.ua;+380501234520;2007-03-27;19
st20250231;Oksana;Zadorozhna;Serhiivna;Female;1;2025-09-01;4;f002;sp006;BUDGET;ACTIVE;o.zadorozhna@ukma.edu.ua;+380501234521;2006-02-14;20
st20250232;Sofiia;Zaluzhniak;Oleksandrivna;Female;1;2025-09-01;4;f002;sp006;CONTRACT;ACTIVE;s.zaluzhniak@ukma.edu.ua;+380501234522;2007-07-21;18
st20250233;Oleksandr;Ilyshnytskyi;Yuriiovych;Male;1;2025-09-01;4;f002;sp006;CONTRACT;ACTIVE;o.ilyshnytskyi@ukma.edu.ua;+380501234523;2006-09-05;19
st20250234;Volodymyr;Ilin;Oleksiiovych;Male;1;2025-09-01;4;f002;sp006;CONTRACT;ACTIVE;v.ilin@ukma.edu.ua;+380501234524;2007-01-30;19
st20250235;Yulianna;Ivashkevych;Viacheslavivna;Female;1;2025-09-01;4;f002;sp006;CONTRACT;ACTIVE;y.ivashkevych@ukma.edu.ua;+380501234525;2006-11-12;19
st20250236;Polina;Isaienko;;Female;1;2025-09-01;4;f002;sp006;CONTRACT;ACTIVE;p.isaienko@ukma.edu.ua;+380501234526;2007-08-04;18
st20240234;Kateryna;Nazaruk;Ruslanivna;Female;2;2024-09-01;4;f002;sp006;BUDGET;ACTIVE;k.nazaruk@ukma.edu.ua;+380501234697;2006-09-13;19
st20240235;Uliana;Okhonko;Viktorivna;Female;2;2024-09-01;4;f002;sp006;CONTRACT;ACTIVE;u.okhonko@ukma.edu.ua;+380501234767;2006-11-16;19
st20240236;Marharyta;Ostapenko;Denysivna;Female;2;2024-09-01;4;f002;sp006;CONTRACT;ACTIVE;m.ostapenko@ukma.edu.ua;+380501234737;2006-02-18;20
st20240237;Olha;Pashchenko;Oleksiivna;Female;2;2024-09-01;4;f002;sp006;BUDGET;ACTIVE;o.pashchenko@ukma.edu.ua;+380501234696;2006-07-07;19
st20240238;Anhelina;Patsek;Stepanivna;Female;2;2024-09-01;4;f002;sp006;BUDGET;ACTIVE;a.patsek@ukma.edu.ua;+380501234706;2005-03-24;21
st20240239;Mariia;Pavliuk;Oleksandrivna;Female;2;2024-09-01;4;f002;sp006;CONTRACT;ACTIVE;m.pavliuk@ukma.edu.ua;+380501234758;2005-02-09;21
st20240240;Denys;Pavlyk;Andriiovych;Male;2;2024-09-01;4;f002;sp006;CONTRACT;ACTIVE;d.pavlyk@ukma.edu.ua;+380501234732;2005-10-17;20
st20240241;Izabella;Perchyts;Andriivna;Female;2;2024-09-01;4;f002;sp006;CONTRACT;ACTIVE;i.perchyts@ukma.edu.ua;+380501234745;2006-09-14;19
st20240242;Sofiia;Pinchuk;Volodymyrivna;Female;2;2024-09-01;4;f002;sp006;BUDGET;ACTIVE;s.pinchuk@ukma.edu.ua;+380501234700;2006-10-10;19
st20240243;Anastasiia;Pobihushcha;Romanivna;Female;2;2024-09-01;4;f002;sp006;BUDGET;ACTIVE;a.pobihushcha@ukma.edu.ua;+380501234699;2006-12-16;19
st20240244;Sofiia;Porkhun;Viacheslavivna;Female;2;2024-09-01;4;f002;sp006;CONTRACT;ACTIVE;s.porkhun@ukma.edu.ua;+380501234734;2006-02-13;20
st20240245;Sofiia;Pruzhenko;Oleksiivna;Female;2;2024-09-01;4;f002;sp006;CONTRACT;ACTIVE;s.pruzhenko@ukma.edu.ua;+380501234760;2005-01-08;21
st20240246;Polina;Pylypenko;Serhiivna;Female;2;2024-09-01;4;f002;sp006;CONTRACT;ACTIVE;p.pylypenko@ukma.edu.ua;+380501234755;2006-05-06;19
st20240247;Sofiia;Radchuk;Olehivna;Female;2;2024-09-01;4;f002;sp006;CONTRACT;ACTIVE;s.radchuk@ukma.edu.ua;+380501234750;2005-01-20;21
st20230216;Polina;Kravchenko;Yuriivna;Female;3;2023-09-01;4;f002;sp006;CONTRACT;ACTIVE;p.kravchenko@ukma.edu.ua;+380501235655;2005-09-22;20
st20230217;Stepan;Kravchenko;Dmytrovych;Male;3;2023-09-01;4;f002;sp006;BUDGET;ACTIVE;s.kravchenko3@ukma.edu.ua;+380501235682;2004-02-10;22
st20230218;Volodymyr;Kravchenko;Mykhailovych;Male;3;2023-09-01;4;f002;sp006;CONTRACT;ACTIVE;v.kravchenko4@ukma.edu.ua;+380501235684;2005-08-28;20
st20230219;Taras;Lysenko;Rostyslavovych;Male;3;2023-09-01;4;f002;sp006;BUDGET;ACTIVE;t.lysenko3@ukma.edu.ua;+380501235676;2005-08-09;20
st20230220;Dmytro;Marchenko;Valentynovych;Male;3;2023-09-01;4;f002;sp006;CONTRACT;ACTIVE;d.marchenko4@ukma.edu.ua;+380501235677;2004-03-26;22
st20230221;Mykola;Marchenko;Mykhailovych;Male;3;2023-09-01;4;f002;sp006;BUDGET;ACTIVE;m.marchenko@ukma.edu.ua;+380501235685;2005-05-16;20
st20220217;Iryna;Oliinyk;Mykhailivna;Female;4;2022-09-01;4;f002;sp006;BUDGET;ACTIVE;i.oliinyk7@ukma.edu.ua;+380501236591;2003-06-21;22
st20220218;Viktoriia;Petrenko;Vitaliivna;Female;4;2022-09-01;4;f002;sp006;CONTRACT;ACTIVE;v.petrenko9@ukma.edu.ua;+380501236599;2003-12-23;22
st20220219;Artem;Polishchuk;Maksymovych;Male;4;2022-09-01;4;f002;sp006;CONTRACT;ACTIVE;a.polishchuk8@ukma.edu.ua;+380501236574;2003-06-04;22
st20220220;Anton;Ponomarenko;Antonovych;Male;4;2022-09-01;4;f002;sp006;BUDGET;ACTIVE;a.ponomarenko8@ukma.edu.ua;+380501236575;2003-11-03;22
st20220221;Oleh;Ponomarenko;Stepanovych;Male;4;2022-09-01;4;f002;sp006;BUDGET;ACTIVE;o.ponomarenko5@ukma.edu.ua;+380501236578;2003-06-28;22
st20220222;Rostyslav;Radchenko;Tymurovych;Male;4;2022-09-01;4;f002;sp006;CONTRACT;ACTIVE;r.radchenko3@ukma.edu.ua;+380501236569;2004-07-20;21
st20220223;Halyna;Radchenko;Serhiivna;Female;4;2022-09-01;4;f002;sp006;BUDGET;ACTIVE;h.radchenko1@ukma.edu.ua;+380501236602;2004-09-21;21
st20220224;Pavlo;Radchenko;Bohdanovych;Male;4;2022-09-01;4;f002;sp006;BUDGET;ACTIVE;p.radchenko3@ukma.edu.ua;+380501236605;2003-03-10;23
st20250237;Mariia;Kovalenko;Sviatoslavivna;Female;1;2025-09-01;5;f002;sp006;CONTRACT;ACTIVE;m.kovalenko@ukma.edu.ua;+380501234527;2006-04-19;20
st20250238;Anna;Kononenko;Yevheniivna;Female;1;2025-09-01;5;f002;sp006;CONTRACT;ACTIVE;a.kononenko@ukma.edu.ua;+380501234528;2007-10-09;18
st20250239;Maksym;Korablin;Andriiovych;Male;1;2025-09-01;5;f002;sp006;BUDGET;ACTIVE;m.korablin@ukma.edu.ua;+380501234529;2006-06-25;19
st20250240;Oleksandra;Kohteva;Maksymivna;Female;1;2025-09-01;5;f002;sp006;CONTRACT;ACTIVE;o.kohteva@ukma.edu.ua;+380501234530;2007-02-05;19
st20250241;Sofiia;Kozarii;Viacheslavivna;Female;1;2025-09-01;5;f002;sp006;CONTRACT;ACTIVE;s.kozarii@ukma.edu.ua;+380501234531;2006-01-11;20
st20250242;Liliia;Kozeletska;Andriivna;Female;1;2025-09-01;5;f002;sp006;BUDGET;ACTIVE;l.kozeletska@ukma.edu.ua;+380501234532;2007-05-29;18
st20250243;Anna;Kolomiiets;Olehivna;Female;1;2025-09-01;5;f002;sp006;CONTRACT;ACTIVE;a.kolomiiets@ukma.edu.ua;+380501234533;2006-12-02;19
st20250244;Sofiia;Kotsiubynska;Maksymivna;Female;1;2025-09-01;5;f002;sp006;CONTRACT;ACTIVE;s.kotsiubynska@ukma.edu.ua;+380501234534;2007-09-17;18
st20240248;Iryna;Rudas;Volodymyrivna;Female;2;2024-09-01;5;f002;sp006;CONTRACT;ACTIVE;i.rudas@ukma.edu.ua;+380501234740;2005-05-22;20
st20240249;Kseniia;Rudnieva;Kyrylivna;Female;2;2024-09-01;5;f002;sp006;CONTRACT;ACTIVE;k.rudnieva@ukma.edu.ua;+380501234731;2006-07-16;19
st20240250;Vladyslav;Rudyk;Volodymyrovych;Male;2;2024-09-01;5;f002;sp006;CONTRACT;ACTIVE;v.rudyk@ukma.edu.ua;+380501234770;2006-04-13;20
st20240251;Anastasiia;Rusina;Oleksiivna;Female;2;2024-09-01;5;f002;sp006;CONTRACT;ACTIVE;a.rusina@ukma.edu.ua;+380501234754;2005-08-24;20
st20240252;Diana;Samus;Anatoliivna;Female;2;2024-09-01;5;f002;sp006;CONTRACT;ACTIVE;d.samus@ukma.edu.ua;+380501234742;2005-03-17;21
st20240253;Liliia;Sarazhynska;Oleksandrivna;Female;2;2024-09-01;5;f002;sp006;BUDGET;ACTIVE;l.sarazhynska@ukma.edu.ua;+380501234694;2005-05-24;20
st20240254;Daria;Sbitnieva;Serhiivna;Female;2;2024-09-01;5;f002;sp006;CONTRACT;ACTIVE;d.sbitnieva@ukma.edu.ua;+380501234738;2005-04-25;20
st20240255;Mariia;Serhiienko;Denysivna;Female;2;2024-09-01;5;f002;sp006;CONTRACT;ACTIVE;m.serhiienko@ukma.edu.ua;+380501234764;2006-02-01;20
st20240256;Solomiia;Serhiienko;Mykhailivna;Female;2;2024-09-01;5;f002;sp006;CONTRACT;ACTIVE;s.serhiienko@ukma.edu.ua;+380501234765;2005-09-03;20
st20240257;Ivan;Slobodeniuk;Oleksandrovych;Male;2;2024-09-01;5;f002;sp006;BUDGET;ACTIVE;i.slobodeniuk@ukma.edu.ua;+380501234711;2005-04-20;20
st20240258;Daria;Sokyrko;Hennadiivna;Female;2;2024-09-01;5;f002;sp006;BUDGET;ACTIVE;d.sokyrko@ukma.edu.ua;+380501234709;2006-05-16;19
st20240259;Olena;Soldatova;Andriivna;Female;2;2024-09-01;5;f002;sp006;BUDGET;ACTIVE;o.soldatova@ukma.edu.ua;+380501234712;2006-08-07;19
st20240260;Viktoriia;Subota;Vasylivna;Female;2;2024-09-01;5;f002;sp006;BUDGET;ACTIVE;v.subota@ukma.edu.ua;+380501234695;2006-08-17;19
st20240261;Diana;Tarasiuk;Volodymyrivna;Female;2;2024-09-01;5;f002;sp006;CONTRACT;ACTIVE;d.tarasiuk@ukma.edu.ua;+380501234715;2005-08-12;20
st20230222;Alina;Petrenko;Volodymyrivna;Female;3;2023-09-01;5;f002;sp006;CONTRACT;ACTIVE;a.petrenko5@ukma.edu.ua;+380501235678;2005-09-10;20
st20230223;Mykhailo;Ponomarenko;Stepanovych;Male;3;2023-09-01;5;f002;sp006;BUDGET;ACTIVE;m.ponomarenko1@ukma.edu.ua;+380501235672;2004-05-23;21
st20230224;Kseniia;Rudenko;Rostyslavivna;Female;3;2023-09-01;5;f002;sp006;BUDGET;ACTIVE;k.rudenko1@ukma.edu.ua;+380501235670;2005-06-13;20
st20230225;Nadiia;Shevchenko;Volodymyrivna;Female;3;2023-09-01;5;f002;sp006;CONTRACT;ACTIVE;n.shevchenko1@ukma.edu.ua;+380501235662;2004-06-06;21
st20230226;Oksana;Shevchuk;Tymurivna;Female;3;2023-09-01;5;f002;sp006;BUDGET;ACTIVE;o.shevchuk@ukma.edu.ua;+380501235656;2004-07-11;21
st20230227;Nataliia;Taran;Mykhailivna;Female;3;2023-09-01;5;f002;sp006;CONTRACT;ACTIVE;n.taran1@ukma.edu.ua;+380501235653;2005-10-23;20
st20220225;Tymur;Rudenko;Hlibovych;Male;4;2022-09-01;5;f002;sp006;CONTRACT;ACTIVE;t.rudenko2@ukma.edu.ua;+380501236582;2004-01-17;22
st20220226;Nataliia;Savchenko;Andriivna;Female;4;2022-09-01;5;f002;sp006;CONTRACT;ACTIVE;n.savchenko7@ukma.edu.ua;+380501236598;2003-12-11;22
st20220227;Dmytro;Shevchenko;Mykolaiovych;Male;4;2022-09-01;5;f002;sp006;CONTRACT;ACTIVE;d.shevchenko3@ukma.edu.ua;+380501236593;2004-11-02;21
st20220228;Dmytro;Shevchuk;Denysovych;Male;4;2022-09-01;5;f002;sp006;BUDGET;ACTIVE;d.shevchuk5@ukma.edu.ua;+380501236571;2003-08-14;22
st20220229;Alina;Shevchuk;Ivanivna;Female;4;2022-09-01;5;f002;sp006;CONTRACT;ACTIVE;a.shevchuk15@ukma.edu.ua;+380501236576;2003-06-23;22
st20220230;Alina;Shevchuk;Andriivna;Female;4;2022-09-01;5;f002;sp006;CONTRACT;ACTIVE;a.shevchuk16@ukma.edu.ua;+380501236586;2004-11-23;21
st20220231;Kseniia;Tkachenko;Vitaliivna;Female;4;2022-09-01;5;f002;sp006;CONTRACT;ACTIVE;k.tkachenko5@ukma.edu.ua;+380501236597;2004-02-05;22
st20220232;Uliana;Tkachuk;Stepanivna;Female;4;2022-09-01;5;f002;sp006;CONTRACT;ACTIVE;u.tkachuk@ukma.edu.ua;+380501236594;2003-11-06;22
st20250245;Sofiia;Kravchenko;Viacheslavivna;Female;1;2025-09-01;6;f002;sp006;CONTRACT;ACTIVE;s.kravchenko@ukma.edu.ua;+380501234535;2006-08-22;19
st20250246;Irina;Kryvynchuk;Mykhailivna;Female;1;2025-09-01;6;f002;sp006;CONTRACT;ACTIVE;i.kryvynchuk@ukma.edu.ua;+380501234536;2007-03-08;19
st20250247;Vasilisa;Klymkina;Denysivna;Female;1;2025-09-01;6;f002;sp006;CONTRACT;ACTIVE;v.klymkina@ukma.edu.ua;+380501234537;2006-10-31;19
st20250248;Anastasiia;Kyriienko;Dmytrivna;Female;1;2025-09-01;6;f002;sp006;BUDGET;ACTIVE;a.kyriienko@ukma.edu.ua;+380501234538;2007-07-14;18
st20250249;Khrystyna;Krasnokutska;Hennadiivna;Female;1;2025-09-01;6;f002;sp006;CONTRACT;ACTIVE;k.krasnokutska@ukma.edu.ua;+380501234539;2006-05-03;19
st20250250;Amina;Kukiukova;Denysivna;Female;1;2025-09-01;6;f002;sp006;CONTRACT;ACTIVE;a.kukiukova@ukma.edu.ua;+380501234540;2007-11-26;18
st20250251;Anastasiia;Kuleshyna;Serhiivna;Female;1;2025-09-01;6;f002;sp006;CONTRACT;ACTIVE;a.kuleshyna@ukma.edu.ua;+380501234541;2006-02-18;20
st20240262;Milana;Timokhova;Mykhailivna;Female;2;2024-09-01;6;f002;sp006;CONTRACT;ACTIVE;m.timokhova@ukma.edu.ua;+380501234716;2005-05-10;20
st20240263;Mariana;Tiurdio;Tarasivna;Female;2;2024-09-01;6;f002;sp006;CONTRACT;ACTIVE;m.tiurdio@ukma.edu.ua;+380501234752;2006-03-28;20
st20240264;Iryna;Tymofiienko;Serhiivna;Female;2;2024-09-01;6;f002;sp006;CONTRACT;ACTIVE;i.tymofiienko@ukma.edu.ua;+380501234747;2005-12-16;20
st20240265;Olesia;Veryzhenko;Vitaliivna;Female;2;2024-09-01;6;f002;sp006;CONTRACT;ACTIVE;o.veryzhenko@ukma.edu.ua;+380501234757;2006-06-09;19
st20240266;Mariia;Vodolazska;Oleksandrivna;Female;2;2024-09-01;6;f002;sp006;CONTRACT;ACTIVE;m.vodolazska@ukma.edu.ua;+380501234766;2006-04-20;19
st20240267;Kateryna;Volkova;Andriivna;Female;2;2024-09-01;6;f002;sp006;BUDGET;ACTIVE;k.volkova@ukma.edu.ua;+380501234698;2005-10-11;20
st20240268;Zlata;Yakovchenko;Oleksiivna;Female;2;2024-09-01;6;f002;sp006;CONTRACT;ACTIVE;z.yakovchenko@ukma.edu.ua;+380501234723;2005-03-21;21
st20240269;Lada;Zadorozhenko;Ihorivna;Female;2;2024-09-01;6;f002;sp006;CONTRACT;ACTIVE;l.zadorozhenko@ukma.edu.ua;+380501234728;2006-11-16;19
st20240270;Nazar;Zbarashchuk;Oleksandrovych;Male;2;2024-09-01;6;f002;sp006;CONTRACT;ACTIVE;n.zbarashchuk@ukma.edu.ua;+380501234756;2006-05-20;19
st20240271;Yelyzaveta;Zlotnikova;Denysivna;Female;2;2024-09-01;6;f002;sp006;CONTRACT;ACTIVE;y.zlotnikova@ukma.edu.ua;+380501234768;2005-01-16;21
st20230228;Liubov;Taran;Romanivna;Female;3;2023-09-01;6;f002;sp006;BUDGET;ACTIVE;l.taran1@ukma.edu.ua;+380501235675;2005-05-25;20
st20230229;Kyrylo;Tkachenko;Yevhenovych;Male;3;2023-09-01;6;f002;sp006;CONTRACT;ACTIVE;k.tkachenko3@ukma.edu.ua;+380501235667;2005-06-12;20
st20230230;Iryna;Tkachuk;Maksymivna;Female;3;2023-09-01;6;f002;sp006;BUDGET;ACTIVE;i.tkachuk4@ukma.edu.ua;+380501235671;2004-02-07;22
st20230231;Zlata;Vlasenko;Yevhenivna;Female;3;2023-09-01;6;f002;sp006;CONTRACT;ACTIVE;z.vlasenko@ukma.edu.ua;+380501235666;2005-05-15;20
st20220233;Viktor;Vlasenko;Bohdanovych;Male;4;2022-09-01;6;f002;sp006;CONTRACT;ACTIVE;v.vlasenko4@ukma.edu.ua;+380501236570;2003-02-04;23
st20220234;Tetiana;Vlasenko;Yuriivna;Female;4;2022-09-01;6;f002;sp006;CONTRACT;ACTIVE;t.vlasenko1@ukma.edu.ua;+380501236595;2003-11-07;22
st20220235;Alisa;Vlasenko;Oleksandrivna;Female;4;2022-09-01;6;f002;sp006;CONTRACT;ACTIVE;a.vlasenko8@ukma.edu.ua;+380501236601;2003-07-20;22
st20250252;Yelyzaveta;Shtyfurak;Mykhailivna;Female;1;2025-09-01;1;f002;sp007;BUDGET;ACTIVE;y.shtyfurak@ukma.edu.ua;+380501234542;2007-04-10;19
st20250253;Yevheniia;Alokhina;Oleksiivna;Female;1;2025-09-01;1;f002;sp007;CONTRACT;ACTIVE;y.alokhina@ukma.edu.ua;+380501234543;2006-12-08;19
st20250254;Vladyslav;Artamonov;Vitaliiovych;Male;1;2025-09-01;1;f002;sp007;CONTRACT;ACTIVE;v.artamonov@ukma.edu.ua;+380501234544;2007-08-16;18
st20250255;Tymur;Arremskyi;Artemovych;Male;1;2025-09-01;1;f002;sp007;CONTRACT;ACTIVE;t.arremskyi@ukma.edu.ua;+380501234545;2006-06-02;19
st20250256;Anna;Velychko;Olehivna;Female;1;2025-09-01;1;f002;sp007;CONTRACT;ACTIVE;a.velychko@ukma.edu.ua;+380501234546;2007-01-22;19
st20250257;Mariia;Vesela;Volodymyrivna;Female;1;2025-09-01;1;f002;sp007;BUDGET;ACTIVE;m.vesela@ukma.edu.ua;+380501234547;2006-09-14;19
st20250258;Daria;Vysootska;Anatoliivna;Female;1;2025-09-01;1;f002;sp007;CONTRACT;ACTIVE;d.vysootska@ukma.edu.ua;+380501234548;2007-10-28;18
st20250259;Vitaliia;Borovyk;Viktorivna;Female;1;2025-09-01;1;f002;sp007;CONTRACT;ACTIVE;v.borovyk@ukma.edu.ua;+380501234549;2006-03-05;20
st20240272;Yevhen;Bondar;Denysovych;Male;2;2024-09-01;1;f002;sp007;CONTRACT;ACTIVE;y.bondar@ukma.edu.ua;+380501234776;2005-09-21;20
st20240273;Andrii;Bondarenko;Vitaliiovych;Male;2;2024-09-01;1;f002;sp007;CONTRACT;ACTIVE;a.bondarenko@ukma.edu.ua;+380501234783;2006-07-14;19
st20240274;Alina;Bondarenko;Oleksandrivna;Female;2;2024-09-01;1;f002;sp007;CONTRACT;ACTIVE;a.bondarenko1@ukma.edu.ua;+380501234794;2006-05-24;19
st20240275;Maksym;Dmytrenko;Oleksandrovych;Male;2;2024-09-01;1;f002;sp007;BUDGET;ACTIVE;m.dmytrenko@ukma.edu.ua;+380501234777;2005-10-09;20
st20240276;Tymur;Honcharenko;Ivanovych;Male;2;2024-09-01;1;f002;sp007;BUDGET;ACTIVE;t.honcharenko@ukma.edu.ua;+380501234792;2005-02-26;21
st20240277;Anna;Ivanenko;Illivna;Female;2;2024-09-01;1;f002;sp007;CONTRACT;ACTIVE;a.ivanenko@ukma.edu.ua;+380501234779;2005-04-11;21
st20230232;Artur;Babenko;Andriiovych;Male;3;2023-09-01;1;f002;sp007;BUDGET;ACTIVE;a.babenko6@ukma.edu.ua;+380501235698;2005-05-04;20
st20230233;Pavlo;Babenko;Denysovych;Male;3;2023-09-01;1;f002;sp007;CONTRACT;ACTIVE;p.babenko1@ukma.edu.ua;+380501235708;2005-05-15;20
st20230234;Vasyl;Boiko;Denysovych;Male;3;2023-09-01;1;f002;sp007;CONTRACT;ACTIVE;v.boiko2@ukma.edu.ua;+380501235687;2004-05-19;21
st20230235;Mariia;Boiko;Bohdanivna;Female;3;2023-09-01;1;f002;sp007;CONTRACT;ACTIVE;m.boiko2@ukma.edu.ua;+380501235707;2004-09-11;21
st20230236;Rostyslav;Bondar;Denysovych;Male;3;2023-09-01;1;f002;sp007;CONTRACT;ACTIVE;r.bondar@ukma.edu.ua;+380501235696;2004-01-24;22
st20230237;Iryna;Bondarenko;Stepanivna;Female;3;2023-09-01;1;f002;sp007;CONTRACT;ACTIVE;i.bondarenko@ukma.edu.ua;+380501235686;2004-06-09;21
st20220236;Oleksandr;Babenko;Tarasovych;Male;4;2022-09-01;1;f002;sp007;CONTRACT;ACTIVE;o.babenko2@ukma.edu.ua;+380501236610;2003-03-13;23
st20220237;Yevhen;Babenko;Volodymyrovych;Male;4;2022-09-01;1;f002;sp007;CONTRACT;ACTIVE;y.babenko6@ukma.edu.ua;+380501236621;2004-07-16;21
st20220238;Valeriia;Babenko;Antonivna;Female;4;2022-09-01;1;f002;sp007;CONTRACT;ACTIVE;v.babenko8@ukma.edu.ua;+380501236627;2004-10-27;21
st20220239;Volodymyr;Babenko;Romanovych;Male;4;2022-09-01;1;f002;sp007;CONTRACT;ACTIVE;v.babenko9@ukma.edu.ua;+380501236636;2003-06-04;22
st20220240;Zlata;Babenko;Hlibivna;Female;4;2022-09-01;1;f002;sp007;CONTRACT;ACTIVE;z.babenko@ukma.edu.ua;+380501236638;2003-09-22;22
st20220241;Vasyl;Babenko;Dmytrovych;Male;4;2022-09-01;1;f002;sp007;CONTRACT;ACTIVE;v.babenko10@ukma.edu.ua;+380501236642;2004-12-13;21
st20220242;Artem;Bondar;Mykhailovych;Male;4;2022-09-01;1;f002;sp007;CONTRACT;ACTIVE;a.bondar7@ukma.edu.ua;+380501236643;2003-07-27;22
st20220243;Zlata;Bondarenko;Serhiivna;Female;4;2022-09-01;1;f002;sp007;BUDGET;ACTIVE;z.bondarenko@ukma.edu.ua;+380501236637;2004-03-07;22
st20250260;Yaroslava;Halyha;Tarasovych;Male;1;2025-09-01;2;f002;sp007;CONTRACT;ACTIVE;y.halyha@ukma.edu.ua;+380501234550;2007-05-11;18
st20250261;Ihor;Hasak;Maksymovych;Male;1;2025-09-01;2;f002;sp007;CONTRACT;ACTIVE;i.hasak@ukma.edu.ua;+380501234551;2006-11-20;19
st20250262;Hlib;Hosua;Mykytovych;Male;1;2025-09-01;2;f002;sp007;CONTRACT;ACTIVE;h.hosua@ukma.edu.ua;+380501234552;2007-07-03;18
st20250263;Anastasiia;Hnatiuk;Oleksandrivna;Female;1;2025-09-01;2;f002;sp007;BUDGET;ACTIVE;a.hnatiuk@ukma.edu.ua;+380501234553;2006-01-29;20
st20250264;Arina;Hrebeniuk;Andriivna;Female;1;2025-09-01;2;f002;sp007;CONTRACT;ACTIVE;a.hrebeniuk@ukma.edu.ua;+380501234554;2007-02-15;19
st20250265;Denys;Dolhorukov;Oleksandrovych;Male;1;2025-09-01;2;f002;sp007;BUDGET;ACTIVE;d.dolhorukov@ukma.edu.ua;+380501234555;2006-08-01;19
st20250266;Ivetta;Didovets;Serhiivna;Female;1;2025-09-01;2;f002;sp007;CONTRACT;ACTIVE;i.didovets@ukma.edu.ua;+380501234556;2007-09-08;18
st20240278;Maksym;Ivanenko;Artemovych;Male;2;2024-09-01;2;f002;sp007;BUDGET;ACTIVE;m.ivanenko@ukma.edu.ua;+380501234785;2005-11-09;20
st20240279;Bohdan;Karpenko;Illich;Male;2;2024-09-01;2;f002;sp007;CONTRACT;ACTIVE;b.karpenko@ukma.edu.ua;+380501234790;2005-09-17;20
st20240280;Oleksandr;Khomenko;Maksymovych;Male;2;2024-09-01;2;f002;sp007;BUDGET;ACTIVE;o.khomenko1@ukma.edu.ua;+380501234772;2005-12-10;20
st20240281;Mykola;Khomenko;Olehovych;Male;2;2024-09-01;2;f002;sp007;CONTRACT;ACTIVE;m.khomenko1@ukma.edu.ua;+380501234773;2005-05-27;20
st20240282;Taras;Koval;Valentynovych;Male;2;2024-09-01;2;f002;sp007;CONTRACT;ACTIVE;t.koval@ukma.edu.ua;+380501234800;2006-12-19;19
st20240283;Olena;Kovalenko;Antonivna;Female;2;2024-09-01;2;f002;sp007;CONTRACT;ACTIVE;o.kovalenko1@ukma.edu.ua;+380501234799;2005-03-12;21
st20230238;Anastasiia;Bondarenko;Antonivna;Female;3;2023-09-01;2;f002;sp007;CONTRACT;ACTIVE;a.bondarenko7@ukma.edu.ua;+380501235709;2004-01-14;22
st20230239;Ivan;Bondarenko;Tymurovych;Male;3;2023-09-01;2;f002;sp007;CONTRACT;ACTIVE;i.bondarenko1@ukma.edu.ua;+380501235711;2004-03-11;22
st20230240;Valeriia;Dmytrenko;Arturivna;Female;3;2023-09-01;2;f002;sp007;CONTRACT;ACTIVE;v.dmytrenko4@ukma.edu.ua;+380501235718;2004-04-27;21
st20230241;Oleh;Havryliuk;Artemovych;Male;3;2023-09-01;2;f002;sp007;CONTRACT;ACTIVE;o.havryliuk2@ukma.edu.ua;+380501235703;2004-07-25;21
st20230242;Yelyzaveta;Honcharenko;Serhiivna;Female;3;2023-09-01;2;f002;sp007;BUDGET;ACTIVE;y.honcharenko1@ukma.edu.ua;+380501235716;2004-01-26;22
st20230243;Iryna;Ivanenko;Valentynivna;Female;3;2023-09-01;2;f002;sp007;CONTRACT;ACTIVE;i.ivanenko3@ukma.edu.ua;+380501235693;2005-11-04;20
st20220244;Polina;Havryliuk;Stepanivna;Female;4;2022-09-01;2;f002;sp007;BUDGET;ACTIVE;p.havryliuk1@ukma.edu.ua;+380501236613;2003-03-17;23
st20220245;Andrii;Havryliuk;Vladyslavovych;Male;4;2022-09-01;2;f002;sp007;BUDGET;ACTIVE;a.havryliuk10@ukma.edu.ua;+380501236651;2004-03-21;22
st20220246;Yurii;Honcharenko;Oleksandrovych;Male;4;2022-09-01;2;f002;sp007;BUDGET;ACTIVE;y.honcharenko5@ukma.edu.ua;+380501236620;2003-04-10;23
st20220247;Svitlana;Honcharenko;Denysivna;Female;4;2022-09-01;2;f002;sp007;BUDGET;ACTIVE;s.honcharenko1@ukma.edu.ua;+380501236630;2003-06-28;22
st20220248;Dmytro;Honcharenko;Andriiovych;Male;4;2022-09-01;2;f002;sp007;BUDGET;ACTIVE;d.honcharenko2@ukma.edu.ua;+380501236639;2004-10-27;21
st20220249;Mariia;Hrytsenko;Valentynivna;Female;4;2022-09-01;2;f002;sp007;CONTRACT;ACTIVE;m.hrytsenko7@ukma.edu.ua;+380501236612;2003-12-20;22
st20220250;Khrystyna;Karpenko;Illivna;Female;4;2022-09-01;2;f002;sp007;CONTRACT;ACTIVE;k.karpenko2@ukma.edu.ua;+380501236611;2003-07-04;22
st20220251;Valeriia;Khomenko;Olehivna;Female;4;2022-09-01;2;f002;sp007;BUDGET;ACTIVE;v.khomenko8@ukma.edu.ua;+380501236628;2004-11-16;21
st20250267;Yeva;Didkivska;Volodymyrivna;Female;1;2025-09-01;3;f002;sp007;CONTRACT;ACTIVE;y.didkivska@ukma.edu.ua;+380501234557;2006-12-13;19
st20250268;Illia;Yevhorovskyi;Mykhailovych;Male;1;2025-09-01;3;f002;sp007;CONTRACT;ACTIVE;i.yevhorovskyi@ukma.edu.ua;+380501234558;2007-04-26;18
st20250269;Oksana;Yefimchuk;Vasylivna;Female;1;2025-09-01;3;f002;sp007;CONTRACT;ACTIVE;o.yefimchuk@ukma.edu.ua;+380501234559;2006-06-18;19
st20250270;Arina;Zavirukha;Ruslanivna;Female;1;2025-09-01;3;f002;sp007;CONTRACT;ACTIVE;a.zavirukha@ukma.edu.ua;+380501234560;2007-11-09;18
st20250271;Viktoriia;Zablotska;Yuriivna;Female;1;2025-09-01;3;f002;sp007;CONTRACT;ACTIVE;v.zablotska@ukma.edu.ua;+380501234561;2006-03-10;20
st20250272;Vlada;Ziubanova;Myroslavivna;Female;1;2025-09-01;3;f002;sp007;CONTRACT;ACTIVE;v.ziubanova@ukma.edu.ua;+380501234562;2007-08-27;18
st20250273;Kateryna;Zhornіak;Ivanivna;Female;1;2025-09-01;3;f002;sp007;BUDGET;ACTIVE;k.zhorniak@ukma.edu.ua;+380501234563;2006-01-05;20
st20240284;Valeriia;Kravchenko;Andriivna;Female;2;2024-09-01;3;f002;sp007;BUDGET;ACTIVE;v.kravchenko1@ukma.edu.ua;+380501234778;2006-09-10;19
st20240285;Anton;Kravchenko;Illich;Male;2;2024-09-01;3;f002;sp007;BUDGET;ACTIVE;a.kravchenko@ukma.edu.ua;+380501234782;2005-05-24;20
st20240286;Liubov;Kravchenko;Hlibivna;Female;2;2024-09-01;3;f002;sp007;CONTRACT;ACTIVE;l.kravchenko@ukma.edu.ua;+380501234789;2005-10-17;20
st20240287;Vasyl;Lysenko;Hlibovych;Male;2;2024-09-01;3;f002;sp007;CONTRACT;ACTIVE;v.lysenko1@ukma.edu.ua;+380501234780;2006-07-28;19
st20240288;Valeriia;Lysenko;Mykhailivna;Female;2;2024-09-01;3;f002;sp007;BUDGET;ACTIVE;v.lysenko2@ukma.edu.ua;+380501234784;2006-02-22;20
st20240289;Vitalii;Melnyk;Rostyslavovych;Male;2;2024-09-01;3;f002;sp007;BUDGET;ACTIVE;v.melnyk@ukma.edu.ua;+380501234798;2005-08-24;20
st20230244;Olena;Ivanenko;Dmytrivna;Female;3;2023-09-01;3;f002;sp007;BUDGET;ACTIVE;o.ivanenko3@ukma.edu.ua;+380501235715;2005-12-15;20
st20230245;Taras;Karpenko;Volodymyrovych;Male;3;2023-09-01;3;f002;sp007;CONTRACT;ACTIVE;t.karpenko@ukma.edu.ua;+380501235692;2005-02-28;21
st20230246;Tetiana;Karpenko;Hlibivna;Female;3;2023-09-01;3;f002;sp007;CONTRACT;ACTIVE;t.karpenko1@ukma.edu.ua;+380501235704;2004-06-16;21
st20230247;Ihor;Karpenko;Oleksandrovych;Male;3;2023-09-01;3;f002;sp007;BUDGET;ACTIVE;i.karpenko1@ukma.edu.ua;+380501235710;2005-05-19;20
st20230248;Yevhen;Khomenko;Maksymovych;Male;3;2023-09-01;3;f002;sp007;CONTRACT;ACTIVE;y.khomenko4@ukma.edu.ua;+380501235690;2005-06-11;20
st20230249;Mykhailo;Khomenko;Valentynovych;Male;3;2023-09-01;3;f002;sp007;BUDGET;ACTIVE;m.khomenko4@ukma.edu.ua;+380501235695;2005-09-02;20
st20220252;Illia;Khomenko;Ivanovych;Male;4;2022-09-01;3;f002;sp007;BUDGET;ACTIVE;i.khomenko1@ukma.edu.ua;+380501236635;2003-07-11;22
st20220253;Artur;Koval;Yuriiovych;Male;4;2022-09-01;3;f002;sp007;CONTRACT;ACTIVE;a.koval10@ukma.edu.ua;+380501236622;2003-03-13;23
st20220254;Polina;Koval;Kyrylivna;Female;4;2022-09-01;3;f002;sp007;CONTRACT;ACTIVE;p.koval2@ukma.edu.ua;+380501236647;2004-02-22;22
st20220255;Yuliia;Kovalenko;Mykolaivna;Female;4;2022-09-01;3;f002;sp007;BUDGET;ACTIVE;y.kovalenko4@ukma.edu.ua;+380501236634;2003-07-17;22
st20220256;Mariia;Kovalenko;Stepanivna;Female;4;2022-09-01;3;f002;sp007;CONTRACT;ACTIVE;m.kovalenko@ukma.edu.ua;+380501236645;2003-02-24;23
st20220257;Bozhena;Lysenko;Mykhailivna;Female;4;2022-09-01;3;f002;sp007;CONTRACT;ACTIVE;b.lysenko4@ukma.edu.ua;+380501236609;2004-05-03;21
st20220258;Solomiia;Lysenko;Serhiivna;Female;4;2022-09-01;3;f002;sp007;BUDGET;ACTIVE;s.lysenko2@ukma.edu.ua;+380501236631;2003-09-03;22
st20220259;Tymur;Marchenko;Andriiovych;Male;4;2022-09-01;3;f002;sp007;BUDGET;ACTIVE;t.marchenko3@ukma.edu.ua;+380501236617;2003-01-06;23
st20250274;Daria;Ivanenko;Mykolaivna;Female;1;2025-09-01;4;f002;sp007;CONTRACT;ACTIVE;d.ivanenko@ukma.edu.ua;+380501234564;2007-03-12;19
st20250275;Oleksii;Kashpruk;Hennadiiovych;Male;1;2025-09-01;4;f002;sp007;CONTRACT;ACTIVE;o.kashpruk@ukma.edu.ua;+380501234565;2006-11-20;19
st20250276;Andrii;Kapshuk;Oleksandrovych;Male;1;2025-09-01;4;f002;sp007;CONTRACT;ACTIVE;a.kapshuk@ukma.edu.ua;+380501234566;2007-05-08;18
st20250277;Khrystyna;Karmazinska;Vitaliivna;Female;1;2025-09-01;4;f002;sp007;CONTRACT;ACTIVE;k.karmazinska@ukma.edu.ua;+380501234567;2006-08-14;19
st20250278;Veronika;Kydanchuk;Pavlivna;Female;1;2025-09-01;4;f002;sp007;CONTRACT;ACTIVE;v.kydanchuk@ukma.edu.ua;+380501234568;2007-02-22;19
st20250279;Anastasiia;Kovalova;Serhiivna;Female;1;2025-09-01;4;f002;sp007;CONTRACT;ACTIVE;a.kovalova@ukma.edu.ua;+380501234569;2006-12-05;19
st20250280;Daryna;Kondratiuk;Valentynivna;Female;1;2025-09-01;4;f002;sp007;BUDGET;ACTIVE;d.kondratiuk@ukma.edu.ua;+380501234570;2007-09-11;18
st20240290;Uliana;Moroz;Kyrylivna;Female;2;2024-09-01;4;f002;sp007;BUDGET;ACTIVE;u.moroz@ukma.edu.ua;+380501234797;2005-04-23;20
st20240291;Valentyn;Oliinyk;Romanovych;Male;2;2024-09-01;4;f002;sp007;CONTRACT;ACTIVE;v.oliinyk@ukma.edu.ua;+380501234775;2005-03-15;21
st20240292;Denys;Oliinyk;Olehovych;Male;2;2024-09-01;4;f002;sp007;BUDGET;ACTIVE;d.oliinyk1@ukma.edu.ua;+380501234791;2005-02-24;21
st20240293;Vitalii;Panchenko;Valentynovych;Male;2;2024-09-01;4;f002;sp007;CONTRACT;ACTIVE;v.panchenko@ukma.edu.ua;+380501234801;2005-04-13;21
st20240294;Nataliia;Radchenko;Denysivna;Female;2;2024-09-01;4;f002;sp007;BUDGET;ACTIVE;n.radchenko@ukma.edu.ua;+380501234787;2005-03-16;21
st20240295;Valentyn;Savchenko;Maksymovych;Male;2;2024-09-01;4;f002;sp007;BUDGET;ACTIVE;v.savchenko1@ukma.edu.ua;+380501234786;2006-04-24;19
st20230250;Khrystyna;Koval;Tymurivna;Female;3;2023-09-01;4;f002;sp007;CONTRACT;ACTIVE;k.koval1@ukma.edu.ua;+380501235699;2005-03-14;21
st20230251;Alisa;Koval;Kyrylivna;Female;3;2023-09-01;4;f002;sp007;CONTRACT;ACTIVE;a.koval3@ukma.edu.ua;+380501235702;2004-11-03;21
st20230252;Nadiia;Kravchenko;Hlibivna;Female;3;2023-09-01;4;f002;sp007;BUDGET;ACTIVE;n.kravchenko1@ukma.edu.ua;+380501235713;2005-02-05;21
st20230253;Mykola;Kravchenko;Yuriiovych;Male;3;2023-09-01;4;f002;sp007;BUDGET;ACTIVE;m.kravchenko2@ukma.edu.ua;+380501235714;2004-08-24;21
st20230254;Roman;Marchenko;Yuriiovych;Male;3;2023-09-01;4;f002;sp007;CONTRACT;ACTIVE;r.marchenko@ukma.edu.ua;+380501235691;2004-08-09;21
st20230255;Khrystyna;Melnyk;Denysivna;Female;3;2023-09-01;4;f002;sp007;CONTRACT;ACTIVE;k.melnyk3@ukma.edu.ua;+380501235706;2004-09-08;21
st20220260;Valeriia;Melnyk;Yuriivna;Female;4;2022-09-01;4;f002;sp007;CONTRACT;ACTIVE;v.melnyk12@ukma.edu.ua;+380501236625;2004-02-16;22
st20220261;Vitalii;Oliinyk;Mykhailovych;Male;4;2022-09-01;4;f002;sp007;BUDGET;ACTIVE;v.oliinyk6@ukma.edu.ua;+380501236632;2003-03-02;23
st20220262;Halyna;Panchenko;Stepanivna;Female;4;2022-09-01;4;f002;sp007;BUDGET;ACTIVE;h.panchenko1@ukma.edu.ua;+380501236616;2004-08-23;21
st20220263;Andrii;Panchenko;Romanovych;Male;4;2022-09-01;4;f002;sp007;CONTRACT;ACTIVE;a.panchenko6@ukma.edu.ua;+380501236623;2003-08-06;22
st20220264;Rostyslav;Petrenko;Rostyslavovych;Male;4;2022-09-01;4;f002;sp007;CONTRACT;ACTIVE;r.petrenko2@ukma.edu.ua;+380501236614;2004-08-13;21
st20220265;Mariia;Petrenko;Artemivna;Female;4;2022-09-01;4;f002;sp007;CONTRACT;ACTIVE;m.petrenko1@ukma.edu.ua;+380501236648;2004-12-17;21
st20220266;Mykhailo;Polishchuk;Denysovych;Male;4;2022-09-01;4;f002;sp007;CONTRACT;ACTIVE;m.polishchuk2@ukma.edu.ua;+380501236626;2003-10-09;22
st20220267;Andrii;Polishchuk;Mykhailovych;Male;4;2022-09-01;4;f002;sp007;CONTRACT;ACTIVE;a.polishchuk9@ukma.edu.ua;+380501236629;2003-04-14;23
st20250281;Anastasiia;Korniienko;Olekhivna;Female;1;2025-09-01;5;f002;sp007;CONTRACT;ACTIVE;a.korniienko@ukma.edu.ua;+380501234571;2006-10-27;19
st20250282;Sofiia;Korneliuk;Mykolaivna;Female;1;2025-09-01;5;f002;sp007;CONTRACT;ACTIVE;s.korneliuk@ukma.edu.ua;+380501234572;2007-04-16;19
st20250283;Iryna;Kravchenko;Oleksandrivna;Female;1;2025-09-01;5;f002;sp007;CONTRACT;ACTIVE;i.kravchenko@ukma.edu.ua;+380501234573;2006-07-03;19
st20250284;Daria;Lavrentieva;Dmytrivna;Female;1;2025-09-01;5;f002;sp007;CONTRACT;ACTIVE;d.lavrentieva@ukma.edu.ua;+380501234574;2007-05-19;18
st20250285;Sofiia;Lytovka;Oleksandrivna;Female;1;2025-09-01;5;f002;sp007;CONTRACT;ACTIVE;s.lytovka@ukma.edu.ua;+380501234575;2006-09-24;19
st20250286;Olesia;Linnik;Yuriivna;Female;1;2025-09-01;5;f002;sp007;CONTRACT;ACTIVE;o.linnik@ukma.edu.ua;+380501234576;2007-03-31;19
st20250287;Markian;Leshchii;Vladyslavovych;Male;1;2025-09-01;5;f002;sp007;CONTRACT;ACTIVE;m.leshchii@ukma.edu.ua;+380501234577;2006-01-09;20
st20240296;Nazar;Savchenko;Dmytrovych;Male;2;2024-09-01;5;f002;sp007;CONTRACT;ACTIVE;n.savchenko1@ukma.edu.ua;+380501234802;2005-05-18;20
st20240297;Valentyn;Shevchenko;Maksymovych;Male;2;2024-09-01;5;f002;sp007;CONTRACT;ACTIVE;v.shevchenko1@ukma.edu.ua;+380501234795;2005-04-03;21
st20240298;Halyna;Shevchenko;Volodymyrivna;Female;2;2024-09-01;5;f002;sp007;CONTRACT;ACTIVE;h.shevchenko@ukma.edu.ua;+380501234796;2005-06-27;20
st20240299;Liubov;Shevchuk;Oleksandrivna;Female;2;2024-09-01;5;f002;sp007;BUDGET;ACTIVE;l.shevchuk@ukma.edu.ua;+380501234774;2005-12-17;20
st20240300;Dmytro;Shevchuk;Dmytrovych;Male;2;2024-09-01;5;f002;sp007;BUDGET;ACTIVE;d.shevchuk@ukma.edu.ua;+380501234788;2005-02-28;21
st20240301;Alisa;Shevchuk;Valentynivna;Female;2;2024-09-01;5;f002;sp007;BUDGET;ACTIVE;a.shevchuk@ukma.edu.ua;+380501234793;2006-10-02;19
st20230256;Oksana;Oliinyk;Tarasivna;Female;3;2023-09-01;5;f002;sp007;BUDGET;ACTIVE;o.oliinyk2@ukma.edu.ua;+380501235688;2004-10-04;21
st20230257;Mykola;Panchenko;Vitaliiovych;Male;3;2023-09-01;5;f002;sp007;BUDGET;ACTIVE;m.panchenko1@ukma.edu.ua;+380501235697;2005-10-28;20
st20230258;Anhelina;Ponomarenko;Tymurivna;Female;3;2023-09-01;5;f002;sp007;CONTRACT;ACTIVE;a.ponomarenko6@ukma.edu.ua;+380501235712;2004-06-23;21
st20230259;Bohdan;Radchenko;Valentynovych;Male;3;2023-09-01;5;f002;sp007;CONTRACT;ACTIVE;b.radchenko1@ukma.edu.ua;+380501235705;2005-03-07;21
st20230260;Anastasiia;Radchenko;Stepanivna;Female;3;2023-09-01;5;f002;sp007;CONTRACT;ACTIVE;a.radchenko4@ukma.edu.ua;+380501235717;2005-10-10;20
st20230261;Dmytro;Shevchenko;Antonovych;Male;3;2023-09-01;5;f002;sp007;CONTRACT;ACTIVE;d.shevchenko2@ukma.edu.ua;+380501235694;2004-03-10;22
st20220268;Halyna;Ponomarenko;Dmytrivna;Female;4;2022-09-01;5;f002;sp007;CONTRACT;ACTIVE;h.ponomarenko3@ukma.edu.ua;+380501236618;2003-05-03;22
st20220269;Valentyn;Ponomarenko;Mykhailovych;Male;4;2022-09-01;5;f002;sp007;CONTRACT;ACTIVE;v.ponomarenko10@ukma.edu.ua;+380501236640;2003-04-20;22
st20220270;Oksana;Radchenko;Vladyslavivna;Female;4;2022-09-01;5;f002;sp007;CONTRACT;ACTIVE;o.radchenko5@ukma.edu.ua;+380501236649;2003-08-06;22
st20220271;Olena;Rudenko;Artemivna;Female;4;2022-09-01;5;f002;sp007;CONTRACT;ACTIVE;o.rudenko2@ukma.edu.ua;+380501236615;2004-03-01;22
st20220272;Tetiana;Savchenko;Antonivna;Female;4;2022-09-01;5;f002;sp007;CONTRACT;ACTIVE;t.savchenko@ukma.edu.ua;+380501236619;2003-09-14;22
st20220273;Solomiia;Savchenko;Ivanivna;Female;4;2022-09-01;5;f002;sp007;BUDGET;ACTIVE;s.savchenko3@ukma.edu.ua;+380501236624;2003-02-11;23
st20220274;Bozhena;Shevchenko;Oleksandrivna;Female;4;2022-09-01;5;f002;sp007;BUDGET;ACTIVE;b.shevchenko3@ukma.edu.ua;+380501236650;2003-04-28;22
st20220275;Yuliia;Shevchuk;Oleksandrivna;Female;4;2022-09-01;5;f002;sp007;CONTRACT;ACTIVE;y.shevchuk6@ukma.edu.ua;+380501236646;2003-12-07;22
st20250288;Anna;Liuta;Ivanivna;Female;1;2025-09-01;6;f002;sp007;CONTRACT;ACTIVE;a.liuta@ukma.edu.ua;+380501234578;2007-11-04;18
st20250289;Danylo;Mamentovych;Dmytrovych;Male;1;2025-09-01;6;f002;sp007;CONTRACT;ACTIVE;d.mamentovych@ukma.edu.ua;+380501234579;2006-08-21;19
st20250290;Anna;Maslovska;Ihorivna;Female;1;2025-09-01;6;f002;sp007;CONTRACT;ACTIVE;a.maslovska@ukma.edu.ua;+380501234580;2007-06-15;18
st20250291;Polina;Naumenko;Oleksandrivna;Female;1;2025-09-01;6;f002;sp007;CONTRACT;ACTIVE;p.naumenko@ukma.edu.ua;+380501234581;2006-04-30;19
st20250292;Anastasiia;Nosalska;Andriivna;Female;1;2025-09-01;6;f002;sp007;CONTRACT;ACTIVE;a.nosalska@ukma.edu.ua;+380501234582;2007-10-12;18
st20250293;Marharita;Mushta;Ivanivna;Female;1;2025-09-01;6;f002;sp007;CONTRACT;ACTIVE;m.mushta@ukma.edu.ua;+380501234583;2006-02-28;20
st20240302;Olena;Sydorenko;Hlibivna;Female;2;2024-09-01;6;f002;sp007;CONTRACT;ACTIVE;o.sydorenko1@ukma.edu.ua;+380501234781;2005-10-25;20
st20230262;Alina;Shevchuk;Rostyslavivna;Female;3;2023-09-01;6;f002;sp007;BUDGET;ACTIVE;a.shevchuk7@ukma.edu.ua;+380501235689;2005-12-21;20
st20230263;Khrystyna;Shevchuk;Oleksandrivna;Female;3;2023-09-01;6;f002;sp007;CONTRACT;ACTIVE;k.shevchuk4@ukma.edu.ua;+380501235701;2005-05-01;20
st20230264;Illia;Taran;Vitaliiovych;Male;3;2023-09-01;6;f002;sp007;BUDGET;ACTIVE;i.taran1@ukma.edu.ua;+380501235700;2005-02-20;21
st20220276;Taras;Sydorenko;Tymurovych;Male;4;2022-09-01;6;f002;sp007;CONTRACT;ACTIVE;t.sydorenko4@ukma.edu.ua;+380501236644;2004-09-04;21
st20220277;Viktoriia;Tkachuk;Mykolaivna;Female;4;2022-09-01;6;f002;sp007;BUDGET;ACTIVE;v.tkachuk16@ukma.edu.ua;+380501236633;2004-01-18;22
st20220278;Roman;Vlasenko;Romanovych;Male;4;2022-09-01;6;f002;sp007;CONTRACT;ACTIVE;r.vlasenko4@ukma.edu.ua;+380501236641;2004-09-19;21
st20250294;Valeriia;Panfilova;Volodymyrivna;Female;1;2025-09-01;1;f002;sp008;BUDGET;ACTIVE;v.panfilova@ukma.edu.ua;+380501234584;2007-07-07;18
st20250295;Ivanna;Baliuk;Anatoliivna;Female;1;2025-09-01;1;f002;sp008;CONTRACT;ACTIVE;i.baliuk@ukma.edu.ua;+380501234585;2006-11-19;19
st20250296;Olha;Biloshitska;Oleksandrivna;Female;1;2025-09-01;1;f002;sp008;BUDGET;ACTIVE;o.biloshitska@ukma.edu.ua;+380501234586;2007-05-23;18
st20250297;Ivan;Volokh;Viktorovych;Male;1;2025-09-01;1;f002;sp008;CONTRACT;ACTIVE;i.volokh@ukma.edu.ua;+380501234587;2006-01-04;20
st20250298;Anna;Voron;Anatoliivna;Female;1;2025-09-01;1;f002;sp008;CONTRACT;ACTIVE;a.voron@ukma.edu.ua;+380501234588;2007-09-29;18
st20250299;Serhii;Voznytskyi;Serhiiovych;Male;1;2025-09-01;1;f002;sp008;BUDGET;ACTIVE;s.voznytskyi@ukma.edu.ua;+380501234589;2006-12-14;19
st20250300;Anzhelika;Budziak;Andriivna;Female;1;2025-09-01;1;f002;sp008;CONTRACT;ACTIVE;a.budziak@ukma.edu.ua;+380501234590;2007-03-08;19
st20240303;Roman;Babenko;Andriiovych;Male;2;2024-09-01;1;f002;sp008;BUDGET;ACTIVE;r.babenko@ukma.edu.ua;+380501234823;2005-01-04;21
st20240304;Daria;Babenko;Antonivna;Female;2;2024-09-01;1;f002;sp008;CONTRACT;ACTIVE;d.babenko1@ukma.edu.ua;+380501234830;2005-09-05;20
st20240305;Svitlana;Boiko;Illivna;Female;2;2024-09-01;1;f002;sp008;CONTRACT;ACTIVE;s.boiko1@ukma.edu.ua;+380501234817;2005-11-01;20
st20240306;Valentyn;Bondar;Oleksandrovych;Male;2;2024-09-01;1;f002;sp008;BUDGET;ACTIVE;v.bondar@ukma.edu.ua;+380501234806;2005-09-06;20
st20240307;Denys;Bondar;Serhiiovych;Male;2;2024-09-01;1;f002;sp008;CONTRACT;ACTIVE;d.bondar@ukma.edu.ua;+380501234818;2005-04-27;20
st20240308;Oleh;Bondar;Antonovych;Male;2;2024-09-01;1;f002;sp008;BUDGET;ACTIVE;o.bondar@ukma.edu.ua;+380501234843;2006-09-25;19
st20240309;Anastasiia;Bondarenko;Denysivna;Female;2;2024-09-01;1;f002;sp008;BUDGET;ACTIVE;a.bondarenko2@ukma.edu.ua;+380501234804;2005-07-10;20
st20240310;Hlib;Bondarenko;Maksymovych;Male;2;2024-09-01;1;f002;sp008;CONTRACT;ACTIVE;h.bondarenko@ukma.edu.ua;+380501234808;2006-11-20;19
st20230265;Mykhailo;Babenko;Arturovych;Male;3;2023-09-01;1;f002;sp008;CONTRACT;ACTIVE;m.babenko1@ukma.edu.ua;+380501235736;2004-10-22;21
st20230266;Ihor;Babenko;Oleksandrovych;Male;3;2023-09-01;1;f002;sp008;BUDGET;ACTIVE;i.babenko2@ukma.edu.ua;+380501235751;2005-06-11;20
st20230267;Mykhailo;Boiko;Valentynovych;Male;3;2023-09-01;1;f002;sp008;BUDGET;ACTIVE;m.boiko3@ukma.edu.ua;+380501235738;2005-02-19;21
st20230268;Kseniia;Bondar;Denysivna;Female;3;2023-09-01;1;f002;sp008;CONTRACT;ACTIVE;k.bondar1@ukma.edu.ua;+380501235743;2004-01-09;22
st20230269;Anna;Bondar;Bohdanivna;Female;3;2023-09-01;1;f002;sp008;CONTRACT;ACTIVE;a.bondar5@ukma.edu.ua;+380501235745;2004-07-24;21
st20230270;Roman;Bondarenko;Volodymyrovych;Male;3;2023-09-01;1;f002;sp008;CONTRACT;ACTIVE;r.bondarenko@ukma.edu.ua;+380501235730;2004-03-24;22
st20230271;Ihor;Bondarenko;Rostyslavovych;Male;3;2023-09-01;1;f002;sp008;CONTRACT;ACTIVE;i.bondarenko2@ukma.edu.ua;+380501235754;2005-03-22;21
st20220279;Yana;Babenko;Valentynivna;Female;4;2022-09-01;1;f002;sp008;CONTRACT;ACTIVE;y.babenko7@ukma.edu.ua;+380501236669;2003-07-15;22
st20220280;Oleh;Boiko;Tarasovych;Male;4;2022-09-01;1;f002;sp008;BUDGET;ACTIVE;o.boiko4@ukma.edu.ua;+380501236661;2004-01-16;22
st20220281;Anton;Boiko;Romanovych;Male;4;2022-09-01;1;f002;sp008;BUDGET;ACTIVE;a.boiko5@ukma.edu.ua;+380501236676;2004-05-03;21
st20220282;Dmytro;Boiko;Serhiiovych;Male;4;2022-09-01;1;f002;sp008;CONTRACT;ACTIVE;d.boiko7@ukma.edu.ua;+380501236686;2004-01-23;22
st20220283;Zlata;Bondar;Andriivna;Female;4;2022-09-01;1;f002;sp008;CONTRACT;ACTIVE;z.bondar@ukma.edu.ua;+380501236667;2003-12-17;22
st20220284;Anna;Bondarenko;Stepanivna;Female;4;2022-09-01;1;f002;sp008;CONTRACT;ACTIVE;a.bondarenko11@ukma.edu.ua;+380501236652;2003-02-26;23
st20220285;Iryna;Bondarenko;Yuriivna;Female;4;2022-09-01;1;f002;sp008;BUDGET;ACTIVE;i.bondarenko3@ukma.edu.ua;+380501236674;2004-04-18;22
st20250301;Oleksandr;Hryshko;Oleksandrovych;Male;1;2025-09-01;2;f002;sp008;CONTRACT;ACTIVE;o.hryshko@ukma.edu.ua;+380501234591;2006-06-21;19
st20250302;Anna;Hrybok;Oleksandrivna;Female;1;2025-09-01;2;f002;sp008;CONTRACT;ACTIVE;a.hrybok@ukma.edu.ua;+380501234592;2007-11-28;18
st20250303;Andrii;Honcharov;Andriiovych;Male;1;2025-09-01;2;f002;sp008;CONTRACT;ACTIVE;a.honcharov@ukma.edu.ua;+380501234593;2006-04-15;20
st20250304;Vladyslav;Horodnichev;Oleksiiovych;Male;1;2025-09-01;2;f002;sp008;CONTRACT;ACTIVE;v.horodnichev@ukma.edu.ua;+380501234594;2007-08-01;18
st20250305;Daria;Zubok;Nykodymivna;Female;1;2025-09-01;2;f002;sp008;CONTRACT;ACTIVE;d.zubok@ukma.edu.ua;+380501234595;2006-02-11;20
st20250306;Anna;Zhuravlova;Dmytrivna;Female;1;2025-09-01;2;f002;sp008;BUDGET;ACTIVE;a.zhuravlova@ukma.edu.ua;+380501234596;2007-07-25;18
st20240311;Viktor;Bondarenko;Yevhenovych;Male;2;2024-09-01;2;f002;sp008;BUDGET;ACTIVE;v.bondarenko2@ukma.edu.ua;+380501234833;2005-01-05;21
st20240312;Yuliia;Dmytrenko;Mykhailivna;Female;2;2024-09-01;2;f002;sp008;CONTRACT;ACTIVE;y.dmytrenko@ukma.edu.ua;+380501234809;2006-03-07;20
st20240313;Yuliia;Hrytsenko;Rostyslavivna;Female;2;2024-09-01;2;f002;sp008;BUDGET;ACTIVE;y.hrytsenko1@ukma.edu.ua;+380501234810;2006-06-10;19
st20240314;Artur;Hrytsenko;Mykhailovych;Male;2;2024-09-01;2;f002;sp008;BUDGET;ACTIVE;a.hrytsenko1@ukma.edu.ua;+380501234811;2006-07-06;19
st20240315;Bohdan;Hrytsenko;Arturovych;Male;2;2024-09-01;2;f002;sp008;BUDGET;ACTIVE;b.hrytsenko@ukma.edu.ua;+380501234826;2005-12-07;20
st20240316;Mykola;Hrytsenko;Andriiovych;Male;2;2024-09-01;2;f002;sp008;CONTRACT;ACTIVE;m.hrytsenko@ukma.edu.ua;+380501234844;2005-02-10;21
st20240317;Ihor;Ivanenko;Rostyslavovych;Male;2;2024-09-01;2;f002;sp008;BUDGET;ACTIVE;i.ivanenko2@ukma.edu.ua;+380501234827;2006-08-24;19
st20240318;Yana;Khomenko;Antonivna;Female;2;2024-09-01;2;f002;sp008;CONTRACT;ACTIVE;y.khomenko1@ukma.edu.ua;+380501234825;2005-01-27;21
st20230272;Bozhena;Dmytrenko;Tymurivna;Female;3;2023-09-01;2;f002;sp008;CONTRACT;ACTIVE;b.dmytrenko1@ukma.edu.ua;+380501235721;2005-03-24;21
st20230273;Anastasiia;Havryliuk;Arturivna;Female;3;2023-09-01;2;f002;sp008;CONTRACT;ACTIVE;a.havryliuk5@ukma.edu.ua;+380501235725;2005-02-12;21
st20230274;Viktor;Honcharenko;Antonovych;Male;3;2023-09-01;2;f002;sp008;CONTRACT;ACTIVE;v.honcharenko5@ukma.edu.ua;+380501235726;2004-07-23;21
st20230275;Zlata;Ivanenko;Artemivna;Female;3;2023-09-01;2;f002;sp008;CONTRACT;ACTIVE;z.ivanenko1@ukma.edu.ua;+380501235741;2004-12-02;21
st20230276;Serhii;Ivanenko;Maksymovych;Male;3;2023-09-01;2;f002;sp008;BUDGET;ACTIVE;s.ivanenko2@ukma.edu.ua;+380501235752;2005-01-07;21
st20230277;Stepan;Khomenko;Ivanovych;Male;3;2023-09-01;2;f002;sp008;CONTRACT;ACTIVE;s.khomenko6@ukma.edu.ua;+380501235719;2005-01-27;21
st20230278;Vladyslav;Kravchenko;Illich;Male;3;2023-09-01;2;f002;sp008;BUDGET;ACTIVE;v.kravchenko5@ukma.edu.ua;+380501235727;2005-07-20;20
st20220286;Hlib;Dmytrenko;Yuriiovych;Male;4;2022-09-01;2;f002;sp008;CONTRACT;ACTIVE;h.dmytrenko2@ukma.edu.ua;+380501236688;2003-09-27;22
st20220287;Oleksandr;Ivanenko;Arturovych;Male;4;2022-09-01;2;f002;sp008;BUDGET;ACTIVE;o.ivanenko8@ukma.edu.ua;+380501236671;2003-02-09;23
st20220288;Kseniia;Karpenko;Tymurivna;Female;4;2022-09-01;2;f002;sp008;CONTRACT;ACTIVE;k.karpenko3@ukma.edu.ua;+380501236660;2004-12-19;21
st20220289;Hlib;Karpenko;Rostyslavovych;Male;4;2022-09-01;2;f002;sp008;BUDGET;ACTIVE;h.karpenko3@ukma.edu.ua;+380501236683;2003-07-04;22
st20220290;Alisa;Khomenko;Stepanivna;Female;4;2022-09-01;2;f002;sp008;BUDGET;ACTIVE;a.khomenko6@ukma.edu.ua;+380501236658;2004-10-15;21
st20220291;Ivan;Koval;Bohdanovych;Male;4;2022-09-01;2;f002;sp008;BUDGET;ACTIVE;i.koval3@ukma.edu.ua;+380501236662;2004-07-10;21
st20220292;Vitalii;Kovalenko;Denysovych;Male;4;2022-09-01;2;f002;sp008;BUDGET;ACTIVE;v.kovalenko10@ukma.edu.ua;+380501236680;2004-01-17;22
st20250307;Tetiana;Ivaniutina;Olekhivna;Female;1;2025-09-01;3;f002;sp008;CONTRACT;ACTIVE;t.ivaniutina@ukma.edu.ua;+380501234597;2006-10-30;19
st20250308;Danylo;Kazakov;Serhiiovych;Male;1;2025-09-01;3;f002;sp008;CONTRACT;ACTIVE;d.kazakov@ukma.edu.ua;+380501234598;2007-05-14;18
st20250309;Bohdana;Koshman;Ihorivna;Female;1;2025-09-01;3;f002;sp008;BUDGET;ACTIVE;b.koshman@ukma.edu.ua;+380501234599;2006-12-02;19
st20250310;Mariia;Kuzma;Oleksiivna;Female;1;2025-09-01;3;f002;sp008;BUDGET;ACTIVE;m.kuzma@ukma.edu.ua;+380501234600;2007-09-05;18
st20250311;Olesia-Natalia;Kucherenko;Ihorivna;Female;1;2025-09-01;3;f002;sp008;CONTRACT;ACTIVE;o.kucherenko@ukma.edu.ua;+380501234601;2006-03-27;20
st20250312;Danylo;Lahodnyi;Viktorovych;Male;1;2025-09-01;3;f002;sp008;CONTRACT;ACTIVE;d.lahodnyi@ukma.edu.ua;+380501234602;2007-11-15;18
st20240319;Oleh;Koval;Yevhenovych;Male;2;2024-09-01;3;f002;sp008;CONTRACT;ACTIVE;o.koval@ukma.edu.ua;+380501234838;2005-10-11;20
st20240320;Valeriia;Kovalenko;Kyrylivna;Female;2;2024-09-01;3;f002;sp008;BUDGET;ACTIVE;v.kovalenko3@ukma.edu.ua;+380501234819;2006-08-15;19
st20240321;Anastasiia;Kravchenko;Arturivna;Female;2;2024-09-01;3;f002;sp008;CONTRACT;ACTIVE;a.kravchenko1@ukma.edu.ua;+380501234835;2006-05-01;19
st20240322;Taras;Lysenko;Rostyslavovych;Male;2;2024-09-01;3;f002;sp008;CONTRACT;ACTIVE;t.lysenko@ukma.edu.ua;+380501234803;2006-12-01;19
st20240323;Denys;Lysenko;Tymurovych;Male;2;2024-09-01;3;f002;sp008;BUDGET;ACTIVE;d.lysenko@ukma.edu.ua;+380501234816;2006-05-19;19
st20240324;Yelyzaveta;Marchenko;Denysivna;Female;2;2024-09-01;3;f002;sp008;BUDGET;ACTIVE;y.marchenko1@ukma.edu.ua;+380501234834;2006-03-26;20
st20240325;Diana;Marchenko;Ivanivna;Female;2;2024-09-01;3;f002;sp008;CONTRACT;ACTIVE;d.marchenko1@ukma.edu.ua;+380501234837;2006-11-10;19
st20240326;Denys;Melnyk;Tarasovych;Male;2;2024-09-01;3;f002;sp008;BUDGET;ACTIVE;d.melnyk@ukma.edu.ua;+380501234832;2006-10-15;19
st20230279;Daria;Lysenko;Mykolaivna;Female;3;2023-09-01;3;f002;sp008;BUDGET;ACTIVE;d.lysenko2@ukma.edu.ua;+380501235750;2005-11-14;20
st20230280;Bozhena;Lysenko;Bohdanivna;Female;3;2023-09-01;3;f002;sp008;CONTRACT;ACTIVE;b.lysenko1@ukma.edu.ua;+380501235758;2005-05-10;20
st20230281;Yelyzaveta;Lysenko;Andriivna;Female;3;2023-09-01;3;f002;sp008;BUDGET;ACTIVE;y.lysenko1@ukma.edu.ua;+380501235760;2004-06-05;21
st20230282;Andrii;Marchenko;Vladyslavovych;Male;3;2023-09-01;3;f002;sp008;CONTRACT;ACTIVE;a.marchenko8@ukma.edu.ua;+380501235724;2004-01-27;22
st20230283;Artur;Marchenko;Maksymovych;Male;3;2023-09-01;3;f002;sp008;BUDGET;ACTIVE;a.marchenko9@ukma.edu.ua;+380501235731;2005-06-21;20
st20230284;Roman;Melnyk;Romanovych;Male;3;2023-09-01;3;f002;sp008;BUDGET;ACTIVE;r.melnyk2@ukma.edu.ua;+380501235734;2005-06-02;20
st20230285;Serhii;Moroz;Tymurovych;Male;3;2023-09-01;3;f002;sp008;CONTRACT;ACTIVE;s.moroz7@ukma.edu.ua;+380501235753;2005-12-15;20
st20220293;Vladyslav;Kravchenko;Bohdanovych;Male;4;2022-09-01;3;f002;sp008;BUDGET;ACTIVE;v.kravchenko8@ukma.edu.ua;+380501236657;2003-05-21;22
st20220294;Zlata;Marchenko;Artemivna;Female;4;2022-09-01;3;f002;sp008;CONTRACT;ACTIVE;z.marchenko@ukma.edu.ua;+380501236659;2003-11-27;22
st20220295;Bozhena;Marchenko;Oleksandrivna;Female;4;2022-09-01;3;f002;sp008;BUDGET;ACTIVE;b.marchenko@ukma.edu.ua;+380501236677;2003-12-07;22
st20220296;Anhelina;Melnyk;Serhiivna;Female;4;2022-09-01;3;f002;sp008;CONTRACT;ACTIVE;a.melnyk12@ukma.edu.ua;+380501236654;2004-04-23;21
st20220297;Tymur;Oliinyk;Denysovych;Male;4;2022-09-01;3;f002;sp008;BUDGET;ACTIVE;t.oliinyk@ukma.edu.ua;+380501236655;2003-08-08;22
st20220298;Tetiana;Petrenko;Antonivna;Female;4;2022-09-01;3;f002;sp008;CONTRACT;ACTIVE;t.petrenko2@ukma.edu.ua;+380501236672;2003-03-09;23
st20220299;Valeriia;Polishchuk;Bohdanivna;Female;4;2022-09-01;3;f002;sp008;CONTRACT;ACTIVE;v.polishchuk14@ukma.edu.ua;+380501236687;2004-08-20;21
st20250313;Viktoriia;Lytosh;Oleksandrivna;Female;1;2025-09-01;4;f002;sp008;BUDGET;ACTIVE;v.lytosh@ukma.edu.ua;+380501234603;2006-04-06;20
st20250314;Zakhar;Lopatin;Serhiiovych;Male;1;2025-09-01;4;f002;sp008;BUDGET;ACTIVE;z.lopatin@ukma.edu.ua;+380501234604;2007-08-22;18
st20250315;Yuliia;Maksymuk;Vasylivna;Female;1;2025-09-01;4;f002;sp008;CONTRACT;ACTIVE;y.maksymuk@ukma.edu.ua;+380501234605;2006-01-18;20
st20250316;Andrii;Marchuk;Valentynovych;Male;1;2025-09-01;4;f002;sp008;CONTRACT;ACTIVE;a.marchuk@ukma.edu.ua;+380501234606;2007-05-01;18
st20250317;Mariia;Nestor;Serhiivna;Female;1;2025-09-01;4;f002;sp008;BUDGET;ACTIVE;m.nestor@ukma.edu.ua;+380501234607;2006-10-10;19
st20250318;Ivan;Parkhomenko;Ihorovych;Male;1;2025-09-01;4;f002;sp008;BUDGET;ACTIVE;i.parkhomenko@ukma.edu.ua;+380501234608;2007-03-14;19
st20240327;Olena;Moroz;Denysivna;Female;2;2024-09-01;4;f002;sp008;BUDGET;ACTIVE;o.moroz1@ukma.edu.ua;+380501234828;2006-10-03;19
st20240328;Anton;Oliinyk;Vitaliiovych;Male;2;2024-09-01;4;f002;sp008;BUDGET;ACTIVE;a.oliinyk1@ukma.edu.ua;+380501234829;2006-06-17;19
st20240329;Ivan;Oliinyk;Tymurovych;Male;2;2024-09-01;4;f002;sp008;CONTRACT;ACTIVE;i.oliinyk1@ukma.edu.ua;+380501234840;2006-10-12;19
st20240330;Oleksandr;Panchenko;Ivanovych;Male;2;2024-09-01;4;f002;sp008;BUDGET;ACTIVE;o.panchenko@ukma.edu.ua;+380501234807;2006-02-05;20
st20240331;Anastasiia;Panchenko;Romanivna;Female;2;2024-09-01;4;f002;sp008;BUDGET;ACTIVE;a.panchenko@ukma.edu.ua;+380501234824;2005-04-09;21
st20240332;Khrystyna;Petrenko;Arturivna;Female;2;2024-09-01;4;f002;sp008;CONTRACT;ACTIVE;k.petrenko@ukma.edu.ua;+380501234845;2006-07-27;19
st20240333;Vladyslav;Polishchuk;Volodymyrovych;Male;2;2024-09-01;4;f002;sp008;CONTRACT;ACTIVE;v.polishchuk@ukma.edu.ua;+380501234805;2005-12-11;20
st20240334;Iryna;Ponomarenko;Artemivna;Female;2;2024-09-01;4;f002;sp008;CONTRACT;ACTIVE;i.ponomarenko@ukma.edu.ua;+380501234813;2005-07-21;20
st20230286;Ivan;Oliinyk;Valentynovych;Male;3;2023-09-01;4;f002;sp008;CONTRACT;ACTIVE;i.oliinyk3@ukma.edu.ua;+380501235749;2004-07-24;21
st20230287;Illia;Oliinyk;Tarasovych;Male;3;2023-09-01;4;f002;sp008;CONTRACT;ACTIVE;i.oliinyk4@ukma.edu.ua;+380501235757;2005-01-05;21
st20230288;Vasyl;Panchenko;Illich;Male;3;2023-09-01;4;f002;sp008;CONTRACT;ACTIVE;v.panchenko4@ukma.edu.ua;+380501235737;2004-02-12;22
st20230289;Tymur;Petrenko;Dmytrovych;Male;3;2023-09-01;4;f002;sp008;CONTRACT;ACTIVE;t.petrenko1@ukma.edu.ua;+380501235756;2004-08-07;21
st20230290;Polina;Polishchuk;Vladyslavivna;Female;3;2023-09-01;4;f002;sp008;BUDGET;ACTIVE;p.polishchuk@ukma.edu.ua;+380501235759;2005-10-28;20
st20230291;Serhii;Radchenko;Romanovych;Male;3;2023-09-01;4;f002;sp008;BUDGET;ACTIVE;s.radchenko2@ukma.edu.ua;+380501235720;2005-06-25;20
st20230292;Maksym;Radchenko;Kyrylovych;Male;3;2023-09-01;4;f002;sp008;BUDGET;ACTIVE;m.radchenko3@ukma.edu.ua;+380501235746;2004-05-17;21
st20220300;Viktoriia;Ponomarenko;Stepanivna;Female;4;2022-09-01;4;f002;sp008;CONTRACT;ACTIVE;v.ponomarenko11@ukma.edu.ua;+380501236656;2004-09-14;21
st20220301;Maksym;Ponomarenko;Illich;Male;4;2022-09-01;4;f002;sp008;CONTRACT;ACTIVE;m.ponomarenko4@ukma.edu.ua;+380501236682;2003-03-13;23
st20220302;Artem;Ponomarenko;Serhiiovych;Male;4;2022-09-01;4;f002;sp008;CONTRACT;ACTIVE;a.ponomarenko9@ukma.edu.ua;+380501236684;2004-01-01;22
st20220303;Olena;Ponomarenko;Andriivna;Female;4;2022-09-01;4;f002;sp008;CONTRACT;ACTIVE;o.ponomarenko6@ukma.edu.ua;+380501236685;2003-08-16;22
st20220304;Tetiana;Radchenko;Kyrylivna;Female;4;2022-09-01;4;f002;sp008;CONTRACT;ACTIVE;t.radchenko2@ukma.edu.ua;+380501236681;2003-05-08;22
st20220305;Rostyslav;Shevchenko;Tarasovych;Male;4;2022-09-01;4;f002;sp008;CONTRACT;ACTIVE;r.shevchenko1@ukma.edu.ua;+380501236673;2003-05-08;22
st20220306;Rostyslav;Shevchenko;Arturovych;Male;4;2022-09-01;4;f002;sp008;CONTRACT;ACTIVE;r.shevchenko2@ukma.edu.ua;+380501236678;2003-08-22;22
st20250319;Daniil;Pashkevych;Romanovych;Male;1;2025-09-01;5;f002;sp008;CONTRACT;ACTIVE;d.pashkevych@ukma.edu.ua;+380501234609;2006-11-02;19
st20250320;Anna;Petrenko;Oleksandrivna;Female;1;2025-09-01;5;f002;sp008;CONTRACT;ACTIVE;a.petrenko@ukma.edu.ua;+380501234610;2007-07-19;18
st20250321;Oleksandr;Petrusha;Serhiiovych;Male;1;2025-09-01;5;f002;sp008;CONTRACT;ACTIVE;o.petrusha@ukma.edu.ua;+380501234611;2006-06-26;19
st20250322;Danylo;Polіukhovych;Bohdanovych;Male;1;2025-09-01;5;f002;sp008;CONTRACT;ACTIVE;d.poliukhovych@ukma.edu.ua;+380501234612;2007-12-09;18
st20250323;Roman;Prysmitskiy;Andriiovych;Male;1;2025-09-01;5;f002;sp008;CONTRACT;ACTIVE;r.prysmitskiy@ukma.edu.ua;+380501234613;2006-09-01;19
st20250324;Anna;Rodionova;Ihorivna;Female;1;2025-09-01;5;f002;sp008;CONTRACT;ACTIVE;a.rodionova@ukma.edu.ua;+380501234614;2007-04-12;19
st20240335;Nataliia;Ponomarenko;Antonivna;Female;2;2024-09-01;5;f002;sp008;CONTRACT;ACTIVE;n.ponomarenko@ukma.edu.ua;+380501234814;2005-04-05;21
st20240336;Andrii;Radchenko;Maksymovych;Male;2;2024-09-01;5;f002;sp008;CONTRACT;ACTIVE;a.radchenko2@ukma.edu.ua;+380501234836;2005-07-15;20
st20240337;Kateryna;Rudenko;Artemivna;Female;2;2024-09-01;5;f002;sp008;BUDGET;ACTIVE;k.rudenko@ukma.edu.ua;+380501234821;2005-12-03;20
st20240338;Solomiia;Rudenko;Illivna;Female;2;2024-09-01;5;f002;sp008;CONTRACT;ACTIVE;s.rudenko@ukma.edu.ua;+380501234822;2005-05-23;20
st20240339;Halyna;Savchenko;Olehivna;Female;2;2024-09-01;5;f002;sp008;BUDGET;ACTIVE;h.savchenko@ukma.edu.ua;+380501234820;2006-11-11;19
st20240340;Vasyl;Savchenko;Vitaliiovych;Male;2;2024-09-01;5;f002;sp008;CONTRACT;ACTIVE;v.savchenko2@ukma.edu.ua;+380501234841;2006-07-22;19
st20240341;Solomiia;Shevchenko;Volodymyrivna;Female;2;2024-09-01;5;f002;sp008;BUDGET;ACTIVE;s.shevchenko@ukma.edu.ua;+380501234842;2006-03-06;20
st20240342;Ihor;Shevchuk;Vitaliiovych;Male;2;2024-09-01;5;f002;sp008;CONTRACT;ACTIVE;i.shevchuk@ukma.edu.ua;+380501234839;2005-04-05;21
st20230293;Ivan;Savchenko;Mykhailovych;Male;3;2023-09-01;5;f002;sp008;CONTRACT;ACTIVE;i.savchenko2@ukma.edu.ua;+380501235729;2004-01-26;22
st20230294;Denys;Savchenko;Illich;Male;3;2023-09-01;5;f002;sp008;CONTRACT;ACTIVE;d.savchenko1@ukma.edu.ua;+380501235740;2004-05-11;21
st20230295;Bozhena;Shevchenko;Bohdanivna;Female;3;2023-09-01;5;f002;sp008;CONTRACT;ACTIVE;b.shevchenko@ukma.edu.ua;+380501235722;2004-04-09;22
st20230296;Nadiia;Shevchenko;Stepanivna;Female;3;2023-09-01;5;f002;sp008;BUDGET;ACTIVE;n.shevchenko2@ukma.edu.ua;+380501235732;2005-11-23;20
st20230297;Oksana;Shevchenko;Romanivna;Female;3;2023-09-01;5;f002;sp008;BUDGET;ACTIVE;o.shevchenko1@ukma.edu.ua;+380501235747;2004-04-18;22
st20230298;Taras;Sydorenko;Illich;Male;3;2023-09-01;5;f002;sp008;BUDGET;ACTIVE;t.sydorenko2@ukma.edu.ua;+380501235735;2005-12-19;20
st20230299;Mariia;Sydorenko;Yevhenivna;Female;3;2023-09-01;5;f002;sp008;BUDGET;ACTIVE;m.sydorenko3@ukma.edu.ua;+380501235739;2005-01-06;21
st20220307;Solomiia;Shevchuk;Tymurivna;Female;4;2022-09-01;5;f002;sp008;BUDGET;ACTIVE;s.shevchuk6@ukma.edu.ua;+380501236663;2003-09-06;22
st20220308;Artem;Shevchuk;Stepanovych;Male;4;2022-09-01;5;f002;sp008;CONTRACT;ACTIVE;a.shevchuk17@ukma.edu.ua;+380501236666;2003-07-24;22
st20220309;Sofiia;Sydorenko;Andriivna;Female;4;2022-09-01;5;f002;sp008;BUDGET;ACTIVE;s.sydorenko5@ukma.edu.ua;+380501236668;2004-01-12;22
st20220310;Hlib;Taran;Artemovych;Male;4;2022-09-01;5;f002;sp008;CONTRACT;ACTIVE;h.taran1@ukma.edu.ua;+380501236653;2004-07-05;21
st20220311;Oleh;Taran;Serhiiovych;Male;4;2022-09-01;5;f002;sp008;BUDGET;ACTIVE;o.taran4@ukma.edu.ua;+380501236670;2003-10-13;22
st20220312;Volodymyr;Taran;Bohdanovych;Male;4;2022-09-01;5;f002;sp008;BUDGET;ACTIVE;v.taran12@ukma.edu.ua;+380501236675;2004-04-20;21
st20220313;Bohdan;Taran;Valentynovych;Male;4;2022-09-01;5;f002;sp008;CONTRACT;ACTIVE;b.taran3@ukma.edu.ua;+380501236679;2004-01-16;22
st20250325;Yevheniia;Samystrok;Anatoliivna;Female;1;2025-09-01;6;f002;sp008;CONTRACT;ACTIVE;y.samystrok@ukma.edu.ua;+380501234615;2006-02-15;20
st20250326;Karіna;Sіrobaba;Ruslanіvna;Female;1;2025-09-01;6;f002;sp008;BUDGET;ACTIVE;k.sirobaba@ukma.edu.ua;+380501234616;2007-01-28;19
st20250327;Uliana;Smyrnova;Maksymivna;Female;1;2025-09-01;6;f002;sp008;BUDGET;ACTIVE;u.smyrnova@ukma.edu.ua;+380501234617;2006-07-11;19
st20250328;Alіna;Shybynevych;Maratіvna;Female;1;2025-09-01;6;f002;sp008;CONTRACT;ACTIVE;a.shybynevych@ukma.edu.ua;+380501234618;2007-11-02;18
st20250329;Yegor;Cherniak;Volodymyrovych;Male;1;2025-09-01;6;f002;sp008;CONTRACT;ACTIVE;y.cherniak@ukma.edu.ua;+380501234619;2006-03-12;20
st20250330;Ksenіia;Yatskіv;Vasylіvna;Female;1;2025-09-01;6;f002;sp008;BUDGET;ACTIVE;k.yatskiv@ukma.edu.ua;+380501234620;2007-08-23;18
st20240343;Maksym;Sydorenko;Kyrylovych;Male;2;2024-09-01;6;f002;sp008;BUDGET;ACTIVE;m.sydorenko@ukma.edu.ua;+380501234812;2006-02-03;20
st20240344;Viktoriia;Tkachuk;Antonivna;Female;2;2024-09-01;6;f002;sp008;CONTRACT;ACTIVE;v.tkachuk2@ukma.edu.ua;+380501234815;2006-06-27;19
st20240345;Alisa;Tkachuk;Volodymyrivna;Female;2;2024-09-01;6;f002;sp008;CONTRACT;ACTIVE;a.tkachuk1@ukma.edu.ua;+380501234831;2006-01-08;20
st20230300;Anton;Taran;Dmytrovych;Male;3;2023-09-01;6;f002;sp008;BUDGET;ACTIVE;a.taran2@ukma.edu.ua;+380501235728;2004-12-14;21
st20230301;Artem;Taran;Vladyslavovych;Male;3;2023-09-01;6;f002;sp008;CONTRACT;ACTIVE;a.taran3@ukma.edu.ua;+380501235748;2004-02-13;22
st20230302;Yurii;Taran;Tarasovych;Male;3;2023-09-01;6;f002;sp008;BUDGET;ACTIVE;y.taran3@ukma.edu.ua;+380501235755;2004-11-25;21
st20230303;Halyna;Tkachenko;Olehivna;Female;3;2023-09-01;6;f002;sp008;BUDGET;ACTIVE;h.tkachenko@ukma.edu.ua;+380501235733;2004-01-20;22
st20230304;Tetiana;Tkachuk;Volodymyrivna;Female;3;2023-09-01;6;f002;sp008;BUDGET;ACTIVE;t.tkachuk@ukma.edu.ua;+380501235723;2004-11-19;21
st20230305;Anton;Tkachuk;Arturovych;Male;3;2023-09-01;6;f002;sp008;BUDGET;ACTIVE;a.tkachuk6@ukma.edu.ua;+380501235742;2005-05-04;20
st20230306;Diana;Tkachuk;Arturivna;Female;3;2023-09-01;6;f002;sp008;CONTRACT;ACTIVE;d.tkachuk1@ukma.edu.ua;+380501235744;2005-08-17;20
st20220314;Anhelina;Tkachenko;Tymurivna;Female;4;2022-09-01;6;f002;sp008;CONTRACT;ACTIVE;a.tkachenko6@ukma.edu.ua;+380501236665;2004-03-28;22
st20220315;Daria;Tkachuk;Illivna;Female;4;2022-09-01;6;f002;sp008;CONTRACT;ACTIVE;d.tkachuk2@ukma.edu.ua;+380501236664;2003-04-09;23
st20250331;Hlіb;Shaposhnіkov;Tarasovych;Male;1;2025-09-01;1;f002;sp009;BUDGET;ACTIVE;h.shaposhnikov@ukma.edu.ua;+380501234621;2006-11-05;19
st20250332;Nadiia;Burdeina;Andriivna;Female;1;2025-09-01;1;f002;sp009;CONTRACT;ACTIVE;n.burdeina@ukma.edu.ua;+380501234622;2007-01-14;19
st20250333;Anna;Hryshchuk;Oleksiivna;Female;1;2025-09-01;1;f002;sp009;BUDGET;ACTIVE;a.hryshchuk@ukma.edu.ua;+380501234623;2006-09-30;19
st20250334;Vladyslav;Horovyi;Valeriiovych;Male;1;2025-09-01;1;f002;sp009;CONTRACT;ACTIVE;v.horovyi@ukma.edu.ua;+380501234624;2007-05-18;18
st20250335;Veronika;Danyleiko;Oleksandrivna;Female;1;2025-09-01;1;f002;sp009;CONTRACT;ACTIVE;v.danyleiko@ukma.edu.ua;+380501234625;2006-03-22;20
st20250336;Amina;Zubovych;Volodymyrivna;Female;1;2025-09-01;1;f002;sp009;BUDGET;ACTIVE;a.zubovych@ukma.edu.ua;+380501234626;2007-12-11;18
st20240346;Mykhailo;Babenko;Ivanovych;Male;2;2024-09-01;1;f002;sp009;BUDGET;ACTIVE;m.babenko@ukma.edu.ua;+380501234851;2006-04-27;19
st20240347;Veronika;Bondarenko;Stepanivna;Female;2;2024-09-01;1;f002;sp009;BUDGET;ACTIVE;v.bondarenko3@ukma.edu.ua;+380501234857;2006-11-01;19
st20240348;Oleh;Dmytrenko;Oleksandrovych;Male;2;2024-09-01;1;f002;sp009;CONTRACT;ACTIVE;o.dmytrenko@ukma.edu.ua;+380501234855;2006-08-08;19
st20240349;Hlib;Hrytsenko;Illich;Male;2;2024-09-01;1;f002;sp009;CONTRACT;ACTIVE;h.hrytsenko@ukma.edu.ua;+380501234868;2006-02-19;20
st20240350;Denys;Ivanenko;Volodymyrovych;Male;2;2024-09-01;1;f002;sp009;CONTRACT;ACTIVE;d.ivanenko@ukma.edu.ua;+380501234846;2005-08-14;20
st20240351;Maksym;Khomenko;Andriiovych;Male;2;2024-09-01;1;f002;sp009;BUDGET;ACTIVE;m.khomenko2@ukma.edu.ua;+380501234867;2005-07-06;20
st20230307;Dmytro;Boiko;Ivanovych;Male;3;2023-09-01;1;f002;sp009;BUDGET;ACTIVE;d.boiko3@ukma.edu.ua;+380501235787;2004-09-24;21
st20230308;Hlib;Bondarenko;Hlibovych;Male;3;2023-09-01;1;f002;sp009;CONTRACT;ACTIVE;h.bondarenko2@ukma.edu.ua;+380501235772;2005-12-03;20
st20230309;Serhii;Bondarenko;Serhiiovych;Male;3;2023-09-01;1;f002;sp009;BUDGET;ACTIVE;s.bondarenko3@ukma.edu.ua;+380501235776;2005-01-22;21
st20230310;Oleh;Bondarenko;Andriiovych;Male;3;2023-09-01;1;f002;sp009;BUDGET;ACTIVE;o.bondarenko1@ukma.edu.ua;+380501235778;2005-12-02;20
st20230311;Ivan;Dmytrenko;Stepanovych;Male;3;2023-09-01;1;f002;sp009;CONTRACT;ACTIVE;i.dmytrenko3@ukma.edu.ua;+380501235782;2005-03-03;21
st20230312;Artem;Dmytrenko;Ivanovych;Male;3;2023-09-01;1;f002;sp009;CONTRACT;ACTIVE;a.dmytrenko5@ukma.edu.ua;+380501235791;2004-02-01;22
st20230313;Vira;Honcharenko;Mykhailivna;Female;3;2023-09-01;1;f002;sp009;CONTRACT;ACTIVE;v.honcharenko6@ukma.edu.ua;+380501235770;2004-09-06;21
st20220316;Polina;Babenko;Valentynivna;Female;4;2022-09-01;1;f002;sp009;CONTRACT;ACTIVE;p.babenko3@ukma.edu.ua;+380501236720;2003-09-03;22
st20220317;Alisa;Bondar;Mykolaivna;Female;4;2022-09-01;1;f002;sp009;CONTRACT;ACTIVE;a.bondar8@ukma.edu.ua;+380501236695;2003-08-06;22
st20220318;Vasyl;Bondar;Kyrylovych;Male;4;2022-09-01;1;f002;sp009;BUDGET;ACTIVE;v.bondar10@ukma.edu.ua;+380501236708;2003-06-28;22
st20220319;Svitlana;Bondarenko;Yevhenivna;Female;4;2022-09-01;1;f002;sp009;CONTRACT;ACTIVE;s.bondarenko8@ukma.edu.ua;+380501236701;2003-11-10;22
st20220320;Volodymyr;Bondarenko;Valentynovych;Male;4;2022-09-01;1;f002;sp009;CONTRACT;ACTIVE;v.bondarenko14@ukma.edu.ua;+380501236706;2004-04-14;22
st20220321;Pavlo;Havryliuk;Arturovych;Male;4;2022-09-01;1;f002;sp009;CONTRACT;ACTIVE;p.havryliuk2@ukma.edu.ua;+380501236716;2003-11-11;22
st20250337;Viktoriia;Kalіton;Ruslanivna;Female;1;2025-09-01;2;f002;sp009;BUDGET;ACTIVE;v.kaliton@ukma.edu.ua;+380501234627;2006-07-07;19
st20250338;Oleksandra;Kaliushko;Fedorivna;Female;1;2025-09-01;2;f002;sp009;CONTRACT;ACTIVE;o.kaliushko@ukma.edu.ua;+380501234628;2007-02-28;19
st20250339;Yevhen;Kyryliuk;Yevheniiovych;Male;1;2025-09-01;2;f002;sp009;BUDGET;ACTIVE;y.kyryliuk@ukma.edu.ua;+380501234629;2006-10-15;19
st20250340;Maksym;Kobets;Maksymovych;Male;1;2025-09-01;2;f002;sp009;CONTRACT;ACTIVE;m.kobets@ukma.edu.ua;+380501234630;2007-06-04;18
st20250341;Roman;Kozachenko;Andriiovych;Male;1;2025-09-01;2;f002;sp009;CONTRACT;ACTIVE;r.kozachenko@ukma.edu.ua;+380501234631;2006-01-20;20
st20250342;Lіlіia;Kornіienko;Oleksandrіvna;Female;1;2025-09-01;2;f002;sp009;CONTRACT;ACTIVE;l.korniienko@ukma.edu.ua;+380501234632;2007-09-12;18
st20240352;Yana;Koval;Andriivna;Female;2;2024-09-01;2;f002;sp009;CONTRACT;ACTIVE;y.koval2@ukma.edu.ua;+380501234871;2006-02-06;20
st20240353;Daria;Kovalenko;Dmytrivna;Female;2;2024-09-01;2;f002;sp009;CONTRACT;ACTIVE;d.kovalenko1@ukma.edu.ua;+380501234853;2005-04-15;21
st20240354;Yana;Kravchenko;Oleksandrivna;Female;2;2024-09-01;2;f002;sp009;CONTRACT;ACTIVE;y.kravchenko@ukma.edu.ua;+380501234847;2005-05-27;20
st20240355;Ivan;Kravchenko;Hlibovych;Male;2;2024-09-01;2;f002;sp009;CONTRACT;ACTIVE;i.kravchenko1@ukma.edu.ua;+380501234869;2006-08-28;19
st20240356;Artur;Kravchenko;Valentynovych;Male;2;2024-09-01;2;f002;sp009;BUDGET;ACTIVE;a.kravchenko2@ukma.edu.ua;+380501234872;2005-02-16;21
st20240357;Yurii;Kravchenko;Kyrylovych;Male;2;2024-09-01;2;f002;sp009;CONTRACT;ACTIVE;y.kravchenko1@ukma.edu.ua;+380501234877;2005-04-02;21
st20230314;Maksym;Hrytsenko;Bohdanovych;Male;3;2023-09-01;2;f002;sp009;CONTRACT;ACTIVE;m.hrytsenko3@ukma.edu.ua;+380501235761;2004-10-17;21
st20230315;Tetiana;Hrytsenko;Vitaliivna;Female;3;2023-09-01;2;f002;sp009;BUDGET;ACTIVE;t.hrytsenko1@ukma.edu.ua;+380501235780;2005-03-28;21
st20230316;Vladyslav;Ivanenko;Vladyslavovych;Male;3;2023-09-01;2;f002;sp009;CONTRACT;ACTIVE;v.ivanenko5@ukma.edu.ua;+380501235784;2005-11-28;20
st20230317;Olena;Ivanenko;Antonivna;Female;3;2023-09-01;2;f002;sp009;CONTRACT;ACTIVE;o.ivanenko4@ukma.edu.ua;+380501235785;2004-12-26;21
st20230318;Yana;Karpenko;Stepanivna;Female;3;2023-09-01;2;f002;sp009;CONTRACT;ACTIVE;y.karpenko2@ukma.edu.ua;+380501235781;2004-11-17;21
st20230319;Bohdan;Koval;Artemovych;Male;3;2023-09-01;2;f002;sp009;CONTRACT;ACTIVE;b.koval2@ukma.edu.ua;+380501235777;2004-12-24;21
st20230320;Yuliia;Kovalenko;Andriivna;Female;3;2023-09-01;2;f002;sp009;BUDGET;ACTIVE;y.kovalenko3@ukma.edu.ua;+380501235786;2005-01-19;21
st20220322;Vitalii;Honcharenko;Olehovych;Male;4;2022-09-01;2;f002;sp009;CONTRACT;ACTIVE;v.honcharenko13@ukma.edu.ua;+380501236697;2004-07-11;21
st20220323;Yevhen;Honcharenko;Yuriiovych;Male;4;2022-09-01;2;f002;sp009;BUDGET;ACTIVE;y.honcharenko6@ukma.edu.ua;+380501236705;2003-09-03;22
st20220324;Maksym;Honcharenko;Hlibovych;Male;4;2022-09-01;2;f002;sp009;CONTRACT;ACTIVE;m.honcharenko3@ukma.edu.ua;+380501236719;2004-05-16;21
st20220325;Iryna;Hrytsenko;Tarasivna;Female;4;2022-09-01;2;f002;sp009;BUDGET;ACTIVE;i.hrytsenko3@ukma.edu.ua;+380501236696;2003-12-18;22
st20220326;Hlib;Hrytsenko;Yevhenovych;Male;4;2022-09-01;2;f002;sp009;BUDGET;ACTIVE;h.hrytsenko2@ukma.edu.ua;+380501236717;2003-05-26;22
st20220327;Yurii;Karpenko;Rostyslavovych;Male;4;2022-09-01;2;f002;sp009;BUDGET;ACTIVE;y.karpenko7@ukma.edu.ua;+380501236699;2003-04-22;22
st20250343;Artem;Kulak;;Male;1;2025-09-01;3;f002;sp009;CONTRACT;ACTIVE;a.kulak@ukma.edu.ua;+380501234633;2006-08-08;19
st20250344;Daryna;Kulyk;Vasylivna;Female;1;2025-09-01;3;f002;sp009;BUDGET;ACTIVE;d.kulyk@ukma.edu.ua;+380501234634;2007-04-01;19
st20250345;Oleksandr;Kuzmenko;Vitaliiovych;Male;1;2025-09-01;3;f002;sp009;CONTRACT;ACTIVE;o.kuzmenko@ukma.edu.ua;+380501234635;2006-12-25;19
st20250346;Zakhar;Lytvyniuk;Olehovych;Male;1;2025-09-01;3;f002;sp009;CONTRACT;ACTIVE;z.lytvyniuk@ukma.edu.ua;+380501234636;2007-11-18;18
st20250347;Anastasiia;Lіviakov;Yurіiovych;Male;1;2025-09-01;3;f002;sp009;BUDGET;ACTIVE;a.liviakov@ukma.edu.ua;+380501234637;2006-05-09;19
st20250348;Anastasiia;Lonska;Serhiivna;Female;1;2025-09-01;3;f002;sp009;CONTRACT;ACTIVE;a.lonska@ukma.edu.ua;+380501234638;2007-03-27;19
st20240358;Viktor;Lysenko;Tarasovych;Male;2;2024-09-01;3;f002;sp009;CONTRACT;ACTIVE;v.lysenko3@ukma.edu.ua;+380501234876;2005-07-23;20
st20240359;Artur;Melnyk;Stepanovych;Male;2;2024-09-01;3;f002;sp009;BUDGET;ACTIVE;a.melnyk2@ukma.edu.ua;+380501234852;2005-01-06;21
st20240360;Rostyslav;Melnyk;Yuriiovych;Male;2;2024-09-01;3;f002;sp009;BUDGET;ACTIVE;r.melnyk@ukma.edu.ua;+380501234854;2006-01-16;20
st20240361;Illia;Melnyk;Valentynovych;Male;2;2024-09-01;3;f002;sp009;CONTRACT;ACTIVE;i.melnyk@ukma.edu.ua;+380501234864;2005-10-02;20
st20240362;Nadiia;Oliinyk;Ivanivna;Female;2;2024-09-01;3;f002;sp009;CONTRACT;ACTIVE;n.oliinyk@ukma.edu.ua;+380501234856;2005-06-19;20
st20240363;Volodymyr;Polishchuk;Oleksandrovych;Male;2;2024-09-01;3;f002;sp009;CONTRACT;ACTIVE;v.polishchuk1@ukma.edu.ua;+380501234873;2005-11-01;20
st20230321;Volodymyr;Kovalenko;Kyrylovych;Male;3;2023-09-01;3;f002;sp009;BUDGET;ACTIVE;v.kovalenko7@ukma.edu.ua;+380501235796;2004-03-22;22
st20230322;Volodymyr;Marchenko;Tarasovych;Male;3;2023-09-01;3;f002;sp009;CONTRACT;ACTIVE;v.marchenko6@ukma.edu.ua;+380501235783;2005-05-01;20
st20230323;Mykola;Marchenko;Yuriiovych;Male;3;2023-09-01;3;f002;sp009;CONTRACT;ACTIVE;m.marchenko1@ukma.edu.ua;+380501235790;2005-08-16;20
st20230324;Yelyzaveta;Marchenko;Denysivna;Female;3;2023-09-01;3;f002;sp009;BUDGET;ACTIVE;y.marchenko9@ukma.edu.ua;+380501235797;2005-05-19;20
st20230325;Valentyn;Moroz;Ivanovych;Male;3;2023-09-01;3;f002;sp009;BUDGET;ACTIVE;v.moroz7@ukma.edu.ua;+380501235763;2004-07-23;21
st20230326;Kseniia;Panchenko;Illivna;Female;3;2023-09-01;3;f002;sp009;CONTRACT;ACTIVE;k.panchenko1@ukma.edu.ua;+380501235764;2005-04-10;21
st20230327;Oleksandr;Panchenko;Vitaliiovych;Male;3;2023-09-01;3;f002;sp009;BUDGET;ACTIVE;o.panchenko3@ukma.edu.ua;+380501235779;2005-09-02;20
st20220328;Oksana;Karpenko;Vladyslavivna;Female;4;2022-09-01;3;f002;sp009;CONTRACT;ACTIVE;o.karpenko5@ukma.edu.ua;+380501236714;2004-09-20;21
st20220329;Andrii;Koval;Valentynovych;Male;4;2022-09-01;3;f002;sp009;BUDGET;ACTIVE;a.koval11@ukma.edu.ua;+380501236691;2003-04-06;23
st20220330;Polina;Kovalenko;Mykhailivna;Female;4;2022-09-01;3;f002;sp009;BUDGET;ACTIVE;p.kovalenko3@ukma.edu.ua;+380501236703;2003-09-20;22
st20220331;Ihor;Lysenko;Andriiovych;Male;4;2022-09-01;3;f002;sp009;CONTRACT;ACTIVE;i.lysenko4@ukma.edu.ua;+380501236711;2003-07-26;22
st20220332;Nadiia;Marchenko;Valentynivna;Female;4;2022-09-01;3;f002;sp009;BUDGET;ACTIVE;n.marchenko3@ukma.edu.ua;+380501236692;2003-01-14;23
st20220333;Oksana;Melnyk;Bohdanivna;Female;4;2022-09-01;3;f002;sp009;CONTRACT;ACTIVE;o.melnyk4@ukma.edu.ua;+380501236702;2004-02-13;22
st20250349;Anastasiia;Maksymenko;Ruslanіvna;Female;1;2025-09-01;4;f002;sp009;BUDGET;ACTIVE;a.maksymenko@ukma.edu.ua;+380501234639;2006-02-14;20
st20250350;Karina;Mamchyts;Olehivna;Female;1;2025-09-01;4;f002;sp009;CONTRACT;ACTIVE;k.mamchyts@ukma.edu.ua;+380501234640;2007-07-21;18
st20250351;Nadiia;Osniatska;Pavlivna;Female;1;2025-09-01;4;f002;sp009;CONTRACT;ACTIVE;n.osniatska@ukma.edu.ua;+380501234641;2006-09-05;19
st20250352;Irina;Pankratova;Valeriiovyna;Female;1;2025-09-01;4;f002;sp009;CONTRACT;ACTIVE;i.pankratova@ukma.edu.ua;+380501234642;2007-01-30;19
st20250353;Kateryna;Prudko;Oleksiivna;Female;1;2025-09-01;4;f002;sp009;CONTRACT;ACTIVE;k.prudko@ukma.edu.ua;+380501234643;2006-11-12;19
st20250354;Anastasiia;Romanenko;Angelina Serhiivna;Female;1;2025-09-01;4;f002;sp009;CONTRACT;ACTIVE;a.romanenko@ukma.edu.ua;+380501234644;2007-08-04;18
st20240364;Dmytro;Ponomarenko;Artemovych;Male;2;2024-09-01;4;f002;sp009;BUDGET;ACTIVE;d.ponomarenko@ukma.edu.ua;+380501234848;2006-09-03;19
st20240365;Viktor;Radchenko;Hlibovych;Male;2;2024-09-01;4;f002;sp009;CONTRACT;ACTIVE;v.radchenko1@ukma.edu.ua;+380501234858;2005-07-02;20
st20240366;Uliana;Savchenko;Stepanivna;Female;2;2024-09-01;4;f002;sp009;CONTRACT;ACTIVE;u.savchenko@ukma.edu.ua;+380501234862;2005-05-17;20
st20240367;Sofiia;Shevchenko;Hlibivna;Female;2;2024-09-01;4;f002;sp009;BUDGET;ACTIVE;s.shevchenko1@ukma.edu.ua;+380501234850;2006-01-15;20
st20240368;Ihor;Shevchenko;Valentynovych;Male;2;2024-09-01;4;f002;sp009;CONTRACT;ACTIVE;i.shevchenko@ukma.edu.ua;+380501234861;2005-08-06;20
st20240369;Yelyzaveta;Shevchenko;Kyrylivna;Female;2;2024-09-01;4;f002;sp009;CONTRACT;ACTIVE;y.shevchenko@ukma.edu.ua;+380501234870;2005-05-26;20
st20230328;Viktoriia;Petrenko;Oleksandrivna;Female;3;2023-09-01;4;f002;sp009;BUDGET;ACTIVE;v.petrenko4@ukma.edu.ua;+380501235788;2004-09-23;21
st20230329;Diana;Ponomarenko;Artemivna;Female;3;2023-09-01;4;f002;sp009;BUDGET;ACTIVE;d.ponomarenko5@ukma.edu.ua;+380501235762;2005-10-02;20
st20230330;Polina;Radchenko;Romanivna;Female;3;2023-09-01;4;f002;sp009;BUDGET;ACTIVE;p.radchenko1@ukma.edu.ua;+380501235769;2004-03-14;22
st20230331;Oleksandr;Radchenko;Oleksandrovych;Male;3;2023-09-01;4;f002;sp009;CONTRACT;ACTIVE;o.radchenko2@ukma.edu.ua;+380501235771;2004-05-28;21
st20230332;Oleksandr;Radchenko;Tymurovych;Male;3;2023-09-01;4;f002;sp009;CONTRACT;ACTIVE;o.radchenko3@ukma.edu.ua;+380501235773;2005-04-25;20
st20230333;Svitlana;Radchenko;Denysivna;Female;3;2023-09-01;4;f002;sp009;CONTRACT;ACTIVE;s.radchenko3@ukma.edu.ua;+380501235792;2005-09-23;20
st20230334;Diana;Rudenko;Tymurivna;Female;3;2023-09-01;4;f002;sp009;CONTRACT;ACTIVE;d.rudenko2@ukma.edu.ua;+380501235794;2004-10-01;21
st20220334;Kateryna;Moroz;Maksymivna;Female;4;2022-09-01;4;f002;sp009;CONTRACT;ACTIVE;k.moroz2@ukma.edu.ua;+380501236718;2003-05-21;22
st20220335;Anna;Oliinyk;Yevhenivna;Female;4;2022-09-01;4;f002;sp009;CONTRACT;ACTIVE;a.oliinyk5@ukma.edu.ua;+380501236690;2003-12-06;22
st20220336;Zlata;Oliinyk;Tymurivna;Female;4;2022-09-01;4;f002;sp009;BUDGET;ACTIVE;z.oliinyk@ukma.edu.ua;+380501236698;2004-08-20;21
st20220337;Alina;Oliinyk;Stepanivna;Female;4;2022-09-01;4;f002;sp009;BUDGET;ACTIVE;a.oliinyk6@ukma.edu.ua;+380501236710;2003-09-15;22
st20220338;Polina;Panchenko;Bohdanivna;Female;4;2022-09-01;4;f002;sp009;CONTRACT;ACTIVE;p.panchenko2@ukma.edu.ua;+380501236707;2004-06-06;21
st20220339;Anastasiia;Panchenko;Tarasivna;Female;4;2022-09-01;4;f002;sp009;CONTRACT;ACTIVE;a.panchenko7@ukma.edu.ua;+380501236709;2003-09-28;22
st20250355;Anastasiia;Rudovska;Serhiivna;Female;1;2025-09-01;5;f002;sp009;CONTRACT;ACTIVE;a.rudovska@ukma.edu.ua;+380501234645;2006-04-19;20
st20250356;Viktoriia;Riaba;Romanivna;Female;1;2025-09-01;5;f002;sp009;CONTRACT;ACTIVE;v.riaba@ukma.edu.ua;+380501234646;2007-10-09;18
st20250357;Liuda;Sabadash;Dmytrivna;Female;1;2025-09-01;5;f002;sp009;CONTRACT;ACTIVE;l.sabadash@ukma.edu.ua;+380501234647;2006-06-25;19
st20250358;Olesia;Sahan;Vitaliivna;Female;1;2025-09-01;5;f002;sp009;CONTRACT;ACTIVE;o.sahan@ukma.edu.ua;+380501234648;2007-02-05;19
st20250359;Kristina;Serbina;Olehivna;Female;1;2025-09-01;5;f002;sp009;CONTRACT;ACTIVE;k.serbina@ukma.edu.ua;+380501234649;2006-01-11;20
st20250360;Polina;Turovets;Volodymyrivna;Female;1;2025-09-01;5;f002;sp009;CONTRACT;ACTIVE;p.turovets@ukma.edu.ua;+380501234650;2007-05-29;18
st20240370;Zlata;Shevchuk;Arturivna;Female;2;2024-09-01;5;f002;sp009;CONTRACT;ACTIVE;z.shevchuk@ukma.edu.ua;+380501234849;2006-11-09;19
st20240371;Oleksandr;Sydorenko;Vitaliiovych;Male;2;2024-09-01;5;f002;sp009;CONTRACT;ACTIVE;o.sydorenko2@ukma.edu.ua;+380501234860;2005-08-07;20
st20240372;Tymur;Sydorenko;Yuriiovych;Male;2;2024-09-01;5;f002;sp009;CONTRACT;ACTIVE;t.sydorenko@ukma.edu.ua;+380501234874;2005-11-19;20
st20240373;Vira;Taran;Ivanivna;Female;2;2024-09-01;5;f002;sp009;CONTRACT;ACTIVE;v.taran@ukma.edu.ua;+380501234875;2006-01-09;20
st20240374;Vasyl;Tkachenko;Illich;Male;2;2024-09-01;5;f002;sp009;CONTRACT;ACTIVE;v.tkachenko3@ukma.edu.ua;+380501234859;2005-12-19;20
st20240375;Dmytro;Tkachenko;Stepanovych;Male;2;2024-09-01;5;f002;sp009;CONTRACT;ACTIVE;d.tkachenko@ukma.edu.ua;+380501234865;2005-11-15;20
st20230335;Liubov;Rudenko;Serhiivna;Female;3;2023-09-01;5;f002;sp009;CONTRACT;ACTIVE;l.rudenko1@ukma.edu.ua;+380501235795;2004-12-11;21
st20230336;Oleh;Savchenko;Tarasovych;Male;3;2023-09-01;5;f002;sp009;BUDGET;ACTIVE;o.savchenko@ukma.edu.ua;+380501235793;2004-03-09;22
st20230337;Kyrylo;Shevchuk;Romanovych;Male;3;2023-09-01;5;f002;sp009;BUDGET;ACTIVE;k.shevchuk5@ukma.edu.ua;+380501235767;2005-08-09;20
st20230338;Mykola;Taran;Bohdanovych;Male;3;2023-09-01;5;f002;sp009;BUDGET;ACTIVE;m.taran1@ukma.edu.ua;+380501235789;2004-04-10;22
st20230339;Vitalii;Tkachenko;Tarasovych;Male;3;2023-09-01;5;f002;sp009;CONTRACT;ACTIVE;v.tkachenko7@ukma.edu.ua;+380501235765;2005-09-22;20
st20230340;Mykola;Tkachenko;Oleksandrovych;Male;3;2023-09-01;5;f002;sp009;CONTRACT;ACTIVE;m.tkachenko@ukma.edu.ua;+380501235766;2005-02-26;21
st20230341;Diana;Tkachenko;Rostyslavivna;Female;3;2023-09-01;5;f002;sp009;CONTRACT;ACTIVE;d.tkachenko3@ukma.edu.ua;+380501235798;2004-12-06;21
st20220340;Anastasiia;Petrenko;Rostyslavivna;Female;4;2022-09-01;5;f002;sp009;BUDGET;ACTIVE;a.petrenko12@ukma.edu.ua;+380501236689;2003-01-27;23
st20220341;Sofiia;Petrenko;Antonivna;Female;4;2022-09-01;5;f002;sp009;CONTRACT;ACTIVE;s.petrenko6@ukma.edu.ua;+380501236700;2004-01-25;22
st20220342;Khrystyna;Petrenko;Antonivna;Female;4;2022-09-01;5;f002;sp009;CONTRACT;ACTIVE;k.petrenko5@ukma.edu.ua;+380501236704;2004-03-21;22
st20220343;Sofiia;Savchenko;Andriivna;Female;4;2022-09-01;5;f002;sp009;CONTRACT;ACTIVE;s.savchenko4@ukma.edu.ua;+380501236693;2003-01-28;23
st20220344;Tymur;Shevchenko;Mykolaiovych;Male;4;2022-09-01;5;f002;sp009;BUDGET;ACTIVE;t.shevchenko@ukma.edu.ua;+380501236715;2004-08-14;21
st20220345;Kateryna;Shevchenko;Rostyslavivna;Female;4;2022-09-01;5;f002;sp009;BUDGET;ACTIVE;k.shevchenko4@ukma.edu.ua;+380501236721;2003-11-12;22
st20250361;Yulia;Chubar;Serhiivna;Female;1;2025-09-01;6;f002;sp009;CONTRACT;ACTIVE;y.chubar@ukma.edu.ua;+380501234651;2006-12-02;19
st20250362;Lіana;Shevchenko;Bohdanivna;Female;1;2025-09-01;6;f002;sp009;CONTRACT;ACTIVE;l.shevchenko@ukma.edu.ua;+380501234652;2007-09-17;18
st20250363;Daria;Yashchenko;Maksymivna;Female;1;2025-09-01;6;f002;sp009;BUDGET;ACTIVE;d.yashchenko@ukma.edu.ua;+380501234653;2006-08-22;19
st20240376;Mykola;Vlasenko;Ivanovych;Male;2;2024-09-01;6;f002;sp009;BUDGET;ACTIVE;m.vlasenko@ukma.edu.ua;+380501234863;2006-11-24;19
st20240377;Serhii;Vlasenko;Andriiovych;Male;2;2024-09-01;6;f002;sp009;CONTRACT;ACTIVE;s.vlasenko1@ukma.edu.ua;+380501234866;2005-06-05;20
st20230342;Anastasiia;Tkachuk;Mykhailivna;Female;3;2023-09-01;6;f002;sp009;CONTRACT;ACTIVE;a.tkachuk7@ukma.edu.ua;+380501235768;2004-09-05;21
st20230343;Ivan;Tkachuk;Olehovych;Male;3;2023-09-01;6;f002;sp009;BUDGET;ACTIVE;i.tkachuk5@ukma.edu.ua;+380501235774;2004-05-10;21
st20230344;Andrii;Vlasenko;Denysovych;Male;3;2023-09-01;6;f002;sp009;CONTRACT;ACTIVE;a.vlasenko5@ukma.edu.ua;+380501235775;2005-11-08;20
st20220346;Volodymyr;Shevchuk;Ivanovych;Male;4;2022-09-01;6;f002;sp009;CONTRACT;ACTIVE;v.shevchuk3@ukma.edu.ua;+380501236694;2003-08-15;22
st20220347;Valeriia;Taran;Andriivna;Female;4;2022-09-01;6;f002;sp009;CONTRACT;ACTIVE;v.taran13@ukma.edu.ua;+380501236713;2003-08-12;22
st20220348;Alina;Vlasenko;Tarasivna;Female;4;2022-09-01;6;f002;sp009;CONTRACT;ACTIVE;a.vlasenko9@ukma.edu.ua;+380501236712;2004-02-08;22
st20250364;Oleksii;Buhutskyi;Yuriiovych;Male;1;2025-09-01;1;f003;sp010;CONTRACT;ACTIVE;o.buhutskyi@ukma.edu.ua;+380501234654;2007-06-04;18
st20250365;Anastasiia;Bohunova;Denysivna;Female;1;2025-09-01;1;f003;sp010;BUDGET;ACTIVE;a.bohunova@ukma.edu.ua;+380501234655;2006-01-20;20
st20250366;Anastasiia;Bilokon;Serhiivna;Female;1;2025-09-01;1;f003;sp010;BUDGET;ACTIVE;a.bilokon@ukma.edu.ua;+380501234656;2007-09-12;18
st20250367;Oleksandra;Vladymyrova;Serhiivna;Female;1;2025-09-01;1;f003;sp010;CONTRACT;ACTIVE;o.vladymyrova@ukma.edu.ua;+380501234657;2006-08-08;19
st20250368;Maiia;Homma;Kostiantynivna;Female;1;2025-09-01;1;f003;sp010;CONTRACT;ACTIVE;m.homma@ukma.edu.ua;+380501234658;2007-04-01;19
st20250369;Andrii;Hordovskyi;Kostiantynovych;Male;1;2025-09-01;1;f003;sp010;BUDGET;ACTIVE;a.hordovskyi@ukma.edu.ua;+380501234659;2006-12-25;19
st20240378;Artur;Bondar;Arturovych;Male;2;2024-09-01;1;f003;sp010;CONTRACT;ACTIVE;a.bondar2@ukma.edu.ua;+380501234901;2006-12-15;19
st20240379;Artem;Bondarenko;Stepanovych;Male;2;2024-09-01;1;f003;sp010;CONTRACT;ACTIVE;a.bondarenko3@ukma.edu.ua;+380501234885;2005-02-24;21
st20240380;Kseniia;Dmytrenko;Artemivna;Female;2;2024-09-01;1;f003;sp010;CONTRACT;ACTIVE;k.dmytrenko@ukma.edu.ua;+380501234884;2006-06-14;19
st20240381;Solomiia;Dmytrenko;Serhiivna;Female;2;2024-09-01;1;f003;sp010;CONTRACT;ACTIVE;s.dmytrenko2@ukma.edu.ua;+380501234897;2005-01-09;21
st20240382;Daria;Dmytrenko;Yuriivna;Female;2;2024-09-01;1;f003;sp010;CONTRACT;ACTIVE;d.dmytrenko@ukma.edu.ua;+380501234904;2005-03-15;21
st20230345;Tetiana;Babenko;Tarasivna;Female;3;2023-09-01;1;f003;sp010;CONTRACT;ACTIVE;t.babenko1@ukma.edu.ua;+380501235803;2005-03-08;21
st20230346;Halyna;Babenko;Illivna;Female;3;2023-09-01;1;f003;sp010;CONTRACT;ACTIVE;h.babenko1@ukma.edu.ua;+380501235811;2004-12-01;21
st20230347;Yelyzaveta;Babenko;Dmytrivna;Female;3;2023-09-01;1;f003;sp010;CONTRACT;ACTIVE;y.babenko2@ukma.edu.ua;+380501235826;2005-11-17;20
st20230348;Denys;Boiko;Ivanovych;Male;3;2023-09-01;1;f003;sp010;CONTRACT;ACTIVE;d.boiko4@ukma.edu.ua;+380501235813;2004-04-18;22
st20230349;Valeriia;Bondar;Bohdanivna;Female;3;2023-09-01;1;f003;sp010;BUDGET;ACTIVE;v.bondar4@ukma.edu.ua;+380501235810;2005-07-13;20
st20230350;Svitlana;Bondarenko;Arturivna;Female;3;2023-09-01;1;f003;sp010;CONTRACT;ACTIVE;s.bondarenko4@ukma.edu.ua;+380501235799;2004-07-03;21
st20220349;Yevhen;Babenko;Serhiiovych;Male;4;2022-09-01;1;f003;sp010;CONTRACT;ACTIVE;y.babenko8@ukma.edu.ua;+380501236732;2003-05-09;22
st20220350;Mariia;Boiko;Hlibivna;Female;4;2022-09-01;1;f003;sp010;BUDGET;ACTIVE;m.boiko6@ukma.edu.ua;+380501236740;2004-12-22;21
st20220351;Viktoriia;Bondar;Yevhenivna;Female;4;2022-09-01;1;f003;sp010;CONTRACT;ACTIVE;v.bondar11@ukma.edu.ua;+380501236763;2003-06-20;22
st20220352;Pavlo;Havryliuk;Yuriiovych;Male;4;2022-09-01;1;f003;sp010;CONTRACT;ACTIVE;p.havryliuk3@ukma.edu.ua;+380501236729;2004-08-28;21
st20220353;Tetiana;Havryliuk;Hlibivna;Female;4;2022-09-01;1;f003;sp010;CONTRACT;ACTIVE;t.havryliuk4@ukma.edu.ua;+380501236738;2003-06-08;22
st20220354;Bohdan;Havryliuk;Mykhailovych;Male;4;2022-09-01;1;f003;sp010;CONTRACT;ACTIVE;b.havryliuk1@ukma.edu.ua;+380501236752;2003-04-09;23
st20220355;Alina;Hrytsenko;Yevhenivna;Female;4;2022-09-01;1;f003;sp010;CONTRACT;ACTIVE;a.hrytsenko4@ukma.edu.ua;+380501236726;2003-11-16;22
st20220356;Diana;Hrytsenko;Tarasivna;Female;4;2022-09-01;1;f003;sp010;CONTRACT;ACTIVE;d.hrytsenko4@ukma.edu.ua;+380501236742;2003-07-05;22
st20250370;Kira;Demianiuk;Denysivna;Female;1;2025-09-01;2;f003;sp010;BUDGET;ACTIVE;k.demianiuk@ukma.edu.ua;+380501234660;2007-11-18;18
st20250371;Mykola;Zharoid;Andriiovych;Male;1;2025-09-01;2;f003;sp010;CONTRACT;ACTIVE;m.zharoid@ukma.edu.ua;+380501234661;2006-05-09;19
st20250372;Sofiia;Zakharova;Oleksandrivna;Female;1;2025-09-01;2;f003;sp010;CONTRACT;ACTIVE;s.zakharova@ukma.edu.ua;+380501234662;2007-03-27;19
st20250373;Rostyslav;Zenkov;Serhiiovych;Male;1;2025-09-01;2;f003;sp010;BUDGET;ACTIVE;r.zenkov@ukma.edu.ua;+380501234663;2006-02-14;20
st20250374;Oleksandr;Kaposhko;Oleksandrovych;Male;1;2025-09-01;2;f003;sp010;BUDGET;ACTIVE;o.kaposhko@ukma.edu.ua;+380501234664;2007-07-21;18
st20250375;Ivan;Karavatskyi;Ivanovych;Male;1;2025-09-01;2;f003;sp010;BUDGET;ACTIVE;i.karavatskyi@ukma.edu.ua;+380501234665;2006-09-05;19
st20240383;Tetiana;Havryliuk;Ivanivna;Female;2;2024-09-01;2;f003;sp010;BUDGET;ACTIVE;t.havryliuk@ukma.edu.ua;+380501234899;2005-11-06;20
st20240384;Halyna;Honcharenko;Serhiivna;Female;2;2024-09-01;2;f003;sp010;CONTRACT;ACTIVE;h.honcharenko@ukma.edu.ua;+380501234878;2006-09-15;19
st20240385;Roman;Hrytsenko;Bohdanovych;Male;2;2024-09-01;2;f003;sp010;CONTRACT;ACTIVE;r.hrytsenko@ukma.edu.ua;+380501234890;2005-08-18;20
st20240386;Tymur;Hrytsenko;Tarasovych;Male;2;2024-09-01;2;f003;sp010;CONTRACT;ACTIVE;t.hrytsenko@ukma.edu.ua;+380501234892;2005-12-26;20
st20240387;Vitalii;Hrytsenko;Volodymyrovych;Male;2;2024-09-01;2;f003;sp010;BUDGET;ACTIVE;v.hrytsenko2@ukma.edu.ua;+380501234896;2005-09-15;20
st20230351;Alisa;Dmytrenko;Andriivna;Female;3;2023-09-01;2;f003;sp010;BUDGET;ACTIVE;a.dmytrenko6@ukma.edu.ua;+380501235804;2005-01-27;21
st20230352;Oleksandr;Dmytrenko;Arturovych;Male;3;2023-09-01;2;f003;sp010;CONTRACT;ACTIVE;o.dmytrenko1@ukma.edu.ua;+380501235818;2004-10-21;21
st20230353;Vitalii;Honcharenko;Arturovych;Male;3;2023-09-01;2;f003;sp010;CONTRACT;ACTIVE;v.honcharenko7@ukma.edu.ua;+380501235800;2005-06-03;20
st20230354;Pavlo;Hrytsenko;Artemovych;Male;3;2023-09-01;2;f003;sp010;BUDGET;ACTIVE;p.hrytsenko1@ukma.edu.ua;+380501235809;2005-05-24;20
st20230355;Viktoriia;Hrytsenko;Mykolaivna;Female;3;2023-09-01;2;f003;sp010;BUDGET;ACTIVE;v.hrytsenko6@ukma.edu.ua;+380501235830;2004-01-25;22
st20230356;Viktoriia;Ivanenko;Oleksandrivna;Female;3;2023-09-01;2;f003;sp010;BUDGET;ACTIVE;v.ivanenko6@ukma.edu.ua;+380501235801;2005-05-20;20
st20220357;Yuliia;Hrytsenko;Tymurivna;Female;4;2022-09-01;2;f003;sp010;CONTRACT;ACTIVE;y.hrytsenko5@ukma.edu.ua;+380501236754;2004-11-06;21
st20220358;Veronika;Ivanenko;Vladyslavivna;Female;4;2022-09-01;2;f003;sp010;CONTRACT;ACTIVE;v.ivanenko9@ukma.edu.ua;+380501236735;2003-05-11;22
st20220359;Uliana;Karpenko;Olehivna;Female;4;2022-09-01;2;f003;sp010;BUDGET;ACTIVE;u.karpenko2@ukma.edu.ua;+380501236725;2004-09-12;21
st20220360;Serhii;Karpenko;Valentynovych;Male;4;2022-09-01;2;f003;sp010;CONTRACT;ACTIVE;s.karpenko3@ukma.edu.ua;+380501236727;2004-02-04;22
st20220361;Yuliia;Karpenko;Tymurivna;Female;4;2022-09-01;2;f003;sp010;BUDGET;ACTIVE;y.karpenko8@ukma.edu.ua;+380501236749;2003-12-23;22
st20220362;Bohdan;Karpenko;Stepanovych;Male;4;2022-09-01;2;f003;sp010;BUDGET;ACTIVE;b.karpenko3@ukma.edu.ua;+380501236758;2004-05-17;21
st20220363;Illia;Khomenko;Valentynovych;Male;4;2022-09-01;2;f003;sp010;BUDGET;ACTIVE;i.khomenko2@ukma.edu.ua;+380501236745;2004-05-27;21
st20220364;Denys;Khomenko;Kyrylovych;Male;4;2022-09-01;2;f003;sp010;CONTRACT;ACTIVE;d.khomenko6@ukma.edu.ua;+380501236747;2003-12-08;22
st20250376;Oleh;Karpenko;Ihorovych;Male;1;2025-09-01;3;f003;sp010;BUDGET;ACTIVE;o.karpenko@ukma.edu.ua;+380501234666;2007-01-30;19
st20250377;Alina;Kyrylenko;Oleksandrivna;Female;1;2025-09-01;3;f003;sp010;BUDGET;ACTIVE;a.kyrylenko@ukma.edu.ua;+380501234667;2006-11-12;19
st20250378;Mykhailo;Kozych;Vitaliiovych;Male;1;2025-09-01;3;f003;sp010;BUDGET;ACTIVE;m.kozych@ukma.edu.ua;+380501234668;2007-08-04;18
st20250379;Illia;Kolotusha;Olehovych;Male;1;2025-09-01;3;f003;sp010;BUDGET;ACTIVE;i.kolotusha@ukma.edu.ua;+380501234669;2006-04-19;20
st20250380;Adelaida;Kotneko;Yevheniivna;Female;1;2025-09-01;3;f003;sp010;BUDGET;ACTIVE;a.kotneko@ukma.edu.ua;+380501234670;2007-10-09;18
st20250381;Vladyslava;Lisova;Serhiivna;Female;1;2025-09-01;3;f003;sp010;BUDGET;ACTIVE;v.lisova@ukma.edu.ua;+380501234671;2006-06-25;19
st20240388;Yelyzaveta;Ivanenko;Rostyslavivna;Female;2;2024-09-01;3;f003;sp010;CONTRACT;ACTIVE;y.ivanenko@ukma.edu.ua;+380501234895;2006-10-05;19
st20240389;Bohdan;Kovalenko;Romanovych;Male;2;2024-09-01;3;f003;sp010;CONTRACT;ACTIVE;b.kovalenko@ukma.edu.ua;+380501234893;2005-09-11;20
st20240390;Svitlana;Kravchenko;Vitaliivna;Female;2;2024-09-01;3;f003;sp010;BUDGET;ACTIVE;s.kravchenko@ukma.edu.ua;+380501234879;2006-12-25;19
st20240391;Hlib;Lysenko;Arturovych;Male;2;2024-09-01;3;f003;sp010;BUDGET;ACTIVE;h.lysenko@ukma.edu.ua;+380501234880;2006-05-03;19
st20240392;Diana;Marchenko;Bohdanivna;Female;2;2024-09-01;3;f003;sp010;CONTRACT;ACTIVE;d.marchenko2@ukma.edu.ua;+380501234882;2005-04-12;21
st20230357;Nazar;Ivanenko;Volodymyrovych;Male;3;2023-09-01;3;f003;sp010;BUDGET;ACTIVE;n.ivanenko3@ukma.edu.ua;+380501235829;2004-11-14;21
st20230358;Daria;Karpenko;Stepanivna;Female;3;2023-09-01;3;f003;sp010;BUDGET;ACTIVE;d.karpenko1@ukma.edu.ua;+380501235822;2004-12-07;21
st20230359;Denys;Khomenko;Maksymovych;Male;3;2023-09-01;3;f003;sp010;CONTRACT;ACTIVE;d.khomenko4@ukma.edu.ua;+380501235806;2005-09-02;20
st20230360;Svitlana;Koval;Olehivna;Female;3;2023-09-01;3;f003;sp010;CONTRACT;ACTIVE;s.koval4@ukma.edu.ua;+380501235802;2004-12-09;21
st20230361;Khrystyna;Koval;Valentynivna;Female;3;2023-09-01;3;f003;sp010;CONTRACT;ACTIVE;k.koval2@ukma.edu.ua;+380501235807;2005-01-27;21
st20230362;Viktoriia;Kovalenko;Serhiivna;Female;3;2023-09-01;3;f003;sp010;BUDGET;ACTIVE;v.kovalenko8@ukma.edu.ua;+380501235828;2005-08-22;20
st20220365;Tetiana;Khomenko;Ivanivna;Female;4;2022-09-01;3;f003;sp010;CONTRACT;ACTIVE;t.khomenko3@ukma.edu.ua;+380501236750;2003-06-10;22
st20220366;Khrystyna;Khomenko;Illivna;Female;4;2022-09-01;3;f003;sp010;CONTRACT;ACTIVE;k.khomenko4@ukma.edu.ua;+380501236757;2003-03-11;23
st20220367;Alisa;Khomenko;Hlibivna;Female;4;2022-09-01;3;f003;sp010;CONTRACT;ACTIVE;a.khomenko7@ukma.edu.ua;+380501236765;2003-10-25;22
st20220368;Taras;Koval;Yuriiovych;Male;4;2022-09-01;3;f003;sp010;BUDGET;ACTIVE;t.koval5@ukma.edu.ua;+380501236730;2003-12-07;22
st20220369;Valeriia;Koval;Olehivna;Female;4;2022-09-01;3;f003;sp010;BUDGET;ACTIVE;v.koval9@ukma.edu.ua;+380501236731;2003-11-15;22
st20220370;Bohdan;Kravchenko;Denysovych;Male;4;2022-09-01;3;f003;sp010;BUDGET;ACTIVE;b.kravchenko3@ukma.edu.ua;+380501236737;2004-01-01;22
st20220371;Vladyslav;Kravchenko;Volodymyrovych;Male;4;2022-09-01;3;f003;sp010;BUDGET;ACTIVE;v.kravchenko9@ukma.edu.ua;+380501236743;2004-03-19;22
st20220372;Nazar;Melnyk;Maksymovych;Male;4;2022-09-01;3;f003;sp010;CONTRACT;ACTIVE;n.melnyk2@ukma.edu.ua;+380501236739;2004-12-23;21
st20250382;Marharyta;Lopushanska;Sviatoslavivna;Female;1;2025-09-01;4;f003;sp010;BUDGET;ACTIVE;m.lopushanska@ukma.edu.ua;+380501234672;2007-02-05;19
st20250383;Oleksandr;Maksymenko;Serhiiovych;Male;1;2025-09-01;4;f003;sp010;CONTRACT;ACTIVE;o.maksymenko@ukma.edu.ua;+380501234673;2006-01-11;20
st20250384;Olha;Maletina;Hryhorivna;Female;1;2025-09-01;4;f003;sp010;BUDGET;ACTIVE;o.maletina@ukma.edu.ua;+380501234674;2007-05-29;18
st20250385;Nataliia;Melnyk;Viktorivna;Female;1;2025-09-01;4;f003;sp010;BUDGET;ACTIVE;n.melnyk@ukma.edu.ua;+380501234675;2006-12-02;19
st20250386;Anastasiia;Merkulova;Antonivna;Female;1;2025-09-01;4;f003;sp010;BUDGET;ACTIVE;a.merkulova@ukma.edu.ua;+380501234676;2007-09-17;18
st20250387;Kateryna;Myroniuk;Vitaliivna;Female;1;2025-09-01;4;f003;sp010;BUDGET;ACTIVE;k.myroniuk@ukma.edu.ua;+380501234677;2006-08-22;19
st20240393;Solomiia;Marchenko;Andriivna;Female;2;2024-09-01;4;f003;sp010;CONTRACT;ACTIVE;s.marchenko@ukma.edu.ua;+380501234883;2005-02-26;21
st20240394;Daria;Moroz;Valentynivna;Female;2;2024-09-01;4;f003;sp010;CONTRACT;ACTIVE;d.moroz@ukma.edu.ua;+380501234900;2005-09-15;20
st20240395;Ihor;Oliinyk;Bohdanovych;Male;2;2024-09-01;4;f003;sp010;CONTRACT;ACTIVE;i.oliinyk2@ukma.edu.ua;+380501234903;2006-01-26;20
st20240396;Illia;Panchenko;Antonovych;Male;2;2024-09-01;4;f003;sp010;BUDGET;ACTIVE;i.panchenko@ukma.edu.ua;+380501234887;2006-02-12;20
st20240397;Anna;Polishchuk;Volodymyrivna;Female;2;2024-09-01;4;f003;sp010;CONTRACT;ACTIVE;a.polishchuk1@ukma.edu.ua;+380501234902;2005-02-28;21
st20230363;Oksana;Kravchenko;Kyrylivna;Female;3;2023-09-01;4;f003;sp010;CONTRACT;ACTIVE;o.kravchenko2@ukma.edu.ua;+380501235823;2005-03-25;21
st20230364;Mykhailo;Lysenko;Olehovych;Male;3;2023-09-01;4;f003;sp010;CONTRACT;ACTIVE;m.lysenko@ukma.edu.ua;+380501235808;2005-06-23;20
st20230365;Maksym;Lysenko;Vladyslavovych;Male;3;2023-09-01;4;f003;sp010;CONTRACT;ACTIVE;m.lysenko1@ukma.edu.ua;+380501235821;2004-11-14;21
st20230366;Anastasiia;Marchenko;Hlibivna;Female;3;2023-09-01;4;f003;sp010;CONTRACT;ACTIVE;a.marchenko10@ukma.edu.ua;+380501235824;2005-12-19;20
st20230367;Mariia;Moroz;Dmytrivna;Female;3;2023-09-01;4;f003;sp010;CONTRACT;ACTIVE;m.moroz2@ukma.edu.ua;+380501235812;2004-01-21;22
st20230368;Yelyzaveta;Petrenko;Bohdanivna;Female;3;2023-09-01;4;f003;sp010;CONTRACT;ACTIVE;y.petrenko5@ukma.edu.ua;+380501235815;2004-03-20;22
st20220373;Ihor;Melnyk;Andriiovych;Male;4;2022-09-01;4;f003;sp010;CONTRACT;ACTIVE;i.melnyk3@ukma.edu.ua;+380501236741;2004-02-20;22
st20220374;Anton;Melnyk;Illich;Male;4;2022-09-01;4;f003;sp010;CONTRACT;ACTIVE;a.melnyk13@ukma.edu.ua;+380501236755;2004-01-07;22
st20220375;Valentyn;Moroz;Kyrylovych;Male;4;2022-09-01;4;f003;sp010;CONTRACT;ACTIVE;v.moroz11@ukma.edu.ua;+380501236733;2004-07-07;21
st20220376;Vladyslav;Oliinyk;Olehovych;Male;4;2022-09-01;4;f003;sp010;BUDGET;ACTIVE;v.oliinyk7@ukma.edu.ua;+380501236751;2004-06-06;21
st20220377;Denys;Oliinyk;Maksymovych;Male;4;2022-09-01;4;f003;sp010;BUDGET;ACTIVE;d.oliinyk3@ukma.edu.ua;+380501236760;2004-12-08;21
st20220378;Vladyslav;Panchenko;Valentynovych;Male;4;2022-09-01;4;f003;sp010;BUDGET;ACTIVE;v.panchenko9@ukma.edu.ua;+380501236748;2004-12-05;21
st20220379;Bohdan;Petrenko;Ivanovych;Male;4;2022-09-01;4;f003;sp010;BUDGET;ACTIVE;b.petrenko1@ukma.edu.ua;+380501236722;2004-02-28;22
st20220380;Vira;Polishchuk;Antonivna;Female;4;2022-09-01;4;f003;sp010;CONTRACT;ACTIVE;v.polishchuk15@ukma.edu.ua;+380501236761;2003-03-27;23
st20250388;Yaroslav;Mudryi;Olehovych;Male;1;2025-09-01;5;f003;sp010;CONTRACT;ACTIVE;y.mudryi@ukma.edu.ua;+380501234678;2007-03-08;19
st20250389;Levko;Pedchenko;Borysovych;Male;1;2025-09-01;5;f003;sp010;BUDGET;ACTIVE;l.pedchenko@ukma.edu.ua;+380501234679;2006-10-31;19
st20250390;Anna;Pertsova;Viacheslavivna;Female;1;2025-09-01;5;f003;sp010;CONTRACT;ACTIVE;a.pertsova@ukma.edu.ua;+380501234680;2007-07-14;18
st20250391;Denys;Plakhtii;Hennadiiovych;Male;1;2025-09-01;5;f003;sp010;CONTRACT;ACTIVE;d.plakhtii@ukma.edu.ua;+380501234681;2006-05-03;19
st20250392;Diana;Protsiuk;Oleksandrivna;Female;1;2025-09-01;5;f003;sp010;BUDGET;ACTIVE;d.protsiuk@ukma.edu.ua;+380501234682;2007-11-26;18
st20250393;Kateryna;Rudenko;Dmytrivna;Female;1;2025-09-01;5;f003;sp010;BUDGET;ACTIVE;k.rudenko@ukma.edu.ua;+380501234683;2006-02-18;20
st20240398;Valentyn;Ponomarenko;Oleksandrovych;Male;2;2024-09-01;5;f003;sp010;BUDGET;ACTIVE;v.ponomarenko1@ukma.edu.ua;+380501234888;2005-05-21;20
st20240399;Viktor;Ponomarenko;Hlibovych;Male;2;2024-09-01;5;f003;sp010;CONTRACT;ACTIVE;v.ponomarenko2@ukma.edu.ua;+380501234894;2005-05-27;20
st20240400;Khrystyna;Radchenko;Ivanivna;Female;2;2024-09-01;5;f003;sp010;CONTRACT;ACTIVE;k.radchenko@ukma.edu.ua;+380501234891;2006-03-18;20
st20240401;Khrystyna;Savchenko;Yevhenivna;Female;2;2024-09-01;5;f003;sp010;CONTRACT;ACTIVE;k.savchenko@ukma.edu.ua;+380501234898;2005-07-25;20
st20240402;Anastasiia;Shevchenko;Artemivna;Female;2;2024-09-01;5;f003;sp010;BUDGET;ACTIVE;a.shevchenko2@ukma.edu.ua;+380501234907;2006-10-03;19
st20230369;Anhelina;Petrenko;Maksymivna;Female;3;2023-09-01;5;f003;sp010;BUDGET;ACTIVE;a.petrenko6@ukma.edu.ua;+380501235817;2005-02-04;21
st20230370;Kseniia;Radchenko;Ivanivna;Female;3;2023-09-01;5;f003;sp010;BUDGET;ACTIVE;k.radchenko2@ukma.edu.ua;+380501235833;2004-09-08;21
st20230371;Bozhena;Rudenko;Kyrylivna;Female;3;2023-09-01;5;f003;sp010;BUDGET;ACTIVE;b.rudenko1@ukma.edu.ua;+380501235831;2005-11-06;20
st20230372;Uliana;Savchenko;Oleksandrivna;Female;3;2023-09-01;5;f003;sp010;BUDGET;ACTIVE;u.savchenko1@ukma.edu.ua;+380501235814;2005-08-04;20
st20230373;Serhii;Savchenko;Mykhailovych;Male;3;2023-09-01;5;f003;sp010;CONTRACT;ACTIVE;s.savchenko@ukma.edu.ua;+380501235819;2004-01-18;22
st20230374;Andrii;Shevchuk;Romanovych;Male;3;2023-09-01;5;f003;sp010;CONTRACT;ACTIVE;a.shevchuk8@ukma.edu.ua;+380501235832;2004-09-11;21
st20220381;Roman;Ponomarenko;Mykolaiovych;Male;4;2022-09-01;5;f003;sp010;CONTRACT;ACTIVE;r.ponomarenko@ukma.edu.ua;+380501236723;2004-07-09;21
st20220382;Anna;Radchenko;Volodymyrivna;Female;4;2022-09-01;5;f003;sp010;CONTRACT;ACTIVE;a.radchenko9@ukma.edu.ua;+380501236764;2004-07-12;21
st20220383;Valentyn;Rudenko;Valentynovych;Male;4;2022-09-01;5;f003;sp010;CONTRACT;ACTIVE;v.rudenko6@ukma.edu.ua;+380501236736;2003-09-07;22
st20220384;Viktoriia;Rudenko;Arturivna;Female;4;2022-09-01;5;f003;sp010;BUDGET;ACTIVE;v.rudenko7@ukma.edu.ua;+380501236756;2003-11-26;22
st20220385;Khrystyna;Savchenko;Ivanivna;Female;4;2022-09-01;5;f003;sp010;BUDGET;ACTIVE;k.savchenko4@ukma.edu.ua;+380501236753;2003-06-02;22
st20220386;Yelyzaveta;Savchenko;Vitaliivna;Female;4;2022-09-01;5;f003;sp010;CONTRACT;ACTIVE;y.savchenko5@ukma.edu.ua;+380501236762;2003-02-16;23
st20220387;Anastasiia;Shevchenko;Ivanivna;Female;4;2022-09-01;5;f003;sp010;CONTRACT;ACTIVE;a.shevchenko10@ukma.edu.ua;+380501236724;2003-06-06;22
st20220388;Anastasiia;Shevchuk;Stepanivna;Female;4;2022-09-01;5;f003;sp010;BUDGET;ACTIVE;a.shevchuk18@ukma.edu.ua;+380501236744;2004-09-11;21
st20250394;Arsen;Savenko;Andriiovych;Male;1;2025-09-01;6;f003;sp010;BUDGET;ACTIVE;a.savenko@ukma.edu.ua;+380501234684;2007-04-10;19
st20250395;Illia;Semeniuk;Oleksandrovych;Male;1;2025-09-01;6;f003;sp010;CONTRACT;ACTIVE;i.semeniuk@ukma.edu.ua;+380501234685;2006-12-08;19
st20250396;Dasha;Soldatenko;Serhiivna;Female;1;2025-09-01;6;f003;sp010;BUDGET;ACTIVE;d.soldatenko@ukma.edu.ua;+380501234686;2007-08-16;18
st20250397;Oleksandr;Stroievyi;Serhiiovych;Male;1;2025-09-01;6;f003;sp010;BUDGET;ACTIVE;o.stroievyi@ukma.edu.ua;+380501234687;2006-06-02;19
st20250398;Maksym;Ulchenko;Serhiiovych;Male;1;2025-09-01;6;f003;sp010;CONTRACT;ACTIVE;m.ulchenko@ukma.edu.ua;+380501234688;2007-01-22;19
st20250399;Anton;Usatenko;Yuriiovych;Male;1;2025-09-01;6;f003;sp010;BUDGET;ACTIVE;a.usatenko@ukma.edu.ua;+380501234689;2006-09-14;19
st20250400;Kyrylo;Usatenko;Denysovych;Male;1;2025-09-01;6;f003;sp010;BUDGET;ACTIVE;k.usatenko@ukma.edu.ua;+380501234690;2007-10-28;18
st20250401;Mariia;Furmanova;Oleksandrivna;Female;1;2025-09-01;6;f003;sp010;CONTRACT;ACTIVE;m.furmanova@ukma.edu.ua;+380501234691;2006-03-05;20
st20250402;Yehor;Khrystevych;Kostiantynovych;Male;1;2025-09-01;6;f003;sp010;CONTRACT;ACTIVE;y.khrystevych@ukma.edu.ua;+380501234692;2007-05-11;18
st20250403;Anna;Tsepkalova;Andriivna;Female;1;2025-09-01;6;f003;sp010;BUDGET;ACTIVE;a.tsepkalova@ukma.edu.ua;+380501234693;2006-11-20;19
st20250404;Kateryna;Shapoval;Valeriivna;Female;1;2025-09-01;6;f003;sp010;BUDGET;ACTIVE;k.shapoval@ukma.edu.ua;+380501234694;2007-07-03;18
st20250405;Marharyta;Yurchenko;Vasylivna;Female;1;2025-09-01;6;f003;sp010;BUDGET;ACTIVE;m.yurchenko@ukma.edu.ua;+380501234695;2006-01-29;20
st20250406;Daria;Yatsiuk;Oleksandrivna;Female;1;2025-09-01;6;f003;sp010;BUDGET;ACTIVE;d.yatsiuk@ukma.edu.ua;+380501234696;2007-02-15;19
st20240403;Oksana;Taran;Valentynivna;Female;2;2024-09-01;6;f003;sp010;BUDGET;ACTIVE;o.taran@ukma.edu.ua;+380501234889;2006-06-17;19
st20240404;Volodymyr;Taran;Denysovych;Male;2;2024-09-01;6;f003;sp010;BUDGET;ACTIVE;v.taran1@ukma.edu.ua;+380501234906;2006-10-01;19
st20240405;Yelyzaveta;Tkachenko;Artemivna;Female;2;2024-09-01;6;f003;sp010;BUDGET;ACTIVE;y.tkachenko1@ukma.edu.ua;+380501234905;2005-11-05;20
st20240406;Denys;Vlasenko;Oleksandrovych;Male;2;2024-09-01;6;f003;sp010;CONTRACT;ACTIVE;d.vlasenko1@ukma.edu.ua;+380501234881;2005-06-11;20
st20240407;Yuliia;Vlasenko;Serhiivna;Female;2;2024-09-01;6;f003;sp010;BUDGET;ACTIVE;y.vlasenko1@ukma.edu.ua;+380501234886;2005-08-11;20
st20230375;Diana;Sydorenko;Stepanivna;Female;3;2023-09-01;6;f003;sp010;BUDGET;ACTIVE;d.sydorenko@ukma.edu.ua;+380501235825;2005-03-16;21
st20230376;Solomiia;Taran;Olehivna;Female;3;2023-09-01;6;f003;sp010;CONTRACT;ACTIVE;s.taran2@ukma.edu.ua;+380501235805;2004-01-06;22
st20230377;Bohdan;Taran;Yuriiovych;Male;3;2023-09-01;6;f003;sp010;CONTRACT;ACTIVE;b.taran1@ukma.edu.ua;+380501235820;2005-06-07;20
st20230378;Zlata;Tkachenko;Rostyslavivna;Female;3;2023-09-01;6;f003;sp010;CONTRACT;ACTIVE;z.tkachenko@ukma.edu.ua;+380501235816;2004-03-23;22
st20230379;Volodymyr;Tkachuk;Rostyslavovych;Male;3;2023-09-01;6;f003;sp010;BUDGET;ACTIVE;v.tkachuk12@ukma.edu.ua;+380501235827;2005-10-11;20
st20220389;Anna;Sydorenko;Tymurivna;Female;4;2022-09-01;6;f003;sp010;BUDGET;ACTIVE;a.sydorenko5@ukma.edu.ua;+380501236734;2003-01-22;23
st20220390;Viktoriia;Taran;Mykhailivna;Female;4;2022-09-01;6;f003;sp010;CONTRACT;ACTIVE;v.taran14@ukma.edu.ua;+380501236728;2004-02-05;22
st20220391;Oleh;Taran;Vitaliiovych;Male;4;2022-09-01;6;f003;sp010;CONTRACT;ACTIVE;o.taran5@ukma.edu.ua;+380501236759;2003-09-01;22
st20220392;Yurii;Tkachenko;Maksymovych;Male;4;2022-09-01;6;f003;sp010;BUDGET;ACTIVE;y.tkachenko5@ukma.edu.ua;+380501236746;2004-05-02;21
st20250407;Viktoriia;Bekalo;Volodymyrivna;Female;1;2025-09-01;1;f003;sp011;BUDGET;ACTIVE;v.bekalo@ukma.edu.ua;+380501234697;2006-08-01;19
st20250408;Antonina;Bondarenko;Andriivna;Female;1;2025-09-01;1;f003;sp011;BUDGET;ACTIVE;a.bondarenko@ukma.edu.ua;+380501234698;2007-09-08;18
st20250409;Anastasiia;Bratash;Oleksiivna;Female;1;2025-09-01;1;f003;sp011;CONTRACT;ACTIVE;a.bratash@ukma.edu.ua;+380501234699;2006-12-13;19
st20250410;Yevhenii;Vasylenko;Leonidovych;Male;1;2025-09-01;1;f003;sp011;BUDGET;ACTIVE;y.vasylenko@ukma.edu.ua;+380501234700;2007-04-26;18
st20250411;Ostap;Verbylo;Yuriiovych;Male;1;2025-09-01;1;f003;sp011;BUDGET;ACTIVE;o.verbylo@ukma.edu.ua;+380501234701;2006-06-18;19
st20250412;Diana;Voloshchuk;Serhiivna;Female;1;2025-09-01;1;f003;sp011;BUDGET;ACTIVE;d.voloshchuk@ukma.edu.ua;+380501234702;2007-11-09;18
st20250413;Mykyta;Velykozhon;Volodymyrovych;Male;1;2025-09-01;1;f003;sp011;CONTRACT;ACTIVE;m.velykozhon@ukma.edu.ua;+380501234703;2006-03-10;20
st20250414;Nazar;Halych;Andriiovych;Male;1;2025-09-01;1;f003;sp011;BUDGET;ACTIVE;n.halych@ukma.edu.ua;+380501234704;2007-08-27;18
st20240408;Alina;Boiko;Volodymyrivna;Female;2;2024-09-01;1;f003;sp011;BUDGET;ACTIVE;a.boiko1@ukma.edu.ua;+380501234925;2006-02-04;20
st20240409;Olena;Bondar;Dmytrivna;Female;2;2024-09-01;1;f003;sp011;CONTRACT;ACTIVE;o.bondar1@ukma.edu.ua;+380501234917;2005-08-22;20
st20240410;Mykhailo;Bondar;Kyrylovych;Male;2;2024-09-01;1;f003;sp011;CONTRACT;ACTIVE;m.bondar@ukma.edu.ua;+380501234929;2006-09-23;19
st20240411;Anastasiia;Bondar;Vladyslavivna;Female;2;2024-09-01;1;f003;sp011;CONTRACT;ACTIVE;a.bondar3@ukma.edu.ua;+380501234942;2006-03-13;20
st20240412;Ivan;Dmytrenko;Tarasovych;Male;2;2024-09-01;1;f003;sp011;BUDGET;ACTIVE;i.dmytrenko1@ukma.edu.ua;+380501234914;2005-05-22;20
st20240413;Artur;Dmytrenko;Mykolaiovych;Male;2;2024-09-01;1;f003;sp011;CONTRACT;ACTIVE;a.dmytrenko@ukma.edu.ua;+380501234916;2005-03-27;21
st20240414;Solomiia;Dmytrenko;Tarasivna;Female;2;2024-09-01;1;f003;sp011;CONTRACT;ACTIVE;s.dmytrenko3@ukma.edu.ua;+380501234940;2006-06-05;19
st20230380;Artem;Boiko;Tarasovych;Male;3;2023-09-01;1;f003;sp011;BUDGET;ACTIVE;a.boiko2@ukma.edu.ua;+380501235838;2005-03-05;21
st20230381;Kateryna;Boiko;Antonivna;Female;3;2023-09-01;1;f003;sp011;CONTRACT;ACTIVE;k.boiko1@ukma.edu.ua;+380501235868;2005-03-06;21
st20230382;Mariia;Bondar;Arturivna;Female;3;2023-09-01;1;f003;sp011;CONTRACT;ACTIVE;m.bondar4@ukma.edu.ua;+380501235836;2005-04-24;20
st20230383;Iryna;Dmytrenko;Ivanivna;Female;3;2023-09-01;1;f003;sp011;CONTRACT;ACTIVE;i.dmytrenko4@ukma.edu.ua;+380501235858;2004-11-20;21
st20230384;Denys;Honcharenko;Kyrylovych;Male;3;2023-09-01;1;f003;sp011;CONTRACT;ACTIVE;d.honcharenko1@ukma.edu.ua;+380501235835;2004-08-11;21
st20230385;Artem;Ivanenko;Yuriiovych;Male;3;2023-09-01;1;f003;sp011;CONTRACT;ACTIVE;a.ivanenko3@ukma.edu.ua;+380501235846;2004-10-19;21
st20230386;Artem;Ivanenko;Valentynovych;Male;3;2023-09-01;1;f003;sp011;CONTRACT;ACTIVE;a.ivanenko4@ukma.edu.ua;+380501235860;2004-04-19;22
st20220393;Diana;Babenko;Arturivna;Female;4;2022-09-01;1;f003;sp011;CONTRACT;ACTIVE;d.babenko7@ukma.edu.ua;+380501236767;2003-07-12;22
st20220394;Polina;Babenko;Maksymivna;Female;4;2022-09-01;1;f003;sp011;BUDGET;ACTIVE;p.babenko4@ukma.edu.ua;+380501236787;2003-03-07;23
st20220395;Khrystyna;Boiko;Romanivna;Female;4;2022-09-01;1;f003;sp011;CONTRACT;ACTIVE;k.boiko5@ukma.edu.ua;+380501236774;2004-08-05;21
st20220396;Kyrylo;Boiko;Mykhailovych;Male;4;2022-09-01;1;f003;sp011;BUDGET;ACTIVE;k.boiko6@ukma.edu.ua;+380501236801;2004-09-10;21
st20220397;Khrystyna;Bondar;Hlibivna;Female;4;2022-09-01;1;f003;sp011;BUDGET;ACTIVE;k.bondar3@ukma.edu.ua;+380501236806;2004-08-17;21
st20220398;Halyna;Dmytrenko;Mykhailivna;Female;4;2022-09-01;1;f003;sp011;CONTRACT;ACTIVE;h.dmytrenko3@ukma.edu.ua;+380501236777;2003-02-19;23
st20220399;Anastasiia;Havryliuk;Kyrylivna;Female;4;2022-09-01;1;f003;sp011;BUDGET;ACTIVE;a.havryliuk11@ukma.edu.ua;+380501236802;2004-08-28;21
st20220400;Yana;Honcharenko;Maksymivna;Female;4;2022-09-01;1;f003;sp011;BUDGET;ACTIVE;y.honcharenko7@ukma.edu.ua;+380501236775;2004-02-15;22
st20250415;Anna;Hryshkevych;Mykhailivna;Female;1;2025-09-01;2;f003;sp011;CONTRACT;ACTIVE;a.hryshkevych@ukma.edu.ua;+380501234705;2006-01-05;20
st20250416;Anna;Bohomolova;Pavlivna;Female;1;2025-09-01;2;f003;sp011;CONTRACT;ACTIVE;a.bohomolova@ukma.edu.ua;+380501234706;2007-03-12;19
st20250417;Arina;Homonilova;Romanivna;Female;1;2025-09-01;2;f003;sp011;BUDGET;ACTIVE;a.homonilova@ukma.edu.ua;+380501234707;2006-11-20;19
st20250418;Daria;Dimohlo;Oleksiivna;Female;1;2025-09-01;2;f003;sp011;BUDGET;ACTIVE;d.dimohlo@ukma.edu.ua;+380501234708;2007-05-08;18
st20250419;Dmytrii;Dokuchaiev;Oleksandrovych;Male;1;2025-09-01;2;f003;sp011;BUDGET;ACTIVE;d.dokuchaiev@ukma.edu.ua;+380501234709;2006-08-14;19
st20250420;Iryna;Dubyna;Vitaliivna;Female;1;2025-09-01;2;f003;sp011;CONTRACT;ACTIVE;i.dubyna@ukma.edu.ua;+380501234710;2007-02-22;19
st20250421;Milana;Yevhenieva;Yuriivna;Female;1;2025-09-01;2;f003;sp011;CONTRACT;ACTIVE;m.yevhenieva@ukma.edu.ua;+380501234711;2006-12-05;19
st20250422;Illia;Zubal;Andriiovych;Male;1;2025-09-01;2;f003;sp011;CONTRACT;ACTIVE;i.zubal@ukma.edu.ua;+380501234712;2007-09-11;18
st20240415;Tymur;Dmytrenko;Arturovych;Male;2;2024-09-01;2;f003;sp011;CONTRACT;ACTIVE;t.dmytrenko@ukma.edu.ua;+380501234947;2005-07-05;20
st20240416;Zlata;Honcharenko;Artemivna;Female;2;2024-09-01;2;f003;sp011;CONTRACT;ACTIVE;z.honcharenko@ukma.edu.ua;+380501234935;2006-08-20;19
st20240417;Zlata;Honcharenko;Vitaliivna;Female;2;2024-09-01;2;f003;sp011;CONTRACT;ACTIVE;z.honcharenko1@ukma.edu.ua;+380501234937;2006-12-23;19
st20240418;Veronika;Hrytsenko;Maksymivna;Female;2;2024-09-01;2;f003;sp011;CONTRACT;ACTIVE;v.hrytsenko3@ukma.edu.ua;+380501234912;2006-07-04;19
st20240419;Pavlo;Ivanenko;Rostyslavovych;Male;2;2024-09-01;2;f003;sp011;CONTRACT;ACTIVE;p.ivanenko1@ukma.edu.ua;+380501234931;2005-11-08;20
st20240420;Oksana;Ivanenko;Olehivna;Female;2;2024-09-01;2;f003;sp011;BUDGET;ACTIVE;o.ivanenko2@ukma.edu.ua;+380501234934;2005-03-06;21
st20240421;Yelyzaveta;Karpenko;Artemivna;Female;2;2024-09-01;2;f003;sp011;CONTRACT;ACTIVE;y.karpenko@ukma.edu.ua;+380501234936;2005-10-18;20
st20230387;Mykhailo;Ivanenko;Olehovych;Male;3;2023-09-01;2;f003;sp011;CONTRACT;ACTIVE;m.ivanenko2@ukma.edu.ua;+380501235865;2005-06-09;20
st20230388;Oksana;Karpenko;Mykhailivna;Female;3;2023-09-01;2;f003;sp011;CONTRACT;ACTIVE;o.karpenko2@ukma.edu.ua;+380501235857;2005-01-04;21
st20230389;Alisa;Khomenko;Vitaliivna;Female;3;2023-09-01;2;f003;sp011;CONTRACT;ACTIVE;a.khomenko4@ukma.edu.ua;+380501235870;2004-10-26;21
st20230390;Yelyzaveta;Koval;Stepanivna;Female;3;2023-09-01;2;f003;sp011;BUDGET;ACTIVE;y.koval4@ukma.edu.ua;+380501235843;2004-05-07;21
st20230391;Valeriia;Koval;Mykhailivna;Female;3;2023-09-01;2;f003;sp011;CONTRACT;ACTIVE;v.koval5@ukma.edu.ua;+380501235850;2005-03-04;21
st20230392;Kateryna;Kovalenko;Artemivna;Female;3;2023-09-01;2;f003;sp011;CONTRACT;ACTIVE;k.kovalenko2@ukma.edu.ua;+380501235861;2005-07-09;20
st20230393;Polina;Kovalenko;Antonivna;Female;3;2023-09-01;2;f003;sp011;BUDGET;ACTIVE;p.kovalenko2@ukma.edu.ua;+380501235864;2005-10-10;20
st20220401;Olena;Honcharenko;Valentynivna;Female;4;2022-09-01;2;f003;sp011;CONTRACT;ACTIVE;o.honcharenko5@ukma.edu.ua;+380501236776;2004-11-11;21
st20220402;Daria;Honcharenko;Tarasivna;Female;4;2022-09-01;2;f003;sp011;CONTRACT;ACTIVE;d.honcharenko3@ukma.edu.ua;+380501236785;2003-04-08;23
st20220403;Anhelina;Honcharenko;Arturivna;Female;4;2022-09-01;2;f003;sp011;CONTRACT;ACTIVE;a.honcharenko7@ukma.edu.ua;+380501236797;2004-06-23;21
st20220404;Kyrylo;Honcharenko;Bohdanovych;Male;4;2022-09-01;2;f003;sp011;BUDGET;ACTIVE;k.honcharenko5@ukma.edu.ua;+380501236808;2003-05-20;22
st20220405;Vasyl;Hrytsenko;Volodymyrovych;Male;4;2022-09-01;2;f003;sp011;CONTRACT;ACTIVE;v.hrytsenko8@ukma.edu.ua;+380501236771;2004-06-27;21
st20220406;Hlib;Ivanenko;Volodymyrovych;Male;4;2022-09-01;2;f003;sp011;CONTRACT;ACTIVE;h.ivanenko2@ukma.edu.ua;+380501236783;2004-10-03;21
st20220407;Oksana;Khomenko;Mykolaivna;Female;4;2022-09-01;2;f003;sp011;CONTRACT;ACTIVE;o.khomenko5@ukma.edu.ua;+380501236796;2004-08-16;21
st20220408;Anna;Koval;Maksymivna;Female;4;2022-09-01;2;f003;sp011;CONTRACT;ACTIVE;a.koval12@ukma.edu.ua;+380501236794;2003-07-03;22
st20250423;Viktoriia;Karpenko;Oleksandrivna;Female;1;2025-09-01;3;f003;sp011;BUDGET;ACTIVE;v.karpenko@ukma.edu.ua;+380501234713;2006-10-27;19
st20250424;Tymofii;Kotseba;Denysovych;Male;1;2025-09-01;3;f003;sp011;BUDGET;ACTIVE;t.kotseba@ukma.edu.ua;+380501234714;2007-04-16;19
st20250425;Denys;Korobchynskyi;Ihorovych;Male;1;2025-09-01;3;f003;sp011;BUDGET;ACTIVE;d.korobchynskyi@ukma.edu.ua;+380501234715;2006-07-03;19
st20250426;Roman;Kuzmenko;Yuriiovych;Male;1;2025-09-01;3;f003;sp011;BUDGET;ACTIVE;r.kuzmenko@ukma.edu.ua;+380501234716;2007-05-19;18
st20250427;Tymofii;Loktionov;Kostiantynovych;Male;1;2025-09-01;3;f003;sp011;BUDGET;ACTIVE;t.loktionov@ukma.edu.ua;+380501234717;2006-09-24;19
st20250428;Nataliia;Mahas;Vasylivna;Female;1;2025-09-01;3;f003;sp011;BUDGET;ACTIVE;n.mahas@ukma.edu.ua;+380501234718;2007-03-31;19
st20250429;Vladyslav;Maiba;Vitaliiovych;Male;1;2025-09-01;3;f003;sp011;BUDGET;ACTIVE;v.maiba@ukma.edu.ua;+380501234719;2006-01-09;20
st20240422;Alisa;Khomenko;Tymurivna;Female;2;2024-09-01;3;f003;sp011;BUDGET;ACTIVE;a.khomenko2@ukma.edu.ua;+380501234919;2005-09-11;20
st20240423;Anhelina;Koval;Mykhailivna;Female;2;2024-09-01;3;f003;sp011;BUDGET;ACTIVE;a.koval@ukma.edu.ua;+380501234945;2006-07-24;19
st20240424;Bozhena;Koval;Mykhailivna;Female;2;2024-09-01;3;f003;sp011;BUDGET;ACTIVE;b.koval@ukma.edu.ua;+380501234948;2006-06-15;19
st20240425;Polina;Kovalenko;Bohdanivna;Female;2;2024-09-01;3;f003;sp011;BUDGET;ACTIVE;p.kovalenko@ukma.edu.ua;+380501234908;2006-05-01;19
st20240426;Volodymyr;Kovalenko;Oleksandrovych;Male;2;2024-09-01;3;f003;sp011;CONTRACT;ACTIVE;v.kovalenko4@ukma.edu.ua;+380501234932;2006-05-15;19
st20240427;Anton;Lysenko;Tarasovych;Male;2;2024-09-01;3;f003;sp011;CONTRACT;ACTIVE;a.lysenko1@ukma.edu.ua;+380501234913;2006-06-07;19
st20240428;Daria;Lysenko;Yuriivna;Female;2;2024-09-01;3;f003;sp011;CONTRACT;ACTIVE;d.lysenko1@ukma.edu.ua;+380501234943;2005-12-28;20
st20230394;Viktoriia;Kravchenko;Denysivna;Female;3;2023-09-01;3;f003;sp011;CONTRACT;ACTIVE;v.kravchenko6@ukma.edu.ua;+380501235845;2004-02-02;22
st20230395;Anastasiia;Lysenko;Mykhailivna;Female;3;2023-09-01;3;f003;sp011;BUDGET;ACTIVE;a.lysenko6@ukma.edu.ua;+380501235859;2004-08-21;21
st20230396;Kseniia;Marchenko;Valentynivna;Female;3;2023-09-01;3;f003;sp011;BUDGET;ACTIVE;k.marchenko1@ukma.edu.ua;+380501235847;2005-01-07;21
st20230397;Nataliia;Marchenko;Illivna;Female;3;2023-09-01;3;f003;sp011;CONTRACT;ACTIVE;n.marchenko1@ukma.edu.ua;+380501235867;2004-06-06;21
st20230398;Mykola;Melnyk;Yuriiovych;Male;3;2023-09-01;3;f003;sp011;CONTRACT;ACTIVE;m.melnyk1@ukma.edu.ua;+380501235863;2005-04-15;21
st20230399;Oksana;Melnyk;Romanivna;Female;3;2023-09-01;3;f003;sp011;BUDGET;ACTIVE;o.melnyk2@ukma.edu.ua;+380501235869;2005-04-04;21
st20230400;Khrystyna;Moroz;Dmytrivna;Female;3;2023-09-01;3;f003;sp011;CONTRACT;ACTIVE;k.moroz@ukma.edu.ua;+380501235842;2005-10-26;20
st20220409;Maksym;Koval;Vladyslavovych;Male;4;2022-09-01;3;f003;sp011;BUDGET;ACTIVE;m.koval5@ukma.edu.ua;+380501236800;2004-04-12;22
st20220410;Olena;Koval;Mykolaivna;Female;4;2022-09-01;3;f003;sp011;CONTRACT;ACTIVE;o.koval4@ukma.edu.ua;+380501236807;2003-10-14;22
st20220411;Kyrylo;Koval;Arturovych;Male;4;2022-09-01;3;f003;sp011;CONTRACT;ACTIVE;k.koval4@ukma.edu.ua;+380501236809;2003-12-23;22
st20220412;Hlib;Kravchenko;Ivanovych;Male;4;2022-09-01;3;f003;sp011;CONTRACT;ACTIVE;h.kravchenko2@ukma.edu.ua;+380501236772;2004-03-03;22
st20220413;Dmytro;Kravchenko;Valentynovych;Male;4;2022-09-01;3;f003;sp011;CONTRACT;ACTIVE;d.kravchenko1@ukma.edu.ua;+380501236792;2003-05-17;22
st20220414;Nadiia;Marchenko;Kyrylivna;Female;4;2022-09-01;3;f003;sp011;CONTRACT;ACTIVE;n.marchenko4@ukma.edu.ua;+380501236769;2003-10-18;22
st20220415;Kseniia;Marchenko;Vladyslavivna;Female;4;2022-09-01;3;f003;sp011;CONTRACT;ACTIVE;k.marchenko3@ukma.edu.ua;+380501236773;2004-01-01;22
st20220416;Tetiana;Marchenko;Vitaliivna;Female;4;2022-09-01;3;f003;sp011;CONTRACT;ACTIVE;t.marchenko4@ukma.edu.ua;+380501236789;2003-01-16;23
st20250430;Kostiantyn;Maltsev;Romanovych;Male;1;2025-09-01;4;f003;sp011;BUDGET;ACTIVE;k.maltsev@ukma.edu.ua;+380501234720;2007-11-04;18
st20250431;Nataliia;Malchenko;Oleksandrivna;Female;1;2025-09-01;4;f003;sp011;BUDGET;ACTIVE;n.malchenko@ukma.edu.ua;+380501234721;2006-08-21;19
st20250432;Lada;Matviienko;Yevhenivna;Female;1;2025-09-01;4;f003;sp011;CONTRACT;ACTIVE;l.matviienko@ukma.edu.ua;+380501234722;2007-06-15;18
st20250433;Pavlo;Mochalov;Oleksandrovych;Male;1;2025-09-01;4;f003;sp011;BUDGET;ACTIVE;p.mochalov@ukma.edu.ua;+380501234723;2006-04-30;19
st20250434;Matvii;Orliuk;Maksymovych;Male;1;2025-09-01;4;f003;sp011;CONTRACT;ACTIVE;m.orliuk@ukma.edu.ua;+380501234724;2007-10-12;18
st20250435;Makarii;Pokotylo;Liubomyrovych;Male;1;2025-09-01;4;f003;sp011;BUDGET;ACTIVE;m.pokotylo@ukma.edu.ua;+380501234725;2006-02-28;20
st20250436;Daria;Potapenko;Viacheslavivna;Female;1;2025-09-01;4;f003;sp011;CONTRACT;ACTIVE;d.potapenko@ukma.edu.ua;+380501234726;2007-07-07;18
st20240429;Vira;Marchenko;Vladyslavivna;Female;2;2024-09-01;4;f003;sp011;BUDGET;ACTIVE;v.marchenko1@ukma.edu.ua;+380501234910;2006-10-26;19
st20240430;Artur;Marchenko;Tymurovych;Male;2;2024-09-01;4;f003;sp011;BUDGET;ACTIVE;a.marchenko1@ukma.edu.ua;+380501234930;2006-07-20;19
st20240431;Anna;Marchenko;Volodymyrivna;Female;2;2024-09-01;4;f003;sp011;CONTRACT;ACTIVE;a.marchenko2@ukma.edu.ua;+380501234941;2006-11-05;19
st20240432;Yurii;Melnyk;Arturovych;Male;2;2024-09-01;4;f003;sp011;CONTRACT;ACTIVE;y.melnyk1@ukma.edu.ua;+380501234923;2006-12-26;19
st20240433;Mykola;Moroz;Antonovych;Male;2;2024-09-01;4;f003;sp011;BUDGET;ACTIVE;m.moroz@ukma.edu.ua;+380501234920;2006-07-18;19
st20240434;Alisa;Oliinyk;Rostyslavivna;Female;2;2024-09-01;4;f003;sp011;CONTRACT;ACTIVE;a.oliinyk2@ukma.edu.ua;+380501234944;2006-12-16;19
st20240435;Mykhailo;Polishchuk;Tymurovych;Male;2;2024-09-01;4;f003;sp011;CONTRACT;ACTIVE;m.polishchuk@ukma.edu.ua;+380501234922;2006-05-25;19
st20230401;Ivan;Panchenko;Antonovych;Male;3;2023-09-01;4;f003;sp011;BUDGET;ACTIVE;i.panchenko1@ukma.edu.ua;+380501235839;2005-03-16;21
st20230402;Daria;Panchenko;Valentynivna;Female;3;2023-09-01;4;f003;sp011;BUDGET;ACTIVE;d.panchenko1@ukma.edu.ua;+380501235852;2004-09-14;21
st20230403;Kseniia;Panchenko;Valentynivna;Female;3;2023-09-01;4;f003;sp011;BUDGET;ACTIVE;k.panchenko2@ukma.edu.ua;+380501235856;2004-05-11;21
st20230404;Anastasiia;Petrenko;Mykolaivna;Female;3;2023-09-01;4;f003;sp011;CONTRACT;ACTIVE;a.petrenko7@ukma.edu.ua;+380501235851;2005-02-25;21
st20230405;Kyrylo;Ponomarenko;Mykhailovych;Male;3;2023-09-01;4;f003;sp011;BUDGET;ACTIVE;k.ponomarenko3@ukma.edu.ua;+380501235854;2004-01-22;22
st20230406;Viktor;Rudenko;Andriiovych;Male;3;2023-09-01;4;f003;sp011;CONTRACT;ACTIVE;v.rudenko3@ukma.edu.ua;+380501235849;2005-05-05;20
st20230407;Svitlana;Savchenko;Vladyslavivna;Female;3;2023-09-01;4;f003;sp011;CONTRACT;ACTIVE;s.savchenko1@ukma.edu.ua;+380501235848;2004-12-27;21
st20220417;Halyna;Marchenko;Illivna;Female;4;2022-09-01;4;f003;sp011;BUDGET;ACTIVE;h.marchenko2@ukma.edu.ua;+380501236793;2004-04-19;22
st20220418;Uliana;Melnyk;Kyrylivna;Female;4;2022-09-01;4;f003;sp011;BUDGET;ACTIVE;u.melnyk@ukma.edu.ua;+380501236781;2003-10-10;22
st20220419;Bozhena;Moroz;Yuriivna;Female;4;2022-09-01;4;f003;sp011;BUDGET;ACTIVE;b.moroz3@ukma.edu.ua;+380501236788;2003-11-16;22
st20220420;Daria;Moroz;Mykhailivna;Female;4;2022-09-01;4;f003;sp011;CONTRACT;ACTIVE;d.moroz3@ukma.edu.ua;+380501236803;2003-07-28;22
st20220421;Serhii;Panchenko;Antonovych;Male;4;2022-09-01;4;f003;sp011;CONTRACT;ACTIVE;s.panchenko1@ukma.edu.ua;+380501236804;2003-02-25;23
st20220422;Rostyslav;Petrenko;Oleksandrovych;Male;4;2022-09-01;4;f003;sp011;CONTRACT;ACTIVE;r.petrenko3@ukma.edu.ua;+380501236799;2004-12-22;21
st20220423;Yurii;Polishchuk;Volodymyrovych;Male;4;2022-09-01;4;f003;sp011;BUDGET;ACTIVE;y.polishchuk4@ukma.edu.ua;+380501236780;2004-01-05;22
st20220424;Yevhen;Ponomarenko;Maksymovych;Male;4;2022-09-01;4;f003;sp011;CONTRACT;ACTIVE;y.ponomarenko9@ukma.edu.ua;+380501236770;2004-03-02;22
st20250437;Bohdan-Liubomyr;Prytula;Volodymyrovych;Male;1;2025-09-01;5;f003;sp011;BUDGET;ACTIVE;b.prytula@ukma.edu.ua;+380501234727;2006-11-19;19
st20250438;Veronika;Roshchyna;Ruslanivna;Female;1;2025-09-01;5;f003;sp011;CONTRACT;ACTIVE;v.roshchyna@ukma.edu.ua;+380501234728;2007-05-23;18
st20250439;Hlib;Savchenko;Ihorovych;Male;1;2025-09-01;5;f003;sp011;CONTRACT;ACTIVE;h.savchenko@ukma.edu.ua;+380501234729;2006-01-04;20
st20250440;Tetiana;Sahun;Andriivna;Female;1;2025-09-01;5;f003;sp011;CONTRACT;ACTIVE;t.sahun@ukma.edu.ua;+380501234730;2007-09-29;18
st20250441;Daniil;Sirik;Dmytrovych;Male;1;2025-09-01;5;f003;sp011;CONTRACT;ACTIVE;d.sirik@ukma.edu.ua;+380501234731;2006-12-14;19
st20250442;Maryna;Tymoshenko;Valeriivna;Female;1;2025-09-01;5;f003;sp011;BUDGET;ACTIVE;m.tymoshenko@ukma.edu.ua;+380501234732;2007-03-08;19
st20250443;Mariia;Tkachuk;Ihorivna;Female;1;2025-09-01;5;f003;sp011;CONTRACT;ACTIVE;m.tkachuk@ukma.edu.ua;+380501234733;2006-06-21;19
st20240436;Ivan;Polishchuk;Valentynovych;Male;2;2024-09-01;5;f003;sp011;CONTRACT;ACTIVE;i.polishchuk@ukma.edu.ua;+380501234926;2006-03-11;20
st20240437;Sofiia;Polishchuk;Bohdanivna;Female;2;2024-09-01;5;f003;sp011;BUDGET;ACTIVE;s.polishchuk@ukma.edu.ua;+380501234928;2006-12-24;19
st20240438;Diana;Ponomarenko;Volodymyrivna;Female;2;2024-09-01;5;f003;sp011;CONTRACT;ACTIVE;d.ponomarenko1@ukma.edu.ua;+380501234918;2005-04-12;21
st20240439;Yelyzaveta;Ponomarenko;Kyrylivna;Female;2;2024-09-01;5;f003;sp011;CONTRACT;ACTIVE;y.ponomarenko1@ukma.edu.ua;+380501234924;2005-06-21;20
st20240440;Viktoriia;Radchenko;Andriivna;Female;2;2024-09-01;5;f003;sp011;CONTRACT;ACTIVE;v.radchenko2@ukma.edu.ua;+380501234921;2005-03-27;21
st20240441;Vitalii;Radchenko;Illich;Male;2;2024-09-01;5;f003;sp011;CONTRACT;ACTIVE;v.radchenko3@ukma.edu.ua;+380501234946;2006-07-14;19
st20240442;Yuliia;Rudenko;Yuriivna;Female;2;2024-09-01;5;f003;sp011;CONTRACT;ACTIVE;y.rudenko@ukma.edu.ua;+380501234911;2005-07-11;20
st20230408;Mykola;Savchenko;Rostyslavovych;Male;3;2023-09-01;5;f003;sp011;BUDGET;ACTIVE;m.savchenko2@ukma.edu.ua;+380501235862;2004-03-23;22
st20230409;Olena;Savchenko;Volodymyrivna;Female;3;2023-09-01;5;f003;sp011;CONTRACT;ACTIVE;o.savchenko1@ukma.edu.ua;+380501235866;2005-12-02;20
st20230410;Liubov;Shevchenko;Antonivna;Female;3;2023-09-01;5;f003;sp011;BUDGET;ACTIVE;l.shevchenko@ukma.edu.ua;+380501235853;2005-03-27;21
st20230411;Serhii;Sydorenko;Hlibovych;Male;3;2023-09-01;5;f003;sp011;CONTRACT;ACTIVE;s.sydorenko3@ukma.edu.ua;+380501235840;2004-12-24;21
st20230412;Mariia;Sydorenko;Bohdanivna;Female;3;2023-09-01;5;f003;sp011;BUDGET;ACTIVE;m.sydorenko4@ukma.edu.ua;+380501235855;2004-02-24;22
st20230413;Khrystyna;Taran;Oleksandrivna;Female;3;2023-09-01;5;f003;sp011;CONTRACT;ACTIVE;k.taran1@ukma.edu.ua;+380501235834;2004-02-21;22
st20230414;Anhelina;Taran;Oleksandrivna;Female;3;2023-09-01;5;f003;sp011;BUDGET;ACTIVE;a.taran4@ukma.edu.ua;+380501235841;2005-04-15;21
st20220425;Khrystyna;Ponomarenko;Vladyslavivna;Female;4;2022-09-01;5;f003;sp011;CONTRACT;ACTIVE;k.ponomarenko6@ukma.edu.ua;+380501236786;2003-02-11;23
st20220426;Mykhailo;Radchenko;Andriiovych;Male;4;2022-09-01;5;f003;sp011;CONTRACT;ACTIVE;m.radchenko4@ukma.edu.ua;+380501236768;2004-01-08;22
st20220427;Iryna;Radchenko;Olehivna;Female;4;2022-09-01;5;f003;sp011;CONTRACT;ACTIVE;i.radchenko2@ukma.edu.ua;+380501236779;2004-06-23;21
st20220428;Polina;Rudenko;Illivna;Female;4;2022-09-01;5;f003;sp011;CONTRACT;ACTIVE;p.rudenko1@ukma.edu.ua;+380501236782;2004-07-18;21
st20220429;Denys;Savchenko;Vitaliiovych;Male;4;2022-09-01;5;f003;sp011;CONTRACT;ACTIVE;d.savchenko3@ukma.edu.ua;+380501236795;2004-10-09;21
st20220430;Kyrylo;Shevchenko;Olehovych;Male;4;2022-09-01;5;f003;sp011;BUDGET;ACTIVE;k.shevchenko5@ukma.edu.ua;+380501236766;2003-06-22;22
st20220431;Taras;Shevchenko;Romanovych;Male;4;2022-09-01;5;f003;sp011;CONTRACT;ACTIVE;t.shevchenko1@ukma.edu.ua;+380501236790;2003-01-11;23
st20220432;Yelyzaveta;Shevchuk;Valentynivna;Female;4;2022-09-01;5;f003;sp011;BUDGET;ACTIVE;y.shevchuk7@ukma.edu.ua;+380501236778;2003-04-04;23
st20250444;Kateryna;Trekhleb;Andriivna;Female;1;2025-09-01;6;f003;sp011;CONTRACT;ACTIVE;k.trekhleb@ukma.edu.ua;+380501234734;2007-11-28;18
st20250445;Mark;Chaika;Vitaliiovych;Male;1;2025-09-01;6;f003;sp011;CONTRACT;ACTIVE;m.chaika@ukma.edu.ua;+380501234735;2006-04-15;20
st20250446;Feliks;Chumak;Volodymyrovych;Male;1;2025-09-01;6;f003;sp011;CONTRACT;ACTIVE;f.chumak@ukma.edu.ua;+380501234736;2007-08-01;18
st20250447;Nazarii;Shapovalov;Romanovych;Male;1;2025-09-01;6;f003;sp011;BUDGET;ACTIVE;n.shapovalov@ukma.edu.ua;+380501234737;2006-12-13;19
st20250448;Zoriana;Sheremet;Oleksandrivna;Female;1;2025-09-01;6;f003;sp011;CONTRACT;ACTIVE;z.sheremet@ukma.edu.ua;+380501234738;2007-04-26;18
st20240443;Nadiia;Savchenko;Artemivna;Female;2;2024-09-01;6;f003;sp011;CONTRACT;ACTIVE;n.savchenko2@ukma.edu.ua;+380501234915;2005-01-12;21
st20240444;Roman;Savchenko;Andriiovych;Male;2;2024-09-01;6;f003;sp011;BUDGET;ACTIVE;r.savchenko@ukma.edu.ua;+380501234938;2005-05-15;20
st20240445;Svitlana;Shevchenko;Andriivna;Female;2;2024-09-01;6;f003;sp011;BUDGET;ACTIVE;s.shevchenko2@ukma.edu.ua;+380501234909;2006-11-08;19
st20240446;Olena;Taran;Arturivna;Female;2;2024-09-01;6;f003;sp011;BUDGET;ACTIVE;o.taran1@ukma.edu.ua;+380501234939;2005-11-10;20
st20240447;Kyrylo;Tkachuk;Arturovych;Male;2;2024-09-01;6;f003;sp011;CONTRACT;ACTIVE;k.tkachuk@ukma.edu.ua;+380501234933;2005-04-15;21
st20240448;Artem;Vlasenko;Bohdanovych;Male;2;2024-09-01;6;f003;sp011;BUDGET;ACTIVE;a.vlasenko3@ukma.edu.ua;+380501234927;2005-08-11;20
st20230415;Serhii;Vlasenko;Mykhailovych;Male;3;2023-09-01;6;f003;sp011;CONTRACT;ACTIVE;s.vlasenko5@ukma.edu.ua;+380501235837;2004-06-12;21
st20230416;Viktoriia;Vlasenko;Volodymyrivna;Female;3;2023-09-01;6;f003;sp011;BUDGET;ACTIVE;v.vlasenko1@ukma.edu.ua;+380501235844;2004-11-02;21
st20220433;Daria;Sydorenko;Denysivna;Female;4;2022-09-01;6;f003;sp011;CONTRACT;ACTIVE;d.sydorenko2@ukma.edu.ua;+380501236784;2003-03-04;23
st20220434;Anastasiia;Tkachenko;Tymurivna;Female;4;2022-09-01;6;f003;sp011;CONTRACT;ACTIVE;a.tkachenko7@ukma.edu.ua;+380501236798;2004-04-14;22
st20220435;Vitalii;Tkachenko;Mykhailovych;Male;4;2022-09-01;6;f003;sp011;CONTRACT;ACTIVE;v.tkachenko10@ukma.edu.ua;+380501236805;2004-08-28;21
st20220436;Rostyslav;Vlasenko;Maksymovych;Male;4;2022-09-01;6;f003;sp011;BUDGET;ACTIVE;r.vlasenko5@ukma.edu.ua;+380501236791;2003-09-24;22
st20250449;Veronika;Babych;Vadymivna;Female;1;2025-09-01;1;f003;sp012;CONTRACT;ACTIVE;v.babych@ukma.edu.ua;+380501234739;2006-06-18;19
st20250450;Mariia;Babulevych;Heorhiivna;Female;1;2025-09-01;1;f003;sp012;BUDGET;ACTIVE;m.babulevych@ukma.edu.ua;+380501234740;2007-11-09;18
st20250451;Oleksandra;Bachynska;Vadymivna;Female;1;2025-09-01;1;f003;sp012;CONTRACT;ACTIVE;o.bachynska@ukma.edu.ua;+380501234741;2006-03-10;20
st20250452;Valeriia;Brotska;Viktorivna;Female;1;2025-09-01;1;f003;sp012;BUDGET;ACTIVE;v.brotska@ukma.edu.ua;+380501234742;2007-08-27;18
st20250453;Kateryna;Buhlak;Andriivna;Female;1;2025-09-01;1;f003;sp012;BUDGET;ACTIVE;k.buhlak@ukma.edu.ua;+380501234743;2006-01-05;20
st20250454;Anastasiia;Harbuza;Serhiivna;Female;1;2025-09-01;1;f003;sp012;CONTRACT;ACTIVE;a.harbuza@ukma.edu.ua;+380501234744;2007-03-12;19
st20250455;Denys;Holovko;Valeriiovych;Male;1;2025-09-01;1;f003;sp012;BUDGET;ACTIVE;d.holovko@ukma.edu.ua;+380501234745;2006-11-20;19
st20240449;Viktor;Babenko;Rostyslavovych;Male;2;2024-09-01;1;f003;sp012;CONTRACT;ACTIVE;v.babenko2@ukma.edu.ua;+380501234951;2006-09-23;19
st20240450;Illia;Boiko;Oleksandrovych;Male;2;2024-09-01;1;f003;sp012;CONTRACT;ACTIVE;i.boiko@ukma.edu.ua;+380501234963;2006-06-24;19
st20240451;Kyrylo;Boiko;Serhiiovych;Male;2;2024-09-01;1;f003;sp012;BUDGET;ACTIVE;k.boiko@ukma.edu.ua;+380501234978;2005-04-10;21
st20240452;Valeriia;Bondarenko;Arturivna;Female;2;2024-09-01;1;f003;sp012;CONTRACT;ACTIVE;v.bondarenko4@ukma.edu.ua;+380501234961;2005-01-16;21
st20240453;Valentyn;Dmytrenko;Tymurovych;Male;2;2024-09-01;1;f003;sp012;CONTRACT;ACTIVE;v.dmytrenko1@ukma.edu.ua;+380501234962;2006-05-23;19
st20240454;Stepan;Dmytrenko;Valentynovych;Male;2;2024-09-01;1;f003;sp012;CONTRACT;ACTIVE;s.dmytrenko4@ukma.edu.ua;+380501234979;2005-12-22;20
st20230417;Hlib;Babenko;Artemovych;Male;3;2023-09-01;1;f003;sp012;CONTRACT;ACTIVE;h.babenko2@ukma.edu.ua;+380501235873;2005-07-11;20
st20230418;Vira;Bondar;Rostyslavivna;Female;3;2023-09-01;1;f003;sp012;BUDGET;ACTIVE;v.bondar5@ukma.edu.ua;+380501235905;2004-05-23;21
st20230419;Tymur;Dmytrenko;Bohdanovych;Male;3;2023-09-01;1;f003;sp012;BUDGET;ACTIVE;t.dmytrenko3@ukma.edu.ua;+380501235892;2005-02-22;21
st20230420;Volodymyr;Dmytrenko;Dmytrovych;Male;3;2023-09-01;1;f003;sp012;BUDGET;ACTIVE;v.dmytrenko5@ukma.edu.ua;+380501235903;2005-07-16;20
st20230421;Valeriia;Honcharenko;Mykolaivna;Female;3;2023-09-01;1;f003;sp012;CONTRACT;ACTIVE;v.honcharenko8@ukma.edu.ua;+380501235878;2004-10-01;21
st20230422;Vitalii;Honcharenko;Artemovych;Male;3;2023-09-01;1;f003;sp012;BUDGET;ACTIVE;v.honcharenko9@ukma.edu.ua;+380501235884;2005-10-14;20
st20230423;Nazar;Honcharenko;Yuriiovych;Male;3;2023-09-01;1;f003;sp012;BUDGET;ACTIVE;n.honcharenko@ukma.edu.ua;+380501235898;2005-01-07;21
st20220437;Vasyl;Boiko;Hlibovych;Male;4;2022-09-01;1;f003;sp012;CONTRACT;ACTIVE;v.boiko10@ukma.edu.ua;+380501236828;2003-04-20;22
st20220438;Diana;Bondarenko;Romanivna;Female;4;2022-09-01;1;f003;sp012;CONTRACT;ACTIVE;d.bondarenko1@ukma.edu.ua;+380501236837;2004-08-16;21
st20220439;Pavlo;Dmytrenko;Artemovych;Male;4;2022-09-01;1;f003;sp012;CONTRACT;ACTIVE;p.dmytrenko1@ukma.edu.ua;+380501236815;2003-03-18;23
st20220440;Yurii;Havryliuk;Artemovych;Male;4;2022-09-01;1;f003;sp012;CONTRACT;ACTIVE;y.havryliuk3@ukma.edu.ua;+380501236820;2004-11-01;21
st20220441;Oleh;Honcharenko;Dmytrovych;Male;4;2022-09-01;1;f003;sp012;CONTRACT;ACTIVE;o.honcharenko6@ukma.edu.ua;+380501236823;2004-04-19;22
st20220442;Valentyn;Honcharenko;Denysovych;Male;4;2022-09-01;1;f003;sp012;BUDGET;ACTIVE;v.honcharenko14@ukma.edu.ua;+380501236840;2004-11-16;21
st20250456;Daria;Hrebiannyk;Yevhenivna;Female;1;2025-09-01;2;f003;sp012;BUDGET;ACTIVE;d.hrebiannyk@ukma.edu.ua;+380501234746;2007-05-08;18
st20250457;Maksym;Huk;Andriiovych;Male;1;2025-09-01;2;f003;sp012;BUDGET;ACTIVE;m.huk@ukma.edu.ua;+380501234747;2006-08-14;19
st20250458;Yevheniia;Hurando;Mykolaivna;Female;1;2025-09-01;2;f003;sp012;CONTRACT;ACTIVE;y.hurando@ukma.edu.ua;+380501234748;2007-02-22;19
st20250459;Kateryna;Derevianko;Olehivna;Female;1;2025-09-01;2;f003;sp012;BUDGET;ACTIVE;k.derevianko@ukma.edu.ua;+380501234749;2006-12-05;19
st20250460;Lev;Kahan;Yuriiovych;Male;1;2025-09-01;2;f003;sp012;BUDGET;ACTIVE;l.kahan@ukma.edu.ua;+380501234750;2007-09-11;18
st20250461;Solomiia;Kalinichenko;Vitaliivna;Female;1;2025-09-01;2;f003;sp012;BUDGET;ACTIVE;s.kalinichenko@ukma.edu.ua;+380501234751;2006-10-27;19
st20250462;Sofiia;Koval;Volodymyrivna;Female;1;2025-09-01;2;f003;sp012;CONTRACT;ACTIVE;s.koval@ukma.edu.ua;+380501234752;2007-04-16;19
st20240455;Kseniia;Hrytsenko;Vladyslavivna;Female;2;2024-09-01;2;f003;sp012;BUDGET;ACTIVE;k.hrytsenko@ukma.edu.ua;+380501234975;2006-07-26;19
st20240456;Halyna;Ivanenko;Serhiivna;Female;2;2024-09-01;2;f003;sp012;BUDGET;ACTIVE;h.ivanenko1@ukma.edu.ua;+380501234954;2005-01-20;21
st20240457;Anhelina;Karpenko;Andriivna;Female;2;2024-09-01;2;f003;sp012;CONTRACT;ACTIVE;a.karpenko1@ukma.edu.ua;+380501234952;2005-07-05;20
st20240458;Daria;Karpenko;Vladyslavivna;Female;2;2024-09-01;2;f003;sp012;BUDGET;ACTIVE;d.karpenko@ukma.edu.ua;+380501234970;2005-12-20;20
st20240459;Artem;Khomenko;Bohdanovych;Male;2;2024-09-01;2;f003;sp012;CONTRACT;ACTIVE;a.khomenko3@ukma.edu.ua;+380501234956;2005-02-08;21
st20240460;Solomiia;Khomenko;Denysivna;Female;2;2024-09-01;2;f003;sp012;CONTRACT;ACTIVE;s.khomenko1@ukma.edu.ua;+380501234957;2006-10-21;19
st20230424;Yelyzaveta;Honcharenko;Stepanivna;Female;3;2023-09-01;2;f003;sp012;CONTRACT;ACTIVE;y.honcharenko2@ukma.edu.ua;+380501235899;2004-03-01;22
st20230425;Olena;Hrytsenko;Serhiivna;Female;3;2023-09-01;2;f003;sp012;BUDGET;ACTIVE;o.hrytsenko1@ukma.edu.ua;+380501235876;2005-03-12;21
st20230426;Zlata;Hrytsenko;Stepanivna;Female;3;2023-09-01;2;f003;sp012;BUDGET;ACTIVE;z.hrytsenko1@ukma.edu.ua;+380501235880;2004-03-04;22
st20230427;Denys;Hrytsenko;Denysovych;Male;3;2023-09-01;2;f003;sp012;BUDGET;ACTIVE;d.hrytsenko1@ukma.edu.ua;+380501235895;2005-08-10;20
st20230428;Maksym;Hrytsenko;Arturovych;Male;3;2023-09-01;2;f003;sp012;BUDGET;ACTIVE;m.hrytsenko4@ukma.edu.ua;+380501235897;2005-08-02;20
st20230429;Denys;Ivanenko;Stepanovych;Male;3;2023-09-01;2;f003;sp012;CONTRACT;ACTIVE;d.ivanenko3@ukma.edu.ua;+380501235883;2004-05-22;21
st20230430;Ivan;Ivanenko;Antonovych;Male;3;2023-09-01;2;f003;sp012;BUDGET;ACTIVE;i.ivanenko4@ukma.edu.ua;+380501235886;2004-04-27;21
st20220443;Alisa;Hrytsenko;Yevhenivna;Female;4;2022-09-01;2;f003;sp012;CONTRACT;ACTIVE;a.hrytsenko5@ukma.edu.ua;+380501236811;2003-08-19;22
st20220444;Anton;Hrytsenko;Dmytrovych;Male;4;2022-09-01;2;f003;sp012;CONTRACT;ACTIVE;a.hrytsenko6@ukma.edu.ua;+380501236830;2003-03-03;23
st20220445;Kateryna;Hrytsenko;Kyrylivna;Female;4;2022-09-01;2;f003;sp012;BUDGET;ACTIVE;k.hrytsenko3@ukma.edu.ua;+380501236839;2003-07-21;22
st20220446;Polina;Karpenko;Dmytrivna;Female;4;2022-09-01;2;f003;sp012;CONTRACT;ACTIVE;p.karpenko3@ukma.edu.ua;+380501236813;2004-01-21;22
st20220447;Liubov;Kovalenko;Antonivna;Female;4;2022-09-01;2;f003;sp012;CONTRACT;ACTIVE;l.kovalenko@ukma.edu.ua;+380501236810;2003-10-02;22
st20220448;Polina;Kovalenko;Arturivna;Female;4;2022-09-01;2;f003;sp012;CONTRACT;ACTIVE;p.kovalenko4@ukma.edu.ua;+380501236831;2003-03-15;23
st20250463;Kostiantyn;Kotenko;Yevheniiovych;Male;1;2025-09-01;3;f003;sp012;BUDGET;ACTIVE;k.kotenko@ukma.edu.ua;+380501234753;2006-07-03;19
st20250464;Alisa;Kurochkina;Dmytrivna;Female;1;2025-09-01;3;f003;sp012;CONTRACT;ACTIVE;a.kurochkina@ukma.edu.ua;+380501234754;2007-05-19;18
st20250465;Yaroslava;Kushnir;Dmytrivna;Female;1;2025-09-01;3;f003;sp012;BUDGET;ACTIVE;y.kushnir@ukma.edu.ua;+380501234755;2006-09-24;19
st20250466;Yuliia;Kushniruk;Oleksandrivna;Female;1;2025-09-01;3;f003;sp012;BUDGET;ACTIVE;y.kushniruk@ukma.edu.ua;+380501234756;2007-03-31;19
st20250467;Kateryna;Mazur;Anatoliivna;Female;1;2025-09-01;3;f003;sp012;CONTRACT;ACTIVE;k.mazur@ukma.edu.ua;+380501234757;2006-01-09;20
st20250468;Vladyslava;Makhnenko;Oleksandrivna;Female;1;2025-09-01;3;f003;sp012;BUDGET;ACTIVE;v.makhnenko@ukma.edu.ua;+380501234758;2007-11-04;18
st20240461;Halyna;Khomenko;Hlibivna;Female;2;2024-09-01;3;f003;sp012;BUDGET;ACTIVE;h.khomenko@ukma.edu.ua;+380501234976;2006-02-13;20
st20240462;Bozhena;Koval;Andriivna;Female;2;2024-09-01;3;f003;sp012;CONTRACT;ACTIVE;b.koval1@ukma.edu.ua;+380501234960;2006-05-03;19
st20240463;Andrii;Koval;Tymurovych;Male;2;2024-09-01;3;f003;sp012;BUDGET;ACTIVE;a.koval1@ukma.edu.ua;+380501234974;2006-07-16;19
st20240464;Nazar;Lysenko;Kyrylovych;Male;2;2024-09-01;3;f003;sp012;CONTRACT;ACTIVE;n.lysenko@ukma.edu.ua;+380501234967;2006-06-17;19
st20240465;Polina;Lysenko;Antonivna;Female;2;2024-09-01;3;f003;sp012;BUDGET;ACTIVE;p.lysenko@ukma.edu.ua;+380501234977;2005-11-07;20
st20240466;Alina;Marchenko;Maksymivna;Female;2;2024-09-01;3;f003;sp012;CONTRACT;ACTIVE;a.marchenko3@ukma.edu.ua;+380501234953;2006-04-10;20
st20230431;Yelyzaveta;Karpenko;Hlibivna;Female;3;2023-09-01;3;f003;sp012;CONTRACT;ACTIVE;y.karpenko3@ukma.edu.ua;+380501235910;2004-03-22;22
st20230432;Valeriia;Koval;Arturivna;Female;3;2023-09-01;3;f003;sp012;CONTRACT;ACTIVE;v.koval6@ukma.edu.ua;+380501235871;2004-11-18;21
st20230433;Iryna;Koval;Serhiivna;Female;3;2023-09-01;3;f003;sp012;CONTRACT;ACTIVE;i.koval1@ukma.edu.ua;+380501235891;2005-11-13;20
st20230434;Diana;Kovalenko;Hlibivna;Female;3;2023-09-01;3;f003;sp012;CONTRACT;ACTIVE;d.kovalenko4@ukma.edu.ua;+380501235889;2004-09-07;21
st20230435;Vasyl;Melnyk;Vladyslavovych;Male;3;2023-09-01;3;f003;sp012;BUDGET;ACTIVE;v.melnyk5@ukma.edu.ua;+380501235872;2004-02-14;22
st20230436;Pavlo;Oliinyk;Tymurovych;Male;3;2023-09-01;3;f003;sp012;BUDGET;ACTIVE;p.oliinyk3@ukma.edu.ua;+380501235904;2005-10-24;20
st20230437;Taras;Panchenko;Dmytrovych;Male;3;2023-09-01;3;f003;sp012;CONTRACT;ACTIVE;t.panchenko2@ukma.edu.ua;+380501235906;2005-11-04;20
st20220449;Nadiia;Kovalenko;Rostyslavivna;Female;4;2022-09-01;3;f003;sp012;BUDGET;ACTIVE;n.kovalenko@ukma.edu.ua;+380501236836;2003-10-02;22
st20220450;Nataliia;Lysenko;Ivanivna;Female;4;2022-09-01;3;f003;sp012;BUDGET;ACTIVE;n.lysenko2@ukma.edu.ua;+380501236822;2003-08-15;22
st20220451;Serhii;Lysenko;Andriiovych;Male;4;2022-09-01;3;f003;sp012;CONTRACT;ACTIVE;s.lysenko3@ukma.edu.ua;+380501236842;2003-02-13;23
st20220452;Yevhen;Marchenko;Hlibovych;Male;4;2022-09-01;3;f003;sp012;CONTRACT;ACTIVE;y.marchenko10@ukma.edu.ua;+380501236814;2004-06-22;21
st20220453;Anton;Marchenko;Yuriiovych;Male;4;2022-09-01;3;f003;sp012;CONTRACT;ACTIVE;a.marchenko15@ukma.edu.ua;+380501236826;2004-02-28;22
st20220454;Oleh;Marchenko;Illich;Male;4;2022-09-01;3;f003;sp012;BUDGET;ACTIVE;o.marchenko3@ukma.edu.ua;+380501236827;2004-04-02;22
st20250469;Yeva;Movenko;Hlibivna;Female;1;2025-09-01;4;f003;sp012;BUDGET;ACTIVE;y.movenko@ukma.edu.ua;+380501234759;2006-08-21;19
st20250470;Anastasiia;Nikolaichuk;Dmytrivna;Female;1;2025-09-01;4;f003;sp012;BUDGET;ACTIVE;a.nikolaichuk@ukma.edu.ua;+380501234760;2007-06-15;18
st20250471;Olena;Pavlova;Andriivna;Female;1;2025-09-01;4;f003;sp012;BUDGET;ACTIVE;o.pavlova@ukma.edu.ua;+380501234761;2006-04-30;19
st20250472;Orysia;Pidhora;Yaroslavivna;Female;1;2025-09-01;4;f003;sp012;CONTRACT;ACTIVE;o.pidhora@ukma.edu.ua;+380501234762;2007-10-12;18
st20250473;Anna;Plakhotniuk;Yuriivna;Female;1;2025-09-01;4;f003;sp012;BUDGET;ACTIVE;a.plakhotniuk@ukma.edu.ua;+380501234763;2006-02-28;20
st20250474;Dmytro;Radchenko;Oleksiiovych;Male;1;2025-09-01;4;f003;sp012;CONTRACT;ACTIVE;d.radchenko@ukma.edu.ua;+380501234764;2007-07-07;18
st20240467;Anna;Marchenko;Serhiivna;Female;2;2024-09-01;4;f003;sp012;CONTRACT;ACTIVE;a.marchenko4@ukma.edu.ua;+380501234958;2006-04-07;20
st20240468;Sofiia;Moroz;Andriivna;Female;2;2024-09-01;4;f003;sp012;BUDGET;ACTIVE;s.moroz@ukma.edu.ua;+380501234950;2005-01-19;21
st20240469;Mykola;Moroz;Stepanovych;Male;2;2024-09-01;4;f003;sp012;BUDGET;ACTIVE;m.moroz1@ukma.edu.ua;+380501234968;2005-12-23;20
st20240470;Viktor;Moroz;Serhiiovych;Male;2;2024-09-01;4;f003;sp012;BUDGET;ACTIVE;v.moroz1@ukma.edu.ua;+380501234969;2005-02-23;21
st20240471;Daria;Petrenko;Romanivna;Female;2;2024-09-01;4;f003;sp012;CONTRACT;ACTIVE;d.petrenko@ukma.edu.ua;+380501234955;2005-03-01;21
st20240472;Vladyslav;Petrenko;Yuriiovych;Male;2;2024-09-01;4;f003;sp012;CONTRACT;ACTIVE;v.petrenko@ukma.edu.ua;+380501234959;2005-01-17;21
st20230438;Dmytro;Petrenko;Stepanovych;Male;3;2023-09-01;4;f003;sp012;CONTRACT;ACTIVE;d.petrenko1@ukma.edu.ua;+380501235901;2004-11-19;21
st20230439;Oleksandr;Ponomarenko;Tymurovych;Male;3;2023-09-01;4;f003;sp012;BUDGET;ACTIVE;o.ponomarenko3@ukma.edu.ua;+380501235907;2005-08-17;20
st20230440;Anton;Radchenko;Vitaliiovych;Male;3;2023-09-01;4;f003;sp012;BUDGET;ACTIVE;a.radchenko5@ukma.edu.ua;+380501235881;2004-07-28;21
st20230441;Yelyzaveta;Radchenko;Artemivna;Female;3;2023-09-01;4;f003;sp012;CONTRACT;ACTIVE;y.radchenko4@ukma.edu.ua;+380501235890;2004-05-12;21
st20230442;Artur;Radchenko;Tymurovych;Male;3;2023-09-01;4;f003;sp012;CONTRACT;ACTIVE;a.radchenko6@ukma.edu.ua;+380501235902;2005-04-17;21
st20230443;Alisa;Rudenko;Olehivna;Female;3;2023-09-01;4;f003;sp012;CONTRACT;ACTIVE;a.rudenko2@ukma.edu.ua;+380501235882;2005-06-06;20
st20230444;Taras;Rudenko;Ivanovych;Male;3;2023-09-01;4;f003;sp012;CONTRACT;ACTIVE;t.rudenko1@ukma.edu.ua;+380501235900;2004-07-22;21
st20220455;Yevhen;Moroz;Rostyslavovych;Male;4;2022-09-01;4;f003;sp012;BUDGET;ACTIVE;y.moroz5@ukma.edu.ua;+380501236816;2004-09-05;21
st20220456;Yelyzaveta;Moroz;Rostyslavivna;Female;4;2022-09-01;4;f003;sp012;BUDGET;ACTIVE;y.moroz6@ukma.edu.ua;+380501236817;2004-01-11;22
st20220457;Sofiia;Ponomarenko;Romanivna;Female;4;2022-09-01;4;f003;sp012;BUDGET;ACTIVE;s.ponomarenko2@ukma.edu.ua;+380501236819;2003-01-03;23
st20220458;Volodymyr;Ponomarenko;Serhiiovych;Male;4;2022-09-01;4;f003;sp012;CONTRACT;ACTIVE;v.ponomarenko12@ukma.edu.ua;+380501236834;2004-11-28;21
st20220459;Svitlana;Rudenko;Yevhenivna;Female;4;2022-09-01;4;f003;sp012;CONTRACT;ACTIVE;s.rudenko7@ukma.edu.ua;+380501236835;2004-07-23;21
st20220460;Daria;Savchenko;Ivanivna;Female;4;2022-09-01;4;f003;sp012;CONTRACT;ACTIVE;d.savchenko4@ukma.edu.ua;+380501236829;2004-07-07;21
st20250475;Anna;Semerenko;Valentynivna;Female;1;2025-09-01;5;f003;sp012;CONTRACT;ACTIVE;a.semerenko@ukma.edu.ua;+380501234765;2006-11-19;19
st20250476;Poliina;Semenova;Yuriivna;Female;1;2025-09-01;5;f003;sp012;CONTRACT;ACTIVE;p.semenova@ukma.edu.ua;+380501234766;2007-05-23;18
st20250477;Oleksandra;Stetsenko;Serhiivna;Female;1;2025-09-01;5;f003;sp012;BUDGET;ACTIVE;o.stetsenko@ukma.edu.ua;+380501234767;2006-01-04;20
st20250478;Alisa;Terletska;Oleksiivna;Female;1;2025-09-01;5;f003;sp012;BUDGET;ACTIVE;a.terletska@ukma.edu.ua;+380501234768;2007-09-29;18
st20250479;Liliia;Khomenko;Vladyslavivna;Female;1;2025-09-01;5;f003;sp012;BUDGET;ACTIVE;l.khomenko@ukma.edu.ua;+380501234769;2006-12-14;19
st20250480;Olha;Chepeliuk;Oleksandrivna;Female;1;2025-09-01;5;f003;sp012;BUDGET;ACTIVE;o.chepeliuk@ukma.edu.ua;+380501234770;2007-03-08;19
st20240473;Kateryna;Petrenko;Tarasivna;Female;2;2024-09-01;5;f003;sp012;CONTRACT;ACTIVE;k.petrenko1@ukma.edu.ua;+380501234965;2006-05-27;19
st20240474;Illia;Petrenko;Bohdanovych;Male;2;2024-09-01;5;f003;sp012;CONTRACT;ACTIVE;i.petrenko2@ukma.edu.ua;+380501234973;2006-04-03;20
st20240475;Iryna;Radchenko;Yevhenivna;Female;2;2024-09-01;5;f003;sp012;CONTRACT;ACTIVE;i.radchenko@ukma.edu.ua;+380501234966;2006-04-17;20
st20240476;Diana;Shevchuk;Ivanivna;Female;2;2024-09-01;5;f003;sp012;CONTRACT;ACTIVE;d.shevchuk1@ukma.edu.ua;+380501234949;2005-08-12;20
st20240477;Vladyslav;Shevchuk;Vitaliiovych;Male;2;2024-09-01;5;f003;sp012;BUDGET;ACTIVE;v.shevchuk@ukma.edu.ua;+380501234964;2006-08-13;19
st20240478;Yurii;Taran;Tymurovych;Male;2;2024-09-01;5;f003;sp012;CONTRACT;ACTIVE;y.taran1@ukma.edu.ua;+380501234972;2005-03-20;21
st20230445;Yuliia;Shevchenko;Stepanivna;Female;3;2023-09-01;5;f003;sp012;CONTRACT;ACTIVE;y.shevchenko1@ukma.edu.ua;+380501235874;2005-05-25;20
st20230446;Anastasiia;Shevchenko;Mykolaivna;Female;3;2023-09-01;5;f003;sp012;CONTRACT;ACTIVE;a.shevchenko6@ukma.edu.ua;+380501235877;2005-10-04;20
st20230447;Andrii;Shevchenko;Yuriiovych;Male;3;2023-09-01;5;f003;sp012;CONTRACT;ACTIVE;a.shevchenko7@ukma.edu.ua;+380501235888;2005-02-03;21
st20230448;Solomiia;Shevchuk;Oleksandrivna;Female;3;2023-09-01;5;f003;sp012;CONTRACT;ACTIVE;s.shevchuk2@ukma.edu.ua;+380501235885;2005-12-28;20
st20230449;Tymur;Sydorenko;Mykhailovych;Male;3;2023-09-01;5;f003;sp012;CONTRACT;ACTIVE;t.sydorenko3@ukma.edu.ua;+380501235887;2005-07-13;20
st20230450;Nazar;Sydorenko;Antonovych;Male;3;2023-09-01;5;f003;sp012;CONTRACT;ACTIVE;n.sydorenko4@ukma.edu.ua;+380501235909;2004-11-06;21
st20230451;Vira;Taran;Kyrylivna;Female;3;2023-09-01;5;f003;sp012;BUDGET;ACTIVE;v.taran9@ukma.edu.ua;+380501235894;2005-03-13;21
st20220461;Solomiia;Shevchenko;Tymurivna;Female;4;2022-09-01;5;f003;sp012;BUDGET;ACTIVE;s.shevchenko9@ukma.edu.ua;+380501236812;2004-12-05;21
st20220462;Alisa;Shevchuk;Arturivna;Female;4;2022-09-01;5;f003;sp012;BUDGET;ACTIVE;a.shevchuk19@ukma.edu.ua;+380501236821;2003-12-21;22
st20220463;Ivan;Taran;Rostyslavovych;Male;4;2022-09-01;5;f003;sp012;CONTRACT;ACTIVE;i.taran3@ukma.edu.ua;+380501236825;2004-08-12;21
st20220464;Nadiia;Taran;Serhiivna;Female;4;2022-09-01;5;f003;sp012;BUDGET;ACTIVE;n.taran2@ukma.edu.ua;+380501236832;2004-10-27;21
st20220465;Kseniia;Taran;Romanivna;Female;4;2022-09-01;5;f003;sp012;BUDGET;ACTIVE;k.taran2@ukma.edu.ua;+380501236841;2004-06-05;21
st20220466;Diana;Tkachenko;Illivna;Female;4;2022-09-01;5;f003;sp012;BUDGET;ACTIVE;d.tkachenko6@ukma.edu.ua;+380501236818;2003-09-24;22
st20250481;Oleksandra;Sharapova;Andriivna;Female;1;2025-09-01;6;f003;sp012;BUDGET;ACTIVE;o.sharapova@ukma.edu.ua;+380501234771;2006-06-21;19
st20250482;Aryna;Shylo;Volodymyrivna;Female;1;2025-09-01;6;f003;sp012;BUDGET;ACTIVE;a.shylo@ukma.edu.ua;+380501234772;2007-11-28;18
st20250483;Alisa;Yakymenko;Vitaliivna;Female;1;2025-09-01;6;f003;sp012;BUDGET;ACTIVE;a.yakymenko@ukma.edu.ua;+380501234773;2006-04-15;20
st20240479;Dmytro;Vlasenko;Volodymyrovych;Male;2;2024-09-01;6;f003;sp012;CONTRACT;ACTIVE;d.vlasenko2@ukma.edu.ua;+380501234971;2006-05-12;19
st20230452;Denys;Taran;Vitaliiovych;Male;3;2023-09-01;6;f003;sp012;CONTRACT;ACTIVE;d.taran1@ukma.edu.ua;+380501235896;2005-03-23;21
st20230453;Volodymyr;Tkachenko;Rostyslavovych;Male;3;2023-09-01;6;f003;sp012;BUDGET;ACTIVE;v.tkachenko8@ukma.edu.ua;+380501235879;2004-12-17;21
st20230454;Ivan;Tkachenko;Maksymovych;Male;3;2023-09-01;6;f003;sp012;CONTRACT;ACTIVE;i.tkachenko4@ukma.edu.ua;+380501235893;2004-01-17;22
st20230455;Khrystyna;Tkachuk;Volodymyrivna;Female;3;2023-09-01;6;f003;sp012;BUDGET;ACTIVE;k.tkachuk3@ukma.edu.ua;+380501235875;2005-09-05;20
st20230456;Hlib;Tkachuk;Volodymyrovych;Male;3;2023-09-01;6;f003;sp012;BUDGET;ACTIVE;h.tkachuk@ukma.edu.ua;+380501235908;2004-03-04;22
st20220467;Yevhen;Tkachenko;Oleksandrovych;Male;4;2022-09-01;6;f003;sp012;BUDGET;ACTIVE;y.tkachenko6@ukma.edu.ua;+380501236824;2003-03-13;23
st20220468;Anna;Tkachenko;Dmytrivna;Female;4;2022-09-01;6;f003;sp012;CONTRACT;ACTIVE;a.tkachenko8@ukma.edu.ua;+380501236838;2004-11-22;21
st20220469;Vasyl;Vlasenko;Artemovych;Male;4;2022-09-01;6;f003;sp012;CONTRACT;ACTIVE;v.vlasenko5@ukma.edu.ua;+380501236833;2004-12-27;21
st20250484;Viktoriia;Andrieieva;Serhiivna;Female;1;2025-09-01;1;f003;sp013;BUDGET;ACTIVE;v.andrieieva@ukma.edu.ua;+380501234774;2007-08-01;18
st20250485;Veronika;Baliuk;Olekhivna;Female;1;2025-09-01;1;f003;sp013;BUDGET;ACTIVE;v.baliuk@ukma.edu.ua;+380501234775;2006-12-13;19
st20250486;Sofiia;Berezovska;Ihorivna;Female;1;2025-09-01;1;f003;sp013;BUDGET;ACTIVE;s.berezovska@ukma.edu.ua;+380501234776;2007-04-26;18
st20250487;Yana;Bilova;Ivanivna;Female;1;2025-09-01;1;f003;sp013;BUDGET;ACTIVE;y.bilova@ukma.edu.ua;+380501234777;2006-06-18;19
st20250488;Valeriia;Biloshapka;Mykolaivna;Female;1;2025-09-01;1;f003;sp013;BUDGET;ACTIVE;v.biloshapka@ukma.edu.ua;+380501234778;2007-11-09;18
st20250489;Anastasiia;Bondaruk;Andriivna;Female;1;2025-09-01;1;f003;sp013;BUDGET;ACTIVE;a.bondaruk@ukma.edu.ua;+380501234779;2006-03-10;20
st20240480;Liubov;Ivanenko;Vitaliivna;Female;2;2024-09-01;1;f003;sp013;CONTRACT;ACTIVE;l.ivanenko@ukma.edu.ua;+380501235004;2005-12-25;20
st20240481;Veronika;Khomenko;Artemivna;Female;2;2024-09-01;1;f003;sp013;BUDGET;ACTIVE;v.khomenko2@ukma.edu.ua;+380501234990;2006-11-14;19
st20240482;Yurii;Khomenko;Romanovych;Male;2;2024-09-01;1;f003;sp013;CONTRACT;ACTIVE;y.khomenko2@ukma.edu.ua;+380501234992;2006-09-04;19
st20240483;Sofiia;Koval;Tarasivna;Female;2;2024-09-01;1;f003;sp013;CONTRACT;ACTIVE;s.koval1@ukma.edu.ua;+380501235001;2005-11-04;20
st20240484;Dmytro;Kovalenko;Romanovych;Male;2;2024-09-01;1;f003;sp013;CONTRACT;ACTIVE;d.kovalenko2@ukma.edu.ua;+380501235007;2006-11-26;19
st20240485;Andrii;Kravchenko;Illich;Male;2;2024-09-01;1;f003;sp013;CONTRACT;ACTIVE;a.kravchenko3@ukma.edu.ua;+380501234985;2005-01-03;21
st20230457;Tymur;Babenko;Tymurovych;Male;3;2023-09-01;1;f003;sp013;BUDGET;ACTIVE;t.babenko2@ukma.edu.ua;+380501235922;2004-04-04;22
st20230458;Diana;Babenko;Mykolaivna;Female;3;2023-09-01;1;f003;sp013;BUDGET;ACTIVE;d.babenko5@ukma.edu.ua;+380501235927;2004-02-04;22
st20230459;Nadiia;Havryliuk;Bohdanivna;Female;3;2023-09-01;1;f003;sp013;CONTRACT;ACTIVE;n.havryliuk3@ukma.edu.ua;+380501235925;2004-07-16;21
st20230460;Viktoriia;Karpenko;Bohdanivna;Female;3;2023-09-01;1;f003;sp013;BUDGET;ACTIVE;v.karpenko2@ukma.edu.ua;+380501235913;2005-08-05;20
st20230461;Oksana;Khomenko;Kyrylivna;Female;3;2023-09-01;1;f003;sp013;CONTRACT;ACTIVE;o.khomenko3@ukma.edu.ua;+380501235920;2005-10-25;20
st20230462;Halyna;Khomenko;Yevhenivna;Female;3;2023-09-01;1;f003;sp013;CONTRACT;ACTIVE;h.khomenko3@ukma.edu.ua;+380501235931;2004-03-08;22
st20220470;Svitlana;Babenko;Andriivna;Female;4;2022-09-01;1;f003;sp013;BUDGET;ACTIVE;s.babenko2@ukma.edu.ua;+380501236855;2004-02-05;22
st20220471;Anhelina;Boiko;Artemivna;Female;4;2022-09-01;1;f003;sp013;CONTRACT;ACTIVE;a.boiko6@ukma.edu.ua;+380501236873;2003-04-11;23
st20220472;Anhelina;Bondarenko;Bohdanivna;Female;4;2022-09-01;1;f003;sp013;CONTRACT;ACTIVE;a.bondarenko12@ukma.edu.ua;+380501236858;2003-09-28;22
st20220473;Mykola;Hrytsenko;Valentynovych;Male;4;2022-09-01;1;f003;sp013;BUDGET;ACTIVE;m.hrytsenko8@ukma.edu.ua;+380501236850;2003-10-28;22
st20220474;Ihor;Hrytsenko;Hlibovych;Male;4;2022-09-01;1;f003;sp013;CONTRACT;ACTIVE;i.hrytsenko4@ukma.edu.ua;+380501236864;2004-03-10;22
st20220475;Vasyl;Hrytsenko;Yevhenovych;Male;4;2022-09-01;1;f003;sp013;CONTRACT;ACTIVE;v.hrytsenko9@ukma.edu.ua;+380501236866;2003-10-06;22
st20250490;Feliks;Bulba;Kostiantynovych;Male;1;2025-09-01;2;f003;sp013;CONTRACT;ACTIVE;f.bulba@ukma.edu.ua;+380501234780;2007-08-27;18
st20250491;Anastasiia;Hladka;Olehivna;Female;1;2025-09-01;2;f003;sp013;BUDGET;ACTIVE;a.hladka@ukma.edu.ua;+380501234781;2006-01-05;20
st20250492;Marharyta;Hratsons;Andriivna;Female;1;2025-09-01;2;f003;sp013;BUDGET;ACTIVE;m.hratsons@ukma.edu.ua;+380501234782;2007-03-12;19
st20250493;Sofiia;Denysiuk;Mykolaivna;Female;1;2025-09-01;2;f003;sp013;BUDGET;ACTIVE;s.denysiuk@ukma.edu.ua;+380501234783;2006-11-20;19
st20250494;Mariia;Deshchenko;Vitaliivna;Female;1;2025-09-01;2;f003;sp013;CONTRACT;ACTIVE;m.deshchenko@ukma.edu.ua;+380501234784;2007-05-08;18
st20250495;Viktoriia;Dovhaliok;Yuriivna;Female;1;2025-09-01;2;f003;sp013;CONTRACT;ACTIVE;v.dovhaliok@ukma.edu.ua;+380501234785;2006-08-14;19
st20240486;Svitlana;Kravchenko;Serhiivna;Female;2;2024-09-01;2;f003;sp013;CONTRACT;ACTIVE;s.kravchenko1@ukma.edu.ua;+380501234986;2005-01-08;21
st20240487;Daria;Kravchenko;Olehivna;Female;2;2024-09-01;2;f003;sp013;CONTRACT;ACTIVE;d.kravchenko@ukma.edu.ua;+380501234997;2005-12-21;20
st20240488;Kateryna;Lysenko;Oleksandrivna;Female;2;2024-09-01;2;f003;sp013;CONTRACT;ACTIVE;k.lysenko@ukma.edu.ua;+380501234993;2005-01-23;21
st20240489;Valeriia;Marchenko;Hlibivna;Female;2;2024-09-01;2;f003;sp013;CONTRACT;ACTIVE;v.marchenko2@ukma.edu.ua;+380501234980;2005-05-24;20
st20240490;Hlib;Marchenko;Andriiovych;Male;2;2024-09-01;2;f003;sp013;CONTRACT;ACTIVE;h.marchenko@ukma.edu.ua;+380501234994;2006-06-26;19
st20240491;Daria;Marchenko;Illivna;Female;2;2024-09-01;2;f003;sp013;BUDGET;ACTIVE;d.marchenko3@ukma.edu.ua;+380501234995;2005-07-28;20
st20230463;Artur;Koval;Yuriiovych;Male;3;2023-09-01;2;f003;sp013;BUDGET;ACTIVE;a.koval4@ukma.edu.ua;+380501235919;2004-12-25;21
st20230464;Zlata;Koval;Serhiivna;Female;3;2023-09-01;2;f003;sp013;CONTRACT;ACTIVE;z.koval3@ukma.edu.ua;+380501235940;2005-06-04;20
st20230465;Solomiia;Koval;Antonivna;Female;3;2023-09-01;2;f003;sp013;CONTRACT;ACTIVE;s.koval5@ukma.edu.ua;+380501235944;2005-07-10;20
st20230466;Ihor;Kovalenko;Olehovych;Male;3;2023-09-01;2;f003;sp013;CONTRACT;ACTIVE;i.kovalenko1@ukma.edu.ua;+380501235942;2004-05-26;21
st20230467;Solomiia;Kravchenko;Andriivna;Female;3;2023-09-01;2;f003;sp013;BUDGET;ACTIVE;s.kravchenko4@ukma.edu.ua;+380501235916;2005-11-27;20
st20230468;Roman;Kravchenko;Oleksandrovych;Male;3;2023-09-01;2;f003;sp013;BUDGET;ACTIVE;r.kravchenko1@ukma.edu.ua;+380501235937;2005-08-10;20
st20220476;Alina;Khomenko;Vladyslavivna;Female;4;2022-09-01;2;f003;sp013;CONTRACT;ACTIVE;a.khomenko8@ukma.edu.ua;+380501236872;2004-03-14;22
st20220477;Anton;Koval;Vladyslavovych;Male;4;2022-09-01;2;f003;sp013;BUDGET;ACTIVE;a.koval13@ukma.edu.ua;+380501236851;2003-01-23;23
st20220478;Iryna;Koval;Antonivna;Female;4;2022-09-01;2;f003;sp013;CONTRACT;ACTIVE;i.koval4@ukma.edu.ua;+380501236857;2004-02-14;22
st20220479;Kyrylo;Kovalenko;Volodymyrovych;Male;4;2022-09-01;2;f003;sp013;CONTRACT;ACTIVE;k.kovalenko3@ukma.edu.ua;+380501236853;2004-10-27;21
st20220480;Oleksandr;Lysenko;Romanovych;Male;4;2022-09-01;2;f003;sp013;BUDGET;ACTIVE;o.lysenko3@ukma.edu.ua;+380501236865;2003-04-10;23
st20220481;Iryna;Polishchuk;Ivanivna;Female;4;2022-09-01;2;f003;sp013;BUDGET;ACTIVE;i.polishchuk3@ukma.edu.ua;+380501236843;2003-07-03;22
st20250496;Bohdan;Yeremenko;Yuriiovych;Male;1;2025-09-01;3;f003;sp013;BUDGET;ACTIVE;b.yeremenko@ukma.edu.ua;+380501234786;2007-02-22;19
st20250497;Ilona;Ziakun;Oleksandrivna;Female;1;2025-09-01;3;f003;sp013;BUDGET;ACTIVE;i.ziakun@ukma.edu.ua;+380501234787;2006-12-05;19
st20250498;Oksana;Zozulia;Ivanivna;Female;1;2025-09-01;3;f003;sp013;BUDGET;ACTIVE;o.zozulia@ukma.edu.ua;+380501234788;2007-09-11;18
st20250499;Viktoriia;Iniashych;Mykhailivna;Female;1;2025-09-01;3;f003;sp013;BUDGET;ACTIVE;v.iniashych@ukma.edu.ua;+380501234789;2006-10-27;19
st20250500;Varvara;Ishchenko;Oleksandrivna;Female;1;2025-09-01;3;f003;sp013;BUDGET;ACTIVE;v.ishchenko@ukma.edu.ua;+380501234790;2007-04-16;19
st20250501;Tymur;Kalabishka;Tarasovych;Male;1;2025-09-01;3;f003;sp013;BUDGET;ACTIVE;t.kalabishka@ukma.edu.ua;+380501234791;2006-07-03;19
st20240492;Nazar;Marchenko;Yuriiovych;Male;2;2024-09-01;3;f003;sp013;BUDGET;ACTIVE;n.marchenko@ukma.edu.ua;+380501235005;2005-06-02;20
st20240493;Stepan;Moroz;Mykolaiovych;Male;2;2024-09-01;3;f003;sp013;CONTRACT;ACTIVE;s.moroz1@ukma.edu.ua;+380501234982;2005-01-19;21
st20240494;Vasyl;Moroz;Arturovych;Male;2;2024-09-01;3;f003;sp013;BUDGET;ACTIVE;v.moroz2@ukma.edu.ua;+380501234999;2005-03-28;21
st20240495;Oleksandr;Oliinyk;Artemovych;Male;2;2024-09-01;3;f003;sp013;BUDGET;ACTIVE;o.oliinyk@ukma.edu.ua;+380501235002;2006-05-17;19
st20240496;Polina;Panchenko;Romanivna;Female;2;2024-09-01;3;f003;sp013;BUDGET;ACTIVE;p.panchenko@ukma.edu.ua;+380501234981;2005-08-26;20
st20240497;Diana;Panchenko;Illivna;Female;2;2024-09-01;3;f003;sp013;BUDGET;ACTIVE;d.panchenko@ukma.edu.ua;+380501234984;2006-08-14;19
st20230469;Mariia;Marchenko;Dmytrivna;Female;3;2023-09-01;3;f003;sp013;CONTRACT;ACTIVE;m.marchenko2@ukma.edu.ua;+380501235914;2004-01-07;22
st20230470;Sofiia;Marchenko;Maksymivna;Female;3;2023-09-01;3;f003;sp013;CONTRACT;ACTIVE;s.marchenko3@ukma.edu.ua;+380501235929;2004-03-08;22
st20230471;Viktoriia;Moroz;Volodymyrivna;Female;3;2023-09-01;3;f003;sp013;CONTRACT;ACTIVE;v.moroz8@ukma.edu.ua;+380501235930;2004-12-23;21
st20230472;Polina;Moroz;Yevhenivna;Female;3;2023-09-01;3;f003;sp013;CONTRACT;ACTIVE;p.moroz@ukma.edu.ua;+380501235933;2005-02-18;21
st20230473;Polina;Oliinyk;Valentynivna;Female;3;2023-09-01;3;f003;sp013;BUDGET;ACTIVE;p.oliinyk4@ukma.edu.ua;+380501235911;2005-04-05;21
st20230474;Rostyslav;Oliinyk;Vitaliiovych;Male;3;2023-09-01;3;f003;sp013;CONTRACT;ACTIVE;r.oliinyk@ukma.edu.ua;+380501235923;2005-02-19;21
st20220482;Mariia;Polishchuk;Artemivna;Female;4;2022-09-01;3;f003;sp013;BUDGET;ACTIVE;m.polishchuk3@ukma.edu.ua;+380501236860;2004-03-09;22
st20220483;Artur;Ponomarenko;Bohdanovych;Male;4;2022-09-01;3;f003;sp013;CONTRACT;ACTIVE;a.ponomarenko10@ukma.edu.ua;+380501236852;2004-10-12;21
st20220484;Zlata;Ponomarenko;Kyrylivna;Female;4;2022-09-01;3;f003;sp013;BUDGET;ACTIVE;z.ponomarenko@ukma.edu.ua;+380501236863;2004-09-18;21
st20220485;Illia;Ponomarenko;Valentynovych;Male;4;2022-09-01;3;f003;sp013;CONTRACT;ACTIVE;i.ponomarenko5@ukma.edu.ua;+380501236875;2003-08-24;22
st20220486;Rostyslav;Radchenko;Denysovych;Male;4;2022-09-01;3;f003;sp013;CONTRACT;ACTIVE;r.radchenko4@ukma.edu.ua;+380501236868;2004-11-13;21
st20220487;Alisa;Savchenko;Yuriivna;Female;4;2022-09-01;3;f003;sp013;CONTRACT;ACTIVE;a.savchenko10@ukma.edu.ua;+380501236861;2003-06-04;22
st20250502;Kseniia;Kyrychenko;Yuriivna;Female;1;2025-09-01;4;f003;sp013;BUDGET;ACTIVE;k.kyrychenko@ukma.edu.ua;+380501234792;2007-05-19;18
st20250503;Sofiia;Kovalenko;Oleksandrivna;Female;1;2025-09-01;4;f003;sp013;BUDGET;ACTIVE;s.kovalenko@ukma.edu.ua;+380501234793;2006-09-24;19
st20250504;Anastasiia;Konovalenko;Yuriivna;Female;1;2025-09-01;4;f003;sp013;BUDGET;ACTIVE;a.konovalenko@ukma.edu.ua;+380501234794;2007-03-31;19
st20250505;Sofiia;Konovalenko;Yuriivna;Female;1;2025-09-01;4;f003;sp013;BUDGET;ACTIVE;s.konovalenko@ukma.edu.ua;+380501234795;2006-01-09;20
st20250506;Myrra;Korchak;Maksymivna;Female;1;2025-09-01;4;f003;sp013;BUDGET;ACTIVE;m.korchak@ukma.edu.ua;+380501234796;2007-11-04;18
st20250507;Sofiia;Kot;Oleksandrivna;Female;1;2025-09-01;4;f003;sp013;BUDGET;ACTIVE;s.kot@ukma.edu.ua;+380501234797;2006-08-21;19
st20240498;Taras;Panchenko;Bohdanovych;Male;2;2024-09-01;4;f003;sp013;CONTRACT;ACTIVE;t.panchenko@ukma.edu.ua;+380501234996;2006-10-16;19
st20240499;Taras;Petrenko;Oleksandrovych;Male;2;2024-09-01;4;f003;sp013;CONTRACT;ACTIVE;t.petrenko@ukma.edu.ua;+380501235003;2005-10-06;20
st20240500;Yelyzaveta;Petrenko;Antonivna;Female;2;2024-09-01;4;f003;sp013;CONTRACT;ACTIVE;y.petrenko1@ukma.edu.ua;+380501235010;2006-02-01;20
st20240501;Mariia;Radchenko;Antonivna;Female;2;2024-09-01;4;f003;sp013;BUDGET;ACTIVE;m.radchenko1@ukma.edu.ua;+380501235009;2005-10-17;20
st20240502;Yurii;Savchenko;Illich;Male;2;2024-09-01;4;f003;sp013;CONTRACT;ACTIVE;y.savchenko1@ukma.edu.ua;+380501234991;2005-09-10;20
st20240503;Artur;Shevchenko;Olehovych;Male;2;2024-09-01;4;f003;sp013;CONTRACT;ACTIVE;a.shevchenko3@ukma.edu.ua;+380501234987;2006-10-15;19
st20230475;Uliana;Oliinyk;Oleksandrivna;Female;3;2023-09-01;4;f003;sp013;CONTRACT;ACTIVE;u.oliinyk@ukma.edu.ua;+380501235941;2005-09-24;20
st20230476;Vasyl;Panchenko;Romanovych;Male;3;2023-09-01;4;f003;sp013;CONTRACT;ACTIVE;v.panchenko5@ukma.edu.ua;+380501235924;2004-03-12;22
st20230477;Nazar;Panchenko;Mykhailovych;Male;3;2023-09-01;4;f003;sp013;CONTRACT;ACTIVE;n.panchenko1@ukma.edu.ua;+380501235938;2004-04-09;22
st20230478;Viktoriia;Ponomarenko;Andriivna;Female;3;2023-09-01;4;f003;sp013;CONTRACT;ACTIVE;v.ponomarenko6@ukma.edu.ua;+380501235915;2005-03-07;21
st20230479;Oksana;Radchenko;Hlibivna;Female;3;2023-09-01;4;f003;sp013;BUDGET;ACTIVE;o.radchenko4@ukma.edu.ua;+380501235928;2004-10-27;21
st20230480;Yuliia;Rudenko;Artemivna;Female;3;2023-09-01;4;f003;sp013;CONTRACT;ACTIVE;y.rudenko2@ukma.edu.ua;+380501235921;2004-03-13;22
st20220488;Anastasiia;Savchenko;Mykolaivna;Female;4;2022-09-01;4;f003;sp013;CONTRACT;ACTIVE;a.savchenko11@ukma.edu.ua;+380501236870;2004-02-24;22
st20220489;Pavlo;Savchenko;Romanovych;Male;4;2022-09-01;4;f003;sp013;CONTRACT;ACTIVE;p.savchenko3@ukma.edu.ua;+380501236871;2003-10-18;22
st20220490;Kseniia;Shevchenko;Tarasivna;Female;4;2022-09-01;4;f003;sp013;BUDGET;ACTIVE;k.shevchenko6@ukma.edu.ua;+380501236849;2003-02-20;23
st20220491;Viktoriia;Shevchenko;Illivna;Female;4;2022-09-01;4;f003;sp013;BUDGET;ACTIVE;v.shevchenko8@ukma.edu.ua;+380501236856;2004-07-08;21
st20220492;Alisa;Shevchuk;Yuriivna;Female;4;2022-09-01;4;f003;sp013;BUDGET;ACTIVE;a.shevchuk20@ukma.edu.ua;+380501236845;2004-04-24;21
st20220493;Dmytro;Shevchuk;Volodymyrovych;Male;4;2022-09-01;4;f003;sp013;CONTRACT;ACTIVE;d.shevchuk6@ukma.edu.ua;+380501236859;2003-10-13;22
st20250508;Daryna;Kushch;Serhiivna;Female;1;2025-09-01;5;f003;sp013;BUDGET;ACTIVE;d.kushch@ukma.edu.ua;+380501234798;2007-06-15;18
st20250509;Anita;Kuzmenko;Maksymivna;Female;1;2025-09-01;5;f003;sp013;BUDGET;ACTIVE;a.kuzmenko@ukma.edu.ua;+380501234799;2006-04-30;19
st20250510;Natalia;Laskevych;Ihorivna;Female;1;2025-09-01;5;f003;sp013;BUDGET;ACTIVE;n.laskevych@ukma.edu.ua;+380501234800;2007-10-12;18
st20250511;Anna;Lysenko;Serhiivna;Female;1;2025-09-01;5;f003;sp013;BUDGET;ACTIVE;a.lysenko@ukma.edu.ua;+380501234801;2006-02-28;20
st20250512;Nataliia;Lysenko;Serhiivna;Female;1;2025-09-01;5;f003;sp013;CONTRACT;ACTIVE;n.lysenko@ukma.edu.ua;+380501234802;2007-07-07;18
st20250513;Sofiia;Maslieieva;Serhiivna;Female;1;2025-09-01;5;f003;sp013;BUDGET;ACTIVE;s.maslieieva@ukma.edu.ua;+380501234803;2006-11-19;19
st20240504;Kateryna;Shevchenko;Stepanivna;Female;2;2024-09-01;5;f003;sp013;BUDGET;ACTIVE;k.shevchenko1@ukma.edu.ua;+380501235006;2005-09-24;20
st20240505;Viktor;Sydorenko;Arturovych;Male;2;2024-09-01;5;f003;sp013;CONTRACT;ACTIVE;v.sydorenko1@ukma.edu.ua;+380501234988;2006-03-11;20
st20240506;Ivan;Tkachenko;Kyrylovych;Male;2;2024-09-01;5;f003;sp013;CONTRACT;ACTIVE;i.tkachenko1@ukma.edu.ua;+380501235000;2005-07-23;20
st20240507;Vitalii;Tkachuk;Hlibovych;Male;2;2024-09-01;5;f003;sp013;BUDGET;ACTIVE;v.tkachuk3@ukma.edu.ua;+380501234989;2005-07-13;20
st20240508;Artur;Tkachuk;Yuriiovych;Male;2;2024-09-01;5;f003;sp013;BUDGET;ACTIVE;a.tkachuk2@ukma.edu.ua;+380501234998;2005-11-06;20
st20240509;Solomiia;Tkachuk;Tarasivna;Female;2;2024-09-01;5;f003;sp013;BUDGET;ACTIVE;s.tkachuk1@ukma.edu.ua;+380501235008;2005-07-03;20
st20230481;Liubov;Rudenko;Olehivna;Female;3;2023-09-01;5;f003;sp013;BUDGET;ACTIVE;l.rudenko2@ukma.edu.ua;+380501235932;2004-12-27;21
st20230482;Stepan;Savchenko;Mykolaiovych;Male;3;2023-09-01;5;f003;sp013;CONTRACT;ACTIVE;s.savchenko2@ukma.edu.ua;+380501235939;2004-08-01;21
st20230483;Svitlana;Shevchenko;Illivna;Female;3;2023-09-01;5;f003;sp013;BUDGET;ACTIVE;s.shevchenko7@ukma.edu.ua;+380501235917;2004-10-04;21
st20230484;Pavlo;Shevchenko;Vitaliiovych;Male;3;2023-09-01;5;f003;sp013;BUDGET;ACTIVE;p.shevchenko@ukma.edu.ua;+380501235934;2005-12-07;20
st20230485;Yevhen;Shevchenko;Tarasovych;Male;3;2023-09-01;5;f003;sp013;BUDGET;ACTIVE;y.shevchenko2@ukma.edu.ua;+380501235936;2004-08-11;21
st20230486;Artem;Shevchuk;Olehovych;Male;3;2023-09-01;5;f003;sp013;BUDGET;ACTIVE;a.shevchuk9@ukma.edu.ua;+380501235935;2004-09-13;21
st20220494;Olena;Shevchuk;Bohdanivna;Female;4;2022-09-01;5;f003;sp013;BUDGET;ACTIVE;o.shevchuk4@ukma.edu.ua;+380501236874;2003-06-06;22
st20220495;Tymur;Sydorenko;Hlibovych;Male;4;2022-09-01;5;f003;sp013;CONTRACT;ACTIVE;t.sydorenko5@ukma.edu.ua;+380501236844;2003-02-25;23
st20220496;Kyrylo;Sydorenko;Serhiiovych;Male;4;2022-09-01;5;f003;sp013;BUDGET;ACTIVE;k.sydorenko4@ukma.edu.ua;+380501236846;2003-03-25;23
st20220497;Uliana;Sydorenko;Rostyslavivna;Female;4;2022-09-01;5;f003;sp013;BUDGET;ACTIVE;u.sydorenko2@ukma.edu.ua;+380501236847;2004-07-06;21
st20220498;Mykhailo;Sydorenko;Andriiovych;Male;4;2022-09-01;5;f003;sp013;CONTRACT;ACTIVE;m.sydorenko5@ukma.edu.ua;+380501236867;2004-10-17;21
st20220499;Anton;Sydorenko;Antonovych;Male;4;2022-09-01;5;f003;sp013;CONTRACT;ACTIVE;a.sydorenko6@ukma.edu.ua;+380501236869;2003-06-11;22
st20250514;Yelyzaveta;Mkrtychan;Valeriivna;Female;1;2025-09-01;6;f003;sp013;BUDGET;ACTIVE;y.mkrtychan@ukma.edu.ua;+380501234804;2007-05-23;18
st20250515;Karina;Moshchuk;Vadymivna;Female;1;2025-09-01;6;f003;sp013;BUDGET;ACTIVE;k.moshchuk@ukma.edu.ua;+380501234805;2006-01-04;20
st20250516;Sofiia;Mykalo;Oleksandrivna;Female;1;2025-09-01;6;f003;sp013;BUDGET;ACTIVE;s.mykalo@ukma.edu.ua;+380501234806;2007-09-29;18
st20250517;Roman;Manchennko;Yevheniiovych;Male;1;2025-09-01;6;f003;sp013;BUDGET;ACTIVE;r.manchennko@ukma.edu.ua;+380501234807;2006-12-14;19
st20250518;Veronika;Nehoda;Ihorivna;Female;1;2025-09-01;6;f003;sp013;BUDGET;ACTIVE;v.nehoda@ukma.edu.ua;+380501234808;2007-03-08;19
st20250519;Yelyzaveta;Nestroieva;Vitaliivna;Female;1;2025-09-01;6;f003;sp013;CONTRACT;ACTIVE;y.nestroieva@ukma.edu.ua;+380501234809;2006-06-21;19
st20240510;Liubov;Vlasenko;Olehivna;Female;2;2024-09-01;6;f003;sp013;BUDGET;ACTIVE;l.vlasenko@ukma.edu.ua;+380501234983;2006-01-26;20
st20230487;Serhii;Taran;Rostyslavovych;Male;3;2023-09-01;6;f003;sp013;CONTRACT;ACTIVE;s.taran3@ukma.edu.ua;+380501235926;2004-03-06;22
st20230488;Oleksandr;Vlasenko;Serhiiovych;Male;3;2023-09-01;6;f003;sp013;BUDGET;ACTIVE;o.vlasenko3@ukma.edu.ua;+380501235912;2004-06-26;21
st20230489;Viktoriia;Vlasenko;Andriivna;Female;3;2023-09-01;6;f003;sp013;CONTRACT;ACTIVE;v.vlasenko2@ukma.edu.ua;+380501235918;2005-04-12;21
st20230490;Dmytro;Vlasenko;Hlibovych;Male;3;2023-09-01;6;f003;sp013;CONTRACT;ACTIVE;d.vlasenko4@ukma.edu.ua;+380501235943;2004-04-09;22
st20220500;Sofiia;Tkachenko;Valentynivna;Female;4;2022-09-01;6;f003;sp013;BUDGET;ACTIVE;s.tkachenko3@ukma.edu.ua;+380501236848;2004-12-23;21
st20220501;Oksana;Tkachuk;Kyrylivna;Female;4;2022-09-01;6;f003;sp013;CONTRACT;ACTIVE;o.tkachuk3@ukma.edu.ua;+380501236854;2004-02-12;22
st20220502;Anhelina;Vlasenko;Ivanivna;Female;4;2022-09-01;6;f003;sp013;BUDGET;ACTIVE;a.vlasenko10@ukma.edu.ua;+380501236862;2003-01-21;23
st20250520;Sofiia;Otsotsiuk;Valeriivna;Female;1;2025-09-01;7;f003;sp013;BUDGET;ACTIVE;s.otsotsiuk@ukma.edu.ua;+380501234810;2007-11-28;18
st20250521;Veronika;Pavliuk;Serhiivna;Female;1;2025-09-01;7;f003;sp013;BUDGET;ACTIVE;v.pavliuk@ukma.edu.ua;+380501234811;2006-04-15;20
st20250522;Daria;Petrovska;Vitaliivna;Female;1;2025-09-01;7;f003;sp013;CONTRACT;ACTIVE;d.petrovska@ukma.edu.ua;+380501234812;2007-08-01;18
st20250523;Anna;Polehenko;Serhiivna;Female;1;2025-09-01;7;f003;sp013;BUDGET;ACTIVE;a.polehenko@ukma.edu.ua;+380501234813;2006-12-13;19
st20250524;Lilia;Polyvoda;Hryhorivna;Female;1;2025-09-01;7;f003;sp013;BUDGET;ACTIVE;l.polyvoda@ukma.edu.ua;+380501234814;2007-04-26;18
st20250525;Anastasiia;Samburska;Serhiivna;Female;1;2025-09-01;7;f003;sp013;BUDGET;ACTIVE;a.samburska@ukma.edu.ua;+380501234815;2006-06-18;19
st20250526;Bohdana;Slobodeniuk;Ruslanivna;Female;1;2025-09-01;8;f003;sp013;BUDGET;ACTIVE;b.slobodeniuk@ukma.edu.ua;+380501234816;2007-11-09;18
st20250527;Mariia;Stambirska;Vladyslavivna;Female;1;2025-09-01;8;f003;sp013;BUDGET;ACTIVE;m.stambirska@ukma.edu.ua;+380501234817;2006-03-10;20
st20250528;Nataliia;Siomka;Leonidivna;Female;1;2025-09-01;8;f003;sp013;BUDGET;ACTIVE;n.siomka@ukma.edu.ua;+380501234818;2007-08-27;18
st20250529;Sofiia;Tkachenko;Anatoliivna;Female;1;2025-09-01;8;f003;sp013;CONTRACT;ACTIVE;s.tkachenko@ukma.edu.ua;+380501234819;2006-01-05;20
st20250530;Veronika;Urupa;Oleksandrivna;Female;1;2025-09-01;8;f003;sp013;BUDGET;ACTIVE;v.urupa@ukma.edu.ua;+380501234820;2007-03-12;19
st20250531;Mariia;Khilnich;Vitaliivna;Female;1;2025-09-01;8;f003;sp013;BUDGET;ACTIVE;m.khilnich@ukma.edu.ua;+380501234821;2006-11-20;19
st20250532;Anna;Tsapkun;Ihorivna;Female;1;2025-09-01;9;f003;sp013;BUDGET;ACTIVE;a.tsapkun@ukma.edu.ua;+380501234822;2007-05-08;18
st20250533;Stanislava;Chihina;Anatoliivna;Female;1;2025-09-01;9;f003;sp013;CONTRACT;ACTIVE;s.chihina@ukma.edu.ua;+380501234823;2006-08-14;19
st20250534;Olha;Yatsenko;Vitaliivna;Female;1;2025-09-01;9;f003;sp013;BUDGET;ACTIVE;o.yatsenko@ukma.edu.ua;+380501234824;2007-02-22;19
st20250535;Kira;Apresova;Oleksiivna;Female;1;2025-09-01;1;f004;sp014;CONTRACT;ACTIVE;k.apresova@ukma.edu.ua;+380501234825;2007-04-12;19
st20250536;Nataliia;Avramenko;Anatoliivna;Female;1;2025-09-01;1;f004;sp014;CONTRACT;ACTIVE;n.avramenko@ukma.edu.ua;+380501234826;2006-05-18;19
st20250537;Oleh;Baklanov;Vitaliiovych;Male;1;2025-09-01;1;f004;sp014;CONTRACT;ACTIVE;o.baklanov@ukma.edu.ua;+380501234827;2007-01-22;19
st20250538;Marat;Baltak;Dmytrovych;Male;1;2025-09-01;1;f004;sp014;CONTRACT;ACTIVE;m.baltak@ukma.edu.ua;+380501234828;2006-08-30;19
st20250539;Anastasiia;Beliakova;Oleksiivna;Female;1;2025-09-01;1;f004;sp014;CONTRACT;ACTIVE;a.beliakova@ukma.edu.ua;+380501234829;2007-11-15;18
st20250540;Oleksandra;Benkovska;Volodymyrivna;Female;1;2025-09-01;1;f004;sp014;CONTRACT;ACTIVE;o.benkovska@ukma.edu.ua;+380501234830;2006-02-05;20
st20250541;Maksym;Bereziuk;Viacheslavovych;Male;1;2025-09-01;1;f004;sp014;CONTRACT;ACTIVE;m.bereziuk@ukma.edu.ua;+380501234831;2007-09-24;18
st20250542;Anastasiia;Berezovska;Viktorivna;Female;1;2025-09-01;1;f004;sp014;CONTRACT;ACTIVE;a.berezovska@ukma.edu.ua;+380501234832;2006-12-11;19
st20250543;Violeta;Bespalova;Ivanivna;Female;1;2025-09-01;1;f004;sp014;CONTRACT;ACTIVE;v.bespalova@ukma.edu.ua;+380501234833;2007-03-08;19
st20250544;Nazar;Bidulin;Artemovych;Male;1;2025-09-01;1;f004;sp014;CONTRACT;ACTIVE;n.bidulin@ukma.edu.ua;+380501234834;2006-06-14;19
st20250545;Anna;Bilobrova;Yuriivna;Female;1;2025-09-01;1;f004;sp014;CONTRACT;ACTIVE;a.bilobrova@ukma.edu.ua;+380501234835;2007-10-21;18
st20250546;Nataliia;Bodnar;Volodymyrivna;Female;1;2025-09-01;1;f004;sp014;CONTRACT;ACTIVE;n.bodnar@ukma.edu.ua;+380501234836;2006-04-03;20
st20250547;Nazarii;Bodeichuk;Andriiovych;Male;1;2025-09-01;1;f004;sp014;CONTRACT;ACTIVE;n.bodeichuk@ukma.edu.ua;+380501234837;2007-08-16;18
st20250548;Nazarii;Bohonis;Mykhailovych;Male;1;2025-09-01;1;f004;sp014;CONTRACT;ACTIVE;n.bohonis@ukma.edu.ua;+380501234838;2006-01-29;20
st20250549;Danyl;Bolhar;Oleksandrovych;Male;1;2025-09-01;1;f004;sp014;CONTRACT;ACTIVE;d.bolhar@ukma.edu.ua;+380501234839;2007-05-12;18
st20250550;Anastasiia;Borychevska;Eduardivna;Female;1;2025-09-01;1;f004;sp014;CONTRACT;ACTIVE;a.borychevska@ukma.edu.ua;+380501234840;2006-10-25;19
st20250551;Nika;Bozhko;Serhiivna;Female;1;2025-09-01;1;f004;sp014;CONTRACT;ACTIVE;n.bozhko@ukma.edu.ua;+380501234841;2007-02-18;19
st20250552;Artem;Buchok;Kostiantynovych;Male;1;2025-09-01;1;f004;sp014;CONTRACT;ACTIVE;a.buchok@ukma.edu.ua;+380501234842;2006-07-07;19
st20250553;Mariia;Buromenska;Mykhailivna;Female;1;2025-09-01;1;f004;sp014;CONTRACT;ACTIVE;m.buromenska@ukma.edu.ua;+380501234843;2007-12-01;18
st20250554;Vitalina;Butkevych;Viktorivna;Female;1;2025-09-01;1;f004;sp014;CONTRACT;ACTIVE;v.butkevych@ukma.edu.ua;+380501234844;2006-09-15;19
st20240511;Dmytro;Babenko;Artemovych;Male;2;2024-09-01;1;f004;sp014;CONTRACT;ACTIVE;d.babenko2@ukma.edu.ua;+380501235011;2006-05-10;19
st20240512;Stepan;Babenko;Ivanovych;Male;2;2024-09-01;1;f004;sp014;BUDGET;ACTIVE;s.babenko@ukma.edu.ua;+380501235012;2005-11-10;20
st20240513;Nazar;Boiko;Vladyslavovych;Male;2;2024-09-01;1;f004;sp014;BUDGET;ACTIVE;n.boiko1@ukma.edu.ua;+380501235029;2006-01-26;20
st20240514;Oleksandr;Boiko;Arturovych;Male;2;2024-09-01;1;f004;sp014;BUDGET;ACTIVE;o.boiko@ukma.edu.ua;+380501235041;2006-08-12;19
st20240515;Oleksandr;Bondar;Maksymovych;Male;2;2024-09-01;1;f004;sp014;CONTRACT;ACTIVE;o.bondar2@ukma.edu.ua;+380501235024;2006-02-22;20
st20240516;Yana;Bondarenko;Stepanivna;Female;2;2024-09-01;1;f004;sp014;BUDGET;ACTIVE;y.bondarenko@ukma.edu.ua;+380501235028;2005-12-28;20
st20230491;Tymur;Babenko;Mykhailovych;Male;3;2023-09-01;1;f004;sp014;CONTRACT;ACTIVE;t.babenko3@ukma.edu.ua;+380501235957;2005-02-04;21
st20230492;Kseniia;Bondar;Andriivna;Female;3;2023-09-01;1;f004;sp014;CONTRACT;ACTIVE;k.bondar2@ukma.edu.ua;+380501235962;2004-07-21;21
st20230493;Alisa;Bondar;Denysivna;Female;3;2023-09-01;1;f004;sp014;CONTRACT;ACTIVE;a.bondar6@ukma.edu.ua;+380501235965;2005-03-26;21
st20230494;Halyna;Bondar;Olehivna;Female;3;2023-09-01;1;f004;sp014;CONTRACT;ACTIVE;h.bondar1@ukma.edu.ua;+380501235966;2004-11-10;21
st20230495;Alina;Bondarenko;Rostyslavivna;Female;3;2023-09-01;1;f004;sp014;CONTRACT;ACTIVE;a.bondarenko8@ukma.edu.ua;+380501235951;2004-07-08;21
st20230496;Anton;Bondarenko;Bohdanovych;Male;3;2023-09-01;1;f004;sp014;CONTRACT;ACTIVE;a.bondarenko9@ukma.edu.ua;+380501235968;2005-10-17;20
st20220503;Yuliia;Boiko;Volodymyrivna;Female;4;2022-09-01;1;f004;sp014;CONTRACT;ACTIVE;y.boiko3@ukma.edu.ua;+380501236904;2003-05-02;22
st20220504;Nadiia;Boiko;Yevhenivna;Female;4;2022-09-01;1;f004;sp014;CONTRACT;ACTIVE;n.boiko4@ukma.edu.ua;+380501236907;2004-03-16;22
st20220505;Halyna;Bondarenko;Hlibivna;Female;4;2022-09-01;1;f004;sp014;CONTRACT;ACTIVE;h.bondarenko4@ukma.edu.ua;+380501236883;2003-09-04;22
st20220506;Liubov;Bondarenko;Andriivna;Female;4;2022-09-01;1;f004;sp014;BUDGET;ACTIVE;l.bondarenko1@ukma.edu.ua;+380501236911;2004-11-28;21
st20220507;Nataliia;Havryliuk;Denysivna;Female;4;2022-09-01;1;f004;sp014;CONTRACT;ACTIVE;n.havryliuk7@ukma.edu.ua;+380501236894;2003-09-15;22
st20220508;Ihor;Havryliuk;Romanovych;Male;4;2022-09-01;1;f004;sp014;CONTRACT;ACTIVE;i.havryliuk2@ukma.edu.ua;+380501236912;2004-05-21;21
st20220509;Serhii;Honcharenko;Arturovych;Male;4;2022-09-01;1;f004;sp014;CONTRACT;ACTIVE;s.honcharenko2@ukma.edu.ua;+380501236887;2003-11-22;22
st20250555;Artem;Chernysh;Viktorovych;Male;1;2025-09-01;2;f004;sp014;CONTRACT;ACTIVE;a.chernysh@ukma.edu.ua;+380501234845;2007-04-28;18
st20250556;Dmytro;Chornyi;Dmytrovych;Male;1;2025-09-01;2;f004;sp014;CONTRACT;ACTIVE;d.chornyi@ukma.edu.ua;+380501234846;2006-11-09;19
st20250557;Yelyzaveta;Dmitrieva;Oleksandrivna;Female;1;2025-09-01;2;f004;sp014;CONTRACT;ACTIVE;y.dmitrieva@ukma.edu.ua;+380501234847;2007-06-23;18
st20250558;Viktor;Dolych;Oleksandrovych;Male;1;2025-09-01;2;f004;sp014;CONTRACT;ACTIVE;v.dolych@ukma.edu.ua;+380501234848;2006-02-14;20
st20250559;Vladyslav;Dubovenko;Vitaliiovych;Male;1;2025-09-01;2;f004;sp014;CONTRACT;ACTIVE;v.dubovenko@ukma.edu.ua;+380501234849;2007-09-05;18
st20250560;Mykhailo;Dubovyi;Serhiiovych;Male;1;2025-09-01;2;f004;sp014;CONTRACT;ACTIVE;m.dubovyi@ukma.edu.ua;+380501234850;2006-05-22;19
st20250561;Alisa;Firsova;Maksymivna;Female;1;2025-09-01;2;f004;sp014;CONTRACT;ACTIVE;a.firsova@ukma.edu.ua;+380501234851;2007-10-14;18
st20250562;Yaroslav;Halak;Oleksandrovych;Male;1;2025-09-01;2;f004;sp014;CONTRACT;ACTIVE;y.halak@ukma.edu.ua;+380501234852;2006-01-08;20
st20250563;Sofiia;Havlovska;Serhiivna;Female;1;2025-09-01;2;f004;sp014;CONTRACT;ACTIVE;s.havlovska@ukma.edu.ua;+380501234853;2007-08-31;18
st20250564;Anastasiia;Haievska;Petrivna;Female;1;2025-09-01;2;f004;sp014;CONTRACT;ACTIVE;a.haievska@ukma.edu.ua;+380501234854;2006-03-19;20
st20250565;Nadiia;Herasymenko;Oleksandrivna;Female;1;2025-09-01;2;f004;sp014;CONTRACT;ACTIVE;n.herasymenko@ukma.edu.ua;+380501234855;2007-12-07;18
st20250566;Oleksandra;Hertsova;Oleksandrivna;Female;1;2025-09-01;2;f004;sp014;CONTRACT;ACTIVE;o.hertsova@ukma.edu.ua;+380501234856;2006-07-26;19
st20250567;Viktoriia;Honcharenko;Volodymyrivna;Female;1;2025-09-01;2;f004;sp014;CONTRACT;ACTIVE;v.honcharenko@ukma.edu.ua;+380501234857;2007-02-11;19
st20250568;Marta;Horbenko;Vadymivna;Female;1;2025-09-01;2;f004;sp014;CONTRACT;ACTIVE;m.horbenko@ukma.edu.ua;+380501234858;2006-09-29;19
st20250569;Liubomyr;Horhan;Oleksandrovych;Male;1;2025-09-01;2;f004;sp014;CONTRACT;ACTIVE;l.horhan@ukma.edu.ua;+380501234859;2007-05-02;18
st20250570;Mykhailo;Hrynevych;Oleksandrovych;Male;1;2025-09-01;2;f004;sp014;CONTRACT;ACTIVE;m.hrynevych@ukma.edu.ua;+380501234860;2006-11-17;19
st20250571;Dana;Hryshkevych;Viktorivna;Female;1;2025-09-01;2;f004;sp014;CONTRACT;ACTIVE;d.hryshkevych@ukma.edu.ua;+380501234861;2007-06-09;18
st20250572;Yelyzaveta;Hubina;Mykolaivna;Female;1;2025-09-01;2;f004;sp014;CONTRACT;ACTIVE;y.hubina@ukma.edu.ua;+380501234862;2006-01-23;20
st20250573;Yana;Huk;Volodymyrivna;Female;1;2025-09-01;2;f004;sp014;CONTRACT;ACTIVE;y.huk@ukma.edu.ua;+380501234863;2007-08-04;18
st20250574;Sviatoslav;Hutsol;Bohdanovych;Male;1;2025-09-01;2;f004;sp014;CONTRACT;ACTIVE;s.hutsol@ukma.edu.ua;+380501234864;2006-04-16;20
st20240517;Artur;Dmytrenko;Mykhailovych;Male;2;2024-09-01;2;f004;sp014;CONTRACT;ACTIVE;a.dmytrenko1@ukma.edu.ua;+380501235035;2005-05-09;20
st20240518;Oksana;Honcharenko;Mykolaivna;Female;2;2024-09-01;2;f004;sp014;CONTRACT;ACTIVE;o.honcharenko1@ukma.edu.ua;+380501235014;2006-11-28;19
st20240519;Zlata;Ivanenko;Hlibivna;Female;2;2024-09-01;2;f004;sp014;BUDGET;ACTIVE;z.ivanenko@ukma.edu.ua;+380501235023;2005-07-10;20
st20240520;Artem;Karpenko;Tarasovych;Male;2;2024-09-01;2;f004;sp014;CONTRACT;ACTIVE;a.karpenko2@ukma.edu.ua;+380501235013;2006-05-24;19
st20240521;Taras;Khomenko;Kyrylovych;Male;2;2024-09-01;2;f004;sp014;CONTRACT;ACTIVE;t.khomenko@ukma.edu.ua;+380501235018;2005-06-12;20
st20240522;Yurii;Kovalenko;Vladyslavovych;Male;2;2024-09-01;2;f004;sp014;CONTRACT;ACTIVE;y.kovalenko@ukma.edu.ua;+380501235032;2005-01-08;21
st20230497;Denys;Dmytrenko;Antonovych;Male;3;2023-09-01;2;f004;sp014;CONTRACT;ACTIVE;d.dmytrenko2@ukma.edu.ua;+380501235952;2005-03-01;21
st20230498;Denys;Ivanenko;Valentynovych;Male;3;2023-09-01;2;f004;sp014;CONTRACT;ACTIVE;d.ivanenko4@ukma.edu.ua;+380501235946;2005-02-12;21
st20230499;Kateryna;Karpenko;Artemivna;Female;3;2023-09-01;2;f004;sp014;CONTRACT;ACTIVE;k.karpenko1@ukma.edu.ua;+380501235953;2005-10-08;20
st20230500;Oleh;Karpenko;Volodymyrovych;Male;3;2023-09-01;2;f004;sp014;BUDGET;ACTIVE;o.karpenko3@ukma.edu.ua;+380501235958;2005-04-17;21
st20230501;Kseniia;Khomenko;Bohdanivna;Female;3;2023-09-01;2;f004;sp014;BUDGET;ACTIVE;k.khomenko2@ukma.edu.ua;+380501235967;2004-08-12;21
st20230502;Svitlana;Koval;Yuriivna;Female;3;2023-09-01;2;f004;sp014;CONTRACT;ACTIVE;s.koval6@ukma.edu.ua;+380501235945;2005-07-02;20
st20220510;Yevhen;Honcharenko;Dmytrovych;Male;4;2022-09-01;2;f004;sp014;BUDGET;ACTIVE;y.honcharenko8@ukma.edu.ua;+380501236900;2004-08-26;21
st20220511;Serhii;Ivanenko;Vitaliiovych;Male;4;2022-09-01;2;f004;sp014;CONTRACT;ACTIVE;s.ivanenko5@ukma.edu.ua;+380501236891;2004-07-23;21
st20220512;Mykhailo;Karpenko;Stepanovych;Male;4;2022-09-01;2;f004;sp014;CONTRACT;ACTIVE;m.karpenko2@ukma.edu.ua;+380501236881;2003-12-27;22
st20220513;Bohdan;Koval;Ivanovych;Male;4;2022-09-01;2;f004;sp014;BUDGET;ACTIVE;b.koval5@ukma.edu.ua;+380501236908;2003-06-21;22
st20220514;Yurii;Kovalenko;Olehovych;Male;4;2022-09-01;2;f004;sp014;CONTRACT;ACTIVE;y.kovalenko5@ukma.edu.ua;+380501236880;2004-09-03;21
st20220515;Bozhena;Kravchenko;Maksymivna;Female;4;2022-09-01;2;f004;sp014;CONTRACT;ACTIVE;b.kravchenko4@ukma.edu.ua;+380501236889;2003-02-20;23
st20220516;Veronika;Kravchenko;Tymurivna;Female;4;2022-09-01;2;f004;sp014;BUDGET;ACTIVE;v.kravchenko10@ukma.edu.ua;+380501236896;2004-05-23;21
st20250575;Olha;Ilnytska;Volodymyrivna;Female;1;2025-09-01;3;f004;sp014;CONTRACT;ACTIVE;o.ilnytska@ukma.edu.ua;+380501234865;2007-11-28;18
st20250576;Anna-Mariia;Kardashevska;Yuriivna;Female;1;2025-09-01;3;f004;sp014;CONTRACT;ACTIVE;a.kardashevska@ukma.edu.ua;+380501234866;2006-06-10;19
st20250577;Andrii;Kasperov;Oleksiiovych;Male;1;2025-09-01;3;f004;sp014;CONTRACT;ACTIVE;a.kasperov@ukma.edu.ua;+380501234867;2007-01-05;19
st20250578;Mykyta;Khaitul;Antonovych;Male;1;2025-09-01;3;f004;sp014;CONTRACT;ACTIVE;m.khaitul@ukma.edu.ua;+380501234868;2006-08-20;19
st20250579;Arina;Khoroshkova;Volodymyrivna;Female;1;2025-09-01;3;f004;sp014;CONTRACT;ACTIVE;a.khoroshkova@ukma.edu.ua;+380501234869;2007-03-14;19
st20250580;Klym;Klymenko;Mykolaiovych;Male;1;2025-09-01;3;f004;sp014;CONTRACT;ACTIVE;k.klymenko@ukma.edu.ua;+380501234870;2006-10-02;19
st20250581;Daria;Kobzar;Serhiivna;Female;1;2025-09-01;3;f004;sp014;CONTRACT;ACTIVE;d.kobzar@ukma.edu.ua;+380501234871;2007-05-24;18
st20250582;Daria;Komarevych;Mykolaivna;Female;1;2025-09-01;3;f004;sp014;CONTRACT;ACTIVE;d.komarevych@ukma.edu.ua;+380501234872;2006-12-16;19
st20250583;Sofiia;Korol;Olehivna;Female;1;2025-09-01;3;f004;sp014;CONTRACT;ACTIVE;s.korol@ukma.edu.ua;+380501234873;2007-07-29;18
st20250584;Oleksandra;Kozlova;Serhiivna;Female;1;2025-09-01;3;f004;sp014;CONTRACT;ACTIVE;o.kozlova@ukma.edu.ua;+380501234874;2006-02-09;20
st20250585;Vladyslav;Kravets;Ihorovych;Male;1;2025-09-01;3;f004;sp014;BUDGET;ACTIVE;v.kravets@ukma.edu.ua;+380501234875;2007-09-21;18
st20250586;Dmytro;Kucher;Oleksandrovych;Male;1;2025-09-01;3;f004;sp014;CONTRACT;ACTIVE;d.kucher@ukma.edu.ua;+380501234876;2006-04-06;20
st20250587;Viktoriia;Kyianenko;Mykolaivna;Female;1;2025-09-01;3;f004;sp014;BUDGET;ACTIVE;v.kyianenko@ukma.edu.ua;+380501234877;2007-11-12;18
st20250588;Andrii;Kyshenia;Maksymovych;Male;1;2025-09-01;3;f004;sp014;CONTRACT;ACTIVE;a.kyshenia@ukma.edu.ua;+380501234878;2006-06-25;19
st20250589;Anna;Lahoda;Oleksandrivna;Female;1;2025-09-01;3;f004;sp014;CONTRACT;ACTIVE;a.lahoda@ukma.edu.ua;+380501234879;2007-01-18;19
st20250590;Arsenii;Lotash;Oleksandrovych;Male;1;2025-09-01;3;f004;sp014;CONTRACT;ACTIVE;a.lotash@ukma.edu.ua;+380501234880;2006-08-03;19
st20250591;Mykola;Lykov;Mykolaiovych;Male;1;2025-09-01;3;f004;sp014;CONTRACT;ACTIVE;m.lykov@ukma.edu.ua;+380501234881;2007-03-27;19
st20240523;Oleksandr;Kravchenko;Vitaliiovych;Male;2;2024-09-01;3;f004;sp014;CONTRACT;ACTIVE;o.kravchenko1@ukma.edu.ua;+380501235031;2005-05-04;20
st20240524;Khrystyna;Lysenko;Antonivna;Female;2;2024-09-01;3;f004;sp014;CONTRACT;ACTIVE;k.lysenko1@ukma.edu.ua;+380501235033;2006-10-06;19
st20240525;Illia;Lysenko;Dmytrovych;Male;2;2024-09-01;3;f004;sp014;CONTRACT;ACTIVE;i.lysenko@ukma.edu.ua;+380501235044;2005-05-13;20
st20240526;Sofiia;Marchenko;Ivanivna;Female;2;2024-09-01;3;f004;sp014;CONTRACT;ACTIVE;s.marchenko1@ukma.edu.ua;+380501235016;2005-12-27;20
st20240527;Taras;Moroz;Maksymovych;Male;2;2024-09-01;3;f004;sp014;BUDGET;ACTIVE;t.moroz@ukma.edu.ua;+380501235037;2006-03-08;20
st20240528;Nazar;Panchenko;Mykhailovych;Male;2;2024-09-01;3;f004;sp014;BUDGET;ACTIVE;n.panchenko@ukma.edu.ua;+380501235022;2006-07-03;19
st20230503;Kateryna;Koval;Vladyslavivna;Female;3;2023-09-01;3;f004;sp014;BUDGET;ACTIVE;k.koval3@ukma.edu.ua;+380501235974;2005-05-24;20
st20230504;Hlib;Kovalenko;Antonovych;Male;3;2023-09-01;3;f004;sp014;BUDGET;ACTIVE;h.kovalenko1@ukma.edu.ua;+380501235972;2004-08-24;21
st20230505;Olena;Moroz;Mykhailivna;Female;3;2023-09-01;3;f004;sp014;CONTRACT;ACTIVE;o.moroz2@ukma.edu.ua;+380501235964;2004-12-22;21
st20230506;Solomiia;Oliinyk;Tymurivna;Female;3;2023-09-01;3;f004;sp014;CONTRACT;ACTIVE;s.oliinyk2@ukma.edu.ua;+380501235961;2005-03-17;21
st20230507;Artem;Petrenko;Bohdanovych;Male;3;2023-09-01;3;f004;sp014;BUDGET;ACTIVE;a.petrenko8@ukma.edu.ua;+380501235955;2004-10-15;21
st20230508;Vira;Polishchuk;Ivanivna;Female;3;2023-09-01;3;f004;sp014;CONTRACT;ACTIVE;v.polishchuk6@ukma.edu.ua;+380501235960;2005-03-06;21
st20220517;Tymur;Kravchenko;Stepanovych;Male;4;2022-09-01;3;f004;sp014;CONTRACT;ACTIVE;t.kravchenko@ukma.edu.ua;+380501236898;2003-07-22;22
st20220518;Kateryna;Kravchenko;Volodymyrivna;Female;4;2022-09-01;3;f004;sp014;CONTRACT;ACTIVE;k.kravchenko4@ukma.edu.ua;+380501236909;2003-05-12;22
st20220519;Tymur;Marchenko;Tymurovych;Male;4;2022-09-01;3;f004;sp014;CONTRACT;ACTIVE;t.marchenko5@ukma.edu.ua;+380501236882;2003-04-25;22
st20220520;Yana;Marchenko;Volodymyrivna;Female;4;2022-09-01;3;f004;sp014;BUDGET;ACTIVE;y.marchenko11@ukma.edu.ua;+380501236910;2003-10-15;22
st20220521;Vitalii;Melnyk;Denysovych;Male;4;2022-09-01;3;f004;sp014;CONTRACT;ACTIVE;v.melnyk13@ukma.edu.ua;+380501236876;2004-10-03;21
st20220522;Ihor;Melnyk;Andriiovych;Male;4;2022-09-01;3;f004;sp014;CONTRACT;ACTIVE;i.melnyk4@ukma.edu.ua;+380501236892;2003-04-07;23
st20220523;Oleksandr;Moroz;Yuriiovych;Male;4;2022-09-01;3;f004;sp014;BUDGET;ACTIVE;o.moroz6@ukma.edu.ua;+380501236890;2004-12-21;21
st20250592;Nadiia;Maliarenko;Oleksandrivna;Female;1;2025-09-01;4;f004;sp014;CONTRACT;ACTIVE;n.maliarenko@ukma.edu.ua;+380501234882;2006-10-11;19
st20250593;Lilia;Manko;Ruslanivna;Female;1;2025-09-01;4;f004;sp014;CONTRACT;ACTIVE;l.manko@ukma.edu.ua;+380501234883;2007-05-24;18
st20250594;Alisa;Masniuk;Myroslavivna;Female;1;2025-09-01;4;f004;sp014;CONTRACT;ACTIVE;a.masniuk@ukma.edu.ua;+380501234884;2006-12-05;19
st20250595;Dominika;Mazurenko;Danylivna;Female;1;2025-09-01;4;f004;sp014;BUDGET;ACTIVE;d.mazurenko@ukma.edu.ua;+380501234885;2007-07-19;18
st20250596;Sofiia;Melnykovych;Olehivna;Female;1;2025-09-01;4;f004;sp014;BUDGET;ACTIVE;s.melnykovych@ukma.edu.ua;+380501234886;2006-02-01;20
st20250597;Mykhailo;Miklin;Serhiiovych;Male;1;2025-09-01;4;f004;sp014;CONTRACT;ACTIVE;m.miklin@ukma.edu.ua;+380501234887;2007-09-14;18
st20250598;Artem;Milinevskyi;Denysovych;Male;1;2025-09-01;4;f004;sp014;CONTRACT;ACTIVE;a.milinevskyi@ukma.edu.ua;+380501234888;2006-04-26;19
st20250599;Ivanna;Mozoliuk;Volodymyrivna;Female;1;2025-09-01;4;f004;sp014;CONTRACT;ACTIVE;i.mozoliuk@ukma.edu.ua;+380501234889;2007-11-08;18
st20250600;Oleksii;Musiienko;Pavlovych;Male;1;2025-09-01;4;f004;sp014;CONTRACT;ACTIVE;o.musiienko@ukma.edu.ua;+380501234890;2006-06-21;19
st20250601;Ira;Myndzul;Andriivna;Female;1;2025-09-01;4;f004;sp014;CONTRACT;ACTIVE;i.myndzul@ukma.edu.ua;+380501234891;2007-01-04;19
st20250602;Dariia;Myslyvets;Leonidivna;Female;1;2025-09-01;4;f004;sp014;CONTRACT;ACTIVE;d.myslyvets@ukma.edu.ua;+380501234892;2006-08-17;19
st20250603;Andriana;Myziuk;Andriivna;Female;1;2025-09-01;4;f004;sp014;CONTRACT;ACTIVE;a.myziuk@ukma.edu.ua;+380501234893;2007-03-31;19
st20250604;Daryna;Naida;Oleksandrivna;Female;1;2025-09-01;4;f004;sp014;BUDGET;ACTIVE;d.naida@ukma.edu.ua;+380501234894;2006-10-12;19
st20250605;Viktoriia;Nechai;Andriivna;Female;1;2025-09-01;4;f004;sp014;CONTRACT;ACTIVE;v.nechai@ukma.edu.ua;+380501234895;2007-05-27;18
st20250606;Tymofii;Nesterenko;Volodymyrovych;Male;1;2025-09-01;4;f004;sp014;CONTRACT;ACTIVE;t.nesterenko@ukma.edu.ua;+380501234896;2006-01-08;20
st20250607;Heorhii;Novohrebelskyi;Olehovych;Male;1;2025-09-01;4;f004;sp014;CONTRACT;ACTIVE;h.novohrebelskyi@ukma.edu.ua;+380501234897;2007-08-22;18
st20250608;Roman;Novikov;Leonidovych;Male;1;2025-09-01;4;f004;sp014;BUDGET;ACTIVE;r.novikov@ukma.edu.ua;+380501234898;2006-03-05;20
st20240529;Solomiia;Petrenko;Tymurivna;Female;2;2024-09-01;4;f004;sp014;BUDGET;ACTIVE;s.petrenko1@ukma.edu.ua;+380501235038;2006-10-24;19
st20240530;Anton;Petrenko;Artemovych;Male;2;2024-09-01;4;f004;sp014;BUDGET;ACTIVE;a.petrenko1@ukma.edu.ua;+380501235039;2006-12-25;19
st20240531;Vasyl;Polishchuk;Hlibovych;Male;2;2024-09-01;4;f004;sp014;CONTRACT;ACTIVE;v.polishchuk2@ukma.edu.ua;+380501235036;2006-02-09;20
st20240532;Yuliia;Ponomarenko;Antonivna;Female;2;2024-09-01;4;f004;sp014;CONTRACT;ACTIVE;y.ponomarenko2@ukma.edu.ua;+380501235017;2005-04-24;20
st20240533;Nazar;Ponomarenko;Olehovych;Male;2;2024-09-01;4;f004;sp014;CONTRACT;ACTIVE;n.ponomarenko1@ukma.edu.ua;+380501235019;2006-05-28;19
st20240534;Alisa;Ponomarenko;Tymurivna;Female;2;2024-09-01;4;f004;sp014;BUDGET;ACTIVE;a.ponomarenko@ukma.edu.ua;+380501235021;2006-08-04;19
st20230509;Viktoriia;Polishchuk;Dmytrivna;Female;3;2023-09-01;4;f004;sp014;BUDGET;ACTIVE;v.polishchuk7@ukma.edu.ua;+380501235963;2005-06-21;20
st20230510;Vladyslav;Polishchuk;Mykhailovych;Male;3;2023-09-01;4;f004;sp014;CONTRACT;ACTIVE;v.polishchuk8@ukma.edu.ua;+380501235973;2004-02-10;22
st20230511;Yevhen;Ponomarenko;Dmytrovych;Male;3;2023-09-01;4;f004;sp014;CONTRACT;ACTIVE;y.ponomarenko6@ukma.edu.ua;+380501235948;2005-12-04;20
st20230512;Vasyl;Radchenko;Yuriiovych;Male;3;2023-09-01;4;f004;sp014;BUDGET;ACTIVE;v.radchenko5@ukma.edu.ua;+380501235975;2005-10-14;20
st20230513;Anton;Savchenko;Andriiovych;Male;3;2023-09-01;4;f004;sp014;BUDGET;ACTIVE;a.savchenko4@ukma.edu.ua;+380501235947;2004-12-15;21
st20230514;Alina;Savchenko;Oleksandrivna;Female;3;2023-09-01;4;f004;sp014;CONTRACT;ACTIVE;a.savchenko5@ukma.edu.ua;+380501235969;2005-04-04;21
st20220524;Bohdan;Oliinyk;Hlibovych;Male;4;2022-09-01;4;f004;sp014;CONTRACT;ACTIVE;b.oliinyk@ukma.edu.ua;+380501236886;2004-12-14;21
st20220525;Nadiia;Oliinyk;Hlibivna;Female;4;2022-09-01;4;f004;sp014;CONTRACT;ACTIVE;n.oliinyk3@ukma.edu.ua;+380501236906;2004-11-22;21
st20220526;Daria;Petrenko;Romanivna;Female;4;2022-09-01;4;f004;sp014;BUDGET;ACTIVE;d.petrenko3@ukma.edu.ua;+380501236895;2003-05-19;22
st20220527;Svitlana;Polishchuk;Mykolaivna;Female;4;2022-09-01;4;f004;sp014;CONTRACT;ACTIVE;s.polishchuk1@ukma.edu.ua;+380501236878;2004-05-01;21
st20220528;Artem;Polishchuk;Artemovych;Male;4;2022-09-01;4;f004;sp014;CONTRACT;ACTIVE;a.polishchuk10@ukma.edu.ua;+380501236884;2004-10-27;21
st20220529;Anna;Ponomarenko;Mykolaivna;Female;4;2022-09-01;4;f004;sp014;BUDGET;ACTIVE;a.ponomarenko11@ukma.edu.ua;+380501236905;2004-09-17;21
st20220530;Halyna;Rudenko;Serhiivna;Female;4;2022-09-01;4;f004;sp014;BUDGET;ACTIVE;h.rudenko2@ukma.edu.ua;+380501236879;2003-11-21;22
st20250609;Daryna;Oleksenko;Oleksiivna;Female;1;2025-09-01;5;f004;sp014;CONTRACT;ACTIVE;d.oleksenko@ukma.edu.ua;+380501234899;2007-10-17;18
st20250610;Polina;Olkhovska;Yevhenivna;Female;1;2025-09-01;5;f004;sp014;CONTRACT;ACTIVE;p.olkhovska@ukma.edu.ua;+380501234900;2006-05-01;19
st20250611;Daria;Orel;Oleksandrivna;Female;1;2025-09-01;5;f004;sp014;CONTRACT;ACTIVE;d.orel@ukma.edu.ua;+380501234901;2007-12-14;18
st20250612;Kyrylo;Pavlenko;Romanovych;Male;1;2025-09-01;5;f004;sp014;CONTRACT;ACTIVE;k.pavlenko@ukma.edu.ua;+380501234902;2006-07-27;19
st20250613;Borys;Pavlov;Dmytrovych;Male;1;2025-09-01;5;f004;sp014;CONTRACT;ACTIVE;b.pavlov@ukma.edu.ua;+380501234903;2007-02-09;19
st20250614;Mariia;Pavlyk;Dmytrivna;Female;1;2025-09-01;5;f004;sp014;CONTRACT;ACTIVE;m.pavlyk@ukma.edu.ua;+380501234904;2006-09-22;19
st20250615;Varvara;Perepelytsia;Mykolaivna;Female;1;2025-09-01;5;f004;sp014;CONTRACT;ACTIVE;v.perepelytsia@ukma.edu.ua;+380501234905;2007-04-05;19
st20250616;Alina;Petrykovets;Volodymyrivna;Female;1;2025-09-01;5;f004;sp014;CONTRACT;ACTIVE;a.petrykovets@ukma.edu.ua;+380501234906;2006-11-18;19
st20250617;Kamila;Piliavska;Oleksandrivna;Female;1;2025-09-01;5;f004;sp014;CONTRACT;ACTIVE;k.piliavska@ukma.edu.ua;+380501234907;2007-06-02;18
st20250618;Daria;Plokhotnichenko;Maksymivna;Female;1;2025-09-01;5;f004;sp014;CONTRACT;ACTIVE;d.plokhotnichenko@ukma.edu.ua;+380501234908;2006-01-14;20
st20250619;Mariia;Poliukhovych;Mykolaivna;Female;1;2025-09-01;5;f004;sp014;CONTRACT;ACTIVE;m.poliukhovych@ukma.edu.ua;+380501234909;2007-08-28;18
st20250620;Valeriia;Portuhalova;Oleksiivna;Female;1;2025-09-01;5;f004;sp014;CONTRACT;ACTIVE;v.portuhalova@ukma.edu.ua;+380501234910;2006-03-12;20
st20250621;Kseniia;Povzlo;Oleksandrivna;Female;1;2025-09-01;5;f004;sp014;CONTRACT;ACTIVE;k.povzlo@ukma.edu.ua;+380501234911;2007-10-25;18
st20250622;Alina;Prokipchuk;Ruslanivna;Female;1;2025-09-01;5;f004;sp014;CONTRACT;ACTIVE;a.prokipchuk@ukma.edu.ua;+380501234912;2006-05-09;19
st20250623;Sofiia;Pryimak;Vasylivna;Female;1;2025-09-01;5;f004;sp014;CONTRACT;ACTIVE;s.pryimak@ukma.edu.ua;+380501234913;2007-12-21;18
st20250624;Solomiia;Repushevska;Oleksandrivna;Female;1;2025-09-01;5;f004;sp014;CONTRACT;ACTIVE;s.repushevska@ukma.edu.ua;+380501234914;2006-07-05;19
st20250625;Sofiia;Romanchuk;Mykolaivna;Female;1;2025-09-01;5;f004;sp014;CONTRACT;ACTIVE;s.romanchuk@ukma.edu.ua;+380501234915;2007-02-17;19
st20240535;Artem;Rudenko;Denysovych;Male;2;2024-09-01;5;f004;sp014;BUDGET;ACTIVE;a.rudenko@ukma.edu.ua;+380501235040;2005-06-12;20
st20240536;Mariia;Rudenko;Mykolaivna;Female;2;2024-09-01;5;f004;sp014;CONTRACT;ACTIVE;m.rudenko@ukma.edu.ua;+380501235042;2006-09-13;19
st20240537;Solomiia;Rudenko;Ivanivna;Female;2;2024-09-01;5;f004;sp014;CONTRACT;ACTIVE;s.rudenko1@ukma.edu.ua;+380501235045;2005-10-08;20
st20240538;Ivan;Savchenko;Serhiiovych;Male;2;2024-09-01;5;f004;sp014;CONTRACT;ACTIVE;i.savchenko@ukma.edu.ua;+380501235020;2005-07-10;20
st20240539;Mariia;Shevchenko;Olehivna;Female;2;2024-09-01;5;f004;sp014;CONTRACT;ACTIVE;m.shevchenko@ukma.edu.ua;+380501235026;2005-01-14;21
st20240540;Vladyslav;Taran;Valentynovych;Male;2;2024-09-01;5;f004;sp014;BUDGET;ACTIVE;v.taran2@ukma.edu.ua;+380501235015;2005-06-14;20
st20230515;Olena;Shevchenko;Vitaliivna;Female;3;2023-09-01;5;f004;sp014;CONTRACT;ACTIVE;o.shevchenko2@ukma.edu.ua;+380501235954;2004-09-27;21
st20230516;Yana;Shevchuk;Stepanivna;Female;3;2023-09-01;5;f004;sp014;CONTRACT;ACTIVE;y.shevchuk2@ukma.edu.ua;+380501235959;2004-12-05;21
st20230517;Kyrylo;Sydorenko;Arturovych;Male;3;2023-09-01;5;f004;sp014;BUDGET;ACTIVE;k.sydorenko2@ukma.edu.ua;+380501235949;2005-03-17;21
st20230518;Solomiia;Sydorenko;Hlibivna;Female;3;2023-09-01;5;f004;sp014;BUDGET;ACTIVE;s.sydorenko4@ukma.edu.ua;+380501235970;2004-11-16;21
st20230519;Anastasiia;Sydorenko;Vitaliivna;Female;3;2023-09-01;5;f004;sp014;CONTRACT;ACTIVE;a.sydorenko2@ukma.edu.ua;+380501235971;2005-09-02;20
st20230520;Artem;Tkachuk;Olehovych;Male;3;2023-09-01;5;f004;sp014;BUDGET;ACTIVE;a.tkachuk8@ukma.edu.ua;+380501235950;2005-12-27;20
st20220531;Viktoriia;Shevchenko;Antonivna;Female;4;2022-09-01;5;f004;sp014;BUDGET;ACTIVE;v.shevchenko9@ukma.edu.ua;+380501236897;2003-06-08;22
st20220532;Ivan;Shevchenko;Kyrylovych;Male;4;2022-09-01;5;f004;sp014;BUDGET;ACTIVE;i.shevchenko1@ukma.edu.ua;+380501236899;2003-04-06;23
st20220533;Tymur;Shevchuk;Stepanovych;Male;4;2022-09-01;5;f004;sp014;CONTRACT;ACTIVE;t.shevchuk3@ukma.edu.ua;+380501236877;2003-04-14;23
st20220534;Oleh;Shevchuk;Vitaliiovych;Male;4;2022-09-01;5;f004;sp014;CONTRACT;ACTIVE;o.shevchuk5@ukma.edu.ua;+380501236893;2004-12-24;21
st20220535;Andrii;Shevchuk;Ivanovych;Male;4;2022-09-01;5;f004;sp014;CONTRACT;ACTIVE;a.shevchuk21@ukma.edu.ua;+380501236902;2004-09-19;21
st20220536;Liubov;Sydorenko;Yevhenivna;Female;4;2022-09-01;5;f004;sp014;BUDGET;ACTIVE;l.sydorenko@ukma.edu.ua;+380501236901;2003-12-26;22
st20220537;Anhelina;Taran;Yevhenivna;Female;4;2022-09-01;5;f004;sp014;CONTRACT;ACTIVE;a.taran10@ukma.edu.ua;+380501236888;2003-10-03;22
st20250626;Viktoriia;Savchuk;Oleksandrivna;Female;1;2025-09-01;6;f004;sp014;CONTRACT;ACTIVE;v.savchuk@ukma.edu.ua;+380501234916;2006-09-01;19
st20250627;Yelyzaveta;Savchuk;Mykolaivna;Female;1;2025-09-01;6;f004;sp014;CONTRACT;ACTIVE;y.savchuk@ukma.edu.ua;+380501234917;2007-04-15;19
st20250628;Andrii;Serhiienko;Vasylovych;Male;1;2025-09-01;6;f004;sp014;CONTRACT;ACTIVE;a.serhiienko@ukma.edu.ua;+380501234918;2006-11-27;19
st20250629;Sofiia;Serhiienko;Volodymyrivna;Female;1;2025-09-01;6;f004;sp014;CONTRACT;ACTIVE;s.serhiienko@ukma.edu.ua;+380501234919;2007-06-10;18
st20250630;Yevhenii;Shyshov;Vitaliiovych;Male;1;2025-09-01;6;f004;sp014;CONTRACT;ACTIVE;y.shyshov@ukma.edu.ua;+380501234920;2006-01-22;20
st20250631;Ruslan;Shuliak;Olehovych;Male;1;2025-09-01;6;f004;sp014;CONTRACT;ACTIVE;r.shuliak@ukma.edu.ua;+380501234921;2007-08-06;18
st20250632;Sofiia;Slipchuk;Andriivna;Female;1;2025-09-01;6;f004;sp014;CONTRACT;ACTIVE;s.slipchuk@ukma.edu.ua;+380501234922;2006-03-20;20
st20250633;Illia;Stasiuk;Bohdanovych;Male;1;2025-09-01;6;f004;sp014;CONTRACT;ACTIVE;i.stasiuk@ukma.edu.ua;+380501234923;2007-10-02;18
st20250634;Veronika;Stativa;Ivanivna;Female;1;2025-09-01;6;f004;sp014;CONTRACT;ACTIVE;v.stativa@ukma.edu.ua;+380501234924;2006-05-16;19
st20250635;Daniil;Stepura;Ihorovych;Male;1;2025-09-01;6;f004;sp014;CONTRACT;ACTIVE;d.stepura@ukma.edu.ua;+380501234925;2007-12-29;18
st20250636;Dmytro;Sukhanov;Andriiovych;Male;1;2025-09-01;6;f004;sp014;CONTRACT;ACTIVE;d.sukhanov@ukma.edu.ua;+380501234926;2006-07-13;19
st20250637;Pavlo;Suvalo;Mykhailovych;Male;1;2025-09-01;6;f004;sp014;CONTRACT;ACTIVE;p.suvalo@ukma.edu.ua;+380501234927;2007-02-25;19
st20250638;Veronika;Solopova;Yuriivna;Female;1;2025-09-01;6;f004;sp014;CONTRACT;ACTIVE;v.solopova@ukma.edu.ua;+380501234928;2006-09-08;19
st20250639;Anna;Tatarenko;Oleksandrivna;Female;1;2025-09-01;6;f004;sp014;CONTRACT;ACTIVE;a.tatarenko@ukma.edu.ua;+380501234929;2007-04-22;18
st20250640;Diana;Tokar;Yevhenivna;Female;1;2025-09-01;6;f004;sp014;CONTRACT;ACTIVE;d.tokar@ukma.edu.ua;+380501234930;2006-11-04;19
st20250641;Ivan;Tsybienko;Romanovych;Male;1;2025-09-01;6;f004;sp014;CONTRACT;ACTIVE;i.tsybienko@ukma.edu.ua;+380501234931;2007-06-18;18
st20250642;Tetiana;Tsyliuryk;Oleksandrivna;Female;1;2025-09-01;6;f004;sp014;CONTRACT;ACTIVE;t.tsyliuryk@ukma.edu.ua;+380501234932;2006-01-31;20
st20250643;Anna;Tymoshenko;Andriivna;Female;1;2025-09-01;6;f004;sp014;CONTRACT;ACTIVE;a.tymoshenko@ukma.edu.ua;+380501234933;2007-09-13;18
st20250644;Olha;Tychyna;Viktorivna;Female;1;2025-09-01;6;f004;sp014;CONTRACT;ACTIVE;o.tychyna@ukma.edu.ua;+380501234934;2006-04-27;19
st20250645;Viktor;Tyshko;Vasylovych;Male;1;2025-09-01;6;f004;sp014;BUDGET;ACTIVE;v.tyshko@ukma.edu.ua;+380501234935;2007-11-10;18
st20250646;Olha;Ukrainska;Vitaliivna;Female;1;2025-09-01;6;f004;sp014;CONTRACT;ACTIVE;o.ukrainska@ukma.edu.ua;+380501234936;2006-06-24;19
st20250647;Mykhail;Ushko;Volodymyrovych;Male;1;2025-09-01;6;f004;sp014;CONTRACT;ACTIVE;m.ushko@ukma.edu.ua;+380501234937;2007-02-06;19
st20250648;Arina;Vahner;Ihorivna;Female;1;2025-09-01;6;f004;sp014;CONTRACT;ACTIVE;a.vahner@ukma.edu.ua;+380501234938;2006-09-20;19
st20250649;Nina;Vasina;Andriivna;Female;1;2025-09-01;6;f004;sp014;CONTRACT;ACTIVE;n.vasina@ukma.edu.ua;+380501234939;2007-05-04;18
st20250650;Illia;Velychko;Maksymovych;Male;1;2025-09-01;6;f004;sp014;CONTRACT;ACTIVE;i.velychko@ukma.edu.ua;+380501234940;2006-12-17;19
st20250651;Kateryna;Vynohorodska;Oleksandrivna;Female;1;2025-09-01;6;f004;sp014;CONTRACT;ACTIVE;k.vynohorodska@ukma.edu.ua;+380501234941;2007-07-31;18
st20250652;Viktoriia;Yemelianenko;Oleksandrivna;Female;1;2025-09-01;6;f004;sp014;BUDGET;ACTIVE;v.yemelianenko@ukma.edu.ua;+380501234942;2006-02-12;20
st20250653;Oleksii;Zabrodskyi;Mykhailovych;Male;1;2025-09-01;6;f004;sp014;CONTRACT;ACTIVE;o.zabrodskyi@ukma.edu.ua;+380501234943;2007-09-26;18
st20250654;Kateryna;Zaporozhets;Oleksandrivna;Female;1;2025-09-01;6;f004;sp014;CONTRACT;ACTIVE;k.zaporozhets@ukma.edu.ua;+380501234944;2006-05-11;19
st20250655;Yaroslav;Zharov;Valeriiovych;Male;1;2025-09-01;6;f004;sp014;BUDGET;ACTIVE;y.zharov@ukma.edu.ua;+380501234945;2007-12-24;18
st20250656;Anna;Zherebko;Andriivna;Female;1;2025-09-01;6;f004;sp014;CONTRACT;ACTIVE;a.zherebko@ukma.edu.ua;+380501234946;2006-08-08;19
st20250657;Valeriia;Zhyronkina;Oleksandrivna;Female;1;2025-09-01;6;f004;sp014;CONTRACT;ACTIVE;v.zhyronkina@ukma.edu.ua;+380501234947;2007-03-22;19
st20250658;Polina;Zhytnyk;Oleksiivna;Female;1;2025-09-01;6;f004;sp014;CONTRACT;ACTIVE;p.zhytnyk@ukma.edu.ua;+380501234948;2006-10-05;19
st20240541;Volodymyr;Taran;Serhiiovych;Male;2;2024-09-01;6;f004;sp014;BUDGET;ACTIVE;v.taran3@ukma.edu.ua;+380501235027;2006-10-13;19
st20240542;Liubov;Tkachenko;Serhiivna;Female;2;2024-09-01;6;f004;sp014;CONTRACT;ACTIVE;l.tkachenko@ukma.edu.ua;+380501235025;2005-08-18;20
st20240543;Yurii;Tkachenko;Yuriiovych;Male;2;2024-09-01;6;f004;sp014;CONTRACT;ACTIVE;y.tkachenko2@ukma.edu.ua;+380501235030;2005-12-20;20
st20240544;Ihor;Tkachenko;Antonovych;Male;2;2024-09-01;6;f004;sp014;CONTRACT;ACTIVE;i.tkachenko2@ukma.edu.ua;+380501235034;2005-04-18;21
st20240545;Valentyn;Tkachuk;Yevhenovych;Male;2;2024-09-01;6;f004;sp014;BUDGET;ACTIVE;v.tkachuk4@ukma.edu.ua;+380501235043;2005-09-03;20
st20230521;Vasyl;Tkachuk;Olehovych;Male;3;2023-09-01;6;f004;sp014;CONTRACT;ACTIVE;v.tkachuk13@ukma.edu.ua;+380501235956;2005-11-02;20
st20220538;Alisa;Tkachenko;Romanivna;Female;4;2022-09-01;6;f004;sp014;BUDGET;ACTIVE;a.tkachenko9@ukma.edu.ua;+380501236885;2004-03-21;22
st20220539;Viktoriia;Tkachenko;Yuriivna;Female;4;2022-09-01;6;f004;sp014;CONTRACT;ACTIVE;v.tkachenko11@ukma.edu.ua;+380501236903;2004-09-24;21
st20250659;Mykhailo;Damaskin;Oleksiiovych;Male;1;2025-09-01;1;f004;sp015;BUDGET;ACTIVE;m.damaskin@ukma.edu.ua;+380501234949;2007-05-19;18
st20250660;Nataliia;Hrabovska;Ihorivna;Female;1;2025-09-01;1;f004;sp015;CONTRACT;ACTIVE;n.hrabovska@ukma.edu.ua;+380501234950;2006-12-02;19
st20250661;Alina;Khomych;Tarasivna;Female;1;2025-09-01;1;f004;sp015;CONTRACT;ACTIVE;a.khomych@ukma.edu.ua;+380501234951;2007-07-16;18
st20250662;Anastasiia;Khliebina;Viktorivna;Female;1;2025-09-01;1;f004;sp015;CONTRACT;ACTIVE;a.khliebina@ukma.edu.ua;+380501234952;2006-02-28;20
st20240546;Anton;Bondarenko;Denysovych;Male;2;2024-09-01;1;f004;sp015;CONTRACT;ACTIVE;a.bondarenko4@ukma.edu.ua;+380501235046;2005-10-25;20
st20240547;Anhelina;Dmytrenko;Maksymivna;Female;2;2024-09-01;1;f004;sp015;BUDGET;ACTIVE;a.dmytrenko2@ukma.edu.ua;+380501235057;2006-01-12;20
st20240548;Tymur;Havryliuk;Mykhailovych;Male;2;2024-09-01;1;f004;sp015;CONTRACT;ACTIVE;t.havryliuk1@ukma.edu.ua;+380501235064;2005-10-09;20
st20240549;Artem;Honcharenko;Artemovych;Male;2;2024-09-01;1;f004;sp015;CONTRACT;ACTIVE;a.honcharenko2@ukma.edu.ua;+380501235063;2005-08-12;20
st20240550;Mariia;Honcharenko;Mykhailivna;Female;2;2024-09-01;1;f004;sp015;BUDGET;ACTIVE;m.honcharenko@ukma.edu.ua;+380501235072;2006-09-08;19
st20240551;Nataliia;Hrytsenko;Bohdanivna;Female;2;2024-09-01;1;f004;sp015;BUDGET;ACTIVE;n.hrytsenko@ukma.edu.ua;+380501235051;2006-08-02;19
st20240552;Olena;Karpenko;Artemivna;Female;2;2024-09-01;1;f004;sp015;BUDGET;ACTIVE;o.karpenko@ukma.edu.ua;+380501235047;2005-05-23;20
st20230522;Maksym;Boiko;Antonovych;Male;3;2023-09-01;1;f004;sp015;CONTRACT;ACTIVE;m.boiko4@ukma.edu.ua;+380501235984;2004-01-19;22
st20230523;Veronika;Bondar;Dmytrivna;Female;3;2023-09-01;1;f004;sp015;CONTRACT;ACTIVE;v.bondar6@ukma.edu.ua;+380501235990;2005-07-02;20
st20230524;Svitlana;Bondar;Mykhailivna;Female;3;2023-09-01;1;f004;sp015;CONTRACT;ACTIVE;s.bondar2@ukma.edu.ua;+380501235998;2005-04-03;21
st20230525;Mykhailo;Bondar;Valentynovych;Male;3;2023-09-01;1;f004;sp015;CONTRACT;ACTIVE;m.bondar5@ukma.edu.ua;+380501235999;2004-07-12;21
st20230526;Yana;Bondarenko;Serhiivna;Female;3;2023-09-01;1;f004;sp015;BUDGET;ACTIVE;y.bondarenko1@ukma.edu.ua;+380501235983;2004-01-12;22
st20230527;Diana;Havryliuk;Hlibivna;Female;3;2023-09-01;1;f004;sp015;CONTRACT;ACTIVE;d.havryliuk@ukma.edu.ua;+380501235986;2005-09-22;20
st20220540;Roman;Babenko;Antonovych;Male;4;2022-09-01;1;f004;sp015;BUDGET;ACTIVE;r.babenko3@ukma.edu.ua;+380501236913;2004-01-18;22
st20220541;Anhelina;Babenko;Mykolaivna;Female;4;2022-09-01;1;f004;sp015;CONTRACT;ACTIVE;a.babenko9@ukma.edu.ua;+380501236947;2004-02-24;22
st20220542;Sofiia;Boiko;Maksymivna;Female;4;2022-09-01;1;f004;sp015;BUDGET;ACTIVE;s.boiko5@ukma.edu.ua;+380501236923;2003-04-18;23
st20220543;Valentyn;Bondarenko;Oleksandrovych;Male;4;2022-09-01;1;f004;sp015;CONTRACT;ACTIVE;v.bondarenko15@ukma.edu.ua;+380501236917;2004-06-21;21
st20220544;Nazar;Havryliuk;Valentynovych;Male;4;2022-09-01;1;f004;sp015;BUDGET;ACTIVE;n.havryliuk8@ukma.edu.ua;+380501236941;2003-05-03;22
st20220545;Viktor;Honcharenko;Oleksandrovych;Male;4;2022-09-01;1;f004;sp015;CONTRACT;ACTIVE;v.honcharenko15@ukma.edu.ua;+380501236920;2004-03-03;22
st20250663;Alina;Kostretska;Vitaliivna;Female;1;2025-09-01;2;f004;sp015;CONTRACT;ACTIVE;a.kostretska@ukma.edu.ua;+380501234953;2007-10-12;18
st20250664;Valeriia;Kovalenko;Viacheslavivna;Female;1;2025-09-01;2;f004;sp015;CONTRACT;ACTIVE;v.kovalenko@ukma.edu.ua;+380501234954;2006-05-27;19
st20250665;Anna;Kravchenko;Mykhailivna;Female;1;2025-09-01;2;f004;sp015;CONTRACT;ACTIVE;a.kravchenko@ukma.edu.ua;+380501234955;2007-01-09;19
st20250666;Vladyslav;Kukharevych;Denysovych;Male;1;2025-09-01;2;f004;sp015;CONTRACT;ACTIVE;v.kukharevych@ukma.edu.ua;+380501234956;2006-08-23;19
st20240553;Halyna;Khomenko;Valentynivna;Female;2;2024-09-01;2;f004;sp015;CONTRACT;ACTIVE;h.khomenko1@ukma.edu.ua;+380501235056;2006-09-03;19
st20240554;Zlata;Koval;Bohdanivna;Female;2;2024-09-01;2;f004;sp015;BUDGET;ACTIVE;z.koval1@ukma.edu.ua;+380501235048;2006-04-24;19
st20240555;Zlata;Koval;Stepanivna;Female;2;2024-09-01;2;f004;sp015;CONTRACT;ACTIVE;z.koval2@ukma.edu.ua;+380501235073;2005-05-26;20
st20240556;Tymur;Koval;Serhiiovych;Male;2;2024-09-01;2;f004;sp015;BUDGET;ACTIVE;t.koval1@ukma.edu.ua;+380501235075;2005-10-22;20
st20240557;Yevhen;Kovalenko;Valentynovych;Male;2;2024-09-01;2;f004;sp015;CONTRACT;ACTIVE;y.kovalenko1@ukma.edu.ua;+380501235052;2005-04-19;21
st20240558;Yana;Kravchenko;Stepanivna;Female;2;2024-09-01;2;f004;sp015;CONTRACT;ACTIVE;y.kravchenko2@ukma.edu.ua;+380501235069;2006-03-12;20
st20240559;Uliana;Marchenko;Yevhenivna;Female;2;2024-09-01;2;f004;sp015;CONTRACT;ACTIVE;u.marchenko@ukma.edu.ua;+380501235076;2005-07-23;20
st20230528;Pavlo;Honcharenko;Andriiovych;Male;3;2023-09-01;2;f004;sp015;CONTRACT;ACTIVE;p.honcharenko2@ukma.edu.ua;+380501235976;2004-02-22;22
st20230529;Liubov;Honcharenko;Dmytrivna;Female;3;2023-09-01;2;f004;sp015;CONTRACT;ACTIVE;l.honcharenko@ukma.edu.ua;+380501236001;2005-12-02;20
st20230530;Kseniia;Honcharenko;Dmytrivna;Female;3;2023-09-01;2;f004;sp015;BUDGET;ACTIVE;k.honcharenko3@ukma.edu.ua;+380501236003;2004-08-16;21
st20230531;Polina;Hrytsenko;Tymurivna;Female;3;2023-09-01;2;f004;sp015;CONTRACT;ACTIVE;p.hrytsenko2@ukma.edu.ua;+380501235977;2004-09-25;21
st20230532;Bozhena;Ivanenko;Illivna;Female;3;2023-09-01;2;f004;sp015;BUDGET;ACTIVE;b.ivanenko@ukma.edu.ua;+380501235989;2005-12-17;20
st20230533;Kseniia;Khomenko;Serhiivna;Female;3;2023-09-01;2;f004;sp015;CONTRACT;ACTIVE;k.khomenko3@ukma.edu.ua;+380501235988;2005-06-10;20
st20220546;Tymur;Honcharenko;Antonovych;Male;4;2022-09-01;2;f004;sp015;CONTRACT;ACTIVE;t.honcharenko2@ukma.edu.ua;+380501236932;2004-08-25;21
st20220547;Yevhen;Hrytsenko;Illich;Male;4;2022-09-01;2;f004;sp015;CONTRACT;ACTIVE;y.hrytsenko6@ukma.edu.ua;+380501236914;2003-09-19;22
st20220548;Mykhailo;Hrytsenko;Volodymyrovych;Male;4;2022-09-01;2;f004;sp015;CONTRACT;ACTIVE;m.hrytsenko9@ukma.edu.ua;+380501236926;2003-01-20;23
st20220549;Kseniia;Ivanenko;Romanivna;Female;4;2022-09-01;2;f004;sp015;CONTRACT;ACTIVE;k.ivanenko2@ukma.edu.ua;+380501236916;2004-12-07;21
st20220550;Nadiia;Ivanenko;Maksymivna;Female;4;2022-09-01;2;f004;sp015;CONTRACT;ACTIVE;n.ivanenko5@ukma.edu.ua;+380501236942;2003-06-10;22
st20220551;Viktoriia;Khomenko;Tymurivna;Female;4;2022-09-01;2;f004;sp015;CONTRACT;ACTIVE;v.khomenko9@ukma.edu.ua;+380501236936;2004-03-20;22
st20250667;Danylo;Melnyk;Viktorovych;Male;1;2025-09-01;3;f004;sp015;CONTRACT;ACTIVE;d.melnyk@ukma.edu.ua;+380501234957;2007-03-07;19
st20250668;Artem;Mykhaliuk;Serhiiovych;Male;1;2025-09-01;3;f004;sp015;CONTRACT;ACTIVE;a.mykhaliuk@ukma.edu.ua;+380501234958;2006-10-20;19
st20250669;Daryna;Nikitchenko;Serhiivna;Female;1;2025-09-01;3;f004;sp015;CONTRACT;ACTIVE;d.nikitchenko@ukma.edu.ua;+380501234959;2007-06-03;18
st20250670;Yevheniia;Ovramko;Olehivna;Female;1;2025-09-01;3;f004;sp015;CONTRACT;ACTIVE;y.ovramko@ukma.edu.ua;+380501234960;2006-01-16;20
st20240560;Anna;Melnyk;Volodymyrivna;Female;2;2024-09-01;3;f004;sp015;CONTRACT;ACTIVE;a.melnyk3@ukma.edu.ua;+380501235071;2006-03-02;20
st20240561;Ihor;Moroz;Tymurovych;Male;2;2024-09-01;3;f004;sp015;CONTRACT;ACTIVE;i.moroz@ukma.edu.ua;+380501235050;2006-07-26;19
st20240562;Yuliia;Moroz;Mykhailivna;Female;2;2024-09-01;3;f004;sp015;CONTRACT;ACTIVE;y.moroz1@ukma.edu.ua;+380501235068;2005-04-22;20
st20240563;Nazar;Moroz;Denysovych;Male;2;2024-09-01;3;f004;sp015;BUDGET;ACTIVE;n.moroz@ukma.edu.ua;+380501235074;2005-08-23;20
st20240564;Sofiia;Moroz;Ivanivna;Female;2;2024-09-01;3;f004;sp015;CONTRACT;ACTIVE;s.moroz2@ukma.edu.ua;+380501235079;2006-05-02;19
st20240565;Sofiia;Moroz;Denysivna;Female;2;2024-09-01;3;f004;sp015;CONTRACT;ACTIVE;s.moroz3@ukma.edu.ua;+380501235081;2005-04-02;21
st20240566;Anastasiia;Moroz;Ivanivna;Female;2;2024-09-01;3;f004;sp015;BUDGET;ACTIVE;a.moroz2@ukma.edu.ua;+380501235083;2005-05-25;20
st20230534;Alina;Koval;Antonivna;Female;3;2023-09-01;3;f004;sp015;BUDGET;ACTIVE;a.koval5@ukma.edu.ua;+380501235982;2005-04-16;21
st20230535;Daria;Koval;Yuriivna;Female;3;2023-09-01;3;f004;sp015;CONTRACT;ACTIVE;d.koval1@ukma.edu.ua;+380501235987;2005-01-21;21
st20230536;Artem;Kovalenko;Oleksandrovych;Male;3;2023-09-01;3;f004;sp015;CONTRACT;ACTIVE;a.kovalenko1@ukma.edu.ua;+380501235979;2005-12-15;20
st20230537;Vitalii;Lysenko;Artemovych;Male;3;2023-09-01;3;f004;sp015;CONTRACT;ACTIVE;v.lysenko6@ukma.edu.ua;+380501235978;2005-09-22;20
st20230538;Uliana;Moroz;Hlibivna;Female;3;2023-09-01;3;f004;sp015;CONTRACT;ACTIVE;u.moroz2@ukma.edu.ua;+380501236007;2004-12-21;21
st20230539;Valeriia;Oliinyk;Ivanivna;Female;3;2023-09-01;3;f004;sp015;CONTRACT;ACTIVE;v.oliinyk1@ukma.edu.ua;+380501236000;2004-01-02;22
st20220552;Kseniia;Khomenko;Serhiivna;Female;4;2022-09-01;3;f004;sp015;CONTRACT;ACTIVE;k.khomenko5@ukma.edu.ua;+380501236945;2004-09-06;21
st20220553;Alisa;Koval;Vladyslavivna;Female;4;2022-09-01;3;f004;sp015;BUDGET;ACTIVE;a.koval14@ukma.edu.ua;+380501236933;2004-12-06;21
st20220554;Rostyslav;Kovalenko;Romanovych;Male;4;2022-09-01;3;f004;sp015;CONTRACT;ACTIVE;r.kovalenko1@ukma.edu.ua;+380501236938;2004-10-23;21
st20220555;Yelyzaveta;Kravchenko;Antonivna;Female;4;2022-09-01;3;f004;sp015;CONTRACT;ACTIVE;y.kravchenko5@ukma.edu.ua;+380501236940;2003-05-01;22
st20220556;Anhelina;Moroz;Hlibivna;Female;4;2022-09-01;3;f004;sp015;BUDGET;ACTIVE;a.moroz7@ukma.edu.ua;+380501236915;2003-02-01;23
st20220557;Sofiia;Panchenko;Yevhenivna;Female;4;2022-09-01;3;f004;sp015;CONTRACT;ACTIVE;s.panchenko2@ukma.edu.ua;+380501236924;2003-10-28;22
st20250671;Kateryna;Panchenko;Serhiivna;Female;1;2025-09-01;4;f004;sp015;CONTRACT;ACTIVE;k.panchenko@ukma.edu.ua;+380501234961;2007-08-30;18
st20250672;Yuliia;Paraskun;Andriivna;Female;1;2025-09-01;4;f004;sp015;CONTRACT;ACTIVE;y.paraskun@ukma.edu.ua;+380501234962;2006-04-13;20
st20250673;Valeriia;Pylypko;Olehivna;Female;1;2025-09-01;4;f004;sp015;CONTRACT;ACTIVE;v.pylypko@ukma.edu.ua;+380501234963;2007-11-26;18
st20250674;Maryna;Pyvovarska;Ihorivna;Female;1;2025-09-01;4;f004;sp015;CONTRACT;ACTIVE;m.pyvovarska@ukma.edu.ua;+380501234964;2006-07-10;19
st20240567;Nazar;Oliinyk;Illich;Male;2;2024-09-01;4;f004;sp015;CONTRACT;ACTIVE;n.oliinyk1@ukma.edu.ua;+380501235066;2006-07-10;19
st20240568;Kseniia;Oliinyk;Tarasivna;Female;2;2024-09-01;4;f004;sp015;BUDGET;ACTIVE;k.oliinyk1@ukma.edu.ua;+380501235070;2005-10-23;20
st20240569;Halyna;Oliinyk;Stepanivna;Female;2;2024-09-01;4;f004;sp015;CONTRACT;ACTIVE;h.oliinyk@ukma.edu.ua;+380501235077;2005-09-13;20
st20240570;Yurii;Panchenko;Valentynovych;Male;2;2024-09-01;4;f004;sp015;CONTRACT;ACTIVE;y.panchenko@ukma.edu.ua;+380501235082;2006-01-06;20
st20240571;Alisa;Petrenko;Oleksandrivna;Female;2;2024-09-01;4;f004;sp015;BUDGET;ACTIVE;a.petrenko2@ukma.edu.ua;+380501235085;2005-02-13;21
st20240572;Kyrylo;Petrenko;Dmytrovych;Male;2;2024-09-01;4;f004;sp015;CONTRACT;ACTIVE;k.petrenko2@ukma.edu.ua;+380501235086;2006-10-18;19
st20240573;Veronika;Polishchuk;Tarasivna;Female;2;2024-09-01;4;f004;sp015;CONTRACT;ACTIVE;v.polishchuk3@ukma.edu.ua;+380501235067;2006-05-25;19
st20230540;Daria;Panchenko;Mykhailivna;Female;3;2023-09-01;4;f004;sp015;CONTRACT;ACTIVE;d.panchenko2@ukma.edu.ua;+380501235992;2005-10-01;20
st20230541;Daria;Panchenko;Maksymivna;Female;3;2023-09-01;4;f004;sp015;BUDGET;ACTIVE;d.panchenko3@ukma.edu.ua;+380501235993;2004-01-19;22
st20230542;Kyrylo;Panchenko;Andriiovych;Male;3;2023-09-01;4;f004;sp015;CONTRACT;ACTIVE;k.panchenko3@ukma.edu.ua;+380501236004;2005-08-15;20
st20230543;Diana;Petrenko;Antonivna;Female;3;2023-09-01;4;f004;sp015;BUDGET;ACTIVE;d.petrenko2@ukma.edu.ua;+380501236002;2004-03-04;22
st20230544;Iryna;Ponomarenko;Vitaliivna;Female;3;2023-09-01;4;f004;sp015;CONTRACT;ACTIVE;i.ponomarenko4@ukma.edu.ua;+380501236006;2004-11-11;21
st20230545;Pavlo;Radchenko;Hlibovych;Male;3;2023-09-01;4;f004;sp015;CONTRACT;ACTIVE;p.radchenko2@ukma.edu.ua;+380501235997;2005-06-15;20
st20220558;Liubov;Panchenko;Denysivna;Female;4;2022-09-01;4;f004;sp015;CONTRACT;ACTIVE;l.panchenko1@ukma.edu.ua;+380501236927;2003-11-02;22
st20220559;Stepan;Panchenko;Ivanovych;Male;4;2022-09-01;4;f004;sp015;CONTRACT;ACTIVE;s.panchenko3@ukma.edu.ua;+380501236948;2004-06-16;21
st20220560;Artem;Petrenko;Arturovych;Male;4;2022-09-01;4;f004;sp015;BUDGET;ACTIVE;a.petrenko13@ukma.edu.ua;+380501236930;2003-12-24;22
st20220561;Ihor;Petrenko;Olehovych;Male;4;2022-09-01;4;f004;sp015;CONTRACT;ACTIVE;i.petrenko6@ukma.edu.ua;+380501236946;2003-08-17;22
st20220562;Anton;Ponomarenko;Valentynovych;Male;4;2022-09-01;4;f004;sp015;CONTRACT;ACTIVE;a.ponomarenko12@ukma.edu.ua;+380501236931;2003-05-18;22
st20220563;Iryna;Radchenko;Hlibivna;Female;4;2022-09-01;4;f004;sp015;CONTRACT;ACTIVE;i.radchenko3@ukma.edu.ua;+380501236935;2003-10-15;22
st20250675;Veronika;Sikaliuk;Mykolaivna;Female;1;2025-09-01;5;f004;sp015;CONTRACT;ACTIVE;v.sikaliuk@ukma.edu.ua;+380501234965;2007-02-23;19
st20250676;Yuliana;Teren;Serhiivna;Female;1;2025-09-01;5;f004;sp015;CONTRACT;ACTIVE;y.teren@ukma.edu.ua;+380501234966;2006-09-06;19
st20250677;Vitalina;Vielinska;Valentynivna;Female;1;2025-09-01;5;f004;sp015;CONTRACT;ACTIVE;v.vielinska@ukma.edu.ua;+380501234967;2007-04-20;18
st20240574;Dmytro;Ponomarenko;Dmytrovych;Male;2;2024-09-01;5;f004;sp015;CONTRACT;ACTIVE;d.ponomarenko2@ukma.edu.ua;+380501235055;2006-07-12;19
st20240575;Artem;Ponomarenko;Antonovych;Male;2;2024-09-01;5;f004;sp015;CONTRACT;ACTIVE;a.ponomarenko1@ukma.edu.ua;+380501235061;2005-03-25;21
st20240576;Vira;Ponomarenko;Bohdanivna;Female;2;2024-09-01;5;f004;sp015;CONTRACT;ACTIVE;v.ponomarenko3@ukma.edu.ua;+380501235080;2006-10-26;19
st20240577;Yana;Radchenko;Andriivna;Female;2;2024-09-01;5;f004;sp015;BUDGET;ACTIVE;y.radchenko@ukma.edu.ua;+380501235049;2005-01-02;21
st20240578;Mariia;Rudenko;Bohdanivna;Female;2;2024-09-01;5;f004;sp015;CONTRACT;ACTIVE;m.rudenko1@ukma.edu.ua;+380501235084;2006-04-14;20
st20240579;Valeriia;Savchenko;Maksymivna;Female;2;2024-09-01;5;f004;sp015;CONTRACT;ACTIVE;v.savchenko3@ukma.edu.ua;+380501235053;2006-10-04;19
st20240580;Anhelina;Shevchuk;Bohdanivna;Female;2;2024-09-01;5;f004;sp015;CONTRACT;ACTIVE;a.shevchuk1@ukma.edu.ua;+380501235062;2005-11-07;20
st20230546;Diana;Savchenko;Dmytrivna;Female;3;2023-09-01;5;f004;sp015;CONTRACT;ACTIVE;d.savchenko2@ukma.edu.ua;+380501235994;2004-07-09;21
st20230547;Nataliia;Savchenko;Kyrylivna;Female;3;2023-09-01;5;f004;sp015;CONTRACT;ACTIVE;n.savchenko6@ukma.edu.ua;+380501235995;2004-03-23;22
st20230548;Polina;Shevchenko;Vitaliivna;Female;3;2023-09-01;5;f004;sp015;CONTRACT;ACTIVE;p.shevchenko1@ukma.edu.ua;+380501235991;2004-07-18;21
st20230549;Anna;Shevchuk;Kyrylivna;Female;3;2023-09-01;5;f004;sp015;CONTRACT;ACTIVE;a.shevchuk10@ukma.edu.ua;+380501235996;2004-02-13;22
st20230550;Vasyl;Sydorenko;Tarasovych;Male;3;2023-09-01;5;f004;sp015;CONTRACT;ACTIVE;v.sydorenko2@ukma.edu.ua;+380501235981;2004-04-02;22
st20230551;Daria;Taran;Kyrylivna;Female;3;2023-09-01;5;f004;sp015;BUDGET;ACTIVE;d.taran2@ukma.edu.ua;+380501236005;2005-03-02;21
st20220564;Stepan;Savchenko;Hlibovych;Male;4;2022-09-01;5;f004;sp015;CONTRACT;ACTIVE;s.savchenko5@ukma.edu.ua;+380501236922;2004-09-20;21
st20220565;Valeriia;Savchenko;Kyrylivna;Female;4;2022-09-01;5;f004;sp015;BUDGET;ACTIVE;v.savchenko8@ukma.edu.ua;+380501236925;2003-03-20;23
st20220566;Pavlo;Shevchenko;Kyrylovych;Male;4;2022-09-01;5;f004;sp015;BUDGET;ACTIVE;p.shevchenko2@ukma.edu.ua;+380501236939;2004-01-13;22
st20220567;Anhelina;Sydorenko;Vladyslavivna;Female;4;2022-09-01;5;f004;sp015;CONTRACT;ACTIVE;a.sydorenko7@ukma.edu.ua;+380501236934;2003-12-08;22
st20220568;Nataliia;Sydorenko;Oleksandrivna;Female;4;2022-09-01;5;f004;sp015;CONTRACT;ACTIVE;n.sydorenko8@ukma.edu.ua;+380501236937;2004-06-23;21
st20220569;Oksana;Sydorenko;Arturivna;Female;4;2022-09-01;5;f004;sp015;BUDGET;ACTIVE;o.sydorenko4@ukma.edu.ua;+380501236943;2004-12-12;21
st20250678;Sofiia;Yakob;Liubomyrivna;Female;1;2025-09-01;6;f004;sp015;CONTRACT;ACTIVE;s.yakob@ukma.edu.ua;+380501234968;2006-12-03;19
st20250679;Sofiia;Zinchenko;Oleksandrivna;Female;1;2025-09-01;6;f004;sp015;CONTRACT;ACTIVE;s.zinchenko@ukma.edu.ua;+380501234969;2007-07-17;18
st20240581;Nadiia;Sydorenko;Ivanivna;Female;2;2024-09-01;6;f004;sp015;CONTRACT;ACTIVE;n.sydorenko1@ukma.edu.ua;+380501235054;2005-08-25;20
st20240582;Roman;Sydorenko;Illich;Male;2;2024-09-01;6;f004;sp015;CONTRACT;ACTIVE;r.sydorenko@ukma.edu.ua;+380501235065;2005-04-20;20
st20240583;Pavlo;Taran;Stepanovych;Male;2;2024-09-01;6;f004;sp015;CONTRACT;ACTIVE;p.taran@ukma.edu.ua;+380501235060;2006-01-04;20
st20240584;Valeriia;Tkachenko;Bohdanivna;Female;2;2024-09-01;6;f004;sp015;CONTRACT;ACTIVE;v.tkachenko4@ukma.edu.ua;+380501235058;2006-08-07;19
st20240585;Khrystyna;Tkachenko;Vladyslavivna;Female;2;2024-09-01;6;f004;sp015;CONTRACT;ACTIVE;k.tkachenko@ukma.edu.ua;+380501235059;2006-11-18;19
st20240586;Oleh;Tkachuk;Arturovych;Male;2;2024-09-01;6;f004;sp015;CONTRACT;ACTIVE;o.tkachuk@ukma.edu.ua;+380501235078;2005-11-25;20
st20230552;Halyna;Tkachuk;Oleksandrivna;Female;3;2023-09-01;6;f004;sp015;BUDGET;ACTIVE;h.tkachuk1@ukma.edu.ua;+380501235980;2004-04-02;22
st20230553;Stepan;Tkachuk;Mykhailovych;Male;3;2023-09-01;6;f004;sp015;CONTRACT;ACTIVE;s.tkachuk2@ukma.edu.ua;+380501235985;2005-12-24;20
st20220570;Artem;Sydorenko;Vitaliiovych;Male;4;2022-09-01;6;f004;sp015;BUDGET;ACTIVE;a.sydorenko8@ukma.edu.ua;+380501236944;2003-08-27;22
st20220571;Yelyzaveta;Taran;Vitaliivna;Female;4;2022-09-01;6;f004;sp015;BUDGET;ACTIVE;y.taran5@ukma.edu.ua;+380501236928;2003-05-20;22
st20220572;Mariia;Taran;Denysivna;Female;4;2022-09-01;6;f004;sp015;CONTRACT;ACTIVE;m.taran2@ukma.edu.ua;+380501236929;2003-12-20;22
st20220573;Valentyn;Tkachenko;Serhiiovych;Male;4;2022-09-01;6;f004;sp015;CONTRACT;ACTIVE;v.tkachenko12@ukma.edu.ua;+380501236919;2003-03-19;23
st20220574;Zlata;Tkachenko;Andriivna;Female;4;2022-09-01;6;f004;sp015;BUDGET;ACTIVE;z.tkachenko1@ukma.edu.ua;+380501236921;2004-12-07;21
st20220575;Valentyn;Tkachuk;Denysovych;Male;4;2022-09-01;6;f004;sp015;BUDGET;ACTIVE;v.tkachuk17@ukma.edu.ua;+380501236918;2003-10-04;22
st20250680;Anastasiia;Androsova;Kostiantynivna;Female;1;2025-09-01;1;f005;sp016;BUDGET;ACTIVE;a.androsova@ukma.edu.ua;+380501234970;2007-05-12;18
st20250681;Lada;Arsirii;Oleksandrivna;Female;1;2025-09-01;1;f005;sp016;BUDGET;ACTIVE;l.arsirii@ukma.edu.ua;+380501234971;2006-11-23;19
st20250682;Anna;Chvalova;Serhiivna;Female;1;2025-09-01;1;f005;sp016;BUDGET;ACTIVE;a.chvalova@ukma.edu.ua;+380501234972;2006-02-15;20
st20250683;Yevheniia;Dehtiar;Oleksandrivna;Female;1;2025-09-01;1;f005;sp016;BUDGET;ACTIVE;y.dehtiar@ukma.edu.ua;+380501234973;2007-09-04;18
st20240587;Polina;Babenko;Hlibivna;Female;2;2024-09-01;1;f005;sp016;BUDGET;ACTIVE;p.babenko@ukma.edu.ua;+380501235109;2006-04-12;20
st20240588;Tymur;Boiko;Ivanovych;Male;2;2024-09-01;1;f005;sp016;CONTRACT;ACTIVE;t.boiko@ukma.edu.ua;+380501235095;2005-04-20;20
st20240589;Nazar;Bondar;Romanovych;Male;2;2024-09-01;1;f005;sp016;CONTRACT;ACTIVE;n.bondar@ukma.edu.ua;+380501235093;2006-11-14;19
st20240590;Hlib;Dmytrenko;Andriiovych;Male;2;2024-09-01;1;f005;sp016;CONTRACT;ACTIVE;h.dmytrenko1@ukma.edu.ua;+380501235116;2005-03-01;21
st20240591;Bohdan;Havryliuk;Valentynovych;Male;2;2024-09-01;1;f005;sp016;BUDGET;ACTIVE;b.havryliuk@ukma.edu.ua;+380501235096;2005-04-09;21
st20230554;Polina;Babenko;Mykolaivna;Female;3;2023-09-01;1;f005;sp016;BUDGET;ACTIVE;p.babenko2@ukma.edu.ua;+380501236016;2005-02-11;21
st20230555;Solomiia;Babenko;Andriivna;Female;3;2023-09-01;1;f005;sp016;CONTRACT;ACTIVE;s.babenko1@ukma.edu.ua;+380501236044;2004-03-08;22
st20230556;Iryna;Boiko;Romanivna;Female;3;2023-09-01;1;f005;sp016;CONTRACT;ACTIVE;i.boiko2@ukma.edu.ua;+380501236020;2004-08-01;21
st20230557;Svitlana;Bondar;Andriivna;Female;3;2023-09-01;1;f005;sp016;BUDGET;ACTIVE;s.bondar3@ukma.edu.ua;+380501236023;2005-10-22;20
st20230558;Serhii;Bondarenko;Bohdanovych;Male;3;2023-09-01;1;f005;sp016;BUDGET;ACTIVE;s.bondarenko5@ukma.edu.ua;+380501236030;2005-11-23;20
st20230559;Solomiia;Bondarenko;Mykolaivna;Female;3;2023-09-01;1;f005;sp016;BUDGET;ACTIVE;s.bondarenko6@ukma.edu.ua;+380501236038;2005-06-13;20
st20230560;Illia;Dmytrenko;Maksymovych;Male;3;2023-09-01;1;f005;sp016;CONTRACT;ACTIVE;i.dmytrenko5@ukma.edu.ua;+380501236009;2005-04-12;21
st20220576;Artur;Babenko;Yevhenovych;Male;4;2022-09-01;1;f005;sp016;CONTRACT;ACTIVE;a.babenko10@ukma.edu.ua;+380501236973;2004-10-09;21
st20220577;Valeriia;Boiko;Yevhenivna;Female;4;2022-09-01;1;f005;sp016;BUDGET;ACTIVE;v.boiko11@ukma.edu.ua;+380501236977;2004-03-02;22
st20220578;Vasyl;Bondar;Mykolaiovych;Male;4;2022-09-01;1;f005;sp016;CONTRACT;ACTIVE;v.bondar12@ukma.edu.ua;+380501236975;2003-10-03;22
st20220579;Olena;Bondarenko;Tymurivna;Female;4;2022-09-01;1;f005;sp016;BUDGET;ACTIVE;o.bondarenko2@ukma.edu.ua;+380501236950;2004-04-27;21
st20220580;Anhelina;Bondarenko;Volodymyrivna;Female;4;2022-09-01;1;f005;sp016;BUDGET;ACTIVE;a.bondarenko13@ukma.edu.ua;+380501236953;2003-03-22;23
st20220581;Yuliia;Havryliuk;Andriivna;Female;4;2022-09-01;1;f005;sp016;CONTRACT;ACTIVE;y.havryliuk4@ukma.edu.ua;+380501236954;2003-07-17;22
st20220582;Khrystyna;Havryliuk;Maksymivna;Female;4;2022-09-01;1;f005;sp016;CONTRACT;ACTIVE;k.havryliuk3@ukma.edu.ua;+380501236963;2004-06-05;21
st20250684;Yelyzaveta;Dobrota;Serhiivna;Female;1;2025-09-01;2;f005;sp016;BUDGET;ACTIVE;y.dobrota@ukma.edu.ua;+380501234974;2006-12-01;19
st20250685;Anhelina;Klymenko;Vitaliivna;Female;1;2025-09-01;2;f005;sp016;BUDGET;ACTIVE;a.klymenko@ukma.edu.ua;+380501234975;2007-01-30;19
st20250686;Danylo;Kochetkov;Oleksiiovych;Male;1;2025-09-01;2;f005;sp016;BUDGET;ACTIVE;d.kochetkov@ukma.edu.ua;+380501234976;2006-08-11;19
st20240592;Anastasiia;Honcharenko;Rostyslavivna;Female;2;2024-09-01;2;f005;sp016;BUDGET;ACTIVE;a.honcharenko3@ukma.edu.ua;+380501235087;2005-12-15;20
st20240593;Viktor;Honcharenko;Maksymovych;Male;2;2024-09-01;2;f005;sp016;CONTRACT;ACTIVE;v.honcharenko1@ukma.edu.ua;+380501235094;2005-08-15;20
st20240594;Anhelina;Hrytsenko;Rostyslavivna;Female;2;2024-09-01;2;f005;sp016;BUDGET;ACTIVE;a.hrytsenko2@ukma.edu.ua;+380501235103;2005-06-25;20
st20240595;Volodymyr;Ivanenko;Mykolaiovych;Male;2;2024-09-01;2;f005;sp016;CONTRACT;ACTIVE;v.ivanenko@ukma.edu.ua;+380501235100;2006-06-04;19
st20240596;Vasyl;Ivanenko;Volodymyrovych;Male;2;2024-09-01;2;f005;sp016;BUDGET;ACTIVE;v.ivanenko1@ukma.edu.ua;+380501235110;2006-08-14;19
st20230561;Volodymyr;Havryliuk;Mykhailovych;Male;3;2023-09-01;2;f005;sp016;CONTRACT;ACTIVE;v.havryliuk1@ukma.edu.ua;+380501236026;2004-02-23;22
st20230562;Hlib;Havryliuk;Antonovych;Male;3;2023-09-01;2;f005;sp016;BUDGET;ACTIVE;h.havryliuk@ukma.edu.ua;+380501236033;2004-04-02;22
st20230563;Pavlo;Honcharenko;Olehovych;Male;3;2023-09-01;2;f005;sp016;BUDGET;ACTIVE;p.honcharenko3@ukma.edu.ua;+380501236029;2005-07-13;20
st20230564;Taras;Ivanenko;Maksymovych;Male;3;2023-09-01;2;f005;sp016;BUDGET;ACTIVE;t.ivanenko@ukma.edu.ua;+380501236032;2004-09-02;21
st20230565;Polina;Karpenko;Yuriivna;Female;3;2023-09-01;2;f005;sp016;CONTRACT;ACTIVE;p.karpenko2@ukma.edu.ua;+380501236018;2004-04-02;22
st20230566;Yuliia;Karpenko;Hlibivna;Female;3;2023-09-01;2;f005;sp016;BUDGET;ACTIVE;y.karpenko4@ukma.edu.ua;+380501236040;2004-12-02;21
st20230567;Bozhena;Koval;Valentynivna;Female;3;2023-09-01;2;f005;sp016;CONTRACT;ACTIVE;b.koval3@ukma.edu.ua;+380501236037;2004-04-23;21
st20220583;Mykola;Hrytsenko;Vitaliiovych;Male;4;2022-09-01;2;f005;sp016;CONTRACT;ACTIVE;m.hrytsenko10@ukma.edu.ua;+380501236970;2003-03-09;23
st20220584;Denys;Hrytsenko;Artemovych;Male;4;2022-09-01;2;f005;sp016;BUDGET;ACTIVE;d.hrytsenko5@ukma.edu.ua;+380501236985;2003-09-04;22
st20220585;Mykhailo;Ivanenko;Valentynovych;Male;4;2022-09-01;2;f005;sp016;CONTRACT;ACTIVE;m.ivanenko4@ukma.edu.ua;+380501236956;2003-10-05;22
st20220586;Olena;Ivanenko;Illivna;Female;4;2022-09-01;2;f005;sp016;BUDGET;ACTIVE;o.ivanenko9@ukma.edu.ua;+380501236966;2004-09-06;21
st20220587;Veronika;Ivanenko;Romanivna;Female;4;2022-09-01;2;f005;sp016;BUDGET;ACTIVE;v.ivanenko10@ukma.edu.ua;+380501236972;2004-08-27;21
st20220588;Dmytro;Karpenko;Antonovych;Male;4;2022-09-01;2;f005;sp016;BUDGET;ACTIVE;d.karpenko3@ukma.edu.ua;+380501236951;2004-08-14;21
st20220589;Diana;Khomenko;Mykolaivna;Female;4;2022-09-01;2;f005;sp016;CONTRACT;ACTIVE;d.khomenko7@ukma.edu.ua;+380501236959;2003-07-20;22
st20250687;Mariia;Koniashko;Yevhenivna;Female;1;2025-09-01;3;f005;sp016;CONTRACT;ACTIVE;m.koniashko@ukma.edu.ua;+380501234977;2007-06-25;18
st20250688;Yuliia;Koval;Bohdanivna;Female;1;2025-09-01;3;f005;sp016;BUDGET;ACTIVE;y.koval@ukma.edu.ua;+380501234978;2006-03-09;20
st20250689;Anna;Kucherenko;Yuriivna;Female;1;2025-09-01;3;f005;sp016;BUDGET;ACTIVE;a.kucherenko@ukma.edu.ua;+380501234979;2007-10-18;18
st20240597;Mykhailo;Koval;Oleksandrovych;Male;2;2024-09-01;3;f005;sp016;CONTRACT;ACTIVE;m.koval@ukma.edu.ua;+380501235113;2005-09-01;20
st20240598;Kyrylo;Lysenko;Serhiiovych;Male;2;2024-09-01;3;f005;sp016;BUDGET;ACTIVE;k.lysenko2@ukma.edu.ua;+380501235105;2006-12-10;19
st20240599;Serhii;Lysenko;Ivanovych;Male;2;2024-09-01;3;f005;sp016;CONTRACT;ACTIVE;s.lysenko@ukma.edu.ua;+380501235111;2006-02-18;20
st20240600;Kyrylo;Lysenko;Artemovych;Male;2;2024-09-01;3;f005;sp016;BUDGET;ACTIVE;k.lysenko3@ukma.edu.ua;+380501235112;2005-07-26;20
st20240601;Tetiana;Melnyk;Mykhailivna;Female;2;2024-09-01;3;f005;sp016;CONTRACT;ACTIVE;t.melnyk2@ukma.edu.ua;+380501235104;2006-05-14;19
st20230568;Anastasiia;Kovalenko;Rostyslavivna;Female;3;2023-09-01;3;f005;sp016;CONTRACT;ACTIVE;a.kovalenko2@ukma.edu.ua;+380501236014;2005-04-01;21
st20230569;Kseniia;Kravchenko;Olehivna;Female;3;2023-09-01;3;f005;sp016;BUDGET;ACTIVE;k.kravchenko2@ukma.edu.ua;+380501236034;2005-11-12;20
st20230570;Roman;Lysenko;Stepanovych;Male;3;2023-09-01;3;f005;sp016;CONTRACT;ACTIVE;r.lysenko@ukma.edu.ua;+380501236012;2004-06-01;21
st20230571;Taras;Lysenko;Tymurovych;Male;3;2023-09-01;3;f005;sp016;BUDGET;ACTIVE;t.lysenko4@ukma.edu.ua;+380501236021;2005-10-14;20
st20230572;Oleh;Marchenko;Mykolaiovych;Male;3;2023-09-01;3;f005;sp016;CONTRACT;ACTIVE;o.marchenko2@ukma.edu.ua;+380501236042;2005-12-20;20
st20230573;Viktoriia;Melnyk;Antonivna;Female;3;2023-09-01;3;f005;sp016;BUDGET;ACTIVE;v.melnyk6@ukma.edu.ua;+380501236024;2005-06-01;20
st20230574;Kyrylo;Melnyk;Maksymovych;Male;3;2023-09-01;3;f005;sp016;CONTRACT;ACTIVE;k.melnyk4@ukma.edu.ua;+380501236043;2005-10-13;20
st20220590;Khrystyna;Khomenko;Andriivna;Female;4;2022-09-01;3;f005;sp016;BUDGET;ACTIVE;k.khomenko6@ukma.edu.ua;+380501236961;2004-08-07;21
st20220591;Nataliia;Khomenko;Denysivna;Female;4;2022-09-01;3;f005;sp016;BUDGET;ACTIVE;n.khomenko1@ukma.edu.ua;+380501236962;2003-07-15;22
st20220592;Olena;Khomenko;Mykolaivna;Female;4;2022-09-01;3;f005;sp016;BUDGET;ACTIVE;o.khomenko6@ukma.edu.ua;+380501236982;2004-06-27;21
st20220593;Mykhailo;Kovalenko;Artemovych;Male;4;2022-09-01;3;f005;sp016;CONTRACT;ACTIVE;m.kovalenko1@ukma.edu.ua;+380501236958;2004-05-20;21
st20220594;Solomiia;Marchenko;Valentynivna;Female;4;2022-09-01;3;f005;sp016;BUDGET;ACTIVE;s.marchenko6@ukma.edu.ua;+380501236949;2004-07-13;21
st20220595;Yevhen;Moroz;Maksymovych;Male;4;2022-09-01;3;f005;sp016;CONTRACT;ACTIVE;y.moroz7@ukma.edu.ua;+380501236965;2003-09-22;22
st20220596;Anhelina;Moroz;Tymurivna;Female;4;2022-09-01;3;f005;sp016;CONTRACT;ACTIVE;a.moroz8@ukma.edu.ua;+380501236967;2004-09-03;21
st20250690;Sofiia;Lysenko;Pavlivna;Female;1;2025-09-01;4;f005;sp016;BUDGET;ACTIVE;s.lysenko@ukma.edu.ua;+380501234980;2006-05-14;19
st20250691;Zlata;Saienko;Andriivna;Female;1;2025-09-01;4;f005;sp016;BUDGET;ACTIVE;z.saienko@ukma.edu.ua;+380501234981;2007-11-22;18
st20250692;Taras;Sukonnyk;Yuriiovych;Male;1;2025-09-01;4;f005;sp016;BUDGET;ACTIVE;t.sukonnyk@ukma.edu.ua;+380501234982;2006-09-28;19
st20240602;Taras;Moroz;Vladyslavovych;Male;2;2024-09-01;4;f005;sp016;BUDGET;ACTIVE;t.moroz1@ukma.edu.ua;+380501235090;2005-04-24;20
st20240603;Veronika;Moroz;Hlibivna;Female;2;2024-09-01;4;f005;sp016;BUDGET;ACTIVE;v.moroz3@ukma.edu.ua;+380501235097;2006-10-23;19
st20240604;Taras;Panchenko;Valentynovych;Male;2;2024-09-01;4;f005;sp016;CONTRACT;ACTIVE;t.panchenko1@ukma.edu.ua;+380501235114;2006-05-12;19
st20240605;Vasyl;Ponomarenko;Denysovych;Male;2;2024-09-01;4;f005;sp016;CONTRACT;ACTIVE;v.ponomarenko4@ukma.edu.ua;+380501235089;2006-09-24;19
st20240606;Oksana;Rudenko;Vladyslavivna;Female;2;2024-09-01;4;f005;sp016;CONTRACT;ACTIVE;o.rudenko@ukma.edu.ua;+380501235102;2006-01-02;20
st20230575;Vitalii;Moroz;Stepanovych;Male;3;2023-09-01;4;f005;sp016;CONTRACT;ACTIVE;v.moroz9@ukma.edu.ua;+380501236036;2004-10-02;21
st20230576;Anton;Panchenko;Vitaliiovych;Male;3;2023-09-01;4;f005;sp016;BUDGET;ACTIVE;a.panchenko3@ukma.edu.ua;+380501236011;2004-05-02;21
st20230577;Khrystyna;Polishchuk;Rostyslavivna;Female;3;2023-09-01;4;f005;sp016;BUDGET;ACTIVE;k.polishchuk@ukma.edu.ua;+380501236031;2004-11-14;21
st20230578;Sofiia;Ponomarenko;Maksymivna;Female;3;2023-09-01;4;f005;sp016;CONTRACT;ACTIVE;s.ponomarenko@ukma.edu.ua;+380501236010;2004-10-12;21
st20230579;Nadiia;Rudenko;Illivna;Female;3;2023-09-01;4;f005;sp016;BUDGET;ACTIVE;n.rudenko1@ukma.edu.ua;+380501236008;2005-06-13;20
st20230580;Valeriia;Rudenko;Hlibivna;Female;3;2023-09-01;4;f005;sp016;CONTRACT;ACTIVE;v.rudenko4@ukma.edu.ua;+380501236019;2005-06-23;20
st20230581;Dmytro;Rudenko;Mykhailovych;Male;3;2023-09-01;4;f005;sp016;CONTRACT;ACTIVE;d.rudenko3@ukma.edu.ua;+380501236027;2005-03-27;21
st20220597;Ivan;Oliinyk;Olehovych;Male;4;2022-09-01;4;f005;sp016;CONTRACT;ACTIVE;i.oliinyk8@ukma.edu.ua;+380501236952;2003-02-19;23
st20220598;Nazar;Oliinyk;Serhiiovych;Male;4;2022-09-01;4;f005;sp016;CONTRACT;ACTIVE;n.oliinyk4@ukma.edu.ua;+380501236979;2004-04-16;22
st20220599;Kyrylo;Oliinyk;Stepanovych;Male;4;2022-09-01;4;f005;sp016;BUDGET;ACTIVE;k.oliinyk3@ukma.edu.ua;+380501236981;2003-03-25;23
st20220600;Vasyl;Oliinyk;Tarasovych;Male;4;2022-09-01;4;f005;sp016;BUDGET;ACTIVE;v.oliinyk8@ukma.edu.ua;+380501236984;2004-03-19;22
st20220601;Svitlana;Panchenko;Stepanivna;Female;4;2022-09-01;4;f005;sp016;CONTRACT;ACTIVE;s.panchenko4@ukma.edu.ua;+380501236978;2004-05-11;21
st20220602;Roman;Polishchuk;Serhiiovych;Male;4;2022-09-01;4;f005;sp016;CONTRACT;ACTIVE;r.polishchuk1@ukma.edu.ua;+380501236986;2003-03-26;23
st20220603;Viktoriia;Ponomarenko;Valentynivna;Female;4;2022-09-01;4;f005;sp016;CONTRACT;ACTIVE;v.ponomarenko13@ukma.edu.ua;+380501236955;2004-09-16;21
st20250693;Mykhailo;Sydorenko-Bielkin;Yuriiovych;Male;1;2025-09-01;5;f005;sp016;BUDGET;ACTIVE;m.sydorenko-bielkin@ukma.edu.ua;+380501234983;2007-02-14;19
st20250694;Daryna;Vedmedenko;Serhiivna;Female;1;2025-09-01;5;f005;sp016;BUDGET;ACTIVE;d.vedmedenko@ukma.edu.ua;+380501234984;2006-04-19;20
st20250695;Anastasiia;Vnukova;Denysivna;Female;1;2025-09-01;5;f005;sp016;BUDGET;ACTIVE;a.vnukova@ukma.edu.ua;+380501234985;2007-07-01;18
st20240607;Anastasiia;Rudenko;Valentynivna;Female;2;2024-09-01;5;f005;sp016;BUDGET;ACTIVE;a.rudenko1@ukma.edu.ua;+380501235108;2006-12-21;19
st20240608;Artem;Savchenko;Dmytrovych;Male;2;2024-09-01;5;f005;sp016;BUDGET;ACTIVE;a.savchenko3@ukma.edu.ua;+380501235106;2005-01-16;21
st20240609;Halyna;Shevchenko;Bohdanivna;Female;2;2024-09-01;5;f005;sp016;BUDGET;ACTIVE;h.shevchenko1@ukma.edu.ua;+380501235101;2006-06-07;19
st20240610;Alina;Shevchuk;Antonivna;Female;2;2024-09-01;5;f005;sp016;BUDGET;ACTIVE;a.shevchuk2@ukma.edu.ua;+380501235115;2005-06-18;20
st20240611;Kseniia;Sydorenko;Tymurivna;Female;2;2024-09-01;5;f005;sp016;CONTRACT;ACTIVE;k.sydorenko@ukma.edu.ua;+380501235098;2005-08-09;20
st20230582;Mykola;Shevchenko;Ivanovych;Male;3;2023-09-01;5;f005;sp016;BUDGET;ACTIVE;m.shevchenko1@ukma.edu.ua;+380501236022;2004-07-28;21
st20230583;Yuliia;Shevchuk;Artemivna;Female;3;2023-09-01;5;f005;sp016;CONTRACT;ACTIVE;y.shevchuk3@ukma.edu.ua;+380501236025;2004-07-28;21
st20230584;Bohdan;Sydorenko;Antonovych;Male;3;2023-09-01;5;f005;sp016;BUDGET;ACTIVE;b.sydorenko3@ukma.edu.ua;+380501236013;2005-04-11;21
st20230585;Ihor;Sydorenko;Yevhenovych;Male;3;2023-09-01;5;f005;sp016;CONTRACT;ACTIVE;i.sydorenko1@ukma.edu.ua;+380501236017;2004-02-05;22
st20230586;Veronika;Sydorenko;Mykhailivna;Female;3;2023-09-01;5;f005;sp016;CONTRACT;ACTIVE;v.sydorenko3@ukma.edu.ua;+380501236028;2004-09-20;21
st20230587;Illia;Sydorenko;Olehovych;Male;3;2023-09-01;5;f005;sp016;CONTRACT;ACTIVE;i.sydorenko2@ukma.edu.ua;+380501236035;2004-07-18;21
st20230588;Veronika;Taran;Volodymyrivna;Female;3;2023-09-01;5;f005;sp016;CONTRACT;ACTIVE;v.taran10@ukma.edu.ua;+380501236041;2005-01-28;21
st20220604;Iryna;Ponomarenko;Yuriivna;Female;4;2022-09-01;5;f005;sp016;BUDGET;ACTIVE;i.ponomarenko6@ukma.edu.ua;+380501236983;2004-03-19;22
st20220605;Rostyslav;Rudenko;Maksymovych;Male;4;2022-09-01;5;f005;sp016;CONTRACT;ACTIVE;r.rudenko2@ukma.edu.ua;+380501236980;2003-11-18;22
st20220606;Maksym;Shevchenko;Mykhailovych;Male;4;2022-09-01;5;f005;sp016;BUDGET;ACTIVE;m.shevchenko2@ukma.edu.ua;+380501236974;2003-08-20;22
st20220607;Yelyzaveta;Shevchuk;Illivna;Female;4;2022-09-01;5;f005;sp016;BUDGET;ACTIVE;y.shevchuk8@ukma.edu.ua;+380501236969;2004-12-20;21
st20220608;Yana;Sydorenko;Stepanivna;Female;4;2022-09-01;5;f005;sp016;CONTRACT;ACTIVE;y.sydorenko1@ukma.edu.ua;+380501236960;2004-12-17;21
st20220609;Sofiia;Sydorenko;Yuriivna;Female;4;2022-09-01;5;f005;sp016;CONTRACT;ACTIVE;s.sydorenko6@ukma.edu.ua;+380501236964;2004-07-23;21
st20220610;Vitalii;Taran;Oleksandrovych;Male;4;2022-09-01;5;f005;sp016;BUDGET;ACTIVE;v.taran15@ukma.edu.ua;+380501236976;2003-04-03;23
st20250696;Dina;Voitovych;Oleksandrivna;Female;1;2025-09-01;6;f005;sp016;BUDGET;ACTIVE;d.voitovych@ukma.edu.ua;+380501234986;2006-10-10;19
st20250697;Diana;Yevtushok;Anatoliivna;Female;1;2025-09-01;6;f005;sp016;BUDGET;ACTIVE;d.yevtushok@ukma.edu.ua;+380501234987;2007-04-25;18
st20250698;Yaroslav;Zhulkivskyi;Yevhenovych;Male;1;2025-09-01;6;f005;sp016;BUDGET;ACTIVE;y.zhulkivskyi@ukma.edu.ua;+380501234988;2006-01-08;20
st20240612;Nazar;Sydorenko;Vitaliiovych;Male;2;2024-09-01;6;f005;sp016;BUDGET;ACTIVE;n.sydorenko2@ukma.edu.ua;+380501235107;2006-02-23;20
st20240613;Valeriia;Taran;Denysivna;Female;2;2024-09-01;6;f005;sp016;CONTRACT;ACTIVE;v.taran4@ukma.edu.ua;+380501235099;2006-05-20;19
st20240614;Olena;Tkachenko;Arturivna;Female;2;2024-09-01;6;f005;sp016;CONTRACT;ACTIVE;o.tkachenko@ukma.edu.ua;+380501235088;2005-02-24;21
st20240615;Kyrylo;Tkachuk;Antonovych;Male;2;2024-09-01;6;f005;sp016;BUDGET;ACTIVE;k.tkachuk1@ukma.edu.ua;+380501235091;2005-06-21;20
st20240616;Maksym;Tkachuk;Rostyslavovych;Male;2;2024-09-01;6;f005;sp016;BUDGET;ACTIVE;m.tkachuk1@ukma.edu.ua;+380501235092;2005-11-19;20
st20230589;Tetiana;Vlasenko;Arturivna;Female;3;2023-09-01;6;f005;sp016;CONTRACT;ACTIVE;t.vlasenko@ukma.edu.ua;+380501236015;2005-10-22;20
st20230590;Bozhena;Vlasenko;Vitaliivna;Female;3;2023-09-01;6;f005;sp016;CONTRACT;ACTIVE;b.vlasenko@ukma.edu.ua;+380501236039;2005-10-01;20
st20220611;Volodymyr;Tkachenko;Rostyslavovych;Male;4;2022-09-01;6;f005;sp016;CONTRACT;ACTIVE;v.tkachenko13@ukma.edu.ua;+380501236971;2004-05-02;21
st20220612;Vladyslav;Tkachuk;Bohdanovych;Male;4;2022-09-01;6;f005;sp016;BUDGET;ACTIVE;v.tkachuk18@ukma.edu.ua;+380501236957;2003-10-19;22
st20220613;Rostyslav;Tkachuk;Maksymovych;Male;4;2022-09-01;6;f005;sp016;CONTRACT;ACTIVE;r.tkachuk@ukma.edu.ua;+380501236968;2004-12-20;21
st20250699;Kateryna;Berezovska;Oleksandrivna;Female;1;2025-09-01;1;f005;sp017;BUDGET;ACTIVE;k.berezovska@ukma.edu.ua;+380501234989;2007-08-16;18
st20250700;Anastasiia;Bilan;Mykolaivna;Female;1;2025-09-01;1;f005;sp017;BUDGET;ACTIVE;a.bilan@ukma.edu.ua;+380501234990;2006-06-20;19
st20240617;Yurii;Babenko;Rostyslavovych;Male;2;2024-09-01;1;f005;sp017;CONTRACT;ACTIVE;y.babenko@ukma.edu.ua;+380501235138;2005-07-15;20
st20240618;Maksym;Boiko;Rostyslavovych;Male;2;2024-09-01;1;f005;sp017;BUDGET;ACTIVE;m.boiko@ukma.edu.ua;+380501235146;2005-09-28;20
st20240619;Nataliia;Bondar;Illivna;Female;2;2024-09-01;1;f005;sp017;CONTRACT;ACTIVE;n.bondar1@ukma.edu.ua;+380501235118;2006-05-19;19
st20240620;Mykola;Bondar;Stepanovych;Male;2;2024-09-01;1;f005;sp017;BUDGET;ACTIVE;m.bondar1@ukma.edu.ua;+380501235125;2005-08-16;20
st20240621;Oksana;Bondar;Stepanivna;Female;2;2024-09-01;1;f005;sp017;BUDGET;ACTIVE;o.bondar3@ukma.edu.ua;+380501235129;2005-05-24;20
st20240622;Alisa;Dmytrenko;Mykhailivna;Female;2;2024-09-01;1;f005;sp017;BUDGET;ACTIVE;a.dmytrenko3@ukma.edu.ua;+380501235135;2005-10-01;20
st20240623;Artur;Havryliuk;Mykolaiovych;Male;2;2024-09-01;1;f005;sp017;BUDGET;ACTIVE;a.havryliuk2@ukma.edu.ua;+380501235131;2006-02-25;20
st20230591;Vitalii;Babenko;Antonovych;Male;3;2023-09-01;1;f005;sp017;CONTRACT;ACTIVE;v.babenko5@ukma.edu.ua;+380501236064;2005-04-21;20
st20230592;Mariia;Babenko;Arturivna;Female;3;2023-09-01;1;f005;sp017;CONTRACT;ACTIVE;m.babenko2@ukma.edu.ua;+380501236075;2005-01-26;21
st20230593;Kseniia;Boiko;Stepanivna;Female;3;2023-09-01;1;f005;sp017;BUDGET;ACTIVE;k.boiko2@ukma.edu.ua;+380501236063;2005-12-12;20
st20230594;Veronika;Bondar;Stepanivna;Female;3;2023-09-01;1;f005;sp017;BUDGET;ACTIVE;v.bondar7@ukma.edu.ua;+380501236072;2004-04-22;21
st20230595;Yuliia;Bondarenko;Volodymyrivna;Female;3;2023-09-01;1;f005;sp017;CONTRACT;ACTIVE;y.bondarenko2@ukma.edu.ua;+380501236049;2005-12-04;20
st20230596;Bozhena;Dmytrenko;Illivna;Female;3;2023-09-01;1;f005;sp017;CONTRACT;ACTIVE;b.dmytrenko2@ukma.edu.ua;+380501236047;2004-10-25;21
st20230597;Yelyzaveta;Dmytrenko;Serhiivna;Female;3;2023-09-01;1;f005;sp017;BUDGET;ACTIVE;y.dmytrenko3@ukma.edu.ua;+380501236052;2004-04-26;21
st20220614;Hlib;Babenko;Yevhenovych;Male;4;2022-09-01;1;f005;sp017;CONTRACT;ACTIVE;h.babenko3@ukma.edu.ua;+380501236996;2004-04-02;22
st20220615;Nadiia;Boiko;Illivna;Female;4;2022-09-01;1;f005;sp017;CONTRACT;ACTIVE;n.boiko5@ukma.edu.ua;+380501237020;2003-06-15;22
st20220616;Serhii;Bondar;Tymurovych;Male;4;2022-09-01;1;f005;sp017;CONTRACT;ACTIVE;s.bondar7@ukma.edu.ua;+380501237000;2003-05-24;22
st20220617;Maksym;Bondar;Valentynovych;Male;4;2022-09-01;1;f005;sp017;BUDGET;ACTIVE;m.bondar8@ukma.edu.ua;+380501237014;2004-09-23;21
st20220618;Khrystyna;Bondar;Romanivna;Female;4;2022-09-01;1;f005;sp017;CONTRACT;ACTIVE;k.bondar4@ukma.edu.ua;+380501237021;2004-07-05;21
st20220619;Tymur;Bondar;Rostyslavovych;Male;4;2022-09-01;1;f005;sp017;CONTRACT;ACTIVE;t.bondar1@ukma.edu.ua;+380501237026;2004-12-03;21
st20220620;Tetiana;Bondarenko;Rostyslavivna;Female;4;2022-09-01;1;f005;sp017;CONTRACT;ACTIVE;t.bondarenko2@ukma.edu.ua;+380501236994;2003-06-11;22
st20250701;Kseniia;Zolotopup;Dmytrivna;Female;1;2025-09-01;2;f005;sp017;BUDGET;ACTIVE;k.zolotopup@ukma.edu.ua;+380501234991;2007-12-05;18
st20250702;Solomiia;Kazimirova-Kryvianchuk;Mykhailivna;Female;1;2025-09-01;2;f005;sp017;CONTRACT;ACTIVE;s.kazimirova-kryvianchuk@ukma.edu.ua;+380501234992;2006-03-14;20
st20240624;Volodymyr;Honcharenko;Romanovych;Male;2;2024-09-01;2;f005;sp017;CONTRACT;ACTIVE;v.honcharenko2@ukma.edu.ua;+380501235150;2005-06-21;20
st20240625;Artur;Karpenko;Oleksandrovych;Male;2;2024-09-01;2;f005;sp017;BUDGET;ACTIVE;a.karpenko3@ukma.edu.ua;+380501235121;2006-11-18;19
st20240626;Mykola;Karpenko;Illich;Male;2;2024-09-01;2;f005;sp017;BUDGET;ACTIVE;m.karpenko@ukma.edu.ua;+380501235128;2005-02-21;21
st20240627;Nadiia;Karpenko;Vladyslavivna;Female;2;2024-09-01;2;f005;sp017;CONTRACT;ACTIVE;n.karpenko1@ukma.edu.ua;+380501235132;2005-08-24;20
st20240628;Serhii;Karpenko;Antonovych;Male;2;2024-09-01;2;f005;sp017;CONTRACT;ACTIVE;s.karpenko@ukma.edu.ua;+380501235142;2006-12-13;19
st20240629;Ihor;Koval;Mykhailovych;Male;2;2024-09-01;2;f005;sp017;CONTRACT;ACTIVE;i.koval@ukma.edu.ua;+380501235139;2006-03-08;20
st20240630;Anna;Kovalenko;Romanivna;Female;2;2024-09-01;2;f005;sp017;CONTRACT;ACTIVE;a.kovalenko@ukma.edu.ua;+380501235117;2006-12-12;19
st20230598;Yurii;Honcharenko;Vladyslavovych;Male;3;2023-09-01;2;f005;sp017;BUDGET;ACTIVE;y.honcharenko3@ukma.edu.ua;+380501236082;2004-09-28;21
st20230599;Serhii;Hrytsenko;Mykhailovych;Male;3;2023-09-01;2;f005;sp017;CONTRACT;ACTIVE;s.hrytsenko2@ukma.edu.ua;+380501236058;2005-12-05;20
st20230600;Vasyl;Hrytsenko;Maksymovych;Male;3;2023-09-01;2;f005;sp017;CONTRACT;ACTIVE;v.hrytsenko7@ukma.edu.ua;+380501236061;2004-12-22;21
st20230601;Mykhailo;Hrytsenko;Illich;Male;3;2023-09-01;2;f005;sp017;BUDGET;ACTIVE;m.hrytsenko5@ukma.edu.ua;+380501236062;2004-06-16;21
st20230602;Stepan;Karpenko;Kyrylovych;Male;3;2023-09-01;2;f005;sp017;CONTRACT;ACTIVE;s.karpenko1@ukma.edu.ua;+380501236054;2004-07-26;21
st20230603;Daria;Karpenko;Mykolaivna;Female;3;2023-09-01;2;f005;sp017;CONTRACT;ACTIVE;d.karpenko2@ukma.edu.ua;+380501236073;2005-09-05;20
st20230604;Anastasiia;Khomenko;Arturivna;Female;3;2023-09-01;2;f005;sp017;BUDGET;ACTIVE;a.khomenko5@ukma.edu.ua;+380501236071;2005-03-21;21
st20220621;Polina;Bondarenko;Volodymyrivna;Female;4;2022-09-01;2;f005;sp017;CONTRACT;ACTIVE;p.bondarenko3@ukma.edu.ua;+380501237023;2003-01-22;23
st20220622;Anna;Dmytrenko;Valentynivna;Female;4;2022-09-01;2;f005;sp017;CONTRACT;ACTIVE;a.dmytrenko9@ukma.edu.ua;+380501236993;2004-03-06;22
st20220623;Yevhen;Dmytrenko;Stepanovych;Male;4;2022-09-01;2;f005;sp017;BUDGET;ACTIVE;y.dmytrenko7@ukma.edu.ua;+380501237004;2004-05-25;21
st20220624;Diana;Havryliuk;Denysivna;Female;4;2022-09-01;2;f005;sp017;CONTRACT;ACTIVE;d.havryliuk2@ukma.edu.ua;+380501237007;2004-03-23;22
st20220625;Vitalii;Hrytsenko;Hlibovych;Male;4;2022-09-01;2;f005;sp017;BUDGET;ACTIVE;v.hrytsenko10@ukma.edu.ua;+380501236998;2003-10-17;22
st20220626;Maksym;Hrytsenko;Illich;Male;4;2022-09-01;2;f005;sp017;CONTRACT;ACTIVE;m.hrytsenko11@ukma.edu.ua;+380501237005;2003-09-27;22
st20220627;Tymur;Hrytsenko;Denysovych;Male;4;2022-09-01;2;f005;sp017;CONTRACT;ACTIVE;t.hrytsenko2@ukma.edu.ua;+380501237016;2004-10-10;21
st20250703;Daniil;Kalinichenko;Mykolaiovych;Male;1;2025-09-01;3;f005;sp017;CONTRACT;ACTIVE;d.kalinichenko@ukma.edu.ua;+380501234993;2007-09-22;18
st20250704;Oleksandr;Kovtun;Volodymyrovych;Male;1;2025-09-01;3;f005;sp017;BUDGET;ACTIVE;o.kovtun@ukma.edu.ua;+380501234994;2006-05-11;19
st20240631;Artur;Lysenko;Volodymyrovych;Male;2;2024-09-01;3;f005;sp017;CONTRACT;ACTIVE;a.lysenko2@ukma.edu.ua;+380501235153;2005-04-24;20
st20240632;Anhelina;Marchenko;Tymurivna;Female;2;2024-09-01;3;f005;sp017;CONTRACT;ACTIVE;a.marchenko5@ukma.edu.ua;+380501235127;2005-10-24;20
st20240633;Kateryna;Melnyk;Bohdanivna;Female;2;2024-09-01;3;f005;sp017;CONTRACT;ACTIVE;k.melnyk@ukma.edu.ua;+380501235141;2005-11-06;20
st20240634;Nazar;Moroz;Vladyslavovych;Male;2;2024-09-01;3;f005;sp017;BUDGET;ACTIVE;n.moroz1@ukma.edu.ua;+380501235140;2006-11-08;19
st20240635;Dmytro;Moroz;Arturovych;Male;2;2024-09-01;3;f005;sp017;CONTRACT;ACTIVE;d.moroz1@ukma.edu.ua;+380501235148;2005-06-28;20
st20240636;Hlib;Moroz;Stepanovych;Male;2;2024-09-01;3;f005;sp017;CONTRACT;ACTIVE;h.moroz1@ukma.edu.ua;+380501235151;2006-08-25;19
st20240637;Mykhailo;Oliinyk;Olehovych;Male;2;2024-09-01;3;f005;sp017;CONTRACT;ACTIVE;m.oliinyk@ukma.edu.ua;+380501235123;2006-04-25;19
st20230605;Roman;Khomenko;Yuriiovych;Male;3;2023-09-01;3;f005;sp017;BUDGET;ACTIVE;r.khomenko2@ukma.edu.ua;+380501236074;2004-01-02;22
st20230606;Ivan;Khomenko;Yevhenovych;Male;3;2023-09-01;3;f005;sp017;BUDGET;ACTIVE;i.khomenko@ukma.edu.ua;+380501236081;2005-02-18;21
st20230607;Alisa;Kovalenko;Artemivna;Female;3;2023-09-01;3;f005;sp017;CONTRACT;ACTIVE;a.kovalenko3@ukma.edu.ua;+380501236084;2005-06-21;20
st20230608;Alina;Kravchenko;Kyrylivna;Female;3;2023-09-01;3;f005;sp017;CONTRACT;ACTIVE;a.kravchenko7@ukma.edu.ua;+380501236079;2005-01-14;21
st20230609;Polina;Lysenko;Andriivna;Female;3;2023-09-01;3;f005;sp017;BUDGET;ACTIVE;p.lysenko2@ukma.edu.ua;+380501236067;2004-10-05;21
st20230610;Artur;Melnyk;Olehovych;Male;3;2023-09-01;3;f005;sp017;CONTRACT;ACTIVE;a.melnyk9@ukma.edu.ua;+380501236046;2005-03-01;21
st20230611;Zlata;Melnyk;Vladyslavivna;Female;3;2023-09-01;3;f005;sp017;CONTRACT;ACTIVE;z.melnyk1@ukma.edu.ua;+380501236057;2005-08-23;20
st20220628;Roman;Ivanenko;Rostyslavovych;Male;4;2022-09-01;3;f005;sp017;CONTRACT;ACTIVE;r.ivanenko1@ukma.edu.ua;+380501236989;2004-02-15;22
st20220629;Yana;Ivanenko;Ivanivna;Female;4;2022-09-01;3;f005;sp017;BUDGET;ACTIVE;y.ivanenko3@ukma.edu.ua;+380501236999;2004-09-11;21
st20220630;Liubov;Karpenko;Romanivna;Female;4;2022-09-01;3;f005;sp017;CONTRACT;ACTIVE;l.karpenko1@ukma.edu.ua;+380501236997;2003-03-01;23
st20220631;Bohdan;Koval;Artemovych;Male;4;2022-09-01;3;f005;sp017;CONTRACT;ACTIVE;b.koval6@ukma.edu.ua;+380501236991;2004-04-20;21
st20220632;Kateryna;Kovalenko;Yuriivna;Female;4;2022-09-01;3;f005;sp017;BUDGET;ACTIVE;k.kovalenko4@ukma.edu.ua;+380501237008;2004-07-13;21
st20220633;Anton;Kovalenko;Vitaliiovych;Male;4;2022-09-01;3;f005;sp017;CONTRACT;ACTIVE;a.kovalenko6@ukma.edu.ua;+380501237009;2004-07-07;21
st20220634;Diana;Lysenko;Vladyslavivna;Female;4;2022-09-01;3;f005;sp017;CONTRACT;ACTIVE;d.lysenko5@ukma.edu.ua;+380501236992;2003-04-08;23
st20250705;Sofiia;Kozhan;Oleksandrivna;Female;1;2025-09-01;4;f005;sp017;BUDGET;ACTIVE;s.kozhan@ukma.edu.ua;+380501234995;2007-10-30;18
st20250706;Ivan;Kolomiiets;Maksymovych;Male;1;2025-09-01;4;f005;sp017;BUDGET;ACTIVE;i.kolomiiets@ukma.edu.ua;+380501234996;2006-02-07;20
st20240638;Anna;Petrenko;Vladyslavivna;Female;2;2024-09-01;4;f005;sp017;BUDGET;ACTIVE;a.petrenko3@ukma.edu.ua;+380501235120;2006-02-16;20
st20240639;Rostyslav;Petrenko;Valentynovych;Male;2;2024-09-01;4;f005;sp017;CONTRACT;ACTIVE;r.petrenko@ukma.edu.ua;+380501235137;2005-06-05;20
st20240640;Anastasiia;Ponomarenko;Antonivna;Female;2;2024-09-01;4;f005;sp017;BUDGET;ACTIVE;a.ponomarenko2@ukma.edu.ua;+380501235134;2005-10-16;20
st20240641;Alisa;Ponomarenko;Vitaliivna;Female;2;2024-09-01;4;f005;sp017;BUDGET;ACTIVE;a.ponomarenko3@ukma.edu.ua;+380501235143;2006-09-09;19
st20240642;Denys;Radchenko;Bohdanovych;Male;2;2024-09-01;4;f005;sp017;BUDGET;ACTIVE;d.radchenko@ukma.edu.ua;+380501235119;2005-02-22;21
st20240643;Stepan;Radchenko;Illich;Male;2;2024-09-01;4;f005;sp017;CONTRACT;ACTIVE;s.radchenko@ukma.edu.ua;+380501235124;2006-01-27;20
st20240644;Oleksandr;Radchenko;Vladyslavovych;Male;2;2024-09-01;4;f005;sp017;CONTRACT;ACTIVE;o.radchenko@ukma.edu.ua;+380501235126;2006-08-14;19
st20230612;Vladyslav;Melnyk;Vitaliiovych;Male;3;2023-09-01;4;f005;sp017;CONTRACT;ACTIVE;v.melnyk7@ukma.edu.ua;+380501236070;2005-01-07;21
st20230613;Veronika;Melnyk;Kyrylivna;Female;3;2023-09-01;4;f005;sp017;CONTRACT;ACTIVE;v.melnyk8@ukma.edu.ua;+380501236083;2004-11-11;21
st20230614;Svitlana;Oliinyk;Denysivna;Female;3;2023-09-01;4;f005;sp017;BUDGET;ACTIVE;s.oliinyk3@ukma.edu.ua;+380501236078;2004-07-02;21
st20230615;Artur;Panchenko;Arturovych;Male;3;2023-09-01;4;f005;sp017;BUDGET;ACTIVE;a.panchenko4@ukma.edu.ua;+380501236068;2005-03-26;21
st20230616;Andrii;Panchenko;Denysovych;Male;3;2023-09-01;4;f005;sp017;CONTRACT;ACTIVE;a.panchenko5@ukma.edu.ua;+380501236069;2004-06-01;21
st20230617;Yurii;Ponomarenko;Stepanovych;Male;3;2023-09-01;4;f005;sp017;BUDGET;ACTIVE;y.ponomarenko7@ukma.edu.ua;+380501236077;2005-12-13;20
st20230618;Roman;Radchenko;Bohdanovych;Male;3;2023-09-01;4;f005;sp017;BUDGET;ACTIVE;r.radchenko2@ukma.edu.ua;+380501236080;2005-08-20;20
st20220635;Anastasiia;Lysenko;Olehivna;Female;4;2022-09-01;4;f005;sp017;CONTRACT;ACTIVE;a.lysenko11@ukma.edu.ua;+380501237013;2004-04-10;22
st20220636;Iryna;Marchenko;Yuriivna;Female;4;2022-09-01;4;f005;sp017;CONTRACT;ACTIVE;i.marchenko1@ukma.edu.ua;+380501237024;2003-01-03;23
st20220637;Stepan;Oliinyk;Valentynovych;Male;4;2022-09-01;4;f005;sp017;CONTRACT;ACTIVE;s.oliinyk6@ukma.edu.ua;+380501237011;2003-10-24;22
st20220638;Nataliia;Panchenko;Dmytrivna;Female;4;2022-09-01;4;f005;sp017;CONTRACT;ACTIVE;n.panchenko2@ukma.edu.ua;+380501237015;2004-06-10;21
st20220639;Andrii;Petrenko;Oleksandrovych;Male;4;2022-09-01;4;f005;sp017;CONTRACT;ACTIVE;a.petrenko14@ukma.edu.ua;+380501237018;2003-10-22;22
st20220640;Bohdan;Ponomarenko;Valentynovych;Male;4;2022-09-01;4;f005;sp017;CONTRACT;ACTIVE;b.ponomarenko2@ukma.edu.ua;+380501237019;2004-11-23;21
st20220641;Kseniia;Radchenko;Romanivna;Female;4;2022-09-01;4;f005;sp017;BUDGET;ACTIVE;k.radchenko4@ukma.edu.ua;+380501237006;2003-11-12;22
st20250707;Anastasiia;Korzh;Oleksandrivna;Female;1;2025-09-01;5;f005;sp017;BUDGET;ACTIVE;a.korzh@ukma.edu.ua;+380501234997;2007-06-18;18
st20250708;Alina;Liubyva;Oleksandrivna;Female;1;2025-09-01;5;f005;sp017;BUDGET;ACTIVE;a.liubyva@ukma.edu.ua;+380501234998;2006-11-25;19
st20240645;Ivan;Rudenko;Yuriiovych;Male;2;2024-09-01;5;f005;sp017;CONTRACT;ACTIVE;i.rudenko1@ukma.edu.ua;+380501235130;2006-01-18;20
st20240646;Illia;Rudenko;Arturovych;Male;2;2024-09-01;5;f005;sp017;CONTRACT;ACTIVE;i.rudenko2@ukma.edu.ua;+380501235147;2005-08-05;20
st20240647;Olena;Shevchenko;Mykolaivna;Female;2;2024-09-01;5;f005;sp017;CONTRACT;ACTIVE;o.shevchenko@ukma.edu.ua;+380501235122;2005-02-07;21
st20240648;Viktor;Shevchenko;Andriiovych;Male;2;2024-09-01;5;f005;sp017;BUDGET;ACTIVE;v.shevchenko2@ukma.edu.ua;+380501235145;2006-07-17;19
st20240649;Daria;Shevchenko;Vitaliivna;Female;2;2024-09-01;5;f005;sp017;CONTRACT;ACTIVE;d.shevchenko@ukma.edu.ua;+380501235152;2006-10-09;19
st20240650;Kateryna;Sydorenko;Kyrylivna;Female;2;2024-09-01;5;f005;sp017;CONTRACT;ACTIVE;k.sydorenko1@ukma.edu.ua;+380501235144;2006-08-22;19
st20240651;Yelyzaveta;Sydorenko;Arturivna;Female;2;2024-09-01;5;f005;sp017;CONTRACT;ACTIVE;y.sydorenko@ukma.edu.ua;+380501235149;2005-06-16;20
st20230619;Rostyslav;Rudenko;Olehovych;Male;3;2023-09-01;5;f005;sp017;CONTRACT;ACTIVE;r.rudenko1@ukma.edu.ua;+380501236050;2005-02-09;21
st20230620;Artur;Shevchenko;Volodymyrovych;Male;3;2023-09-01;5;f005;sp017;BUDGET;ACTIVE;a.shevchenko8@ukma.edu.ua;+380501236059;2005-07-05;20
st20230621;Bohdan;Sydorenko;Denysovych;Male;3;2023-09-01;5;f005;sp017;CONTRACT;ACTIVE;b.sydorenko4@ukma.edu.ua;+380501236048;2004-09-01;21
st20230622;Artur;Sydorenko;Tymurovych;Male;3;2023-09-01;5;f005;sp017;CONTRACT;ACTIVE;a.sydorenko3@ukma.edu.ua;+380501236051;2005-10-01;20
st20230623;Oleksandr;Sydorenko;Andriiovych;Male;3;2023-09-01;5;f005;sp017;CONTRACT;ACTIVE;o.sydorenko3@ukma.edu.ua;+380501236085;2004-12-26;21
st20230624;Uliana;Taran;Dmytrivna;Female;3;2023-09-01;5;f005;sp017;BUDGET;ACTIVE;u.taran@ukma.edu.ua;+380501236053;2004-12-03;21
st20230625;Anhelina;Taran;Bohdanivna;Female;3;2023-09-01;5;f005;sp017;BUDGET;ACTIVE;a.taran5@ukma.edu.ua;+380501236076;2004-01-13;22
st20220642;Vitalii;Radchenko;Tymurovych;Male;4;2022-09-01;5;f005;sp017;BUDGET;ACTIVE;v.radchenko8@ukma.edu.ua;+380501237010;2003-12-25;22
st20220643;Yana;Radchenko;Artemivna;Female;4;2022-09-01;5;f005;sp017;CONTRACT;ACTIVE;y.radchenko6@ukma.edu.ua;+380501237012;2004-04-08;22
st20220644;Rostyslav;Rudenko;Artemovych;Male;4;2022-09-01;5;f005;sp017;CONTRACT;ACTIVE;r.rudenko3@ukma.edu.ua;+380501237025;2003-09-20;22
st20220645;Khrystyna;Savchenko;Mykolaivna;Female;4;2022-09-01;5;f005;sp017;CONTRACT;ACTIVE;k.savchenko5@ukma.edu.ua;+380501236987;2004-03-25;22
st20220646;Yurii;Shevchenko;Yuriiovych;Male;4;2022-09-01;5;f005;sp017;BUDGET;ACTIVE;y.shevchenko6@ukma.edu.ua;+380501236988;2004-11-08;21
st20220647;Halyna;Shevchenko;Romanivna;Female;4;2022-09-01;5;f005;sp017;CONTRACT;ACTIVE;h.shevchenko3@ukma.edu.ua;+380501236990;2004-10-03;21
st20220648;Mykola;Shevchenko;Kyrylovych;Male;4;2022-09-01;5;f005;sp017;CONTRACT;ACTIVE;m.shevchenko3@ukma.edu.ua;+380501237017;2004-12-09;21
st20250709;Diana;Nakorenko;Andriivna;Female;1;2025-09-01;6;f005;sp017;BUDGET;ACTIVE;d.nakorenko@ukma.edu.ua;+380501234999;2007-04-12;19
st20250710;Oksana;Yuzepolska;Serhiivna;Female;1;2025-09-01;6;f005;sp017;BUDGET;ACTIVE;o.yuzepolska@ukma.edu.ua;+380501235000;2006-08-01;19
st20240652;Alisa;Tkachenko;Yuriivna;Female;2;2024-09-01;6;f005;sp017;BUDGET;ACTIVE;a.tkachenko@ukma.edu.ua;+380501235136;2006-09-10;19
st20240653;Valeriia;Tkachuk;Bohdanivna;Female;2;2024-09-01;6;f005;sp017;CONTRACT;ACTIVE;v.tkachuk5@ukma.edu.ua;+380501235133;2005-12-16;20
st20230626;Nazar;Tkachenko;Andriiovych;Male;3;2023-09-01;6;f005;sp017;BUDGET;ACTIVE;n.tkachenko2@ukma.edu.ua;+380501236055;2004-11-12;21
st20230627;Dmytro;Tkachenko;Kyrylovych;Male;3;2023-09-01;6;f005;sp017;BUDGET;ACTIVE;d.tkachenko4@ukma.edu.ua;+380501236060;2004-08-20;21
st20230628;Oleksandr;Tkachuk;Oleksandrovych;Male;3;2023-09-01;6;f005;sp017;CONTRACT;ACTIVE;o.tkachuk2@ukma.edu.ua;+380501236056;2005-03-13;21
st20230629;Rostyslav;Vlasenko;Tarasovych;Male;3;2023-09-01;6;f005;sp017;BUDGET;ACTIVE;r.vlasenko2@ukma.edu.ua;+380501236045;2004-08-17;21
st20230630;Sofiia;Vlasenko;Bohdanivna;Female;3;2023-09-01;6;f005;sp017;CONTRACT;ACTIVE;s.vlasenko6@ukma.edu.ua;+380501236065;2005-11-14;20
st20230631;Svitlana;Vlasenko;Mykhailivna;Female;3;2023-09-01;6;f005;sp017;CONTRACT;ACTIVE;s.vlasenko7@ukma.edu.ua;+380501236066;2005-01-25;21
st20220649;Serhii;Shevchuk;Andriiovych;Male;4;2022-09-01;6;f005;sp017;CONTRACT;ACTIVE;s.shevchuk7@ukma.edu.ua;+380501236995;2003-02-01;23
st20220650;Anhelina;Shevchuk;Maksymivna;Female;4;2022-09-01;6;f005;sp017;BUDGET;ACTIVE;a.shevchuk22@ukma.edu.ua;+380501237022;2004-07-26;21
st20220651;Volodymyr;Taran;Tymurovych;Male;4;2022-09-01;6;f005;sp017;BUDGET;ACTIVE;v.taran16@ukma.edu.ua;+380501237002;2004-03-20;22
st20220652;Rostyslav;Tkachenko;Yevhenovych;Male;4;2022-09-01;6;f005;sp017;BUDGET;ACTIVE;r.tkachenko@ukma.edu.ua;+380501237001;2004-07-12;21
st20220653;Dmytro;Tkachenko;Illich;Male;4;2022-09-01;6;f005;sp017;CONTRACT;ACTIVE;d.tkachenko7@ukma.edu.ua;+380501237003;2004-02-08;22
st20250711;Liubov;Datsiuk;Oleksiivna;Female;1;2025-09-01;1;f005;sp018;BUDGET;ACTIVE;l.datsiuk@ukma.edu.ua;+380501235001;2007-01-28;19
st20250712;Kateryna;Kirieieva;Romanivna;Female;1;2025-09-01;1;f005;sp018;BUDGET;ACTIVE;k.kirieieva@ukma.edu.ua;+380501235002;2006-10-15;19
st20240654;Rostyslav;Babenko;Oleksandrovych;Male;2;2024-09-01;1;f005;sp018;CONTRACT;ACTIVE;r.babenko1@ukma.edu.ua;+380501235167;2006-05-21;19
st20240655;Denys;Bondar;Andriiovych;Male;2;2024-09-01;1;f005;sp018;BUDGET;ACTIVE;d.bondar1@ukma.edu.ua;+380501235158;2005-05-18;20
st20240656;Illia;Honcharenko;Rostyslavovych;Male;2;2024-09-01;1;f005;sp018;CONTRACT;ACTIVE;i.honcharenko1@ukma.edu.ua;+380501235157;2006-09-02;19
st20240657;Vasyl;Honcharenko;Serhiiovych;Male;2;2024-09-01;1;f005;sp018;BUDGET;ACTIVE;v.honcharenko3@ukma.edu.ua;+380501235168;2005-05-27;20
st20240658;Vitalii;Hrytsenko;Arturovych;Male;2;2024-09-01;1;f005;sp018;CONTRACT;ACTIVE;v.hrytsenko4@ukma.edu.ua;+380501235169;2005-04-28;20
st20240659;Volodymyr;Hrytsenko;Mykolaiovych;Male;2;2024-09-01;1;f005;sp018;CONTRACT;ACTIVE;v.hrytsenko5@ukma.edu.ua;+380501235176;2005-09-12;20
st20230632;Yevhen;Babenko;Volodymyrovych;Male;3;2023-09-01;1;f005;sp018;BUDGET;ACTIVE;y.babenko3@ukma.edu.ua;+380501236094;2004-03-12;22
st20230633;Taras;Boiko;Yevhenovych;Male;3;2023-09-01;1;f005;sp018;BUDGET;ACTIVE;t.boiko1@ukma.edu.ua;+380501236099;2004-08-18;21
st20230634;Alisa;Boiko;Bohdanivna;Female;3;2023-09-01;1;f005;sp018;BUDGET;ACTIVE;a.boiko3@ukma.edu.ua;+380501236107;2004-04-04;22
st20230635;Nadiia;Boiko;Mykhailivna;Female;3;2023-09-01;1;f005;sp018;CONTRACT;ACTIVE;n.boiko2@ukma.edu.ua;+380501236108;2005-08-18;20
st20230636;Yuliia;Bondar;Kyrylivna;Female;3;2023-09-01;1;f005;sp018;CONTRACT;ACTIVE;y.bondar2@ukma.edu.ua;+380501236088;2004-10-01;21
st20230637;Denys;Dmytrenko;Romanovych;Male;3;2023-09-01;1;f005;sp018;BUDGET;ACTIVE;d.dmytrenko3@ukma.edu.ua;+380501236120;2004-04-03;22
st20230638;Dmytro;Havryliuk;Arturovych;Male;3;2023-09-01;1;f005;sp018;CONTRACT;ACTIVE;d.havryliuk1@ukma.edu.ua;+380501236118;2005-04-16;21
st20220654;Sofiia;Babenko;Olehivna;Female;4;2022-09-01;1;f005;sp018;BUDGET;ACTIVE;s.babenko3@ukma.edu.ua;+380501237029;2004-04-19;22
st20220655;Tetiana;Babenko;Oleksandrivna;Female;4;2022-09-01;1;f005;sp018;CONTRACT;ACTIVE;t.babenko5@ukma.edu.ua;+380501237036;2003-05-07;22
st20220656;Mykola;Babenko;Stepanovych;Male;4;2022-09-01;1;f005;sp018;CONTRACT;ACTIVE;m.babenko6@ukma.edu.ua;+380501237057;2004-01-06;22
st20220657;Denys;Boiko;Denysovych;Male;4;2022-09-01;1;f005;sp018;CONTRACT;ACTIVE;d.boiko8@ukma.edu.ua;+380501237049;2004-01-12;22
st20220658;Serhii;Boiko;Stepanovych;Male;4;2022-09-01;1;f005;sp018;CONTRACT;ACTIVE;s.boiko6@ukma.edu.ua;+380501237051;2003-11-14;22
st20220659;Nataliia;Bondar;Artemivna;Female;4;2022-09-01;1;f005;sp018;BUDGET;ACTIVE;n.bondar2@ukma.edu.ua;+380501237041;2003-10-12;22
st20250713;Hryhorii;Kozhukhovskyi;Dmytrovych;Male;1;2025-09-01;2;f005;sp018;BUDGET;ACTIVE;h.kozhukhovskyi@ukma.edu.ua;+380501235003;2007-07-04;18
st20250714;Vladyslav;Kryklyvyi;Ruslanovych;Male;1;2025-09-01;2;f005;sp018;BUDGET;ACTIVE;v.kryklyvyi@ukma.edu.ua;+380501235004;2006-04-20;19
st20240660;Sofiia;Ivanenko;Vitaliivna;Female;2;2024-09-01;2;f005;sp018;CONTRACT;ACTIVE;s.ivanenko1@ukma.edu.ua;+380501235177;2006-04-01;20
st20240661;Rostyslav;Khomenko;Ivanovych;Male;2;2024-09-01;2;f005;sp018;BUDGET;ACTIVE;r.khomenko@ukma.edu.ua;+380501235155;2006-10-16;19
st20240662;Polina;Khomenko;Tarasivna;Female;2;2024-09-01;2;f005;sp018;BUDGET;ACTIVE;p.khomenko1@ukma.edu.ua;+380501235170;2005-01-03;21
st20240663;Pavlo;Koval;Maksymovych;Male;2;2024-09-01;2;f005;sp018;BUDGET;ACTIVE;p.koval@ukma.edu.ua;+380501235185;2006-04-22;19
st20240664;Oleh;Marchenko;Hlibovych;Male;2;2024-09-01;2;f005;sp018;BUDGET;ACTIVE;o.marchenko1@ukma.edu.ua;+380501235183;2006-06-27;19
st20240665;Illia;Moroz;Yevhenovych;Male;2;2024-09-01;2;f005;sp018;CONTRACT;ACTIVE;i.moroz1@ukma.edu.ua;+380501235162;2006-07-21;19
st20230639;Nadiia;Ivanenko;Andriivna;Female;3;2023-09-01;2;f005;sp018;CONTRACT;ACTIVE;n.ivanenko4@ukma.edu.ua;+380501236103;2005-01-21;21
st20230640;Uliana;Ivanenko;Arturivna;Female;3;2023-09-01;2;f005;sp018;CONTRACT;ACTIVE;u.ivanenko@ukma.edu.ua;+380501236113;2005-01-09;21
st20230641;Bohdan;Khomenko;Yevhenovych;Male;3;2023-09-01;2;f005;sp018;CONTRACT;ACTIVE;b.khomenko@ukma.edu.ua;+380501236086;2005-10-19;20
st20230642;Vasyl;Koval;Rostyslavovych;Male;3;2023-09-01;2;f005;sp018;BUDGET;ACTIVE;v.koval7@ukma.edu.ua;+380501236104;2005-12-22;20
st20230643;Vasyl;Kovalenko;Arturovych;Male;3;2023-09-01;2;f005;sp018;BUDGET;ACTIVE;v.kovalenko9@ukma.edu.ua;+380501236119;2004-01-03;22
st20230644;Bohdan;Kravchenko;Vitaliiovych;Male;3;2023-09-01;2;f005;sp018;BUDGET;ACTIVE;b.kravchenko2@ukma.edu.ua;+380501236098;2004-01-15;22
st20230645;Khrystyna;Lysenko;Serhiivna;Female;3;2023-09-01;2;f005;sp018;CONTRACT;ACTIVE;k.lysenko5@ukma.edu.ua;+380501236090;2004-02-22;22
st20220660;Valentyn;Honcharenko;Serhiiovych;Male;4;2022-09-01;2;f005;sp018;CONTRACT;ACTIVE;v.honcharenko16@ukma.edu.ua;+380501237043;2004-03-22;22
st20220661;Yevhen;Hrytsenko;Vitaliiovych;Male;4;2022-09-01;2;f005;sp018;CONTRACT;ACTIVE;y.hrytsenko7@ukma.edu.ua;+380501237061;2004-04-04;22
st20220662;Vasyl;Ivanenko;Andriiovych;Male;4;2022-09-01;2;f005;sp018;CONTRACT;ACTIVE;v.ivanenko11@ukma.edu.ua;+380501237038;2004-04-12;22
st20220663;Hlib;Ivanenko;Romanovych;Male;4;2022-09-01;2;f005;sp018;CONTRACT;ACTIVE;h.ivanenko3@ukma.edu.ua;+380501237048;2004-11-07;21
st20220664;Artur;Karpenko;Maksymovych;Male;4;2022-09-01;2;f005;sp018;CONTRACT;ACTIVE;a.karpenko12@ukma.edu.ua;+380501237030;2003-01-08;23
st20220665;Polina;Karpenko;Yuriivna;Female;4;2022-09-01;2;f005;sp018;CONTRACT;ACTIVE;p.karpenko4@ukma.edu.ua;+380501237058;2004-04-27;21
st20250715;Daniela;Kuznetsova;Andriivna;Female;1;2025-09-01;3;f005;sp018;BUDGET;ACTIVE;d.kuznetsova@ukma.edu.ua;+380501235005;2007-11-02;18
st20250716;Tykhon;Putiienko;Dmytrovych;Male;1;2025-09-01;3;f005;sp018;BUDGET;ACTIVE;t.putiienko@ukma.edu.ua;+380501235006;2006-05-18;19
st20240666;Volodymyr;Moroz;Hlibovych;Male;2;2024-09-01;3;f005;sp018;BUDGET;ACTIVE;v.moroz4@ukma.edu.ua;+380501235188;2005-12-03;20
st20240667;Polina;Oliinyk;Hlibivna;Female;2;2024-09-01;3;f005;sp018;BUDGET;ACTIVE;p.oliinyk@ukma.edu.ua;+380501235181;2005-02-21;21
st20240668;Yurii;Panchenko;Vitaliiovych;Male;2;2024-09-01;3;f005;sp018;CONTRACT;ACTIVE;y.panchenko1@ukma.edu.ua;+380501235159;2006-07-05;19
st20240669;Bohdan;Panchenko;Tymurovych;Male;2;2024-09-01;3;f005;sp018;BUDGET;ACTIVE;b.panchenko@ukma.edu.ua;+380501235186;2005-03-05;21
st20240670;Volodymyr;Petrenko;Rostyslavovych;Male;2;2024-09-01;3;f005;sp018;BUDGET;ACTIVE;v.petrenko1@ukma.edu.ua;+380501235154;2006-08-28;19
st20240671;Alisa;Polishchuk;Olehivna;Female;2;2024-09-01;3;f005;sp018;CONTRACT;ACTIVE;a.polishchuk2@ukma.edu.ua;+380501235174;2006-09-01;19
st20230646;Vasyl;Lysenko;Yevhenovych;Male;3;2023-09-01;3;f005;sp018;BUDGET;ACTIVE;v.lysenko7@ukma.edu.ua;+380501236123;2004-08-14;21
st20230647;Anton;Marchenko;Ivanovych;Male;3;2023-09-01;3;f005;sp018;CONTRACT;ACTIVE;a.marchenko11@ukma.edu.ua;+380501236096;2004-08-18;21
st20230648;Iryna;Oliinyk;Arturivna;Female;3;2023-09-01;3;f005;sp018;CONTRACT;ACTIVE;i.oliinyk5@ukma.edu.ua;+380501236092;2004-01-18;22
st20230649;Svitlana;Oliinyk;Ivanivna;Female;3;2023-09-01;3;f005;sp018;CONTRACT;ACTIVE;s.oliinyk4@ukma.edu.ua;+380501236106;2005-08-01;20
st20230650;Oleh;Panchenko;Tarasovych;Male;3;2023-09-01;3;f005;sp018;CONTRACT;ACTIVE;o.panchenko4@ukma.edu.ua;+380501236121;2004-12-22;21
st20230651;Vladyslav;Petrenko;Denysovych;Male;3;2023-09-01;3;f005;sp018;BUDGET;ACTIVE;v.petrenko5@ukma.edu.ua;+380501236091;2005-10-03;20
st20230652;Anhelina;Petrenko;Denysivna;Female;3;2023-09-01;3;f005;sp018;CONTRACT;ACTIVE;a.petrenko9@ukma.edu.ua;+380501236111;2004-04-26;21
st20220666;Roman;Koval;Tarasovych;Male;4;2022-09-01;3;f005;sp018;CONTRACT;ACTIVE;r.koval1@ukma.edu.ua;+380501237042;2004-05-03;21
st20220667;Yelyzaveta;Koval;Tymurivna;Female;4;2022-09-01;3;f005;sp018;BUDGET;ACTIVE;y.koval6@ukma.edu.ua;+380501237053;2004-01-27;22
st20220668;Yuliia;Kovalenko;Andriivna;Female;4;2022-09-01;3;f005;sp018;BUDGET;ACTIVE;y.kovalenko6@ukma.edu.ua;+380501237027;2004-07-14;21
st20220669;Yurii;Kovalenko;Andriiovych;Male;4;2022-09-01;3;f005;sp018;CONTRACT;ACTIVE;y.kovalenko7@ukma.edu.ua;+380501237035;2003-03-03;23
st20220670;Tymur;Melnyk;Tarasovych;Male;4;2022-09-01;3;f005;sp018;CONTRACT;ACTIVE;t.melnyk4@ukma.edu.ua;+380501237032;2004-04-06;22
st20220671;Hlib;Melnyk;Mykolaiovych;Male;4;2022-09-01;3;f005;sp018;CONTRACT;ACTIVE;h.melnyk2@ukma.edu.ua;+380501237050;2003-11-02;22
st20250717;Raisa;Revaka;Volodymyrivna;Female;1;2025-09-01;4;f005;sp018;BUDGET;ACTIVE;r.revaka@ukma.edu.ua;+380501235007;2007-02-14;19
st20250718;Ivan;Sarancha;Serhiiovych;Male;1;2025-09-01;4;f005;sp018;CONTRACT;ACTIVE;i.sarancha@ukma.edu.ua;+380501235008;2006-09-07;19
st20240672;Nadiia;Polishchuk;Vitaliivna;Female;2;2024-09-01;4;f005;sp018;BUDGET;ACTIVE;n.polishchuk@ukma.edu.ua;+380501235184;2006-05-14;19
st20240673;Yevhen;Ponomarenko;Mykolaiovych;Male;2;2024-09-01;4;f005;sp018;BUDGET;ACTIVE;y.ponomarenko3@ukma.edu.ua;+380501235175;2006-06-13;19
st20240674;Viktor;Ponomarenko;Kyrylovych;Male;2;2024-09-01;4;f005;sp018;BUDGET;ACTIVE;v.ponomarenko5@ukma.edu.ua;+380501235189;2006-11-01;19
st20240675;Bozhena;Radchenko;Tymurivna;Female;2;2024-09-01;4;f005;sp018;CONTRACT;ACTIVE;b.radchenko@ukma.edu.ua;+380501235160;2006-11-02;19
st20240676;Polina;Rudenko;Mykolaivna;Female;2;2024-09-01;4;f005;sp018;CONTRACT;ACTIVE;p.rudenko@ukma.edu.ua;+380501235161;2006-06-20;19
st20240677;Denys;Rudenko;Vitaliiovych;Male;2;2024-09-01;4;f005;sp018;CONTRACT;ACTIVE;d.rudenko@ukma.edu.ua;+380501235179;2006-12-22;19
st20230653;Volodymyr;Petrenko;Mykhailovych;Male;3;2023-09-01;4;f005;sp018;CONTRACT;ACTIVE;v.petrenko6@ukma.edu.ua;+380501236116;2004-02-27;22
st20230654;Valentyn;Polishchuk;Oleksandrovych;Male;3;2023-09-01;4;f005;sp018;CONTRACT;ACTIVE;v.polishchuk9@ukma.edu.ua;+380501236105;2004-06-13;21
st20230655;Vitalii;Ponomarenko;Antonovych;Male;3;2023-09-01;4;f005;sp018;CONTRACT;ACTIVE;v.ponomarenko7@ukma.edu.ua;+380501236087;2005-03-28;21
st20230656;Bohdan;Ponomarenko;Kyrylovych;Male;3;2023-09-01;4;f005;sp018;CONTRACT;ACTIVE;b.ponomarenko1@ukma.edu.ua;+380501236110;2004-06-03;21
st20230657;Viktoriia;Radchenko;Hlibivna;Female;3;2023-09-01;4;f005;sp018;CONTRACT;ACTIVE;v.radchenko6@ukma.edu.ua;+380501236102;2005-04-05;21
st20230658;Svitlana;Shevchenko;Kyrylivna;Female;3;2023-09-01;4;f005;sp018;CONTRACT;ACTIVE;s.shevchenko8@ukma.edu.ua;+380501236097;2005-04-28;20
st20230659;Uliana;Shevchenko;Dmytrivna;Female;3;2023-09-01;4;f005;sp018;BUDGET;ACTIVE;u.shevchenko@ukma.edu.ua;+380501236117;2005-07-03;20
st20220672;Diana;Panchenko;Vladyslavivna;Female;4;2022-09-01;4;f005;sp018;CONTRACT;ACTIVE;d.panchenko5@ukma.edu.ua;+380501237054;2004-11-15;21
st20220673;Alisa;Petrenko;Tymurivna;Female;4;2022-09-01;4;f005;sp018;BUDGET;ACTIVE;a.petrenko15@ukma.edu.ua;+380501237047;2004-10-26;21
st20220674;Serhii;Petrenko;Arturovych;Male;4;2022-09-01;4;f005;sp018;CONTRACT;ACTIVE;s.petrenko7@ukma.edu.ua;+380501237060;2004-08-09;21
st20220675;Veronika;Ponomarenko;Olehivna;Female;4;2022-09-01;4;f005;sp018;BUDGET;ACTIVE;v.ponomarenko14@ukma.edu.ua;+380501237034;2003-12-06;22
st20220676;Yuliia;Ponomarenko;Serhiivna;Female;4;2022-09-01;4;f005;sp018;CONTRACT;ACTIVE;y.ponomarenko10@ukma.edu.ua;+380501237040;2004-05-12;21
st20220677;Bozhena;Radchenko;Vitaliivna;Female;4;2022-09-01;4;f005;sp018;CONTRACT;ACTIVE;b.radchenko2@ukma.edu.ua;+380501237044;2003-09-22;22
st20250719;Danylo;Trifonov;Maksymovych;Male;1;2025-09-01;5;f005;sp018;BUDGET;ACTIVE;d.trifonov@ukma.edu.ua;+380501235009;2007-08-25;18
st20250720;Oryna;Formaniuk;Serhiivna;Female;1;2025-09-01;5;f005;sp018;BUDGET;ACTIVE;o.formaniuk@ukma.edu.ua;+380501235010;2006-12-30;19
st20240678;Vasyl;Savchenko;Serhiiovych;Male;2;2024-09-01;5;f005;sp018;CONTRACT;ACTIVE;v.savchenko4@ukma.edu.ua;+380501235164;2005-12-02;20
st20240679;Zlata;Savchenko;Oleksandrivna;Female;2;2024-09-01;5;f005;sp018;CONTRACT;ACTIVE;z.savchenko@ukma.edu.ua;+380501235165;2005-01-24;21
st20240680;Polina;Savchenko;Rostyslavivna;Female;2;2024-09-01;5;f005;sp018;CONTRACT;ACTIVE;p.savchenko@ukma.edu.ua;+380501235178;2005-06-22;20
st20240681;Halyna;Shevchenko;Vitaliivna;Female;2;2024-09-01;5;f005;sp018;CONTRACT;ACTIVE;h.shevchenko2@ukma.edu.ua;+380501235182;2005-02-16;21
st20240682;Anhelina;Shevchuk;Volodymyrivna;Female;2;2024-09-01;5;f005;sp018;CONTRACT;ACTIVE;a.shevchuk3@ukma.edu.ua;+380501235172;2006-05-19;19
st20240683;Bozhena;Sydorenko;Ivanivna;Female;2;2024-09-01;5;f005;sp018;BUDGET;ACTIVE;b.sydorenko1@ukma.edu.ua;+380501235156;2006-06-18;19
st20230660;Khrystyna;Shevchuk;Hlibivna;Female;3;2023-09-01;5;f005;sp018;BUDGET;ACTIVE;k.shevchuk6@ukma.edu.ua;+380501236093;2005-11-03;20
st20230661;Nadiia;Sydorenko;Mykolaivna;Female;3;2023-09-01;5;f005;sp018;BUDGET;ACTIVE;n.sydorenko5@ukma.edu.ua;+380501236100;2004-10-10;21
st20230662;Viktoriia;Sydorenko;Yuriivna;Female;3;2023-09-01;5;f005;sp018;BUDGET;ACTIVE;v.sydorenko4@ukma.edu.ua;+380501236115;2004-07-15;21
st20230663;Valentyn;Sydorenko;Olehovych;Male;3;2023-09-01;5;f005;sp018;CONTRACT;ACTIVE;v.sydorenko5@ukma.edu.ua;+380501236122;2005-09-04;20
st20230664;Yuliia;Taran;Artemivna;Female;3;2023-09-01;5;f005;sp018;BUDGET;ACTIVE;y.taran4@ukma.edu.ua;+380501236109;2005-11-17;20
st20230665;Rostyslav;Taran;Olehovych;Male;3;2023-09-01;5;f005;sp018;BUDGET;ACTIVE;r.taran@ukma.edu.ua;+380501236114;2004-08-26;21
st20230666;Volodymyr;Tkachenko;Arturovych;Male;3;2023-09-01;5;f005;sp018;BUDGET;ACTIVE;v.tkachenko9@ukma.edu.ua;+380501236112;2005-04-02;21
st20220678;Stepan;Radchenko;Antonovych;Male;4;2022-09-01;5;f005;sp018;CONTRACT;ACTIVE;s.radchenko4@ukma.edu.ua;+380501237055;2003-10-25;22
st20220679;Mykola;Rudenko;Yuriiovych;Male;4;2022-09-01;5;f005;sp018;CONTRACT;ACTIVE;m.rudenko3@ukma.edu.ua;+380501237031;2004-02-20;22
st20220680;Svitlana;Rudenko;Olehivna;Female;4;2022-09-01;5;f005;sp018;CONTRACT;ACTIVE;s.rudenko8@ukma.edu.ua;+380501237033;2003-11-09;22
st20220681;Valentyn;Rudenko;Vitaliiovych;Male;4;2022-09-01;5;f005;sp018;BUDGET;ACTIVE;v.rudenko8@ukma.edu.ua;+380501237052;2004-08-27;21
st20220682;Ivan;Savchenko;Arturovych;Male;4;2022-09-01;5;f005;sp018;CONTRACT;ACTIVE;i.savchenko5@ukma.edu.ua;+380501237056;2004-08-25;21
st20220683;Daria;Shevchenko;Volodymyrivna;Female;4;2022-09-01;5;f005;sp018;CONTRACT;ACTIVE;d.shevchenko4@ukma.edu.ua;+380501237046;2003-04-11;23
st20250721;Sofiia;Shtanko;Serhiivna;Female;1;2025-09-01;6;f005;sp018;BUDGET;ACTIVE;s.shtanko@ukma.edu.ua;+380501235011;2007-06-11;18
st20240684;Rostyslav;Sydorenko;Hlibovych;Male;2;2024-09-01;6;f005;sp018;BUDGET;ACTIVE;r.sydorenko1@ukma.edu.ua;+380501235163;2005-11-21;20
st20240685;Vitalii;Tkachuk;Ivanovych;Male;2;2024-09-01;6;f005;sp018;CONTRACT;ACTIVE;v.tkachuk6@ukma.edu.ua;+380501235166;2006-11-03;19
st20240686;Andrii;Tkachuk;Hlibovych;Male;2;2024-09-01;6;f005;sp018;CONTRACT;ACTIVE;a.tkachuk3@ukma.edu.ua;+380501235173;2006-08-14;19
st20240687;Vladyslav;Tkachuk;Mykhailovych;Male;2;2024-09-01;6;f005;sp018;CONTRACT;ACTIVE;v.tkachuk7@ukma.edu.ua;+380501235187;2005-06-10;20
st20240688;Kseniia;Vlasenko;Hlibivna;Female;2;2024-09-01;6;f005;sp018;BUDGET;ACTIVE;k.vlasenko@ukma.edu.ua;+380501235171;2005-10-24;20
st20240689;Viktoriia;Vlasenko;Hlibivna;Female;2;2024-09-01;6;f005;sp018;BUDGET;ACTIVE;v.vlasenko@ukma.edu.ua;+380501235180;2006-05-13;19
st20230667;Ivan;Tkachuk;Ivanovych;Male;3;2023-09-01;6;f005;sp018;CONTRACT;ACTIVE;i.tkachuk6@ukma.edu.ua;+380501236095;2005-10-09;20
st20230668;Ihor;Vlasenko;Tarasovych;Male;3;2023-09-01;6;f005;sp018;CONTRACT;ACTIVE;i.vlasenko1@ukma.edu.ua;+380501236089;2005-06-24;20
st20230669;Yana;Vlasenko;Rostyslavivna;Female;3;2023-09-01;6;f005;sp018;CONTRACT;ACTIVE;y.vlasenko3@ukma.edu.ua;+380501236101;2005-05-06;20
st20230670;Valentyn;Vlasenko;Ivanovych;Male;3;2023-09-01;6;f005;sp018;CONTRACT;ACTIVE;v.vlasenko3@ukma.edu.ua;+380501236124;2004-05-11;21
st20220684;Mariia;Shevchenko;Yuriivna;Female;4;2022-09-01;6;f005;sp018;BUDGET;ACTIVE;m.shevchenko4@ukma.edu.ua;+380501237059;2004-12-13;21
st20220685;Iryna;Shevchuk;Oleksandrivna;Female;4;2022-09-01;6;f005;sp018;CONTRACT;ACTIVE;i.shevchuk3@ukma.edu.ua;+380501237039;2004-02-20;22
st20220686;Nazar;Sydorenko;Maksymovych;Male;4;2022-09-01;6;f005;sp018;BUDGET;ACTIVE;n.sydorenko9@ukma.edu.ua;+380501237037;2003-07-23;22
st20220687;Bohdan;Sydorenko;Hlibovych;Male;4;2022-09-01;6;f005;sp018;CONTRACT;ACTIVE;b.sydorenko5@ukma.edu.ua;+380501237045;2004-02-04;22
st20220688;Bozhena;Tkachuk;Stepanivna;Female;4;2022-09-01;6;f005;sp018;CONTRACT;ACTIVE;b.tkachuk1@ukma.edu.ua;+380501237028;2004-10-14;21
st20240690;Andrii;Babenko;Yuriiovych;Male;2;2024-09-01;1;f005;sp019;BUDGET;ACTIVE;a.babenko2@ukma.edu.ua;+380501235198;2005-12-23;20
st20240691;Oleh;Babenko;Ivanovych;Male;2;2024-09-01;1;f005;sp019;CONTRACT;ACTIVE;o.babenko@ukma.edu.ua;+380501235210;2006-06-12;19
st20240692;Bozhena;Babenko;Serhiivna;Female;2;2024-09-01;1;f005;sp019;BUDGET;ACTIVE;b.babenko@ukma.edu.ua;+380501235220;2006-03-07;20
st20240693;Vira;Boiko;Antonivna;Female;2;2024-09-01;1;f005;sp019;CONTRACT;ACTIVE;v.boiko@ukma.edu.ua;+380501235205;2005-06-15;20
st20240694;Iryna;Bondar;Bohdanivna;Female;2;2024-09-01;1;f005;sp019;CONTRACT;ACTIVE;i.bondar@ukma.edu.ua;+380501235206;2006-12-19;19
st20240695;Pavlo;Bondarenko;Mykhailovych;Male;2;2024-09-01;1;f005;sp019;CONTRACT;ACTIVE;p.bondarenko@ukma.edu.ua;+380501235192;2005-01-07;21
st20230671;Pavlo;Boiko;Vladyslavovych;Male;3;2023-09-01;1;f005;sp019;BUDGET;ACTIVE;p.boiko@ukma.edu.ua;+380501236153;2005-07-27;20
st20230672;Stepan;Bondar;Bohdanovych;Male;3;2023-09-01;1;f005;sp019;CONTRACT;ACTIVE;s.bondar4@ukma.edu.ua;+380501236139;2005-12-01;20
st20230673;Veronika;Bondar;Serhiivna;Female;3;2023-09-01;1;f005;sp019;CONTRACT;ACTIVE;v.bondar8@ukma.edu.ua;+380501236154;2004-08-08;21
st20230674;Alisa;Havryliuk;Antonivna;Female;3;2023-09-01;1;f005;sp019;CONTRACT;ACTIVE;a.havryliuk6@ukma.edu.ua;+380501236145;2004-02-27;22
st20230675;Khrystyna;Hrytsenko;Rostyslavivna;Female;3;2023-09-01;1;f005;sp019;CONTRACT;ACTIVE;k.hrytsenko1@ukma.edu.ua;+380501236131;2005-05-02;20
st20230676;Ihor;Hrytsenko;Tarasovych;Male;3;2023-09-01;1;f005;sp019;CONTRACT;ACTIVE;i.hrytsenko2@ukma.edu.ua;+380501236133;2005-01-10;21
st20220689;Diana;Babenko;Olehivna;Female;4;2022-09-01;1;f005;sp019;CONTRACT;ACTIVE;d.babenko8@ukma.edu.ua;+380501237088;2003-10-28;22
st20220690;Oksana;Boiko;Denysivna;Female;4;2022-09-01;1;f005;sp019;CONTRACT;ACTIVE;o.boiko5@ukma.edu.ua;+380501237077;2003-06-14;22
st20220691;Anhelina;Boiko;Ivanivna;Female;4;2022-09-01;1;f005;sp019;BUDGET;ACTIVE;a.boiko7@ukma.edu.ua;+380501237099;2003-08-10;22
st20220692;Volodymyr;Bondar;Romanovych;Male;4;2022-09-01;1;f005;sp019;CONTRACT;ACTIVE;v.bondar13@ukma.edu.ua;+380501237064;2003-07-11;22
st20220693;Volodymyr;Bondar;Volodymyrovych;Male;4;2022-09-01;1;f005;sp019;BUDGET;ACTIVE;v.bondar14@ukma.edu.ua;+380501237073;2003-02-05;23
st20220694;Mykhailo;Dmytrenko;Mykolaiovych;Male;4;2022-09-01;1;f005;sp019;BUDGET;ACTIVE;m.dmytrenko3@ukma.edu.ua;+380501237096;2003-03-21;23
st20220695;Anhelina;Havryliuk;Arturivna;Female;4;2022-09-01;1;f005;sp019;BUDGET;ACTIVE;a.havryliuk12@ukma.edu.ua;+380501237100;2004-04-15;22
st20240696;Pavlo;Havryliuk;Oleksandrovych;Male;2;2024-09-01;2;f005;sp019;CONTRACT;ACTIVE;p.havryliuk@ukma.edu.ua;+380501235190;2006-12-02;19
st20240697;Khrystyna;Havryliuk;Olehivna;Female;2;2024-09-01;2;f005;sp019;BUDGET;ACTIVE;k.havryliuk@ukma.edu.ua;+380501235193;2006-04-23;19
st20240698;Oleksandr;Honcharenko;Maksymovych;Male;2;2024-09-01;2;f005;sp019;BUDGET;ACTIVE;o.honcharenko2@ukma.edu.ua;+380501235203;2006-07-05;19
st20240699;Daria;Hrytsenko;Mykolaivna;Female;2;2024-09-01;2;f005;sp019;BUDGET;ACTIVE;d.hrytsenko@ukma.edu.ua;+380501235209;2005-06-10;20
st20240700;Denys;Ivanenko;Illich;Male;2;2024-09-01;2;f005;sp019;CONTRACT;ACTIVE;d.ivanenko1@ukma.edu.ua;+380501235204;2006-02-17;20
st20240701;Vasyl;Ivanenko;Maksymovych;Male;2;2024-09-01;2;f005;sp019;CONTRACT;ACTIVE;v.ivanenko2@ukma.edu.ua;+380501235216;2005-12-05;20
st20230677;Pavlo;Khomenko;Mykhailovych;Male;3;2023-09-01;2;f005;sp019;CONTRACT;ACTIVE;p.khomenko2@ukma.edu.ua;+380501236127;2004-12-07;21
st20230678;Yelyzaveta;Khomenko;Valentynivna;Female;3;2023-09-01;2;f005;sp019;BUDGET;ACTIVE;y.khomenko5@ukma.edu.ua;+380501236129;2005-03-04;21
st20230679;Diana;Koval;Hlibivna;Female;3;2023-09-01;2;f005;sp019;BUDGET;ACTIVE;d.koval2@ukma.edu.ua;+380501236135;2004-05-04;21
st20230680;Bohdan;Lysenko;Dmytrovych;Male;3;2023-09-01;2;f005;sp019;CONTRACT;ACTIVE;b.lysenko2@ukma.edu.ua;+380501236136;2005-01-03;21
st20230681;Iryna;Lysenko;Arturivna;Female;3;2023-09-01;2;f005;sp019;CONTRACT;ACTIVE;i.lysenko2@ukma.edu.ua;+380501236138;2005-08-02;20
st20230682;Daria;Lysenko;Ivanivna;Female;3;2023-09-01;2;f005;sp019;CONTRACT;ACTIVE;d.lysenko3@ukma.edu.ua;+380501236150;2004-12-07;21
st20220696;Nadiia;Honcharenko;Tarasivna;Female;4;2022-09-01;2;f005;sp019;CONTRACT;ACTIVE;n.honcharenko2@ukma.edu.ua;+380501237062;2003-04-16;23
st20220697;Mykhailo;Honcharenko;Antonovych;Male;4;2022-09-01;2;f005;sp019;CONTRACT;ACTIVE;m.honcharenko4@ukma.edu.ua;+380501237087;2003-10-13;22
st20220698;Ihor;Honcharenko;Vladyslavovych;Male;4;2022-09-01;2;f005;sp019;CONTRACT;ACTIVE;i.honcharenko4@ukma.edu.ua;+380501237091;2004-01-23;22
st20220699;Vitalii;Honcharenko;Bohdanovych;Male;4;2022-09-01;2;f005;sp019;CONTRACT;ACTIVE;v.honcharenko17@ukma.edu.ua;+380501237097;2004-07-26;21
st20220700;Taras;Hrytsenko;Volodymyrovych;Male;4;2022-09-01;2;f005;sp019;CONTRACT;ACTIVE;t.hrytsenko3@ukma.edu.ua;+380501237079;2003-05-26;22
st20220701;Maksym;Ivanenko;Yuriiovych;Male;4;2022-09-01;2;f005;sp019;CONTRACT;ACTIVE;m.ivanenko5@ukma.edu.ua;+380501237085;2004-11-09;21
st20220702;Anhelina;Ivanenko;Ivanivna;Female;4;2022-09-01;2;f005;sp019;BUDGET;ACTIVE;a.ivanenko5@ukma.edu.ua;+380501237089;2003-01-15;23
st20240702;Oksana;Koval;Kyrylivna;Female;2;2024-09-01;3;f005;sp019;CONTRACT;ACTIVE;o.koval1@ukma.edu.ua;+380501235214;2005-06-24;20
st20240703;Kateryna;Koval;Kyrylivna;Female;2;2024-09-01;3;f005;sp019;CONTRACT;ACTIVE;k.koval@ukma.edu.ua;+380501235217;2005-06-21;20
st20240704;Sofiia;Kovalenko;Valentynivna;Female;2;2024-09-01;3;f005;sp019;BUDGET;ACTIVE;s.kovalenko1@ukma.edu.ua;+380501235197;2006-09-28;19
st20240705;Polina;Kovalenko;Olehivna;Female;2;2024-09-01;3;f005;sp019;CONTRACT;ACTIVE;p.kovalenko1@ukma.edu.ua;+380501235201;2006-03-06;20
st20240706;Kateryna;Kravchenko;Antonivna;Female;2;2024-09-01;3;f005;sp019;CONTRACT;ACTIVE;k.kravchenko@ukma.edu.ua;+380501235211;2005-12-23;20
st20240707;Alisa;Melnyk;Tymurivna;Female;2;2024-09-01;3;f005;sp019;BUDGET;ACTIVE;a.melnyk4@ukma.edu.ua;+380501235219;2005-10-18;20
st20230683;Pavlo;Marchenko;Mykhailovych;Male;3;2023-09-01;3;f005;sp019;CONTRACT;ACTIVE;p.marchenko@ukma.edu.ua;+380501236148;2004-10-18;21
st20230684;Viktor;Melnyk;Dmytrovych;Male;3;2023-09-01;3;f005;sp019;CONTRACT;ACTIVE;v.melnyk9@ukma.edu.ua;+380501236132;2005-04-07;21
st20230685;Veronika;Melnyk;Romanivna;Female;3;2023-09-01;3;f005;sp019;BUDGET;ACTIVE;v.melnyk10@ukma.edu.ua;+380501236143;2004-06-28;21
st20230686;Dmytro;Panchenko;Oleksandrovych;Male;3;2023-09-01;3;f005;sp019;BUDGET;ACTIVE;d.panchenko4@ukma.edu.ua;+380501236141;2004-08-04;21
st20230687;Viktoriia;Polishchuk;Mykolaivna;Female;3;2023-09-01;3;f005;sp019;BUDGET;ACTIVE;v.polishchuk10@ukma.edu.ua;+380501236146;2005-02-24;21
st20230688;Hlib;Polishchuk;Illich;Male;3;2023-09-01;3;f005;sp019;CONTRACT;ACTIVE;h.polishchuk@ukma.edu.ua;+380501236149;2005-08-15;20
st20220703;Kateryna;Khomenko;Stepanivna;Female;4;2022-09-01;3;f005;sp019;CONTRACT;ACTIVE;k.khomenko7@ukma.edu.ua;+380501237069;2003-06-20;22
st20220704;Oleksandr;Koval;Bohdanovych;Male;4;2022-09-01;3;f005;sp019;CONTRACT;ACTIVE;o.koval5@ukma.edu.ua;+380501237068;2003-08-27;22
st20220705;Oleksandr;Kovalenko;Bohdanovych;Male;4;2022-09-01;3;f005;sp019;CONTRACT;ACTIVE;o.kovalenko3@ukma.edu.ua;+380501237080;2004-02-20;22
st20220706;Vasyl;Lysenko;Oleksandrovych;Male;4;2022-09-01;3;f005;sp019;CONTRACT;ACTIVE;v.lysenko14@ukma.edu.ua;+380501237071;2003-08-12;22
st20220707;Tymur;Lysenko;Volodymyrovych;Male;4;2022-09-01;3;f005;sp019;BUDGET;ACTIVE;t.lysenko5@ukma.edu.ua;+380501237081;2004-09-14;21
st20220708;Oleksandr;Marchenko;Volodymyrovych;Male;4;2022-09-01;3;f005;sp019;CONTRACT;ACTIVE;o.marchenko4@ukma.edu.ua;+380501237063;2004-06-27;21
st20220709;Illia;Marchenko;Artemovych;Male;4;2022-09-01;3;f005;sp019;CONTRACT;ACTIVE;i.marchenko2@ukma.edu.ua;+380501237070;2003-03-01;23
st20240708;Volodymyr;Moroz;Olehovych;Male;2;2024-09-01;4;f005;sp019;CONTRACT;ACTIVE;v.moroz5@ukma.edu.ua;+380501235191;2006-04-05;20
st20240709;Sofiia;Oliinyk;Serhiivna;Female;2;2024-09-01;4;f005;sp019;CONTRACT;ACTIVE;s.oliinyk@ukma.edu.ua;+380501235200;2006-04-12;20
st20240710;Maksym;Oliinyk;Bohdanovych;Male;2;2024-09-01;4;f005;sp019;CONTRACT;ACTIVE;m.oliinyk1@ukma.edu.ua;+380501235215;2006-09-12;19
st20240711;Oleh;Ponomarenko;Romanovych;Male;2;2024-09-01;4;f005;sp019;CONTRACT;ACTIVE;o.ponomarenko@ukma.edu.ua;+380501235199;2005-03-28;21
st20240712;Hlib;Ponomarenko;Valentynovych;Male;2;2024-09-01;4;f005;sp019;CONTRACT;ACTIVE;h.ponomarenko1@ukma.edu.ua;+380501235207;2006-02-26;20
st20240713;Kateryna;Ponomarenko;Vitaliivna;Female;2;2024-09-01;4;f005;sp019;BUDGET;ACTIVE;k.ponomarenko1@ukma.edu.ua;+380501235212;2006-02-08;20
st20230689;Anastasiia;Polishchuk;Tarasivna;Female;3;2023-09-01;4;f005;sp019;CONTRACT;ACTIVE;a.polishchuk6@ukma.edu.ua;+380501236155;2005-07-02;20
st20230690;Taras;Ponomarenko;Volodymyrovych;Male;3;2023-09-01;4;f005;sp019;CONTRACT;ACTIVE;t.ponomarenko1@ukma.edu.ua;+380501236126;2005-06-13;20
st20230691;Kseniia;Ponomarenko;Valentynivna;Female;3;2023-09-01;4;f005;sp019;CONTRACT;ACTIVE;k.ponomarenko4@ukma.edu.ua;+380501236142;2004-10-10;21
st20230692;Vitalii;Radchenko;Volodymyrovych;Male;3;2023-09-01;4;f005;sp019;CONTRACT;ACTIVE;v.radchenko7@ukma.edu.ua;+380501236156;2005-03-09;21
st20230693;Kseniia;Rudenko;Dmytrivna;Female;3;2023-09-01;4;f005;sp019;BUDGET;ACTIVE;k.rudenko2@ukma.edu.ua;+380501236147;2005-07-13;20
st20230694;Valeriia;Rudenko;Valentynivna;Female;3;2023-09-01;4;f005;sp019;CONTRACT;ACTIVE;v.rudenko5@ukma.edu.ua;+380501236151;2005-12-28;20
st20220710;Yelyzaveta;Marchenko;Rostyslavivna;Female;4;2022-09-01;4;f005;sp019;CONTRACT;ACTIVE;y.marchenko12@ukma.edu.ua;+380501237074;2003-09-10;22
st20220711;Yelyzaveta;Melnyk;Andriivna;Female;4;2022-09-01;4;f005;sp019;BUDGET;ACTIVE;y.melnyk2@ukma.edu.ua;+380501237083;2004-01-05;22
st20220712;Artur;Melnyk;Serhiiovych;Male;4;2022-09-01;4;f005;sp019;BUDGET;ACTIVE;a.melnyk14@ukma.edu.ua;+380501237095;2004-10-02;21
st20220713;Iryna;Moroz;Illivna;Female;4;2022-09-01;4;f005;sp019;CONTRACT;ACTIVE;i.moroz3@ukma.edu.ua;+380501237082;2003-11-12;22
st20220714;Viktoriia;Moroz;Ivanivna;Female;4;2022-09-01;4;f005;sp019;BUDGET;ACTIVE;v.moroz12@ukma.edu.ua;+380501237094;2004-10-06;21
st20220715;Stepan;Oliinyk;Hlibovych;Male;4;2022-09-01;4;f005;sp019;CONTRACT;ACTIVE;s.oliinyk7@ukma.edu.ua;+380501237072;2003-08-09;22
st20220716;Oksana;Oliinyk;Antonivna;Female;4;2022-09-01;4;f005;sp019;BUDGET;ACTIVE;o.oliinyk4@ukma.edu.ua;+380501237092;2004-05-01;21
st20240714;Vladyslav;Radchenko;Serhiiovych;Male;2;2024-09-01;5;f005;sp019;CONTRACT;ACTIVE;v.radchenko4@ukma.edu.ua;+380501235194;2005-09-07;20
st20240715;Liubov;Rudenko;Rostyslavivna;Female;2;2024-09-01;5;f005;sp019;CONTRACT;ACTIVE;l.rudenko@ukma.edu.ua;+380501235218;2005-04-27;20
st20240716;Sofiia;Shevchenko;Bohdanivna;Female;2;2024-09-01;5;f005;sp019;CONTRACT;ACTIVE;s.shevchenko3@ukma.edu.ua;+380501235202;2005-09-26;20
st20240717;Tetiana;Taran;Serhiivna;Female;2;2024-09-01;5;f005;sp019;BUDGET;ACTIVE;t.taran@ukma.edu.ua;+380501235208;2006-12-24;19
st20240718;Serhii;Tkachenko;Andriiovych;Male;2;2024-09-01;5;f005;sp019;BUDGET;ACTIVE;s.tkachenko@ukma.edu.ua;+380501235213;2006-03-22;20
st20240719;Iryna;Tkachuk;Ivanivna;Female;2;2024-09-01;5;f005;sp019;CONTRACT;ACTIVE;i.tkachuk@ukma.edu.ua;+380501235196;2005-06-15;20
st20230695;Valeriia;Shevchenko;Rostyslavivna;Female;3;2023-09-01;5;f005;sp019;CONTRACT;ACTIVE;v.shevchenko6@ukma.edu.ua;+380501236125;2005-02-18;21
st20230696;Artem;Shevchenko;Rostyslavovych;Male;3;2023-09-01;5;f005;sp019;BUDGET;ACTIVE;a.shevchenko9@ukma.edu.ua;+380501236144;2005-06-05;20
st20230697;Yuliia;Shevchuk;Rostyslavivna;Female;3;2023-09-01;5;f005;sp019;CONTRACT;ACTIVE;y.shevchuk4@ukma.edu.ua;+380501236130;2004-02-09;22
st20230698;Andrii;Shevchuk;Volodymyrovych;Male;3;2023-09-01;5;f005;sp019;CONTRACT;ACTIVE;a.shevchuk11@ukma.edu.ua;+380501236152;2004-03-12;22
st20230699;Iryna;Sydorenko;Serhiivna;Female;3;2023-09-01;5;f005;sp019;CONTRACT;ACTIVE;i.sydorenko3@ukma.edu.ua;+380501236128;2004-08-27;21
st20230700;Andrii;Sydorenko;Mykhailovych;Male;3;2023-09-01;5;f005;sp019;BUDGET;ACTIVE;a.sydorenko4@ukma.edu.ua;+380501236137;2004-12-17;21
st20220717;Yuliia;Panchenko;Mykolaivna;Female;4;2022-09-01;5;f005;sp019;BUDGET;ACTIVE;y.panchenko5@ukma.edu.ua;+380501237067;2003-08-21;22
st20220718;Alisa;Panchenko;Illivna;Female;4;2022-09-01;5;f005;sp019;BUDGET;ACTIVE;a.panchenko8@ukma.edu.ua;+380501237078;2004-08-03;21
st20220719;Valeriia;Polishchuk;Tymurivna;Female;4;2022-09-01;5;f005;sp019;CONTRACT;ACTIVE;v.polishchuk16@ukma.edu.ua;+380501237065;2003-05-06;22
st20220720;Artem;Ponomarenko;Artemovych;Male;4;2022-09-01;5;f005;sp019;BUDGET;ACTIVE;a.ponomarenko13@ukma.edu.ua;+380501237066;2004-01-17;22
st20220721;Svitlana;Ponomarenko;Yevhenivna;Female;4;2022-09-01;5;f005;sp019;CONTRACT;ACTIVE;s.ponomarenko3@ukma.edu.ua;+380501237086;2003-02-06;23
st20220722;Svitlana;Radchenko;Andriivna;Female;4;2022-09-01;5;f005;sp019;BUDGET;ACTIVE;s.radchenko5@ukma.edu.ua;+380501237098;2003-03-16;23
st20220723;Halyna;Shevchenko;Mykolaivna;Female;4;2022-09-01;5;f005;sp019;CONTRACT;ACTIVE;h.shevchenko4@ukma.edu.ua;+380501237075;2004-10-28;21
st20240720;Yuliia;Vlasenko;Tarasivna;Female;2;2024-09-01;6;f005;sp019;CONTRACT;ACTIVE;y.vlasenko2@ukma.edu.ua;+380501235195;2006-02-27;20
st20230701;Anna;Tkachenko;Denysivna;Female;3;2023-09-01;6;f005;sp019;CONTRACT;ACTIVE;a.tkachenko3@ukma.edu.ua;+380501236134;2004-08-11;21
st20230702;Alina;Vlasenko;Mykhailivna;Female;3;2023-09-01;6;f005;sp019;BUDGET;ACTIVE;a.vlasenko6@ukma.edu.ua;+380501236140;2004-01-06;22
st20220724;Kyrylo;Shevchenko;Yevhenovych;Male;4;2022-09-01;6;f005;sp019;CONTRACT;ACTIVE;k.shevchenko7@ukma.edu.ua;+380501237076;2003-10-01;22
st20220725;Valentyn;Taran;Rostyslavovych;Male;4;2022-09-01;6;f005;sp019;CONTRACT;ACTIVE;v.taran17@ukma.edu.ua;+380501237084;2004-05-21;21
st20220726;Denys;Taran;Dmytrovych;Male;4;2022-09-01;6;f005;sp019;CONTRACT;ACTIVE;d.taran3@ukma.edu.ua;+380501237093;2003-10-01;22
st20220727;Mykhailo;Tkachuk;Dmytrovych;Male;4;2022-09-01;6;f005;sp019;CONTRACT;ACTIVE;m.tkachuk3@ukma.edu.ua;+380501237090;2003-10-08;22
st20250722;Oleksii;Semenii;Vitaliiovych;Male;1;2025-09-01;1;f006;sp020;BUDGET;ACTIVE;o.semenii@ukma.edu.ua;+380501235012;2006-03-22;20
st20250723;Anastasiia;Selianinova;Oleksandrivna;Female;1;2025-09-01;1;f006;sp020;BUDGET;ACTIVE;a.selianinova@ukma.edu.ua;+380501235013;2007-08-11;18
st20250724;Illia;Chaikovskyi;Maksymovych;Male;1;2025-09-01;1;f006;sp020;BUDGET;ACTIVE;i.chaikovskyi@ukma.edu.ua;+380501235014;2006-05-14;19
st20250725;Lesia;Kasianenko;Oleksiivna;Female;1;2025-09-01;1;f006;sp020;BUDGET;ACTIVE;l.kasianenko@ukma.edu.ua;+380501235015;2007-02-28;19
st20250726;Viktoriia;Kharchenko;Anatoliivna;Female;1;2025-09-01;1;f006;sp020;BUDGET;ACTIVE;v.kharchenko@ukma.edu.ua;+380501235016;2006-12-05;19
st20240721;Artem;Babenko;Volodymyrovych;Male;2;2024-09-01;1;f006;sp020;CONTRACT;ACTIVE;a.babenko3@ukma.edu.ua;+380501235222;2006-05-20;19
st20240722;Yuliia;Boiko;Romanivna;Female;2;2024-09-01;1;f006;sp020;CONTRACT;ACTIVE;y.boiko@ukma.edu.ua;+380501235226;2005-06-13;20
st20240723;Valentyn;Bondar;Tymurovych;Male;2;2024-09-01;1;f006;sp020;BUDGET;ACTIVE;v.bondar1@ukma.edu.ua;+380501235259;2006-08-23;19
st20240724;Vasyl;Bondarenko;Stepanovych;Male;2;2024-09-01;1;f006;sp020;BUDGET;ACTIVE;v.bondarenko5@ukma.edu.ua;+380501235249;2006-08-17;19
st20240725;Maksym;Dmytrenko;Andriiovych;Male;2;2024-09-01;1;f006;sp020;BUDGET;ACTIVE;m.dmytrenko1@ukma.edu.ua;+380501235223;2005-07-21;20
st20240726;Kyrylo;Honcharenko;Romanovych;Male;2;2024-09-01;1;f006;sp020;BUDGET;ACTIVE;k.honcharenko@ukma.edu.ua;+380501235237;2006-01-21;20
st20240727;Kseniia;Honcharenko;Olehivna;Female;2;2024-09-01;1;f006;sp020;CONTRACT;ACTIVE;k.honcharenko1@ukma.edu.ua;+380501235243;2006-06-02;19
st20240728;Yurii;Hrytsenko;Artemovych;Male;2;2024-09-01;1;f006;sp020;BUDGET;ACTIVE;y.hrytsenko2@ukma.edu.ua;+380501235244;2005-12-21;20
st20230703;Rostyslav;Babenko;Mykhailovych;Male;3;2023-09-01;1;f006;sp020;CONTRACT;ACTIVE;r.babenko2@ukma.edu.ua;+380501236172;2004-10-26;21
st20230704;Anna;Boiko;Vitaliivna;Female;3;2023-09-01;1;f006;sp020;BUDGET;ACTIVE;a.boiko4@ukma.edu.ua;+380501236163;2005-06-16;20
st20230705;Mykhailo;Boiko;Tarasovych;Male;3;2023-09-01;1;f006;sp020;CONTRACT;ACTIVE;m.boiko5@ukma.edu.ua;+380501236169;2004-05-20;21
st20230706;Daria;Boiko;Maksymivna;Female;3;2023-09-01;1;f006;sp020;CONTRACT;ACTIVE;d.boiko5@ukma.edu.ua;+380501236177;2004-10-26;21
st20230707;Daria;Boiko;Hlibivna;Female;3;2023-09-01;1;f006;sp020;CONTRACT;ACTIVE;d.boiko6@ukma.edu.ua;+380501236190;2004-08-18;21
st20230708;Illia;Bondar;Romanovych;Male;3;2023-09-01;1;f006;sp020;CONTRACT;ACTIVE;i.bondar1@ukma.edu.ua;+380501236179;2004-05-06;21
st20230709;Yevhen;Bondarenko;Bohdanovych;Male;3;2023-09-01;1;f006;sp020;BUDGET;ACTIVE;y.bondarenko3@ukma.edu.ua;+380501236166;2005-02-01;21
st20220728;Viktor;Babenko;Stepanovych;Male;4;2022-09-01;1;f006;sp020;CONTRACT;ACTIVE;v.babenko11@ukma.edu.ua;+380501237107;2004-10-24;21
st20220729;Denys;Boiko;Hlibovych;Male;4;2022-09-01;1;f006;sp020;BUDGET;ACTIVE;d.boiko9@ukma.edu.ua;+380501237128;2003-02-28;23
st20220730;Viktoriia;Bondar;Illivna;Female;4;2022-09-01;1;f006;sp020;CONTRACT;ACTIVE;v.bondar15@ukma.edu.ua;+380501237103;2003-11-17;22
st20220731;Hlib;Bondar;Yuriiovych;Male;4;2022-09-01;1;f006;sp020;CONTRACT;ACTIVE;h.bondar2@ukma.edu.ua;+380501237136;2004-05-23;21
st20220732;Maksym;Bondarenko;Andriiovych;Male;4;2022-09-01;1;f006;sp020;CONTRACT;ACTIVE;m.bondarenko1@ukma.edu.ua;+380501237133;2004-06-21;21
st20220733;Liubov;Dmytrenko;Volodymyrivna;Female;4;2022-09-01;1;f006;sp020;CONTRACT;ACTIVE;l.dmytrenko@ukma.edu.ua;+380501237109;2003-05-18;22
st20220734;Alisa;Dmytrenko;Maksymivna;Female;4;2022-09-01;1;f006;sp020;CONTRACT;ACTIVE;a.dmytrenko10@ukma.edu.ua;+380501237113;2004-11-02;21
st20250727;Artur;Kozlovskyi;Andriiovych;Male;1;2025-09-01;2;f006;sp020;BUDGET;ACTIVE;a.kozlovskyi@ukma.edu.ua;+380501235017;2007-04-19;19
st20250728;Sofiia;Boklan;Valeriivna;Female;1;2025-09-01;2;f006;sp020;BUDGET;ACTIVE;s.boklan@ukma.edu.ua;+380501235018;2006-11-20;19
st20250729;Maryna;Yakovenko;Viktorivna;Female;1;2025-09-01;2;f006;sp020;BUDGET;ACTIVE;m.yakovenko@ukma.edu.ua;+380501235019;2007-09-11;18
st20250730;Yaryna;Predzymyrska;Vasylivna;Female;1;2025-09-01;2;f006;sp020;BUDGET;ACTIVE;y.predzymyrska@ukma.edu.ua;+380501235020;2006-01-08;20
st20250731;Yevheniia;Fau;Yevheniivna;Female;1;2025-09-01;2;f006;sp020;BUDGET;ACTIVE;y.fau@ukma.edu.ua;+380501235021;2007-07-14;18
st20240729;Zlata;Hrytsenko;Tymurivna;Female;2;2024-09-01;2;f006;sp020;CONTRACT;ACTIVE;z.hrytsenko@ukma.edu.ua;+380501235248;2005-01-05;21
st20240730;Daria;Koval;Arturivna;Female;2;2024-09-01;2;f006;sp020;CONTRACT;ACTIVE;d.koval@ukma.edu.ua;+380501235250;2005-03-16;21
st20240731;Volodymyr;Koval;Maksymovych;Male;2;2024-09-01;2;f006;sp020;CONTRACT;ACTIVE;v.koval@ukma.edu.ua;+380501235252;2005-07-18;20
st20240732;Diana;Kovalenko;Volodymyrivna;Female;2;2024-09-01;2;f006;sp020;CONTRACT;ACTIVE;d.kovalenko3@ukma.edu.ua;+380501235257;2005-04-08;21
st20240733;Yelyzaveta;Kovalenko;Mykhailivna;Female;2;2024-09-01;2;f006;sp020;BUDGET;ACTIVE;y.kovalenko2@ukma.edu.ua;+380501235263;2005-05-25;20
st20240734;Vladyslav;Kravchenko;Serhiiovych;Male;2;2024-09-01;2;f006;sp020;CONTRACT;ACTIVE;v.kravchenko2@ukma.edu.ua;+380501235254;2005-01-10;21
st20240735;Khrystyna;Lysenko;Yevhenivna;Female;2;2024-09-01;2;f006;sp020;BUDGET;ACTIVE;k.lysenko4@ukma.edu.ua;+380501235224;2005-02-27;21
st20240736;Anastasiia;Lysenko;Kyrylivna;Female;2;2024-09-01;2;f006;sp020;CONTRACT;ACTIVE;a.lysenko3@ukma.edu.ua;+380501235239;2005-08-22;20
st20230710;Valeriia;Bondarenko;Hlibivna;Female;3;2023-09-01;2;f006;sp020;CONTRACT;ACTIVE;v.bondarenko9@ukma.edu.ua;+380501236194;2004-02-03;22
st20230711;Valeriia;Honcharenko;Stepanivna;Female;3;2023-09-01;2;f006;sp020;CONTRACT;ACTIVE;v.honcharenko10@ukma.edu.ua;+380501236178;2004-08-21;21
st20230712;Yevhen;Honcharenko;Mykolaiovych;Male;3;2023-09-01;2;f006;sp020;BUDGET;ACTIVE;y.honcharenko4@ukma.edu.ua;+380501236197;2005-06-10;20
st20230713;Rostyslav;Ivanenko;Valentynovych;Male;3;2023-09-01;2;f006;sp020;BUDGET;ACTIVE;r.ivanenko@ukma.edu.ua;+380501236164;2004-04-22;21
st20230714;Yana;Ivanenko;Vladyslavivna;Female;3;2023-09-01;2;f006;sp020;CONTRACT;ACTIVE;y.ivanenko1@ukma.edu.ua;+380501236187;2005-01-23;21
st20230715;Solomiia;Karpenko;Antonivna;Female;3;2023-09-01;2;f006;sp020;CONTRACT;ACTIVE;s.karpenko2@ukma.edu.ua;+380501236158;2005-01-25;21
st20230716;Nataliia;Karpenko;Andriivna;Female;3;2023-09-01;2;f006;sp020;BUDGET;ACTIVE;n.karpenko4@ukma.edu.ua;+380501236185;2005-05-10;20
st20220735;Sofiia;Honcharenko;Tarasivna;Female;4;2022-09-01;2;f006;sp020;CONTRACT;ACTIVE;s.honcharenko3@ukma.edu.ua;+380501237101;2004-06-14;21
st20220736;Illia;Hrytsenko;Valentynovych;Male;4;2022-09-01;2;f006;sp020;BUDGET;ACTIVE;i.hrytsenko5@ukma.edu.ua;+380501237137;2003-04-19;23
st20220737;Maksym;Ivanenko;Antonovych;Male;4;2022-09-01;2;f006;sp020;CONTRACT;ACTIVE;m.ivanenko6@ukma.edu.ua;+380501237121;2004-01-16;22
st20220738;Yana;Karpenko;Artemivna;Female;4;2022-09-01;2;f006;sp020;BUDGET;ACTIVE;y.karpenko9@ukma.edu.ua;+380501237102;2003-11-21;22
st20220739;Anton;Khomenko;Bohdanovych;Male;4;2022-09-01;2;f006;sp020;BUDGET;ACTIVE;a.khomenko9@ukma.edu.ua;+380501237118;2003-09-03;22
st20220740;Taras;Koval;Ivanovych;Male;4;2022-09-01;2;f006;sp020;BUDGET;ACTIVE;t.koval6@ukma.edu.ua;+380501237129;2004-04-20;21
st20220741;Viktoriia;Koval;Maksymivna;Female;4;2022-09-01;2;f006;sp020;BUDGET;ACTIVE;v.koval10@ukma.edu.ua;+380501237130;2004-10-12;21
st20250732;Nataliia;Khomenko;Ihorivna;Female;1;2025-09-01;3;f006;sp020;BUDGET;ACTIVE;n.khomenko@ukma.edu.ua;+380501235022;2006-10-27;19
st20250733;Oksana;Sotina;Andriivna;Female;1;2025-09-01;3;f006;sp020;BUDGET;ACTIVE;o.sotina@ukma.edu.ua;+380501235023;2007-03-31;19
st20250734;Leonid;Polishchuk;Viacheslavovych;Male;1;2025-09-01;3;f006;sp020;CONTRACT;ACTIVE;l.polishchuk@ukma.edu.ua;+380501235024;2006-08-16;19
st20250735;Tetiana;Voropai;Oleksandrivna;Female;1;2025-09-01;3;f006;sp020;CONTRACT;ACTIVE;t.voropai@ukma.edu.ua;+380501235025;2007-11-04;18
st20240737;Iryna;Lysenko;Volodymyrivna;Female;2;2024-09-01;3;f006;sp020;BUDGET;ACTIVE;i.lysenko1@ukma.edu.ua;+380501235258;2005-02-23;21
st20240738;Yelyzaveta;Marchenko;Romanivna;Female;2;2024-09-01;3;f006;sp020;CONTRACT;ACTIVE;y.marchenko2@ukma.edu.ua;+380501235227;2006-04-12;20
st20240739;Yelyzaveta;Marchenko;Illivna;Female;2;2024-09-01;3;f006;sp020;BUDGET;ACTIVE;y.marchenko3@ukma.edu.ua;+380501235228;2006-02-01;20
st20240740;Kyrylo;Marchenko;Illich;Male;2;2024-09-01;3;f006;sp020;CONTRACT;ACTIVE;k.marchenko@ukma.edu.ua;+380501235230;2006-06-01;19
st20240741;Vasyl;Marchenko;Antonovych;Male;2;2024-09-01;3;f006;sp020;CONTRACT;ACTIVE;v.marchenko3@ukma.edu.ua;+380501235234;2006-05-19;19
st20240742;Yuliia;Marchenko;Serhiivna;Female;2;2024-09-01;3;f006;sp020;CONTRACT;ACTIVE;y.marchenko4@ukma.edu.ua;+380501235256;2005-06-07;20
st20240743;Anton;Melnyk;Dmytrovych;Male;2;2024-09-01;3;f006;sp020;CONTRACT;ACTIVE;a.melnyk5@ukma.edu.ua;+380501235238;2005-07-16;20
st20240744;Oleh;Melnyk;Artemovych;Male;2;2024-09-01;3;f006;sp020;BUDGET;ACTIVE;o.melnyk@ukma.edu.ua;+380501235247;2006-11-10;19
st20230717;Uliana;Kravchenko;Hlibivna;Female;3;2023-09-01;3;f006;sp020;CONTRACT;ACTIVE;u.kravchenko@ukma.edu.ua;+380501236160;2004-05-01;21
st20230718;Daria;Lysenko;Volodymyrivna;Female;3;2023-09-01;3;f006;sp020;CONTRACT;ACTIVE;d.lysenko4@ukma.edu.ua;+380501236165;2005-07-07;20
st20230719;Valeriia;Lysenko;Illivna;Female;3;2023-09-01;3;f006;sp020;BUDGET;ACTIVE;v.lysenko8@ukma.edu.ua;+380501236168;2005-07-22;20
st20230720;Anton;Marchenko;Yevhenovych;Male;3;2023-09-01;3;f006;sp020;CONTRACT;ACTIVE;a.marchenko12@ukma.edu.ua;+380501236183;2005-08-08;20
st20230721;Andrii;Melnyk;Denysovych;Male;3;2023-09-01;3;f006;sp020;BUDGET;ACTIVE;a.melnyk10@ukma.edu.ua;+380501236173;2004-03-17;22
st20230722;Volodymyr;Melnyk;Valentynovych;Male;3;2023-09-01;3;f006;sp020;CONTRACT;ACTIVE;v.melnyk11@ukma.edu.ua;+380501236188;2004-09-10;21
st20230723;Denys;Melnyk;Mykolaiovych;Male;3;2023-09-01;3;f006;sp020;BUDGET;ACTIVE;d.melnyk1@ukma.edu.ua;+380501236195;2005-03-10;21
st20220742;Viktoriia;Koval;Vitaliivna;Female;4;2022-09-01;3;f006;sp020;BUDGET;ACTIVE;v.koval11@ukma.edu.ua;+380501237138;2003-08-01;22
st20220743;Oleh;Kovalenko;Oleksandrovych;Male;4;2022-09-01;3;f006;sp020;CONTRACT;ACTIVE;o.kovalenko4@ukma.edu.ua;+380501237122;2004-05-22;21
st20220744;Volodymyr;Kovalenko;Rostyslavovych;Male;4;2022-09-01;3;f006;sp020;CONTRACT;ACTIVE;v.kovalenko11@ukma.edu.ua;+380501237134;2004-11-04;21
st20220745;Vitalii;Kravchenko;Mykhailovych;Male;4;2022-09-01;3;f006;sp020;CONTRACT;ACTIVE;v.kravchenko11@ukma.edu.ua;+380501237120;2003-08-11;22
st20220746;Vira;Lysenko;Olehivna;Female;4;2022-09-01;3;f006;sp020;CONTRACT;ACTIVE;v.lysenko15@ukma.edu.ua;+380501237114;2003-05-26;22
st20220747;Denys;Moroz;Yevhenovych;Male;4;2022-09-01;3;f006;sp020;CONTRACT;ACTIVE;d.moroz4@ukma.edu.ua;+380501237111;2004-10-23;21
st20220748;Nataliia;Moroz;Oleksandrivna;Female;4;2022-09-01;3;f006;sp020;CONTRACT;ACTIVE;n.moroz2@ukma.edu.ua;+380501237112;2003-03-01;23
st20240745;Valentyn;Melnyk;Dmytrovych;Male;2;2024-09-01;4;f006;sp020;BUDGET;ACTIVE;v.melnyk1@ukma.edu.ua;+380501235251;2006-09-22;19
st20240746;Bozhena;Moroz;Tymurivna;Female;2;2024-09-01;4;f006;sp020;BUDGET;ACTIVE;b.moroz@ukma.edu.ua;+380501235232;2005-07-23;20
st20240747;Vladyslav;Moroz;Denysovych;Male;2;2024-09-01;4;f006;sp020;BUDGET;ACTIVE;v.moroz6@ukma.edu.ua;+380501235253;2005-05-04;20
st20240748;Stepan;Oliinyk;Maksymovych;Male;2;2024-09-01;4;f006;sp020;BUDGET;ACTIVE;s.oliinyk1@ukma.edu.ua;+380501235229;2006-10-20;19
st20240749;Anna;Panchenko;Rostyslavivna;Female;2;2024-09-01;4;f006;sp020;CONTRACT;ACTIVE;a.panchenko1@ukma.edu.ua;+380501235240;2006-12-18;19
st20240750;Yana;Panchenko;Tarasivna;Female;2;2024-09-01;4;f006;sp020;CONTRACT;ACTIVE;y.panchenko2@ukma.edu.ua;+380501235242;2006-12-23;19
st20240751;Yuliia;Petrenko;Denysivna;Female;2;2024-09-01;4;f006;sp020;CONTRACT;ACTIVE;y.petrenko2@ukma.edu.ua;+380501235225;2005-01-26;21
st20240752;Valeriia;Petrenko;Bohdanivna;Female;2;2024-09-01;4;f006;sp020;CONTRACT;ACTIVE;v.petrenko2@ukma.edu.ua;+380501235245;2005-01-04;21
st20230724;Khrystyna;Moroz;Andriivna;Female;3;2023-09-01;4;f006;sp020;CONTRACT;ACTIVE;k.moroz1@ukma.edu.ua;+380501236192;2005-09-22;20
st20230725;Diana;Oliinyk;Romanivna;Female;3;2023-09-01;4;f006;sp020;CONTRACT;ACTIVE;d.oliinyk2@ukma.edu.ua;+380501236171;2004-11-26;21
st20230726;Svitlana;Petrenko;Serhiivna;Female;3;2023-09-01;4;f006;sp020;BUDGET;ACTIVE;s.petrenko4@ukma.edu.ua;+380501236167;2005-07-04;20
st20230727;Oleksandr;Petrenko;Mykolaiovych;Male;3;2023-09-01;4;f006;sp020;CONTRACT;ACTIVE;o.petrenko2@ukma.edu.ua;+380501236176;2005-07-25;20
st20230728;Yurii;Polishchuk;Andriiovych;Male;3;2023-09-01;4;f006;sp020;CONTRACT;ACTIVE;y.polishchuk@ukma.edu.ua;+380501236161;2004-01-14;22
st20230729;Yana;Polishchuk;Andriivna;Female;3;2023-09-01;4;f006;sp020;BUDGET;ACTIVE;y.polishchuk1@ukma.edu.ua;+380501236175;2005-05-27;20
st20230730;Tetiana;Polishchuk;Ivanivna;Female;3;2023-09-01;4;f006;sp020;CONTRACT;ACTIVE;t.polishchuk3@ukma.edu.ua;+380501236184;2005-05-25;20
st20220749;Vira;Moroz;Kyrylivna;Female;4;2022-09-01;4;f006;sp020;CONTRACT;ACTIVE;v.moroz13@ukma.edu.ua;+380501237123;2003-06-18;22
st20220750;Pavlo;Moroz;Romanovych;Male;4;2022-09-01;4;f006;sp020;BUDGET;ACTIVE;p.moroz1@ukma.edu.ua;+380501237126;2004-09-12;21
st20220751;Bohdan;Oliinyk;Ivanovych;Male;4;2022-09-01;4;f006;sp020;BUDGET;ACTIVE;b.oliinyk1@ukma.edu.ua;+380501237116;2003-10-12;22
st20220752;Pavlo;Oliinyk;Vitaliiovych;Male;4;2022-09-01;4;f006;sp020;BUDGET;ACTIVE;p.oliinyk5@ukma.edu.ua;+380501237135;2003-09-22;22
st20220753;Ivan;Petrenko;Yuriiovych;Male;4;2022-09-01;4;f006;sp020;CONTRACT;ACTIVE;i.petrenko7@ukma.edu.ua;+380501237119;2004-06-20;21
st20220754;Yevhen;Polishchuk;Serhiiovych;Male;4;2022-09-01;4;f006;sp020;BUDGET;ACTIVE;y.polishchuk5@ukma.edu.ua;+380501237125;2004-09-21;21
st20220755;Artur;Radchenko;Tymurovych;Male;4;2022-09-01;4;f006;sp020;BUDGET;ACTIVE;a.radchenko10@ukma.edu.ua;+380501237104;2003-04-05;23
st20240753;Daria;Polishchuk;Serhiivna;Female;2;2024-09-01;5;f006;sp020;BUDGET;ACTIVE;d.polishchuk@ukma.edu.ua;+380501235260;2005-10-12;20
st20240754;Diana;Ponomarenko;Yuriivna;Female;2;2024-09-01;5;f006;sp020;CONTRACT;ACTIVE;d.ponomarenko3@ukma.edu.ua;+380501235241;2006-12-12;19
st20240755;Alina;Ponomarenko;Illivna;Female;2;2024-09-01;5;f006;sp020;BUDGET;ACTIVE;a.ponomarenko4@ukma.edu.ua;+380501235262;2005-07-22;20
st20240756;Roman;Radchenko;Vladyslavovych;Male;2;2024-09-01;5;f006;sp020;CONTRACT;ACTIVE;r.radchenko@ukma.edu.ua;+380501235231;2006-06-22;19
st20240757;Oksana;Rudenko;Dmytrivna;Female;2;2024-09-01;5;f006;sp020;BUDGET;ACTIVE;o.rudenko1@ukma.edu.ua;+380501235235;2005-11-20;20
st20240758;Sofiia;Rudenko;Mykhailivna;Female;2;2024-09-01;5;f006;sp020;BUDGET;ACTIVE;s.rudenko2@ukma.edu.ua;+380501235246;2006-08-24;19
st20240759;Viktor;Savchenko;Tymurovych;Male;2;2024-09-01;5;f006;sp020;CONTRACT;ACTIVE;v.savchenko5@ukma.edu.ua;+380501235255;2005-10-09;20
st20240760;Yelyzaveta;Shevchuk;Dmytrivna;Female;2;2024-09-01;5;f006;sp020;CONTRACT;ACTIVE;y.shevchuk@ukma.edu.ua;+380501235233;2005-05-24;20
st20230731;Hlib;Radchenko;Vitaliiovych;Male;3;2023-09-01;5;f006;sp020;BUDGET;ACTIVE;h.radchenko@ukma.edu.ua;+380501236180;2004-01-03;22
st20230732;Kateryna;Rudenko;Antonivna;Female;3;2023-09-01;5;f006;sp020;CONTRACT;ACTIVE;k.rudenko3@ukma.edu.ua;+380501236186;2005-03-14;21
st20230733;Anton;Rudenko;Tymurovych;Male;3;2023-09-01;5;f006;sp020;CONTRACT;ACTIVE;a.rudenko3@ukma.edu.ua;+380501236198;2005-10-05;20
st20230734;Yana;Savchenko;Oleksandrivna;Female;3;2023-09-01;5;f006;sp020;CONTRACT;ACTIVE;y.savchenko3@ukma.edu.ua;+380501236159;2005-03-22;21
st20230735;Mykhailo;Savchenko;Artemovych;Male;3;2023-09-01;5;f006;sp020;CONTRACT;ACTIVE;m.savchenko3@ukma.edu.ua;+380501236162;2004-01-04;22
st20230736;Khrystyna;Savchenko;Volodymyrivna;Female;3;2023-09-01;5;f006;sp020;CONTRACT;ACTIVE;k.savchenko3@ukma.edu.ua;+380501236170;2004-08-22;21
st20230737;Anhelina;Savchenko;Illivna;Female;3;2023-09-01;5;f006;sp020;CONTRACT;ACTIVE;a.savchenko6@ukma.edu.ua;+380501236196;2005-07-25;20
st20220756;Alisa;Radchenko;Artemivna;Female;4;2022-09-01;5;f006;sp020;CONTRACT;ACTIVE;a.radchenko11@ukma.edu.ua;+380501237115;2004-11-26;21
st20220757;Svitlana;Rudenko;Ivanivna;Female;4;2022-09-01;5;f006;sp020;CONTRACT;ACTIVE;s.rudenko9@ukma.edu.ua;+380501237106;2004-02-17;22
st20220758;Kateryna;Rudenko;Mykolaivna;Female;4;2022-09-01;5;f006;sp020;BUDGET;ACTIVE;k.rudenko4@ukma.edu.ua;+380501237110;2004-09-25;21
st20220759;Vitalii;Shevchenko;Volodymyrovych;Male;4;2022-09-01;5;f006;sp020;CONTRACT;ACTIVE;v.shevchenko10@ukma.edu.ua;+380501237105;2004-06-15;21
st20220760;Polina;Shevchenko;Maksymivna;Female;4;2022-09-01;5;f006;sp020;CONTRACT;ACTIVE;p.shevchenko3@ukma.edu.ua;+380501237108;2004-10-27;21
st20220761;Yurii;Sydorenko;Mykolaiovych;Male;4;2022-09-01;5;f006;sp020;BUDGET;ACTIVE;y.sydorenko2@ukma.edu.ua;+380501237117;2003-04-16;23
st20220762;Volodymyr;Taran;Denysovych;Male;4;2022-09-01;5;f006;sp020;CONTRACT;ACTIVE;v.taran18@ukma.edu.ua;+380501237127;2003-03-24;23
st20240761;Vira;Taran;Valentynivna;Female;2;2024-09-01;6;f006;sp020;CONTRACT;ACTIVE;v.taran5@ukma.edu.ua;+380501235261;2005-09-17;20
st20240762;Yelyzaveta;Tkachenko;Dmytrivna;Female;2;2024-09-01;6;f006;sp020;BUDGET;ACTIVE;y.tkachenko3@ukma.edu.ua;+380501235236;2005-09-10;20
st20240763;Valentyn;Tkachenko;Denysovych;Male;2;2024-09-01;6;f006;sp020;CONTRACT;ACTIVE;v.tkachenko5@ukma.edu.ua;+380501235264;2005-12-02;20
st20240764;Stepan;Vlasenko;Valentynovych;Male;2;2024-09-01;6;f006;sp020;CONTRACT;ACTIVE;s.vlasenko2@ukma.edu.ua;+380501235221;2005-06-09;20
st20230738;Vira;Shevchenko;Volodymyrivna;Female;3;2023-09-01;6;f006;sp020;BUDGET;ACTIVE;v.shevchenko7@ukma.edu.ua;+380501236157;2004-04-26;21
st20230739;Svitlana;Shevchuk;Mykhailivna;Female;3;2023-09-01;6;f006;sp020;BUDGET;ACTIVE;s.shevchuk3@ukma.edu.ua;+380501236181;2004-09-08;21
st20230740;Ivan;Shevchuk;Artemovych;Male;3;2023-09-01;6;f006;sp020;CONTRACT;ACTIVE;i.shevchuk2@ukma.edu.ua;+380501236182;2005-03-11;21
st20230741;Nazar;Shevchuk;Romanovych;Male;3;2023-09-01;6;f006;sp020;BUDGET;ACTIVE;n.shevchuk4@ukma.edu.ua;+380501236189;2004-05-04;21
st20230742;Nazar;Sydorenko;Arturovych;Male;3;2023-09-01;6;f006;sp020;CONTRACT;ACTIVE;n.sydorenko6@ukma.edu.ua;+380501236193;2005-01-11;21
st20230743;Alisa;Tkachenko;Arturivna;Female;3;2023-09-01;6;f006;sp020;CONTRACT;ACTIVE;a.tkachenko4@ukma.edu.ua;+380501236191;2004-01-05;22
st20230744;Alina;Tkachuk;Tymurivna;Female;3;2023-09-01;6;f006;sp020;BUDGET;ACTIVE;a.tkachuk9@ukma.edu.ua;+380501236174;2005-11-05;20
st20220763;Kyrylo;Taran;Tymurovych;Male;4;2022-09-01;6;f006;sp020;CONTRACT;ACTIVE;k.taran3@ukma.edu.ua;+380501237131;2004-01-09;22
st20220764;Yevhen;Vlasenko;Andriiovych;Male;4;2022-09-01;6;f006;sp020;CONTRACT;ACTIVE;y.vlasenko4@ukma.edu.ua;+380501237124;2003-04-15;23
st20220765;Viktor;Vlasenko;Valentynovych;Male;4;2022-09-01;6;f006;sp020;CONTRACT;ACTIVE;v.vlasenko6@ukma.edu.ua;+380501237132;2004-06-21;21
st20250736;Yaryna;Kushnir;Yevheniivna;Female;1;2025-09-01;1;f006;sp021;BUDGET;ACTIVE;y.kushnir@ukma.edu.ua;+380501235026;2006-06-21;19
st20250737;Daria;Danyliuk;Viktorivna;Female;1;2025-09-01;1;f006;sp021;BUDGET;ACTIVE;d.danyliuk@ukma.edu.ua;+380501235027;2007-05-19;18
st20250738;Danylo;Palashchuk;Romanovych;Male;1;2025-09-01;1;f006;sp021;BUDGET;ACTIVE;d.palashchuk@ukma.edu.ua;+380501235028;2006-01-09;20
st20250739;Olena;Lenivenko;Stanislavivna;Female;1;2025-09-01;1;f006;sp021;BUDGET;ACTIVE;o.lenivenko@ukma.edu.ua;+380501235029;2007-12-25;18
st20250740;Vladyslav;Radchuk;Mykolaiovych;Male;1;2025-09-01;1;f006;sp021;BUDGET;ACTIVE;v.radchuk@ukma.edu.ua;+380501235030;2006-04-30;19
st20240765;Viktor;Babenko;Kyrylovych;Male;2;2024-09-01;1;f006;sp021;CONTRACT;ACTIVE;v.babenko3@ukma.edu.ua;+380501235285;2005-08-23;20
st20240766;Ivan;Boiko;Mykhailovych;Male;2;2024-09-01;1;f006;sp021;CONTRACT;ACTIVE;i.boiko1@ukma.edu.ua;+380501235290;2005-02-22;21
st20240767;Solomiia;Bondar;Olehivna;Female;2;2024-09-01;1;f006;sp021;CONTRACT;ACTIVE;s.bondar@ukma.edu.ua;+380501235305;2005-03-04;21
st20240768;Vira;Bondarenko;Tarasivna;Female;2;2024-09-01;1;f006;sp021;BUDGET;ACTIVE;v.bondarenko6@ukma.edu.ua;+380501235267;2005-02-25;21
st20240769;Bozhena;Dmytrenko;Tymurivna;Female;2;2024-09-01;1;f006;sp021;BUDGET;ACTIVE;b.dmytrenko@ukma.edu.ua;+380501235280;2006-09-05;19
st20240770;Oleh;Karpenko;Volodymyrovych;Male;2;2024-09-01;1;f006;sp021;BUDGET;ACTIVE;o.karpenko1@ukma.edu.ua;+380501235282;2005-09-24;20
st20240771;Nataliia;Karpenko;Illivna;Female;2;2024-09-01;1;f006;sp021;BUDGET;ACTIVE;n.karpenko2@ukma.edu.ua;+380501235294;2006-01-03;20
st20230745;Yuliia;Babenko;Oleksandrivna;Female;3;2023-09-01;1;f006;sp021;CONTRACT;ACTIVE;y.babenko4@ukma.edu.ua;+380501236201;2004-05-24;21
st20230746;Maksym;Babenko;Stepanovych;Male;3;2023-09-01;1;f006;sp021;BUDGET;ACTIVE;m.babenko3@ukma.edu.ua;+380501236213;2004-04-17;22
st20230747;Olena;Babenko;Yevhenivna;Female;3;2023-09-01;1;f006;sp021;BUDGET;ACTIVE;o.babenko1@ukma.edu.ua;+380501236219;2004-03-16;22
st20230748;Anna;Babenko;Vladyslavivna;Female;3;2023-09-01;1;f006;sp021;BUDGET;ACTIVE;a.babenko7@ukma.edu.ua;+380501236222;2005-08-26;20
st20230749;Vira;Boiko;Dmytrivna;Female;3;2023-09-01;1;f006;sp021;BUDGET;ACTIVE;v.boiko3@ukma.edu.ua;+380501236218;2004-09-03;21
st20230750;Kateryna;Dmytrenko;Bohdanivna;Female;3;2023-09-01;1;f006;sp021;CONTRACT;ACTIVE;k.dmytrenko1@ukma.edu.ua;+380501236200;2004-12-14;21
st20220766;Anna;Babenko;Artemivna;Female;4;2022-09-01;1;f006;sp021;CONTRACT;ACTIVE;a.babenko11@ukma.edu.ua;+380501237155;2004-01-22;22
st20220767;Anhelina;Boiko;Tarasivna;Female;4;2022-09-01;1;f006;sp021;CONTRACT;ACTIVE;a.boiko8@ukma.edu.ua;+380501237141;2004-07-11;21
st20220768;Yurii;Bondar;Dmytrovych;Male;4;2022-09-01;1;f006;sp021;BUDGET;ACTIVE;y.bondar5@ukma.edu.ua;+380501237147;2004-07-18;21
st20220769;Mykhailo;Bondar;Arturovych;Male;4;2022-09-01;1;f006;sp021;CONTRACT;ACTIVE;m.bondar9@ukma.edu.ua;+380501237164;2003-03-08;23
st20220770;Liubov;Bondar;Stepanivna;Female;4;2022-09-01;1;f006;sp021;BUDGET;ACTIVE;l.bondar@ukma.edu.ua;+380501237173;2003-10-05;22
st20220771;Mykola;Bondarenko;Mykolaiovych;Male;4;2022-09-01;1;f006;sp021;CONTRACT;ACTIVE;m.bondarenko2@ukma.edu.ua;+380501237153;2004-01-16;22
st20220772;Nazar;Dmytrenko;Romanovych;Male;4;2022-09-01;1;f006;sp021;BUDGET;ACTIVE;n.dmytrenko2@ukma.edu.ua;+380501237157;2004-03-24;22
st20250741;Ivanna;Volochai;Yuriivna;Female;1;2025-09-01;2;f006;sp021;CONTRACT;ACTIVE;i.volochai@ukma.edu.ua;+380501235031;2007-10-12;18
st20250742;Dmytro;Shvydkov;Volodymyrovych;Male;1;2025-09-01;2;f006;sp021;CONTRACT;ACTIVE;d.shvydkov@ukma.edu.ua;+380501235032;2006-02-28;20
st20250743;Illia;Durytskyi;Oleksandrovych;Male;1;2025-09-01;2;f006;sp021;CONTRACT;ACTIVE;i.durytskyi@ukma.edu.ua;+380501235033;2007-07-07;18
st20250744;Dmytro;Pantiukhov;Anatoliiovych;Male;1;2025-09-01;2;f006;sp021;CONTRACT;ACTIVE;d.pantiukhov@ukma.edu.ua;+380501235034;2006-11-19;19
st20250745;Oriana;Romanchuk;Andriivna;Female;1;2025-09-01;2;f006;sp021;CONTRACT;ACTIVE;o.romanchuk@ukma.edu.ua;+380501235035;2007-05-23;18
st20240772;Yuliia;Karpenko;Antonivna;Female;2;2024-09-01;2;f006;sp021;BUDGET;ACTIVE;y.karpenko1@ukma.edu.ua;+380501235302;2006-08-03;19
st20240773;Bozhena;Karpenko;Illivna;Female;2;2024-09-01;2;f006;sp021;CONTRACT;ACTIVE;b.karpenko1@ukma.edu.ua;+380501235304;2005-06-28;20
st20240774;Daria;Khomenko;Artemivna;Female;2;2024-09-01;2;f006;sp021;CONTRACT;ACTIVE;d.khomenko2@ukma.edu.ua;+380501235292;2005-09-09;20
st20240775;Dmytro;Khomenko;Rostyslavovych;Male;2;2024-09-01;2;f006;sp021;BUDGET;ACTIVE;d.khomenko3@ukma.edu.ua;+380501235295;2006-10-26;19
st20240776;Mykola;Koval;Dmytrovych;Male;2;2024-09-01;2;f006;sp021;BUDGET;ACTIVE;m.koval1@ukma.edu.ua;+380501235268;2006-12-11;19
st20240777;Nadiia;Koval;Antonivna;Female;2;2024-09-01;2;f006;sp021;BUDGET;ACTIVE;n.koval1@ukma.edu.ua;+380501235286;2006-10-08;19
st20240778;Nataliia;Koval;Valentynivna;Female;2;2024-09-01;2;f006;sp021;BUDGET;ACTIVE;n.koval2@ukma.edu.ua;+380501235298;2005-01-26;21
st20230751;Yelyzaveta;Dmytrenko;Kyrylivna;Female;3;2023-09-01;2;f006;sp021;BUDGET;ACTIVE;y.dmytrenko4@ukma.edu.ua;+380501236210;2005-09-22;20
st20230752;Kseniia;Dmytrenko;Tarasivna;Female;3;2023-09-01;2;f006;sp021;CONTRACT;ACTIVE;k.dmytrenko2@ukma.edu.ua;+380501236225;2005-02-05;21
st20230753;Veronika;Havryliuk;Kyrylivna;Female;3;2023-09-01;2;f006;sp021;CONTRACT;ACTIVE;v.havryliuk2@ukma.edu.ua;+380501236199;2005-12-03;20
st20230754;Vira;Havryliuk;Vladyslavivna;Female;3;2023-09-01;2;f006;sp021;BUDGET;ACTIVE;v.havryliuk3@ukma.edu.ua;+380501236221;2005-09-16;20
st20230755;Veronika;Khomenko;Illivna;Female;3;2023-09-01;2;f006;sp021;CONTRACT;ACTIVE;v.khomenko5@ukma.edu.ua;+380501236223;2004-07-23;21
st20230756;Tymur;Koval;Denysovych;Male;3;2023-09-01;2;f006;sp021;CONTRACT;ACTIVE;t.koval3@ukma.edu.ua;+380501236212;2004-04-23;21
st20220773;Khrystyna;Dmytrenko;Olehivna;Female;4;2022-09-01;2;f006;sp021;CONTRACT;ACTIVE;k.dmytrenko5@ukma.edu.ua;+380501237174;2004-01-15;22
st20220774;Viktor;Havryliuk;Dmytrovych;Male;4;2022-09-01;2;f006;sp021;CONTRACT;ACTIVE;v.havryliuk6@ukma.edu.ua;+380501237151;2003-06-09;22
st20220775;Tymur;Havryliuk;Artemovych;Male;4;2022-09-01;2;f006;sp021;CONTRACT;ACTIVE;t.havryliuk5@ukma.edu.ua;+380501237175;2003-12-22;22
st20220776;Vasyl;Hrytsenko;Volodymyrovych;Male;4;2022-09-01;2;f006;sp021;BUDGET;ACTIVE;v.hrytsenko11@ukma.edu.ua;+380501237170;2004-07-18;21
st20220777;Nadiia;Ivanenko;Illivna;Female;4;2022-09-01;2;f006;sp021;CONTRACT;ACTIVE;n.ivanenko6@ukma.edu.ua;+380501237156;2004-03-19;22
st20220778;Nataliia;Karpenko;Hlibivna;Female;4;2022-09-01;2;f006;sp021;BUDGET;ACTIVE;n.karpenko6@ukma.edu.ua;+380501237161;2003-03-05;23
st20220779;Viktor;Khomenko;Artemovych;Male;4;2022-09-01;2;f006;sp021;BUDGET;ACTIVE;v.khomenko10@ukma.edu.ua;+380501237149;2003-08-01;22
st20250746;Daria;Kononova;Volodymyrivna;Female;1;2025-09-01;3;f006;sp021;CONTRACT;ACTIVE;d.kononova@ukma.edu.ua;+380501235036;2006-01-04;20
st20250747;Makar;Pysanko;Olehovych;Male;1;2025-09-01;3;f006;sp021;CONTRACT;ACTIVE;m.pysanko@ukma.edu.ua;+380501235037;2007-09-29;18
st20250748;Sofiia;Teliha;Yuriivna;Female;1;2025-09-01;3;f006;sp021;CONTRACT;ACTIVE;s.teliha@ukma.edu.ua;+380501235038;2006-12-14;19
st20250749;Dmytro;Zabolotnyi;Oleksandrovych;Male;1;2025-09-01;3;f006;sp021;CONTRACT;ACTIVE;d.zabolotnyi@ukma.edu.ua;+380501235039;2007-03-08;19
st20250750;Yevhenii;Velychko;Hermanovych;Male;1;2025-09-01;3;f006;sp021;CONTRACT;ACTIVE;y.velychko@ukma.edu.ua;+380501235040;2006-06-21;19
st20240779;Roman;Kovalenko;Vladyslavovych;Male;2;2024-09-01;3;f006;sp021;CONTRACT;ACTIVE;r.kovalenko@ukma.edu.ua;+380501235279;2006-02-18;20
st20240780;Yurii;Kravchenko;Mykhailovych;Male;2;2024-09-01;3;f006;sp021;CONTRACT;ACTIVE;y.kravchenko3@ukma.edu.ua;+380501235269;2005-09-02;20
st20240781;Yuliia;Marchenko;Maksymivna;Female;2;2024-09-01;3;f006;sp021;BUDGET;ACTIVE;y.marchenko5@ukma.edu.ua;+380501235296;2005-10-21;20
st20240782;Artem;Melnyk;Volodymyrovych;Male;2;2024-09-01;3;f006;sp021;BUDGET;ACTIVE;a.melnyk6@ukma.edu.ua;+380501235273;2006-11-19;19
st20240783;Viktor;Melnyk;Illich;Male;2;2024-09-01;3;f006;sp021;BUDGET;ACTIVE;v.melnyk2@ukma.edu.ua;+380501235276;2005-05-03;20
st20240784;Yuliia;Moroz;Rostyslavivna;Female;2;2024-09-01;3;f006;sp021;CONTRACT;ACTIVE;y.moroz2@ukma.edu.ua;+380501235274;2006-05-15;19
st20240785;Taras;Moroz;Stepanovych;Male;2;2024-09-01;3;f006;sp021;CONTRACT;ACTIVE;t.moroz2@ukma.edu.ua;+380501235275;2005-11-01;20
st20230757;Valentyn;Kravchenko;Tarasovych;Male;3;2023-09-01;3;f006;sp021;CONTRACT;ACTIVE;v.kravchenko7@ukma.edu.ua;+380501236207;2004-08-09;21
st20230758;Mariia;Kravchenko;Bohdanivna;Female;3;2023-09-01;3;f006;sp021;CONTRACT;ACTIVE;m.kravchenko3@ukma.edu.ua;+380501236230;2004-12-01;21
st20230759;Alina;Lysenko;Hlibivna;Female;3;2023-09-01;3;f006;sp021;CONTRACT;ACTIVE;a.lysenko7@ukma.edu.ua;+380501236202;2005-05-17;20
st20230760;Anastasiia;Marchenko;Mykhailivna;Female;3;2023-09-01;3;f006;sp021;BUDGET;ACTIVE;a.marchenko13@ukma.edu.ua;+380501236206;2005-06-10;20
st20230761;Anhelina;Melnyk;Antonivna;Female;3;2023-09-01;3;f006;sp021;CONTRACT;ACTIVE;a.melnyk11@ukma.edu.ua;+380501236204;2005-10-05;20
st20230762;Zlata;Moroz;Vladyslavivna;Female;3;2023-09-01;3;f006;sp021;BUDGET;ACTIVE;z.moroz@ukma.edu.ua;+380501236228;2005-11-12;20
st20220780;Ihor;Koval;Kyrylovych;Male;4;2022-09-01;3;f006;sp021;CONTRACT;ACTIVE;i.koval5@ukma.edu.ua;+380501237142;2004-10-07;21
st20220781;Kyrylo;Koval;Dmytrovych;Male;4;2022-09-01;3;f006;sp021;BUDGET;ACTIVE;k.koval5@ukma.edu.ua;+380501237163;2004-03-04;22
st20220782;Mykola;Koval;Oleksandrovych;Male;4;2022-09-01;3;f006;sp021;CONTRACT;ACTIVE;m.koval6@ukma.edu.ua;+380501237177;2003-01-28;23
st20220783;Serhii;Kovalenko;Serhiiovych;Male;4;2022-09-01;3;f006;sp021;CONTRACT;ACTIVE;s.kovalenko5@ukma.edu.ua;+380501237145;2003-05-02;22
st20220784;Nataliia;Kovalenko;Volodymyrivna;Female;4;2022-09-01;3;f006;sp021;BUDGET;ACTIVE;n.kovalenko1@ukma.edu.ua;+380501237168;2003-06-02;22
st20220785;Ivan;Kravchenko;Bohdanovych;Male;4;2022-09-01;3;f006;sp021;CONTRACT;ACTIVE;i.kravchenko2@ukma.edu.ua;+380501237160;2003-12-22;22
st20220786;Viktoriia;Kravchenko;Yuriivna;Female;4;2022-09-01;3;f006;sp021;BUDGET;ACTIVE;v.kravchenko12@ukma.edu.ua;+380501237178;2004-09-02;21
st20250751;Uliana;Baturevych;Andriivna;Female;1;2025-09-01;4;f006;sp021;CONTRACT;ACTIVE;u.baturevych@ukma.edu.ua;+380501235041;2007-11-28;18
st20250752;Anna;Pesniak;Dmytrivna;Female;1;2025-09-01;4;f006;sp021;CONTRACT;ACTIVE;a.pesniak@ukma.edu.ua;+380501235042;2006-04-15;20
st20250753;Sofiia;Bodnar;Ruslanivna;Female;1;2025-09-01;4;f006;sp021;CONTRACT;ACTIVE;s.bodnar@ukma.edu.ua;+380501235043;2007-08-01;18
st20250754;Yevdokiia;Zhuravlova;Viktorivna;Female;1;2025-09-01;4;f006;sp021;CONTRACT;ACTIVE;y.zhuravlova@ukma.edu.ua;+380501235044;2006-12-13;19
st20250755;Viktoriia;Yurchuk;Vitaliivna;Female;1;2025-09-01;4;f006;sp021;CONTRACT;ACTIVE;v.yurchuk@ukma.edu.ua;+380501235045;2007-04-26;18
st20240786;Nadiia;Petrenko;Illivna;Female;2;2024-09-01;4;f006;sp021;BUDGET;ACTIVE;n.petrenko1@ukma.edu.ua;+380501235265;2005-08-26;20
st20240787;Daria;Ponomarenko;Hlibivna;Female;2;2024-09-01;4;f006;sp021;CONTRACT;ACTIVE;d.ponomarenko4@ukma.edu.ua;+380501235277;2006-02-18;20
st20240788;Yuliia;Ponomarenko;Yevhenivna;Female;2;2024-09-01;4;f006;sp021;CONTRACT;ACTIVE;y.ponomarenko4@ukma.edu.ua;+380501235300;2006-12-04;19
st20240789;Khrystyna;Radchenko;Yevhenivna;Female;2;2024-09-01;4;f006;sp021;CONTRACT;ACTIVE;k.radchenko1@ukma.edu.ua;+380501235293;2005-05-01;20
st20240790;Volodymyr;Shevchenko;Olehovych;Male;2;2024-09-01;4;f006;sp021;BUDGET;ACTIVE;v.shevchenko3@ukma.edu.ua;+380501235278;2005-10-02;20
st20240791;Kyrylo;Shevchenko;Andriiovych;Male;2;2024-09-01;4;f006;sp021;BUDGET;ACTIVE;k.shevchenko2@ukma.edu.ua;+380501235289;2005-08-09;20
st20240792;Alisa;Shevchuk;Denysivna;Female;2;2024-09-01;4;f006;sp021;BUDGET;ACTIVE;a.shevchuk4@ukma.edu.ua;+380501235266;2005-03-14;21
st20230763;Nadiia;Oliinyk;Maksymivna;Female;3;2023-09-01;4;f006;sp021;CONTRACT;ACTIVE;n.oliinyk2@ukma.edu.ua;+380501236229;2005-11-09;20
st20230764;Bohdan;Panchenko;Vitaliiovych;Male;3;2023-09-01;4;f006;sp021;CONTRACT;ACTIVE;b.panchenko2@ukma.edu.ua;+380501236217;2005-12-17;20
st20230765;Iryna;Polishchuk;Stepanivna;Female;3;2023-09-01;4;f006;sp021;BUDGET;ACTIVE;i.polishchuk1@ukma.edu.ua;+380501236203;2004-01-07;22
st20230766;Oleksandr;Ponomarenko;Vladyslavovych;Male;3;2023-09-01;4;f006;sp021;BUDGET;ACTIVE;o.ponomarenko4@ukma.edu.ua;+380501236227;2005-02-12;21
st20230767;Valeriia;Savchenko;Illivna;Female;3;2023-09-01;4;f006;sp021;BUDGET;ACTIVE;v.savchenko6@ukma.edu.ua;+380501236224;2004-09-23;21
st20230768;Diana;Shevchuk;Rostyslavivna;Female;3;2023-09-01;4;f006;sp021;CONTRACT;ACTIVE;d.shevchuk4@ukma.edu.ua;+380501236220;2004-07-04;21
st20220787;Artur;Melnyk;Arturovych;Male;4;2022-09-01;4;f006;sp021;CONTRACT;ACTIVE;a.melnyk15@ukma.edu.ua;+380501237139;2003-07-17;22
st20220788;Kyrylo;Melnyk;Dmytrovych;Male;4;2022-09-01;4;f006;sp021;CONTRACT;ACTIVE;k.melnyk5@ukma.edu.ua;+380501237148;2004-05-03;21
st20220789;Yuliia;Moroz;Yuriivna;Female;4;2022-09-01;4;f006;sp021;BUDGET;ACTIVE;y.moroz8@ukma.edu.ua;+380501237150;2003-03-25;23
st20220790;Polina;Moroz;Illivna;Female;4;2022-09-01;4;f006;sp021;BUDGET;ACTIVE;p.moroz2@ukma.edu.ua;+380501237166;2003-08-23;22
st20220791;Diana;Oliinyk;Dmytrivna;Female;4;2022-09-01;4;f006;sp021;BUDGET;ACTIVE;d.oliinyk4@ukma.edu.ua;+380501237167;2004-01-05;22
st20220792;Tetiana;Panchenko;Vitaliivna;Female;4;2022-09-01;4;f006;sp021;CONTRACT;ACTIVE;t.panchenko4@ukma.edu.ua;+380501237176;2003-07-05;22
st20220793;Vitalii;Petrenko;Mykolaiovych;Male;4;2022-09-01;4;f006;sp021;CONTRACT;ACTIVE;v.petrenko10@ukma.edu.ua;+380501237143;2003-03-22;23
st20250756;Varvara;Shubenko;Vitaliivna;Female;1;2025-09-01;5;f006;sp021;CONTRACT;ACTIVE;v.shubenko@ukma.edu.ua;+380501235046;2006-06-18;19
st20250757;Poliina;Harbar;Ruslanivna;Female;1;2025-09-01;5;f006;sp021;CONTRACT;ACTIVE;p.harbar@ukma.edu.ua;+380501235047;2007-11-09;18
st20250758;Mariia;Pankova;Mykhailivna;Female;1;2025-09-01;5;f006;sp021;CONTRACT;ACTIVE;m.pankova@ukma.edu.ua;+380501235048;2006-03-10;20
st20250759;Nazarii;Didkivskyi;Olehovych;Male;1;2025-09-01;5;f006;sp021;CONTRACT;ACTIVE;n.didkivskyi@ukma.edu.ua;+380501235049;2007-08-27;18
st20250760;Yevheniia;Kozak;Yuriivna;Female;1;2025-09-01;5;f006;sp021;CONTRACT;ACTIVE;y.kozak@ukma.edu.ua;+380501235050;2006-01-05;20
st20240793;Uliana;Shevchuk;Andriivna;Female;2;2024-09-01;5;f006;sp021;BUDGET;ACTIVE;u.shevchuk@ukma.edu.ua;+380501235284;2006-05-27;19
st20240794;Maksym;Shevchuk;Artemovych;Male;2;2024-09-01;5;f006;sp021;CONTRACT;ACTIVE;m.shevchuk1@ukma.edu.ua;+380501235301;2006-06-28;19
st20240795;Uliana;Sydorenko;Yevhenivna;Female;2;2024-09-01;5;f006;sp021;BUDGET;ACTIVE;u.sydorenko@ukma.edu.ua;+380501235281;2005-02-26;21
st20240796;Uliana;Sydorenko;Artemivna;Female;2;2024-09-01;5;f006;sp021;BUDGET;ACTIVE;u.sydorenko1@ukma.edu.ua;+380501235287;2005-11-01;20
st20240797;Denys;Taran;Vitaliiovych;Male;2;2024-09-01;5;f006;sp021;CONTRACT;ACTIVE;d.taran@ukma.edu.ua;+380501235272;2005-11-13;20
st20240798;Vasyl;Tkachenko;Tymurovych;Male;2;2024-09-01;5;f006;sp021;CONTRACT;ACTIVE;v.tkachenko6@ukma.edu.ua;+380501235283;2005-09-02;20
st20240799;Khrystyna;Tkachenko;Antonivna;Female;2;2024-09-01;5;f006;sp021;CONTRACT;ACTIVE;k.tkachenko1@ukma.edu.ua;+380501235303;2005-06-27;20
st20230769;Zlata;Sydorenko;Bohdanivna;Female;3;2023-09-01;5;f006;sp021;BUDGET;ACTIVE;z.sydorenko@ukma.edu.ua;+380501236215;2005-01-25;21
st20230770;Iryna;Taran;Romanivna;Female;3;2023-09-01;5;f006;sp021;CONTRACT;ACTIVE;i.taran2@ukma.edu.ua;+380501236205;2005-12-04;20
st20230771;Artem;Taran;Dmytrovych;Male;3;2023-09-01;5;f006;sp021;CONTRACT;ACTIVE;a.taran6@ukma.edu.ua;+380501236226;2005-03-06;21
st20230772;Oleksandr;Tkachenko;Maksymovych;Male;3;2023-09-01;5;f006;sp021;BUDGET;ACTIVE;o.tkachenko1@ukma.edu.ua;+380501236209;2005-08-11;20
st20230773;Pavlo;Tkachuk;Maksymovych;Male;3;2023-09-01;5;f006;sp021;CONTRACT;ACTIVE;p.tkachuk1@ukma.edu.ua;+380501236211;2005-01-02;21
st20230774;Anton;Tkachuk;Vitaliiovych;Male;3;2023-09-01;5;f006;sp021;CONTRACT;ACTIVE;a.tkachuk10@ukma.edu.ua;+380501236214;2005-12-11;20
st20220794;Iryna;Shevchenko;Ivanivna;Female;4;2022-09-01;5;f006;sp021;BUDGET;ACTIVE;i.shevchenko2@ukma.edu.ua;+380501237146;2003-05-17;22
st20220795;Taras;Shevchenko;Tarasovych;Male;4;2022-09-01;5;f006;sp021;CONTRACT;ACTIVE;t.shevchenko2@ukma.edu.ua;+380501237154;2003-03-22;23
st20220796;Oleh;Shevchenko;Rostyslavovych;Male;4;2022-09-01;5;f006;sp021;CONTRACT;ACTIVE;o.shevchenko6@ukma.edu.ua;+380501237159;2004-12-10;21
st20220797;Oleh;Shevchenko;Maksymovych;Male;4;2022-09-01;5;f006;sp021;BUDGET;ACTIVE;o.shevchenko7@ukma.edu.ua;+380501237179;2003-10-23;22
st20220798;Stepan;Shevchuk;Oleksandrovych;Male;4;2022-09-01;5;f006;sp021;CONTRACT;ACTIVE;s.shevchuk8@ukma.edu.ua;+380501237144;2003-05-07;22
st20220799;Kseniia;Sydorenko;Romanivna;Female;4;2022-09-01;5;f006;sp021;BUDGET;ACTIVE;k.sydorenko5@ukma.edu.ua;+380501237140;2003-05-18;22
st20220800;Dmytro;Sydorenko;Mykhailovych;Male;4;2022-09-01;5;f006;sp021;CONTRACT;ACTIVE;d.sydorenko3@ukma.edu.ua;+380501237162;2004-04-09;22
st20250761;Dmytro;Yarosh;Dmytrovych;Male;1;2025-09-01;6;f006;sp021;CONTRACT;ACTIVE;d.yarosh@ukma.edu.ua;+380501235051;2007-03-12;19
st20250762;Dmitrii;Kolodiazhnyi;Andriiovych;Male;1;2025-09-01;6;f006;sp021;CONTRACT;ACTIVE;d.kolodiazhnyi@ukma.edu.ua;+380501235052;2006-11-20;19
st20250763;Marharyta;Sarnovska;Andriivna;Female;1;2025-09-01;6;f006;sp021;CONTRACT;ACTIVE;m.sarnovska@ukma.edu.ua;+380501235053;2007-05-08;18
st20250764;Anastasiia;Cherepanova;Serhiivna;Female;1;2025-09-01;6;f006;sp021;CONTRACT;ACTIVE;a.cherepanova@ukma.edu.ua;+380501235054;2006-08-14;19
st20250765;Veronika;Kulbako;Serhiivna;Female;1;2025-09-01;6;f006;sp021;CONTRACT;ACTIVE;v.kulbako@ukma.edu.ua;+380501235055;2007-02-22;19
st20240800;Viktor;Tkachuk;Olehovych;Male;2;2024-09-01;6;f006;sp021;BUDGET;ACTIVE;v.tkachuk8@ukma.edu.ua;+380501235271;2006-11-04;19
st20240801;Vasyl;Tkachuk;Volodymyrovych;Male;2;2024-09-01;6;f006;sp021;CONTRACT;ACTIVE;v.tkachuk9@ukma.edu.ua;+380501235288;2005-05-18;20
st20240802;Maksym;Vlasenko;Tarasovych;Male;2;2024-09-01;6;f006;sp021;BUDGET;ACTIVE;m.vlasenko1@ukma.edu.ua;+380501235270;2006-03-21;20
st20240803;Daria;Vlasenko;Rostyslavivna;Female;2;2024-09-01;6;f006;sp021;CONTRACT;ACTIVE;d.vlasenko3@ukma.edu.ua;+380501235291;2005-01-04;21
st20240804;Svitlana;Vlasenko;Bohdanivna;Female;2;2024-09-01;6;f006;sp021;CONTRACT;ACTIVE;s.vlasenko3@ukma.edu.ua;+380501235297;2005-11-02;20
st20240805;Kseniia;Vlasenko;Maksymivna;Female;2;2024-09-01;6;f006;sp021;CONTRACT;ACTIVE;k.vlasenko1@ukma.edu.ua;+380501235299;2006-02-27;20
st20230775;Kyrylo;Tkachuk;Stepanovych;Male;3;2023-09-01;6;f006;sp021;BUDGET;ACTIVE;k.tkachuk4@ukma.edu.ua;+380501236216;2005-04-23;20
st20230776;Ihor;Vlasenko;Bohdanovych;Male;3;2023-09-01;6;f006;sp021;CONTRACT;ACTIVE;i.vlasenko2@ukma.edu.ua;+380501236208;2005-11-17;20
st20220801;Uliana;Taran;Vladyslavivna;Female;4;2022-09-01;6;f006;sp021;CONTRACT;ACTIVE;u.taran1@ukma.edu.ua;+380501237158;2003-10-21;22
st20220802;Polina;Tkachenko;Olehivna;Female;4;2022-09-01;6;f006;sp021;BUDGET;ACTIVE;p.tkachenko@ukma.edu.ua;+380501237165;2003-01-10;23
st20220803;Anna;Tkachenko;Valentynivna;Female;4;2022-09-01;6;f006;sp021;BUDGET;ACTIVE;a.tkachenko10@ukma.edu.ua;+380501237169;2003-01-07;23
st20220804;Artem;Tkachenko;Dmytrovych;Male;4;2022-09-01;6;f006;sp021;CONTRACT;ACTIVE;a.tkachenko11@ukma.edu.ua;+380501237172;2004-10-24;21
st20220805;Bozhena;Tkachuk;Artemivna;Female;4;2022-09-01;6;f006;sp021;CONTRACT;ACTIVE;b.tkachuk2@ukma.edu.ua;+380501237171;2004-07-05;21
st20220806;Vitalii;Vlasenko;Stepanovych;Male;4;2022-09-01;6;f006;sp021;CONTRACT;ACTIVE;v.vlasenko7@ukma.edu.ua;+380501237152;2003-09-11;22
st20250766;Vlas;Horbenko;Ihorovych;Male;1;2025-09-01;7;f006;sp021;CONTRACT;ACTIVE;v.horbenko@ukma.edu.ua;+380501235056;2006-12-05;19
st20250767;Olena;Lazarenko;Oleksandrivna;Female;1;2025-09-01;7;f006;sp021;CONTRACT;ACTIVE;o.lazarenko@ukma.edu.ua;+380501235057;2007-09-11;18
st20250768;Yelyzaveta;Shkolna;Romanivna;Female;1;2025-09-01;7;f006;sp021;CONTRACT;ACTIVE;y.shkolna@ukma.edu.ua;+380501235058;2006-10-27;19
st20250769;Myroslav;Kavatsiv;Orestovych;Male;1;2025-09-01;7;f006;sp021;CONTRACT;ACTIVE;m.kavatsiv@ukma.edu.ua;+380501235059;2007-04-16;19
st20250770;Petro;Hryb;Romanovych;Male;1;2025-09-01;7;f006;sp021;CONTRACT;ACTIVE;p.hryb@ukma.edu.ua;+380501235060;2006-07-03;19
st20250771;Solomiia;Havrysh;Maksymivna;Female;1;2025-09-01;8;f006;sp021;CONTRACT;ACTIVE;s.havrysh@ukma.edu.ua;+380501235061;2007-05-19;18
st20250772;Sofiia;Yermakova;Oleksandrivna;Female;1;2025-09-01;8;f006;sp021;CONTRACT;ACTIVE;s.yermakova@ukma.edu.ua;+380501235062;2006-09-24;19
st20250773;Emiliia-Yelyzaveta;Dymyd;Mykhailivna;Female;1;2025-09-01;8;f006;sp021;CONTRACT;ACTIVE;e.dymyd@ukma.edu.ua;+380501235063;2007-03-31;19
st20250774;Mylana;Holda;Sviatoslavivna;Female;1;2025-09-01;8;f006;sp021;CONTRACT;ACTIVE;m.holda@ukma.edu.ua;+380501235064;2006-01-09;20
st20250775;Nazar;Hryhorenko;Vladyslavovych;Male;1;2025-09-01;8;f006;sp021;CONTRACT;ACTIVE;n.hryhorenko@ukma.edu.ua;+380501235065;2007-11-04;18
st20250776;Mariia;Lytvyn;Mykolaivna;Female;1;2025-09-01;9;f006;sp021;CONTRACT;ACTIVE;m.lytvyn@ukma.edu.ua;+380501235066;2006-08-21;19
st20250777;Volodymyr;Horokh;Oleksandrovych;Male;1;2025-09-01;9;f006;sp021;CONTRACT;ACTIVE;v.horokh@ukma.edu.ua;+380501235067;2007-06-15;18
st20250778;Ivan;Trokhymenko;Andriiovych;Male;1;2025-09-01;9;f006;sp021;CONTRACT;ACTIVE;i.trokhymenko@ukma.edu.ua;+380501235068;2006-04-30;19
st20250779;Oleksandr;Snihur;Illich;Male;1;2025-09-01;9;f006;sp021;CONTRACT;ACTIVE;o.snihur@ukma.edu.ua;+380501235069;2007-10-12;18
st20250780;Mykyta;Sheveliuk;Maksymovych;Male;1;2025-09-01;9;f006;sp021;CONTRACT;ACTIVE;m.sheveliuk@ukma.edu.ua;+380501235070;2006-02-28;20
st20250781;Vladyslav;Karpovych;Borysovych;Male;1;2025-09-01;10;f006;sp021;CONTRACT;ACTIVE;v.karpovych@ukma.edu.ua;+380501235071;2007-07-07;18
st20250782;Viktor;Horbatiuk;Serhiiovych;Male;1;2025-09-01;10;f006;sp021;CONTRACT;ACTIVE;v.horbatiuk@ukma.edu.ua;+380501235072;2006-11-19;19
st20250783;Viktor;Soloshenko;Yuriiovych;Male;1;2025-09-01;10;f006;sp021;CONTRACT;ACTIVE;v.soloshenko@ukma.edu.ua;+380501235073;2007-05-23;18
st20250784;Oleksii;Mihal;Serhiiovych;Male;1;2025-09-01;10;f006;sp021;CONTRACT;ACTIVE;o.mihal@ukma.edu.ua;+380501235074;2006-01-04;20
st20250785;Sofiia;Kohut;Mykolaivna;Female;1;2025-09-01;10;f006;sp021;CONTRACT;ACTIVE;s.kohut@ukma.edu.ua;+380501235075;2007-09-29;18
st20250786;Yevhen;Tokalenko;Yuriiovych;Male;1;2025-09-01;11;f006;sp021;CONTRACT;ACTIVE;y.tokalenko@ukma.edu.ua;+380501235076;2006-12-14;19
st20250787;Yuliia;Fedirko;Volodymyrivna;Female;1;2025-09-01;11;f006;sp021;CONTRACT;ACTIVE;y.fedirko@ukma.edu.ua;+380501235077;2007-03-08;19
st20250788;Kateryna;Borysenko;Mykhailivna;Female;1;2025-09-01;11;f006;sp021;CONTRACT;ACTIVE;k.borysenko@ukma.edu.ua;+380501235078;2006-06-21;19
st20250789;Mariia;Abbasova;Oleksandrivna;Female;1;2025-09-01;11;f006;sp021;CONTRACT;ACTIVE;m.abbasova@ukma.edu.ua;+380501235079;2007-11-28;18
st20250790;Mykhailo;Bereziuk;Viktorovych;Male;1;2025-09-01;11;f006;sp021;CONTRACT;ACTIVE;m.bereziuk@ukma.edu.ua;+380501235080;2006-04-15;20
st20250791;Veronika;Kozhevnykova;Artemivna;Female;1;2025-09-01;12;f006;sp021;CONTRACT;ACTIVE;v.kozhevnykova@ukma.edu.ua;+380501235081;2007-08-01;18
st20250792;Alina;Salo;Yuriivna;Female;1;2025-09-01;12;f006;sp021;CONTRACT;ACTIVE;a.salo@ukma.edu.ua;+380501235082;2006-12-13;19
st20250793;Ivan;Rosushchanskyi;Ivanovych;Male;1;2025-09-01;12;f006;sp021;CONTRACT;ACTIVE;i.rosushchanskyi@ukma.edu.ua;+380501235083;2007-04-26;18
st20250794;Maksym;Poloziuk;Romanovych;Male;1;2025-09-01;12;f006;sp021;CONTRACT;ACTIVE;m.poloziuk@ukma.edu.ua;+380501235084;2006-06-18;19
st20250795;Liudmyla;Petrenko;Mykhailivna;Female;1;2025-09-01;12;f006;sp021;CONTRACT;ACTIVE;l.petrenko@ukma.edu.ua;+380501235085;2007-11-09;18
st20250796;Valeriia;Averkina;Yevhenivna;Female;1;2025-09-01;13;f006;sp021;CONTRACT;ACTIVE;v.averkina@ukma.edu.ua;+380501235086;2006-03-10;20
st20250797;Sofiia;Babenko;Oleksandrivna;Female;1;2025-09-01;13;f006;sp021;CONTRACT;ACTIVE;s.babenko@ukma.edu.ua;+380501235087;2007-08-27;18
st20250798;Sofiia;Povlenko;Serhiivna;Female;1;2025-09-01;13;f006;sp021;CONTRACT;ACTIVE;s.povlenko@ukma.edu.ua;+380501235088;2006-01-05;20
st20250799;Yeva;Mazur;Sofiia Andriivna;Female;1;2025-09-01;1;f006;sp022;BUDGET;ACTIVE;y.mazur@ukma.edu.ua;+380501235089;2007-03-12;19
st20250800;Iona;Oleksandruk;Bohdanovych;Male;1;2025-09-01;1;f006;sp022;BUDGET;ACTIVE;i.oleksandruk@ukma.edu.ua;+380501235090;2006-11-20;19
st20250801;Diana;Kravchenko;Valeriivna;Female;1;2025-09-01;1;f006;sp022;BUDGET;ACTIVE;d.kravchenko@ukma.edu.ua;+380501235091;2007-05-08;18
st20250802;Semen;Onyshchenko;Oleksandrovych;Male;1;2025-09-01;1;f006;sp022;BUDGET;ACTIVE;s.onyshchenko@ukma.edu.ua;+380501235092;2006-08-14;19
st20250803;Dmytro;Skrypka;Oleksandrovych;Male;1;2025-09-01;1;f006;sp022;BUDGET;ACTIVE;d.skrypka@ukma.edu.ua;+380501235093;2007-02-22;19
st20250804;Snizhana;Bondarenko;Ihorivna;Female;1;2025-09-01;1;f006;sp022;BUDGET;ACTIVE;s.bondarenko@ukma.edu.ua;+380501235094;2006-12-05;19
st20250805;Mariia;Savliuk;Ivanivna;Female;1;2025-09-01;1;f006;sp022;BUDGET;ACTIVE;m.savliuk@ukma.edu.ua;+380501235095;2007-09-11;18
st20250806;Taisiia;Starostiuk;Yuriivna;Female;1;2025-09-01;1;f006;sp022;BUDGET;ACTIVE;t.starostiuk@ukma.edu.ua;+380501235096;2006-10-27;19
st20250807;Mariia;Morozova;Ihorivna;Female;1;2025-09-01;1;f006;sp022;BUDGET;ACTIVE;m.morozova@ukma.edu.ua;+380501235097;2007-04-16;19
st20250808;Vladyslava;Polishchuk;Olehivna;Female;1;2025-09-01;1;f006;sp022;BUDGET;ACTIVE;v.polishchuk@ukma.edu.ua;+380501235098;2006-07-03;19
st20240806;Svitlana;Boiko;Valentynivna;Female;2;2024-09-01;1;f006;sp022;BUDGET;ACTIVE;s.boiko2@ukma.edu.ua;+380501235308;2005-12-20;20
st20240807;Diana;Boiko;Maksymivna;Female;2;2024-09-01;1;f006;sp022;BUDGET;ACTIVE;d.boiko1@ukma.edu.ua;+380501235335;2005-01-08;21
st20240808;Veronika;Boiko;Denysivna;Female;2;2024-09-01;1;f006;sp022;CONTRACT;ACTIVE;v.boiko1@ukma.edu.ua;+380501235336;2005-01-21;21
st20240809;Valeriia;Bondarenko;Denysivna;Female;2;2024-09-01;1;f006;sp022;BUDGET;ACTIVE;v.bondarenko7@ukma.edu.ua;+380501235311;2005-06-23;20
st20240810;Hlib;Bondarenko;Stepanovych;Male;2;2024-09-01;1;f006;sp022;CONTRACT;ACTIVE;h.bondarenko1@ukma.edu.ua;+380501235328;2005-09-25;20
st20240811;Maksym;Bondarenko;Stepanovych;Male;2;2024-09-01;1;f006;sp022;BUDGET;ACTIVE;m.bondarenko@ukma.edu.ua;+380501235329;2006-04-11;20
st20230777;Mykola;Babenko;Arturovych;Male;3;2023-09-01;1;f006;sp022;BUDGET;ACTIVE;m.babenko4@ukma.edu.ua;+380501236241;2005-10-17;20
st20230778;Viktoriia;Babenko;Serhiivna;Female;3;2023-09-01;1;f006;sp022;CONTRACT;ACTIVE;v.babenko6@ukma.edu.ua;+380501236251;2004-08-23;21
st20230779;Uliana;Babenko;Stepanivna;Female;3;2023-09-01;1;f006;sp022;BUDGET;ACTIVE;u.babenko@ukma.edu.ua;+380501236255;2005-01-16;21
st20230780;Kateryna;Boiko;Illivna;Female;3;2023-09-01;1;f006;sp022;CONTRACT;ACTIVE;k.boiko3@ukma.edu.ua;+380501236249;2004-02-11;22
st20230781;Vasyl;Boiko;Arturovych;Male;3;2023-09-01;1;f006;sp022;CONTRACT;ACTIVE;v.boiko4@ukma.edu.ua;+380501236262;2005-04-03;21
st20230782;Valentyn;Bondarenko;Bohdanovych;Male;3;2023-09-01;1;f006;sp022;CONTRACT;ACTIVE;v.bondarenko10@ukma.edu.ua;+380501236231;2005-09-17;20
st20220807;Khrystyna;Babenko;Hlibivna;Female;4;2022-09-01;1;f006;sp022;BUDGET;ACTIVE;k.babenko1@ukma.edu.ua;+380501237180;2004-02-18;22
st20220808;Anhelina;Babenko;Denysivna;Female;4;2022-09-01;1;f006;sp022;CONTRACT;ACTIVE;a.babenko12@ukma.edu.ua;+380501237198;2004-05-07;21
st20220809;Hlib;Boiko;Volodymyrovych;Male;4;2022-09-01;1;f006;sp022;BUDGET;ACTIVE;h.boiko@ukma.edu.ua;+380501237185;2003-07-06;22
st20220810;Artem;Bondar;Oleksandrovych;Male;4;2022-09-01;1;f006;sp022;CONTRACT;ACTIVE;a.bondar9@ukma.edu.ua;+380501237210;2003-12-03;22
st20220811;Yana;Dmytrenko;Andriivna;Female;4;2022-09-01;1;f006;sp022;CONTRACT;ACTIVE;y.dmytrenko8@ukma.edu.ua;+380501237190;2004-10-01;21
st20220812;Pavlo;Havryliuk;Illich;Male;4;2022-09-01;1;f006;sp022;BUDGET;ACTIVE;p.havryliuk4@ukma.edu.ua;+380501237203;2004-10-14;21
st20220813;Mariia;Ivanenko;Olehivna;Female;4;2022-09-01;1;f006;sp022;CONTRACT;ACTIVE;m.ivanenko7@ukma.edu.ua;+380501237199;2003-11-10;22
st20250809;Anastasiia;Panchenko;Valeriivna;Female;1;2025-09-01;2;f006;sp022;BUDGET;ACTIVE;a.panchenko@ukma.edu.ua;+380501235099;2007-05-19;18
st20250810;Sofiia;Chabanova;Kyrylivna;Female;1;2025-09-01;2;f006;sp022;BUDGET;ACTIVE;s.chabanova@ukma.edu.ua;+380501235100;2006-09-24;19
st20250811;Maiia-Kvitka;Mokrovus;Hannivna;Female;1;2025-09-01;2;f006;sp022;BUDGET;ACTIVE;m.mokrovus@ukma.edu.ua;+380501235101;2007-03-31;19
st20250812;Mariia;Riaba;Stanislavivna;Female;1;2025-09-01;2;f006;sp022;BUDGET;ACTIVE;m.riaba@ukma.edu.ua;+380501235102;2006-01-09;20
st20250813;Viktoriia;Burdenko;Ihorivna;Female;1;2025-09-01;2;f006;sp022;BUDGET;ACTIVE;v.burdenko@ukma.edu.ua;+380501235103;2007-11-04;18
st20250814;Sofiia;Karnavan;Viacheslavivna;Female;1;2025-09-01;2;f006;sp022;BUDGET;ACTIVE;s.karnavan@ukma.edu.ua;+380501235104;2006-08-21;19
st20250815;Oleksandra;Omelchak;Pavlivna;Female;1;2025-09-01;2;f006;sp022;BUDGET;ACTIVE;o.omelchak@ukma.edu.ua;+380501235105;2007-06-15;18
st20250816;Valeriia;Poltavets;Yevhenivna;Female;1;2025-09-01;2;f006;sp022;CONTRACT;ACTIVE;v.poltavets@ukma.edu.ua;+380501235106;2006-04-30;19
st20250817;Sofiia;Voropinova;Vasylivna;Female;1;2025-09-01;2;f006;sp022;CONTRACT;ACTIVE;s.voropinova@ukma.edu.ua;+380501235107;2007-10-12;18
st20250818;Uliana;Kovalova;Vitaliivna;Female;1;2025-09-01;2;f006;sp022;CONTRACT;ACTIVE;u.kovalova@ukma.edu.ua;+380501235108;2006-02-28;20
st20240812;Nazar;Dmytrenko;Romanovych;Male;2;2024-09-01;2;f006;sp022;BUDGET;ACTIVE;n.dmytrenko@ukma.edu.ua;+380501235326;2006-07-18;19
st20240813;Dmytro;Dmytrenko;Yuriiovych;Male;2;2024-09-01;2;f006;sp022;CONTRACT;ACTIVE;d.dmytrenko1@ukma.edu.ua;+380501235338;2005-09-02;20
st20240814;Zlata;Havryliuk;Romanivna;Female;2;2024-09-01;2;f006;sp022;BUDGET;ACTIVE;z.havryliuk@ukma.edu.ua;+380501235312;2005-05-13;20
st20240815;Mykhailo;Honcharenko;Mykolaiovych;Male;2;2024-09-01;2;f006;sp022;CONTRACT;ACTIVE;m.honcharenko1@ukma.edu.ua;+380501235309;2006-05-24;19
st20240816;Alina;Ivanenko;Mykhailivna;Female;2;2024-09-01;2;f006;sp022;CONTRACT;ACTIVE;a.ivanenko1@ukma.edu.ua;+380501235330;2005-12-07;20
st20240817;Svitlana;Khomenko;Vitaliivna;Female;2;2024-09-01;2;f006;sp022;BUDGET;ACTIVE;s.khomenko2@ukma.edu.ua;+380501235337;2005-02-07;21
st20230783;Anna;Bondarenko;Arturivna;Female;3;2023-09-01;2;f006;sp022;BUDGET;ACTIVE;a.bondarenko10@ukma.edu.ua;+380501236236;2004-06-14;21
st20230784;Halyna;Bondarenko;Mykhailivna;Female;3;2023-09-01;2;f006;sp022;BUDGET;ACTIVE;h.bondarenko3@ukma.edu.ua;+380501236257;2005-01-11;21
st20230785;Svitlana;Dmytrenko;Maksymivna;Female;3;2023-09-01;2;f006;sp022;CONTRACT;ACTIVE;s.dmytrenko5@ukma.edu.ua;+380501236252;2005-07-24;20
st20230786;Anna;Dmytrenko;Oleksandrivna;Female;3;2023-09-01;2;f006;sp022;BUDGET;ACTIVE;a.dmytrenko7@ukma.edu.ua;+380501236256;2005-03-12;21
st20230787;Nataliia;Havryliuk;Arturivna;Female;3;2023-09-01;2;f006;sp022;BUDGET;ACTIVE;n.havryliuk4@ukma.edu.ua;+380501236259;2005-10-17;20
st20230788;Vitalii;Honcharenko;Antonovych;Male;3;2023-09-01;2;f006;sp022;CONTRACT;ACTIVE;v.honcharenko11@ukma.edu.ua;+380501236233;2004-12-26;21
st20220814;Stepan;Ivanenko;Volodymyrovych;Male;4;2022-09-01;2;f006;sp022;CONTRACT;ACTIVE;s.ivanenko6@ukma.edu.ua;+380501237201;2004-11-15;21
st20220815;Khrystyna;Karpenko;Yevhenivna;Female;4;2022-09-01;2;f006;sp022;CONTRACT;ACTIVE;k.karpenko4@ukma.edu.ua;+380501237187;2004-11-08;21
st20220816;Yana;Karpenko;Romanivna;Female;4;2022-09-01;2;f006;sp022;BUDGET;ACTIVE;y.karpenko10@ukma.edu.ua;+380501237189;2004-03-01;22
st20220817;Anhelina;Khomenko;Vitaliivna;Female;4;2022-09-01;2;f006;sp022;CONTRACT;ACTIVE;a.khomenko10@ukma.edu.ua;+380501237197;2003-05-19;22
st20220818;Vladyslav;Khomenko;Artemovych;Male;4;2022-09-01;2;f006;sp022;BUDGET;ACTIVE;v.khomenko11@ukma.edu.ua;+380501237206;2003-01-14;23
st20220819;Yelyzaveta;Khomenko;Serhiivna;Female;4;2022-09-01;2;f006;sp022;BUDGET;ACTIVE;y.khomenko8@ukma.edu.ua;+380501237207;2003-04-15;23
st20220820;Halyna;Khomenko;Arturivna;Female;4;2022-09-01;2;f006;sp022;CONTRACT;ACTIVE;h.khomenko4@ukma.edu.ua;+380501237208;2003-05-19;22
st20250819;Uliana;Marchenko;Maksymivna;Female;1;2025-09-01;3;f006;sp022;CONTRACT;ACTIVE;u.marchenko@ukma.edu.ua;+380501235109;2007-07-07;18
st20250820;Kateryna;Ohorodniichuk;Serhiivna;Female;1;2025-09-01;3;f006;sp022;CONTRACT;ACTIVE;k.ohorodniichuk@ukma.edu.ua;+380501235110;2006-11-19;19
st20250821;Anna;Podufalova;Oleksandrivna;Female;1;2025-09-01;3;f006;sp022;CONTRACT;ACTIVE;a.podufalova@ukma.edu.ua;+380501235111;2007-05-23;18
st20250822;Anastasiia;Boiko;Oleksandrivna;Female;1;2025-09-01;3;f006;sp022;CONTRACT;ACTIVE;a.boiko@ukma.edu.ua;+380501235112;2006-01-04;20
st20250823;Mariia;Ishchenko;Volodymyrivna;Female;1;2025-09-01;3;f006;sp022;CONTRACT;ACTIVE;m.ishchenko@ukma.edu.ua;+380501235113;2007-09-29;18
st20250824;Olena;Shkliaruk;Pavlivna;Female;1;2025-09-01;3;f006;sp022;CONTRACT;ACTIVE;o.shkliaruk@ukma.edu.ua;+380501235114;2006-12-14;19
st20250825;Yelyzaveta;Havrylina;Eduardivna;Female;1;2025-09-01;3;f006;sp022;CONTRACT;ACTIVE;y.havrylina@ukma.edu.ua;+380501235115;2007-03-08;19
st20250826;Oleksandra;Hryhorieva;Kostiantynivna;Female;1;2025-09-01;3;f006;sp022;CONTRACT;ACTIVE;o.hryhorieva@ukma.edu.ua;+380501235116;2006-06-21;19
st20250827;Anastasiia;Husach;Oleksandrivna;Female;1;2025-09-01;3;f006;sp022;CONTRACT;ACTIVE;a.husach@ukma.edu.ua;+380501235117;2007-11-28;18
st20250828;Kseniia;Slobodianiuk;Oleksiivna;Female;1;2025-09-01;3;f006;sp022;CONTRACT;ACTIVE;k.slobodianiuk@ukma.edu.ua;+380501235118;2006-04-15;20
st20240818;Yelyzaveta;Koval;Serhiivna;Female;2;2024-09-01;3;f006;sp022;CONTRACT;ACTIVE;y.koval3@ukma.edu.ua;+380501235325;2006-05-02;19
st20240819;Ivan;Melnyk;Yuriiovych;Male;2;2024-09-01;3;f006;sp022;BUDGET;ACTIVE;i.melnyk1@ukma.edu.ua;+380501235306;2005-03-09;21
st20240820;Kyrylo;Melnyk;Mykhailovych;Male;2;2024-09-01;3;f006;sp022;CONTRACT;ACTIVE;k.melnyk1@ukma.edu.ua;+380501235313;2006-11-10;19
st20240821;Kateryna;Panchenko;Serhiivna;Female;2;2024-09-01;3;f006;sp022;CONTRACT;ACTIVE;k.panchenko@ukma.edu.ua;+380501235307;2006-11-19;19
st20240822;Yana;Petrenko;Vitaliivna;Female;2;2024-09-01;3;f006;sp022;CONTRACT;ACTIVE;y.petrenko3@ukma.edu.ua;+380501235315;2005-04-16;21
st20240823;Viktor;Polishchuk;Bohdanovych;Male;2;2024-09-01;3;f006;sp022;CONTRACT;ACTIVE;v.polishchuk4@ukma.edu.ua;+380501235314;2006-01-28;20
st20230789;Mykhailo;Hrytsenko;Mykhailovych;Male;3;2023-09-01;3;f006;sp022;CONTRACT;ACTIVE;m.hrytsenko6@ukma.edu.ua;+380501236243;2005-04-19;21
st20230790;Oleh;Ivanenko;Tymurovych;Male;3;2023-09-01;3;f006;sp022;CONTRACT;ACTIVE;o.ivanenko5@ukma.edu.ua;+380501236240;2004-12-12;21
st20230791;Stepan;Ivanenko;Yuriiovych;Male;3;2023-09-01;3;f006;sp022;BUDGET;ACTIVE;s.ivanenko3@ukma.edu.ua;+380501236250;2004-02-20;22
st20230792;Hlib;Karpenko;Ivanovych;Male;3;2023-09-01;3;f006;sp022;CONTRACT;ACTIVE;h.karpenko2@ukma.edu.ua;+380501236246;2005-09-05;20
st20230793;Anhelina;Koval;Vladyslavivna;Female;3;2023-09-01;3;f006;sp022;CONTRACT;ACTIVE;a.koval6@ukma.edu.ua;+380501236242;2005-04-13;21
st20230794;Alisa;Koval;Denysivna;Female;3;2023-09-01;3;f006;sp022;BUDGET;ACTIVE;a.koval7@ukma.edu.ua;+380501236260;2005-09-20;20
st20220821;Oksana;Khomenko;Illivna;Female;4;2022-09-01;3;f006;sp022;CONTRACT;ACTIVE;o.khomenko7@ukma.edu.ua;+380501237215;2004-04-27;21
st20220822;Vasyl;Khomenko;Maksymovych;Male;4;2022-09-01;3;f006;sp022;BUDGET;ACTIVE;v.khomenko12@ukma.edu.ua;+380501237216;2004-03-01;22
st20220823;Yurii;Koval;Vladyslavovych;Male;4;2022-09-01;3;f006;sp022;CONTRACT;ACTIVE;y.koval7@ukma.edu.ua;+380501237209;2003-04-01;23
st20220824;Taras;Kovalenko;Antonovych;Male;4;2022-09-01;3;f006;sp022;BUDGET;ACTIVE;t.kovalenko@ukma.edu.ua;+380501237204;2003-12-24;22
st20220825;Taras;Kovalenko;Artemovych;Male;4;2022-09-01;3;f006;sp022;BUDGET;ACTIVE;t.kovalenko1@ukma.edu.ua;+380501237214;2004-08-07;21
st20220826;Daria;Kravchenko;Yuriivna;Female;4;2022-09-01;3;f006;sp022;CONTRACT;ACTIVE;d.kravchenko2@ukma.edu.ua;+380501237181;2003-07-02;22
st20220827;Yevhen;Kravchenko;Ivanovych;Male;4;2022-09-01;3;f006;sp022;CONTRACT;ACTIVE;y.kravchenko6@ukma.edu.ua;+380501237195;2004-02-25;22
st20250829;Iryna;Remeniuk;Yevhenivna;Female;1;2025-09-01;4;f006;sp022;CONTRACT;ACTIVE;i.remeniuk@ukma.edu.ua;+380501235119;2007-08-01;18
st20250830;Veronika;Shmaidenko;Ihorivna;Female;1;2025-09-01;4;f006;sp022;CONTRACT;ACTIVE;v.shmaidenko@ukma.edu.ua;+380501235120;2006-12-13;19
st20250831;Varvara;Stepanova;Mykhailivna;Female;1;2025-09-01;4;f006;sp022;CONTRACT;ACTIVE;v.stepanova@ukma.edu.ua;+380501235121;2007-04-26;18
st20250832;Oleksandr;Martynenko;Maksymovych;Male;1;2025-09-01;4;f006;sp022;CONTRACT;ACTIVE;o.martynenko@ukma.edu.ua;+380501235122;2006-06-18;19
st20250833;Nina;Vatakh;Mykhailivna;Female;1;2025-09-01;4;f006;sp022;CONTRACT;ACTIVE;n.vatakh@ukma.edu.ua;+380501235123;2007-11-09;18
st20250834;Oleksandra;Tkachenko;Denysivna;Female;1;2025-09-01;4;f006;sp022;CONTRACT;ACTIVE;o.tkachenko@ukma.edu.ua;+380501235124;2006-03-10;20
st20250835;Mariia;Lebid;Yaroslavivna;Female;1;2025-09-01;4;f006;sp022;CONTRACT;ACTIVE;m.lebid@ukma.edu.ua;+380501235125;2007-08-27;18
st20250836;Liubov;Huz;Vadymivna;Female;1;2025-09-01;4;f006;sp022;CONTRACT;ACTIVE;l.huz@ukma.edu.ua;+380501235126;2006-01-05;20
st20250837;Yelyzaveta;Volkova;Oleksiivna;Female;1;2025-09-01;4;f006;sp022;CONTRACT;ACTIVE;y.volkova@ukma.edu.ua;+380501235127;2007-03-12;19
st20250838;Violetta;Solod;Artemivna;Female;1;2025-09-01;4;f006;sp022;CONTRACT;ACTIVE;v.solod@ukma.edu.ua;+380501235128;2006-11-20;19
st20240824;Tetiana;Polishchuk;Stepanivna;Female;2;2024-09-01;4;f006;sp022;CONTRACT;ACTIVE;t.polishchuk1@ukma.edu.ua;+380501235318;2006-03-07;20
st20240825;Oksana;Polishchuk;Denysivna;Female;2;2024-09-01;4;f006;sp022;CONTRACT;ACTIVE;o.polishchuk1@ukma.edu.ua;+380501235322;2006-08-14;19
st20240826;Kateryna;Ponomarenko;Tymurivna;Female;2;2024-09-01;4;f006;sp022;CONTRACT;ACTIVE;k.ponomarenko2@ukma.edu.ua;+380501235317;2006-10-20;19
st20240827;Yelyzaveta;Radchenko;Illivna;Female;2;2024-09-01;4;f006;sp022;CONTRACT;ACTIVE;y.radchenko1@ukma.edu.ua;+380501235316;2005-01-13;21
st20240828;Oleh;Radchenko;Kyrylovych;Male;2;2024-09-01;4;f006;sp022;CONTRACT;ACTIVE;o.radchenko1@ukma.edu.ua;+380501235324;2005-12-21;20
st20240829;Solomiia;Rudenko;Yevhenivna;Female;2;2024-09-01;4;f006;sp022;CONTRACT;ACTIVE;s.rudenko3@ukma.edu.ua;+380501235323;2006-02-16;20
st20230795;Veronika;Lysenko;Olehivna;Female;3;2023-09-01;4;f006;sp022;BUDGET;ACTIVE;v.lysenko9@ukma.edu.ua;+380501236238;2004-02-16;22
st20230796;Kyrylo;Lysenko;Andriiovych;Male;3;2023-09-01;4;f006;sp022;BUDGET;ACTIVE;k.lysenko6@ukma.edu.ua;+380501236245;2004-01-05;22
st20230797;Viktor;Oliinyk;Stepanovych;Male;3;2023-09-01;4;f006;sp022;BUDGET;ACTIVE;v.oliinyk2@ukma.edu.ua;+380501236235;2005-06-21;20
st20230798;Artur;Petrenko;Artemovych;Male;3;2023-09-01;4;f006;sp022;CONTRACT;ACTIVE;a.petrenko10@ukma.edu.ua;+380501236247;2004-11-09;21
st20230799;Bohdan;Petrenko;Mykolaiovych;Male;3;2023-09-01;4;f006;sp022;BUDGET;ACTIVE;b.petrenko@ukma.edu.ua;+380501236253;2005-02-10;21
st20230800;Ivan;Polishchuk;Volodymyrovych;Male;3;2023-09-01;4;f006;sp022;CONTRACT;ACTIVE;i.polishchuk2@ukma.edu.ua;+380501236239;2005-05-12;20
st20220828;Kseniia;Marchenko;Dmytrivna;Female;4;2022-09-01;4;f006;sp022;BUDGET;ACTIVE;k.marchenko4@ukma.edu.ua;+380501237194;2003-07-19;22
st20220829;Artem;Marchenko;Tymurovych;Male;4;2022-09-01;4;f006;sp022;CONTRACT;ACTIVE;a.marchenko16@ukma.edu.ua;+380501237213;2003-08-03;22
st20220830;Nataliia;Melnyk;Maksymivna;Female;4;2022-09-01;4;f006;sp022;BUDGET;ACTIVE;n.melnyk3@ukma.edu.ua;+380501237188;2004-10-19;21
st20220831;Alisa;Moroz;Volodymyrivna;Female;4;2022-09-01;4;f006;sp022;BUDGET;ACTIVE;a.moroz9@ukma.edu.ua;+380501237192;2003-01-15;23
st20220832;Roman;Panchenko;Romanovych;Male;4;2022-09-01;4;f006;sp022;BUDGET;ACTIVE;r.panchenko@ukma.edu.ua;+380501237211;2004-01-11;22
st20220833;Tetiana;Petrenko;Vitaliivna;Female;4;2022-09-01;4;f006;sp022;CONTRACT;ACTIVE;t.petrenko3@ukma.edu.ua;+380501237182;2003-10-14;22
st20220834;Illia;Radchenko;Ivanovych;Male;4;2022-09-01;4;f006;sp022;CONTRACT;ACTIVE;i.radchenko4@ukma.edu.ua;+380501237184;2003-02-04;23
st20250839;Artem;Saveliev;Andriiovych;Male;1;2025-09-01;5;f006;sp022;CONTRACT;ACTIVE;a.saveliev@ukma.edu.ua;+380501235129;2007-05-08;18
st20250840;Daria;Vasylyk;Yaroslavivna;Female;1;2025-09-01;5;f006;sp022;CONTRACT;ACTIVE;d.vasylyk@ukma.edu.ua;+380501235130;2006-08-14;19
st20250841;Dominika;Shevchenko;Yevhenivna;Female;1;2025-09-01;5;f006;sp022;CONTRACT;ACTIVE;d.shevchenko@ukma.edu.ua;+380501235131;2007-02-22;19
st20250842;Tetiana;Kucheriava;Oleksiivna;Female;1;2025-09-01;5;f006;sp022;CONTRACT;ACTIVE;t.kucheriava@ukma.edu.ua;+380501235132;2006-12-05;19
st20250843;Yevheniia;Tsvilodub;Maksymivna;Female;1;2025-09-01;5;f006;sp022;CONTRACT;ACTIVE;y.tsvilodub@ukma.edu.ua;+380501235133;2007-09-11;18
st20250844;Illia;Skorobohatov;Denysovych;Male;1;2025-09-01;5;f006;sp022;CONTRACT;ACTIVE;i.skorobohatov@ukma.edu.ua;+380501235134;2006-10-27;19
st20250845;Anastasiia;Korovina;Oleksiivna;Female;1;2025-09-01;5;f006;sp022;CONTRACT;ACTIVE;a.korovina@ukma.edu.ua;+380501235135;2007-04-16;19
st20250846;Liana;Ponomarenko;Serhiivna;Female;1;2025-09-01;5;f006;sp022;CONTRACT;ACTIVE;l.ponomarenko@ukma.edu.ua;+380501235136;2006-07-03;19
st20250847;Maksym;Liubovitskyi;Yuriiovych;Male;1;2025-09-01;5;f006;sp022;CONTRACT;ACTIVE;m.liubovitskyi@ukma.edu.ua;+380501235137;2007-05-19;18
st20250848;Halina;Babaian;Romanosivna;Female;1;2025-09-01;5;f006;sp022;CONTRACT;ACTIVE;h.babaian@ukma.edu.ua;+380501235138;2006-09-24;19
st20240830;Alina;Shevchenko;Antonivna;Female;2;2024-09-01;5;f006;sp022;CONTRACT;ACTIVE;a.shevchenko4@ukma.edu.ua;+380501235321;2005-03-25;21
st20240831;Denys;Shevchenko;Denysovych;Male;2;2024-09-01;5;f006;sp022;CONTRACT;ACTIVE;d.shevchenko1@ukma.edu.ua;+380501235339;2005-07-27;20
st20240832;Denys;Shevchuk;Kyrylovych;Male;2;2024-09-01;5;f006;sp022;BUDGET;ACTIVE;d.shevchuk2@ukma.edu.ua;+380501235319;2005-10-03;20
st20240833;Bozhena;Shevchuk;Mykolaivna;Female;2;2024-09-01;5;f006;sp022;CONTRACT;ACTIVE;b.shevchuk@ukma.edu.ua;+380501235327;2005-03-18;21
st20240834;Nadiia;Shevchuk;Volodymyrivna;Female;2;2024-09-01;5;f006;sp022;BUDGET;ACTIVE;n.shevchuk1@ukma.edu.ua;+380501235332;2006-07-15;19
st20240835;Solomiia;Sydorenko;Olehivna;Female;2;2024-09-01;5;f006;sp022;BUDGET;ACTIVE;s.sydorenko2@ukma.edu.ua;+380501235320;2006-06-16;19
st20230801;Vasyl;Polishchuk;Volodymyrovych;Male;3;2023-09-01;5;f006;sp022;CONTRACT;ACTIVE;v.polishchuk11@ukma.edu.ua;+380501236261;2004-02-21;22
st20230802;Viktoriia;Ponomarenko;Mykhailivna;Female;3;2023-09-01;5;f006;sp022;CONTRACT;ACTIVE;v.ponomarenko8@ukma.edu.ua;+380501236234;2004-03-25;22
st20230803;Zlata;Radchenko;Olehivna;Female;3;2023-09-01;5;f006;sp022;CONTRACT;ACTIVE;z.radchenko@ukma.edu.ua;+380501236258;2005-04-05;21
st20230804;Vitalii;Savchenko;Rostyslavovych;Male;3;2023-09-01;5;f006;sp022;BUDGET;ACTIVE;v.savchenko7@ukma.edu.ua;+380501236232;2005-06-20;20
st20230805;Iryna;Savchenko;Stepanivna;Female;3;2023-09-01;5;f006;sp022;CONTRACT;ACTIVE;i.savchenko3@ukma.edu.ua;+380501236244;2005-11-02;20
st20230806;Bohdan;Shevchenko;Kyrylovych;Male;3;2023-09-01;5;f006;sp022;CONTRACT;ACTIVE;b.shevchenko1@ukma.edu.ua;+380501236248;2005-04-13;21
st20220835;Alisa;Radchenko;Bohdanivna;Female;4;2022-09-01;5;f006;sp022;CONTRACT;ACTIVE;a.radchenko12@ukma.edu.ua;+380501237193;2003-12-25;22
st20220836;Hlib;Rudenko;Andriiovych;Male;4;2022-09-01;5;f006;sp022;CONTRACT;ACTIVE;h.rudenko3@ukma.edu.ua;+380501237212;2004-10-04;21
st20220837;Oleh;Savchenko;Mykolaiovych;Male;4;2022-09-01;5;f006;sp022;CONTRACT;ACTIVE;o.savchenko2@ukma.edu.ua;+380501237191;2004-03-08;22
st20220838;Anastasiia;Savchenko;Vladyslavivna;Female;4;2022-09-01;5;f006;sp022;BUDGET;ACTIVE;a.savchenko12@ukma.edu.ua;+380501237205;2004-09-05;21
st20220839;Anhelina;Shevchenko;Maksymivna;Female;4;2022-09-01;5;f006;sp022;BUDGET;ACTIVE;a.shevchenko11@ukma.edu.ua;+380501237183;2003-02-19;23
st20220840;Mykola;Sydorenko;Romanovych;Male;4;2022-09-01;5;f006;sp022;BUDGET;ACTIVE;m.sydorenko6@ukma.edu.ua;+380501237218;2004-02-03;22
st20220841;Vladyslav;Tkachuk;Tymurovych;Male;4;2022-09-01;5;f006;sp022;CONTRACT;ACTIVE;v.tkachuk19@ukma.edu.ua;+380501237186;2003-03-26;23
st20250849;Myroslava;Symonenko;Viacheslavivna;Female;1;2025-09-01;6;f006;sp022;CONTRACT;ACTIVE;m.symonenko@ukma.edu.ua;+380501235139;2007-03-31;19
st20250850;Anna;Kushneruk;Oleksandrivna;Female;1;2025-09-01;6;f006;sp022;CONTRACT;ACTIVE;a.kushneruk@ukma.edu.ua;+380501235140;2006-01-09;20
st20250851;Yeva;Korniichuk;Serhiivna;Female;1;2025-09-01;6;f006;sp022;CONTRACT;ACTIVE;y.korniichuk@ukma.edu.ua;+380501235141;2007-11-04;18
st20250852;Andrii;Nosykhin;Kostiantynovych;Male;1;2025-09-01;6;f006;sp022;CONTRACT;ACTIVE;a.nosykhin@ukma.edu.ua;+380501235142;2006-08-21;19
st20250853;Sofiia;Dyrda;Viacheslavivna;Female;1;2025-09-01;6;f006;sp022;CONTRACT;ACTIVE;s.dyrda@ukma.edu.ua;+380501235143;2007-06-15;18
st20250854;Sofiia;Budash;Mykhailivna;Female;1;2025-09-01;6;f006;sp022;CONTRACT;ACTIVE;s.budash@ukma.edu.ua;+380501235144;2006-04-30;19
st20250855;Viktoriia;Romaniuk;Olehivna;Female;1;2025-09-01;6;f006;sp022;CONTRACT;ACTIVE;v.romaniuk@ukma.edu.ua;+380501235145;2007-10-12;18
st20250856;Sofiia;Kazimirova-Kryvianchuk;Mykhailivna;Female;1;2025-09-01;6;f006;sp022;CONTRACT;ACTIVE;s.kazimirova-kryvianchuk@ukma.edu.ua;+380501235146;2006-02-28;20
st20250857;Yana;Korniiko;Serhiivna;Female;1;2025-09-01;6;f006;sp022;CONTRACT;ACTIVE;y.korniiko@ukma.edu.ua;+380501235147;2007-07-07;18
st20250858;Yeva;Kuchuryna;Dmytrivna;Female;1;2025-09-01;6;f006;sp022;CONTRACT;ACTIVE;y.kuchuryna@ukma.edu.ua;+380501235148;2006-11-19;19
st20240836;Nazar;Tkachenko;Mykolaiovych;Male;2;2024-09-01;6;f006;sp022;CONTRACT;ACTIVE;n.tkachenko@ukma.edu.ua;+380501235310;2006-05-06;19
st20240837;Anna;Tkachenko;Vladyslavivna;Female;2;2024-09-01;6;f006;sp022;BUDGET;ACTIVE;a.tkachenko1@ukma.edu.ua;+380501235333;2005-09-27;20
st20240838;Veronika;Tkachuk;Yevhenivna;Female;2;2024-09-01;6;f006;sp022;CONTRACT;ACTIVE;v.tkachuk10@ukma.edu.ua;+380501235334;2006-03-08;20
st20240839;Ivan;Vlasenko;Tymurovych;Male;2;2024-09-01;6;f006;sp022;BUDGET;ACTIVE;i.vlasenko@ukma.edu.ua;+380501235331;2006-10-18;19
st20230807;Anhelina;Tkachenko;Olehivna;Female;3;2023-09-01;6;f006;sp022;CONTRACT;ACTIVE;a.tkachenko5@ukma.edu.ua;+380501236263;2005-12-26;20
st20230808;Nataliia;Tkachuk;Arturivna;Female;3;2023-09-01;6;f006;sp022;CONTRACT;ACTIVE;n.tkachuk@ukma.edu.ua;+380501236254;2005-03-05;21
st20230809;Sofiia;Vlasenko;Valentynivna;Female;3;2023-09-01;6;f006;sp022;CONTRACT;ACTIVE;s.vlasenko8@ukma.edu.ua;+380501236237;2005-02-15;21
st20220842;Khrystyna;Tkachuk;Romanivna;Female;4;2022-09-01;6;f006;sp022;BUDGET;ACTIVE;k.tkachuk5@ukma.edu.ua;+380501237217;2004-04-14;22
st20220843;Stepan;Vlasenko;Andriiovych;Male;4;2022-09-01;6;f006;sp022;CONTRACT;ACTIVE;s.vlasenko9@ukma.edu.ua;+380501237196;2003-08-19;22
st20220844;Zlata;Vlasenko;Serhiivna;Female;4;2022-09-01;6;f006;sp022;CONTRACT;ACTIVE;z.vlasenko1@ukma.edu.ua;+380501237200;2003-10-05;22
st20220845;Polina;Vlasenko;Serhiivna;Female;4;2022-09-01;6;f006;sp022;CONTRACT;ACTIVE;p.vlasenko1@ukma.edu.ua;+380501237202;2003-04-03;23
st20250859;Anna;Nychyk;Viacheslavivna;Female;1;2025-09-01;7;f006;sp022;CONTRACT;ACTIVE;a.nychyk@ukma.edu.ua;+380501235149;2007-05-23;18
st20250860;Dmytro;Sidorov;Dmytrovych;Male;1;2025-09-01;7;f006;sp022;CONTRACT;ACTIVE;d.sidorov@ukma.edu.ua;+380501235150;2006-01-04;20
st20250861;Anastasiia;Horbachova;Yevhenivna;Female;1;2025-09-01;7;f006;sp022;CONTRACT;ACTIVE;a.horbachova@ukma.edu.ua;+380501235151;2007-09-29;18
st20250862;Yana;Borysiuk;Viktorivna;Female;1;2025-09-01;7;f006;sp022;CONTRACT;ACTIVE;y.borysiuk@ukma.edu.ua;+380501235152;2006-12-14;19
st20250863;Anastasiia;Tsybina;Fedorivna;Female;1;2025-09-01;7;f006;sp022;CONTRACT;ACTIVE;a.tsybina@ukma.edu.ua;+380501235153;2007-03-08;19
st20250864;Mariia;Rozenberh;Ihorivna;Female;1;2025-09-01;7;f006;sp022;CONTRACT;ACTIVE;m.rozenberh@ukma.edu.ua;+380501235154;2006-06-21;19
st20250865;Sofiia;Makarevych;Oleksandrivna;Female;1;2025-09-01;7;f006;sp022;CONTRACT;ACTIVE;s.makarevych@ukma.edu.ua;+380501235155;2007-11-28;18
st20250866;Sofiia;Kohut;Mykolaivna;Female;1;2025-09-01;7;f006;sp022;CONTRACT;ACTIVE;s.kohut@ukma.edu.ua;+380501235156;2006-04-15;20
st20250867;Maryna;Domoslavska;Serhiivna;Female;1;2025-09-01;7;f006;sp022;CONTRACT;ACTIVE;m.domoslavska@ukma.edu.ua;+380501235157;2007-08-01;18
st20250868;Anastasiia;Vyhovska;Semenivna;Female;1;2025-09-01;7;f006;sp022;CONTRACT;ACTIVE;a.vyhovska@ukma.edu.ua;+380501235158;2006-12-13;19
st20250869;Karyna;Stovbun;Oleksandrivna;Female;1;2025-09-01;8;f006;sp022;CONTRACT;ACTIVE;k.stovbun@ukma.edu.ua;+380501235159;2007-04-26;18
st20250870;Kseniia;Andrieieva;Vitaliivna;Female;1;2025-09-01;8;f006;sp022;CONTRACT;ACTIVE;k.andrieieva@ukma.edu.ua;+380501235160;2006-06-18;19
st20250871;Yuliia;Hvozdynska;Andriivna;Female;1;2025-09-01;8;f006;sp022;CONTRACT;ACTIVE;y.hvozdynska@ukma.edu.ua;+380501235161;2007-11-09;18
st20250872;Yeva;Leoshek;Yevhenivna;Female;1;2025-09-01;8;f006;sp022;CONTRACT;ACTIVE;y.leoshek@ukma.edu.ua;+380501235162;2006-03-10;20
st20250873;Artem;Kashpurenko;Maksymovych;Male;1;2025-09-01;8;f006;sp022;CONTRACT;ACTIVE;a.kashpurenko@ukma.edu.ua;+380501235163;2007-08-27;18
st20250874;Yuliia;Riabukha;Volodymyrivna;Female;1;2025-09-01;8;f006;sp022;CONTRACT;ACTIVE;y.riabukha@ukma.edu.ua;+380501235164;2006-01-05;20
st20250875;Kira;Kuzmenko;Valeriivna;Female;1;2025-09-01;8;f006;sp022;CONTRACT;ACTIVE;k.kuzmenko@ukma.edu.ua;+380501235165;2007-03-12;19
st20250876;Olesia-Ivanna;Fialka;Petrivna;Female;1;2025-09-01;1;f006;sp023;BUDGET;ACTIVE;o.fialka@ukma.edu.ua;+380501235166;2006-11-20;19
st20250877;Oleh;Novytskyi;Yuriiovych;Male;1;2025-09-01;1;f006;sp023;BUDGET;ACTIVE;o.novytskyi@ukma.edu.ua;+380501235167;2007-05-08;18
st20250878;Daria;Shvachko;Viacheslavivna;Female;1;2025-09-01;1;f006;sp023;BUDGET;ACTIVE;d.shvachko@ukma.edu.ua;+380501235168;2006-08-14;19
st20250879;Mariia;Syniavska;Oleksandrivna;Female;1;2025-09-01;1;f006;sp023;BUDGET;ACTIVE;m.syniavska@ukma.edu.ua;+380501235169;2007-02-22;19
st20250880;Diana;Anufriieva;Andriivna;Female;1;2025-09-01;1;f006;sp023;BUDGET;ACTIVE;d.anufriieva@ukma.edu.ua;+380501235170;2006-12-05;19
st20250881;Polina;Borodavkina;Andriivna;Female;1;2025-09-01;1;f006;sp023;BUDGET;ACTIVE;p.borodavkina@ukma.edu.ua;+380501235171;2007-09-11;18
st20250882;Yevheniia;Khomenko;Vitaliivna;Female;1;2025-09-01;1;f006;sp023;BUDGET;ACTIVE;y.khomenko@ukma.edu.ua;+380501235172;2006-10-27;19
st20250883;Snizhana;Ivantsova;Mykhailivna;Female;1;2025-09-01;1;f006;sp023;BUDGET;ACTIVE;s.ivantsova@ukma.edu.ua;+380501235173;2007-04-16;19
st20240840;Diana;Babenko;Hlibivna;Female;2;2024-09-01;1;f006;sp023;CONTRACT;ACTIVE;d.babenko3@ukma.edu.ua;+380501235340;2006-08-17;19
st20240841;Hlib;Babenko;Valentynovych;Male;2;2024-09-01;1;f006;sp023;CONTRACT;ACTIVE;h.babenko@ukma.edu.ua;+380501235343;2005-12-04;20
st20240842;Kseniia;Bondar;Illivna;Female;2;2024-09-01;1;f006;sp023;CONTRACT;ACTIVE;k.bondar@ukma.edu.ua;+380501235345;2005-02-11;21
st20240843;Valeriia;Bondar;Olehivna;Female;2;2024-09-01;1;f006;sp023;CONTRACT;ACTIVE;v.bondar2@ukma.edu.ua;+380501235369;2006-11-28;19
st20240844;Nataliia;Bondarenko;Vladyslavivna;Female;2;2024-09-01;1;f006;sp023;BUDGET;ACTIVE;n.bondarenko@ukma.edu.ua;+380501235348;2005-12-15;20
st20240845;Viktoriia;Bondarenko;Dmytrivna;Female;2;2024-09-01;1;f006;sp023;CONTRACT;ACTIVE;v.bondarenko8@ukma.edu.ua;+380501235372;2005-11-24;20
st20240846;Taras;Bondarenko;Andriiovych;Male;2;2024-09-01;1;f006;sp023;CONTRACT;ACTIVE;t.bondarenko@ukma.edu.ua;+380501235376;2006-07-18;19
st20230810;Mykhailo;Babenko;Bohdanovych;Male;3;2023-09-01;1;f006;sp023;CONTRACT;ACTIVE;m.babenko5@ukma.edu.ua;+380501236281;2005-11-17;20
st20230811;Nadiia;Babenko;Arturivna;Female;3;2023-09-01;1;f006;sp023;CONTRACT;ACTIVE;n.babenko1@ukma.edu.ua;+380501236285;2004-10-28;21
st20230812;Tetiana;Babenko;Arturivna;Female;3;2023-09-01;1;f006;sp023;BUDGET;ACTIVE;t.babenko4@ukma.edu.ua;+380501236295;2005-09-19;20
st20230813;Volodymyr;Boiko;Olehovych;Male;3;2023-09-01;1;f006;sp023;CONTRACT;ACTIVE;v.boiko5@ukma.edu.ua;+380501236270;2005-03-26;21
st20230814;Svitlana;Boiko;Dmytrivna;Female;3;2023-09-01;1;f006;sp023;CONTRACT;ACTIVE;s.boiko4@ukma.edu.ua;+380501236284;2005-02-26;21
st20230815;Veronika;Boiko;Valentynivna;Female;3;2023-09-01;1;f006;sp023;CONTRACT;ACTIVE;v.boiko6@ukma.edu.ua;+380501236289;2004-03-26;22
st20230816;Vasyl;Boiko;Andriiovych;Male;3;2023-09-01;1;f006;sp023;BUDGET;ACTIVE;v.boiko7@ukma.edu.ua;+380501236292;2005-03-11;21
st20220846;Liubov;Bondar;Mykolaivna;Female;4;2022-09-01;1;f006;sp023;BUDGET;ACTIVE;l.bondar1@ukma.edu.ua;+380501237220;2003-03-14;23
st20220847;Yana;Bondar;Serhiivna;Female;4;2022-09-01;1;f006;sp023;CONTRACT;ACTIVE;y.bondar6@ukma.edu.ua;+380501237244;2004-03-24;22
st20220848;Anton;Bondarenko;Andriiovych;Male;4;2022-09-01;1;f006;sp023;BUDGET;ACTIVE;a.bondarenko14@ukma.edu.ua;+380501237245;2004-05-18;21
st20220849;Anton;Havryliuk;Volodymyrovych;Male;4;2022-09-01;1;f006;sp023;BUDGET;ACTIVE;a.havryliuk13@ukma.edu.ua;+380501237224;2003-10-24;22
st20220850;Maksym;Havryliuk;Denysovych;Male;4;2022-09-01;1;f006;sp023;CONTRACT;ACTIVE;m.havryliuk4@ukma.edu.ua;+380501237230;2004-10-25;21
st20220851;Alisa;Honcharenko;Artemivna;Female;4;2022-09-01;1;f006;sp023;BUDGET;ACTIVE;a.honcharenko8@ukma.edu.ua;+380501237223;2003-03-12;23
st20250884;Hanna;Horobets;Tarasivna;Female;1;2025-09-01;2;f006;sp023;BUDGET;ACTIVE;h.horobets@ukma.edu.ua;+380501235174;2006-07-03;19
st20250885;Yaromyr;Rodin;Viacheslavovych;Male;1;2025-09-01;2;f006;sp023;BUDGET;ACTIVE;y.rodin@ukma.edu.ua;+380501235175;2007-05-19;18
st20250886;Diana;Savchuk;Ruslanivna;Female;1;2025-09-01;2;f006;sp023;BUDGET;ACTIVE;d.savchuk@ukma.edu.ua;+380501235176;2006-09-24;19
st20250887;Arina;Fedorova;Tarasivna;Female;1;2025-09-01;2;f006;sp023;BUDGET;ACTIVE;a.fedorova@ukma.edu.ua;+380501235177;2007-03-31;19
st20250888;Anastasiia;Bohdanovska;Serhiivna;Female;1;2025-09-01;2;f006;sp023;BUDGET;ACTIVE;a.bohdanovska@ukma.edu.ua;+380501235178;2006-01-09;20
st20250889;Amina-Sofiia;Kyivska;Kostiantynivna;Female;1;2025-09-01;2;f006;sp023;BUDGET;ACTIVE;a.kyivska@ukma.edu.ua;+380501235179;2007-11-04;18
st20250890;Anastasiia;Stepanenko;Oleksandrivna;Female;1;2025-09-01;2;f006;sp023;BUDGET;ACTIVE;a.stepanenko@ukma.edu.ua;+380501235180;2006-08-21;19
st20250891;Anastasiia;Kmilovska;Oleksiivna;Female;1;2025-09-01;2;f006;sp023;BUDGET;ACTIVE;a.kmilovska@ukma.edu.ua;+380501235181;2007-06-15;18
st20250892;Valerii;Opanasiuk;Valeriiovych;Male;1;2025-09-01;2;f006;sp023;BUDGET;ACTIVE;v.opanasiuk@ukma.edu.ua;+380501235182;2006-04-30;19
st20250893;Sofiia;Rudenko;Yuriivna;Female;1;2025-09-01;2;f006;sp023;CONTRACT;ACTIVE;s.rudenko@ukma.edu.ua;+380501235183;2007-10-12;18
st20240847;Diana;Honcharenko;Vitaliivna;Female;2;2024-09-01;2;f006;sp023;BUDGET;ACTIVE;d.honcharenko@ukma.edu.ua;+380501235350;2006-08-21;19
st20240848;Illia;Hrytsenko;Illich;Male;2;2024-09-01;2;f006;sp023;BUDGET;ACTIVE;i.hrytsenko@ukma.edu.ua;+380501235356;2006-06-02;19
st20240849;Ivan;Hrytsenko;Tarasovych;Male;2;2024-09-01;2;f006;sp023;CONTRACT;ACTIVE;i.hrytsenko1@ukma.edu.ua;+380501235361;2005-12-08;20
st20240850;Maksym;Ivanenko;Bohdanovych;Male;2;2024-09-01;2;f006;sp023;BUDGET;ACTIVE;m.ivanenko1@ukma.edu.ua;+380501235371;2005-01-03;21
st20240851;Artur;Karpenko;Oleksandrovych;Male;2;2024-09-01;2;f006;sp023;CONTRACT;ACTIVE;a.karpenko4@ukma.edu.ua;+380501235344;2005-11-11;20
st20240852;Nazar;Karpenko;Hlibovych;Male;2;2024-09-01;2;f006;sp023;BUDGET;ACTIVE;n.karpenko3@ukma.edu.ua;+380501235355;2006-09-10;19
st20240853;Tymur;Khomenko;Stepanovych;Male;2;2024-09-01;2;f006;sp023;CONTRACT;ACTIVE;t.khomenko1@ukma.edu.ua;+380501235354;2005-09-24;20
st20230817;Yevhen;Boiko;Illich;Male;3;2023-09-01;2;f006;sp023;CONTRACT;ACTIVE;y.boiko2@ukma.edu.ua;+380501236294;2004-12-26;21
st20230818;Tymur;Boiko;Valentynovych;Male;3;2023-09-01;2;f006;sp023;CONTRACT;ACTIVE;t.boiko2@ukma.edu.ua;+380501236298;2005-09-04;20
st20230819;Pavlo;Dmytrenko;Romanovych;Male;3;2023-09-01;2;f006;sp023;CONTRACT;ACTIVE;p.dmytrenko@ukma.edu.ua;+380501236297;2005-10-03;20
st20230820;Nazar;Havryliuk;Vitaliiovych;Male;3;2023-09-01;2;f006;sp023;CONTRACT;ACTIVE;n.havryliuk5@ukma.edu.ua;+380501236266;2005-04-03;21
st20230821;Mariia;Havryliuk;Kyrylivna;Female;3;2023-09-01;2;f006;sp023;CONTRACT;ACTIVE;m.havryliuk2@ukma.edu.ua;+380501236274;2004-09-16;21
st20230822;Tetiana;Havryliuk;Valentynivna;Female;3;2023-09-01;2;f006;sp023;CONTRACT;ACTIVE;t.havryliuk3@ukma.edu.ua;+380501236282;2005-08-16;20
st20230823;Kateryna;Honcharenko;Yuriivna;Female;3;2023-09-01;2;f006;sp023;CONTRACT;ACTIVE;k.honcharenko4@ukma.edu.ua;+380501236276;2004-04-28;21
st20220852;Oleh;Hrytsenko;Volodymyrovych;Male;4;2022-09-01;2;f006;sp023;BUDGET;ACTIVE;o.hrytsenko3@ukma.edu.ua;+380501237222;2004-09-12;21
st20220853;Yuliia;Karpenko;Antonivna;Female;4;2022-09-01;2;f006;sp023;BUDGET;ACTIVE;y.karpenko11@ukma.edu.ua;+380501237237;2004-05-17;21
st20220854;Roman;Karpenko;Yuriiovych;Male;4;2022-09-01;2;f006;sp023;BUDGET;ACTIVE;r.karpenko1@ukma.edu.ua;+380501237249;2003-12-12;22
st20220855;Artem;Khomenko;Andriiovych;Male;4;2022-09-01;2;f006;sp023;CONTRACT;ACTIVE;a.khomenko11@ukma.edu.ua;+380501237239;2003-06-15;22
st20220856;Iryna;Kovalenko;Arturivna;Female;4;2022-09-01;2;f006;sp023;BUDGET;ACTIVE;i.kovalenko2@ukma.edu.ua;+380501237228;2003-02-12;23
st20220857;Yana;Kovalenko;Kyrylivna;Female;4;2022-09-01;2;f006;sp023;BUDGET;ACTIVE;y.kovalenko8@ukma.edu.ua;+380501237238;2003-06-22;22
st20250894;Oleksii;Porazhynskyi;Yuriiovych;Male;1;2025-09-01;3;f006;sp023;CONTRACT;ACTIVE;o.porazhynskyi@ukma.edu.ua;+380501235184;2006-02-28;20
st20250895;Nazar;Polishchuk;Anatoliiovych;Male;1;2025-09-01;3;f006;sp023;CONTRACT;ACTIVE;n.polishchuk@ukma.edu.ua;+380501235185;2007-07-07;18
st20240854;Oksana;Khomenko;Denysivna;Female;2;2024-09-01;3;f006;sp023;CONTRACT;ACTIVE;o.khomenko2@ukma.edu.ua;+380501235370;2006-02-13;20
st20240855;Veronika;Koval;Hlibivna;Female;2;2024-09-01;3;f006;sp023;BUDGET;ACTIVE;v.koval1@ukma.edu.ua;+380501235375;2006-03-09;20
st20240856;Vasyl;Marchenko;Tymurovych;Male;2;2024-09-01;3;f006;sp023;BUDGET;ACTIVE;v.marchenko4@ukma.edu.ua;+380501235360;2006-07-26;19
st20240857;Yevhen;Marchenko;Valentynovych;Male;2;2024-09-01;3;f006;sp023;BUDGET;ACTIVE;y.marchenko6@ukma.edu.ua;+380501235366;2005-11-03;20
st20240858;Vitalii;Melnyk;Volodymyrovych;Male;2;2024-09-01;3;f006;sp023;BUDGET;ACTIVE;v.melnyk3@ukma.edu.ua;+380501235349;2005-09-05;20
st20240859;Stepan;Melnyk;Romanovych;Male;2;2024-09-01;3;f006;sp023;CONTRACT;ACTIVE;s.melnyk@ukma.edu.ua;+380501235368;2005-10-07;20
st20240860;Svitlana;Moroz;Dmytrivna;Female;2;2024-09-01;3;f006;sp023;BUDGET;ACTIVE;s.moroz4@ukma.edu.ua;+380501235374;2006-02-14;20
st20230824;Oleksandr;Hrytsenko;Vitaliiovych;Male;3;2023-09-01;3;f006;sp023;CONTRACT;ACTIVE;o.hrytsenko2@ukma.edu.ua;+380501236280;2005-11-20;20
st20230825;Mariia;Ivanenko;Bohdanivna;Female;3;2023-09-01;3;f006;sp023;BUDGET;ACTIVE;m.ivanenko3@ukma.edu.ua;+380501236271;2005-01-24;21
st20230826;Valentyn;Karpenko;Vladyslavovych;Male;3;2023-09-01;3;f006;sp023;CONTRACT;ACTIVE;v.karpenko3@ukma.edu.ua;+380501236272;2004-05-27;21
st20230827;Nazar;Khomenko;Denysovych;Male;3;2023-09-01;3;f006;sp023;CONTRACT;ACTIVE;n.khomenko@ukma.edu.ua;+380501236265;2005-09-13;20
st20230828;Halyna;Koval;Yuriivna;Female;3;2023-09-01;3;f006;sp023;BUDGET;ACTIVE;h.koval@ukma.edu.ua;+380501236286;2004-06-10;21
st20230829;Sofiia;Marchenko;Illivna;Female;3;2023-09-01;3;f006;sp023;CONTRACT;ACTIVE;s.marchenko4@ukma.edu.ua;+380501236288;2005-06-21;20
st20230830;Hlib;Melnyk;Oleksandrovych;Male;3;2023-09-01;3;f006;sp023;CONTRACT;ACTIVE;h.melnyk1@ukma.edu.ua;+380501236264;2004-05-09;21
st20220858;Iryna;Kovalenko;Yevhenivna;Female;4;2022-09-01;3;f006;sp023;BUDGET;ACTIVE;i.kovalenko3@ukma.edu.ua;+380501237248;2003-08-22;22
st20220859;Andrii;Kravchenko;Oleksandrovych;Male;4;2022-09-01;3;f006;sp023;BUDGET;ACTIVE;a.kravchenko10@ukma.edu.ua;+380501237219;2003-03-12;23
st20220860;Diana;Marchenko;Maksymivna;Female;4;2022-09-01;3;f006;sp023;CONTRACT;ACTIVE;d.marchenko5@ukma.edu.ua;+380501237232;2003-07-23;22
st20220861;Nazar;Melnyk;Tarasovych;Male;4;2022-09-01;3;f006;sp023;CONTRACT;ACTIVE;n.melnyk4@ukma.edu.ua;+380501237240;2003-08-09;22
st20220862;Veronika;Moroz;Arturivna;Female;4;2022-09-01;3;f006;sp023;BUDGET;ACTIVE;v.moroz14@ukma.edu.ua;+380501237234;2004-01-21;22
st20220863;Denys;Moroz;Tymurovych;Male;4;2022-09-01;3;f006;sp023;CONTRACT;ACTIVE;d.moroz5@ukma.edu.ua;+380501237242;2004-07-15;21
st20240861;Yevhen;Panchenko;Maksymovych;Male;2;2024-09-01;4;f006;sp023;CONTRACT;ACTIVE;y.panchenko3@ukma.edu.ua;+380501235346;2006-04-05;20
st20240862;Valeriia;Panchenko;Yuriivna;Female;2;2024-09-01;4;f006;sp023;BUDGET;ACTIVE;v.panchenko1@ukma.edu.ua;+380501235353;2006-04-26;19
st20240863;Liubov;Panchenko;Mykolaivna;Female;2;2024-09-01;4;f006;sp023;CONTRACT;ACTIVE;l.panchenko@ukma.edu.ua;+380501235367;2005-05-13;20
st20240864;Kseniia;Petrenko;Romanivna;Female;2;2024-09-01;4;f006;sp023;BUDGET;ACTIVE;k.petrenko3@ukma.edu.ua;+380501235347;2005-11-11;20
st20240865;Uliana;Polishchuk;Yevhenivna;Female;2;2024-09-01;4;f006;sp023;BUDGET;ACTIVE;u.polishchuk@ukma.edu.ua;+380501235363;2006-10-19;19
st20240866;Dmytro;Polishchuk;Mykolaiovych;Male;2;2024-09-01;4;f006;sp023;BUDGET;ACTIVE;d.polishchuk1@ukma.edu.ua;+380501235364;2005-07-16;20
st20240867;Tetiana;Ponomarenko;Rostyslavivna;Female;2;2024-09-01;4;f006;sp023;CONTRACT;ACTIVE;t.ponomarenko@ukma.edu.ua;+380501235358;2006-06-07;19
st20230831;Svitlana;Melnyk;Volodymyrivna;Female;3;2023-09-01;4;f006;sp023;CONTRACT;ACTIVE;s.melnyk1@ukma.edu.ua;+380501236279;2004-07-28;21
st20230832;Iryna;Oliinyk;Olehivna;Female;3;2023-09-01;4;f006;sp023;CONTRACT;ACTIVE;i.oliinyk6@ukma.edu.ua;+380501236277;2005-09-09;20
st20230833;Solomiia;Panchenko;Valentynivna;Female;3;2023-09-01;4;f006;sp023;CONTRACT;ACTIVE;s.panchenko@ukma.edu.ua;+380501236300;2005-06-15;20
st20230834;Solomiia;Petrenko;Ivanivna;Female;3;2023-09-01;4;f006;sp023;CONTRACT;ACTIVE;s.petrenko5@ukma.edu.ua;+380501236278;2005-01-26;21
st20230835;Vira;Petrenko;Arturivna;Female;3;2023-09-01;4;f006;sp023;CONTRACT;ACTIVE;v.petrenko7@ukma.edu.ua;+380501236283;2004-09-17;21
st20230836;Sofiia;Ponomarenko;Dmytrivna;Female;3;2023-09-01;4;f006;sp023;BUDGET;ACTIVE;s.ponomarenko1@ukma.edu.ua;+380501236287;2005-07-16;20
st20230837;Taras;Ponomarenko;Mykolaiovych;Male;3;2023-09-01;4;f006;sp023;CONTRACT;ACTIVE;t.ponomarenko2@ukma.edu.ua;+380501236299;2004-05-16;21
st20220864;Yelyzaveta;Ponomarenko;Stepanivna;Female;4;2022-09-01;4;f006;sp023;BUDGET;ACTIVE;y.ponomarenko11@ukma.edu.ua;+380501237221;2003-12-15;22
st20220865;Yevhen;Radchenko;Valentynovych;Male;4;2022-09-01;4;f006;sp023;CONTRACT;ACTIVE;y.radchenko7@ukma.edu.ua;+380501237233;2004-08-14;21
st20220866;Svitlana;Radchenko;Maksymivna;Female;4;2022-09-01;4;f006;sp023;BUDGET;ACTIVE;s.radchenko6@ukma.edu.ua;+380501237241;2004-12-23;21
st20220867;Valeriia;Shevchenko;Illivna;Female;4;2022-09-01;4;f006;sp023;CONTRACT;ACTIVE;v.shevchenko11@ukma.edu.ua;+380501237235;2004-11-08;21
st20220868;Denys;Shevchenko;Antonovych;Male;4;2022-09-01;4;f006;sp023;CONTRACT;ACTIVE;d.shevchenko5@ukma.edu.ua;+380501237243;2003-02-03;23
st20220869;Daria;Shevchuk;Yuriivna;Female;4;2022-09-01;4;f006;sp023;BUDGET;ACTIVE;d.shevchuk7@ukma.edu.ua;+380501237229;2003-09-14;22
st20240868;Artem;Radchenko;Oleksandrovych;Male;2;2024-09-01;5;f006;sp023;CONTRACT;ACTIVE;a.radchenko3@ukma.edu.ua;+380501235359;2006-01-06;20
st20240869;Volodymyr;Rudenko;Yevhenovych;Male;2;2024-09-01;5;f006;sp023;CONTRACT;ACTIVE;v.rudenko1@ukma.edu.ua;+380501235352;2006-04-08;20
st20240870;Vira;Shevchenko;Yevhenivna;Female;2;2024-09-01;5;f006;sp023;CONTRACT;ACTIVE;v.shevchenko4@ukma.edu.ua;+380501235342;2005-05-13;20
st20240871;Svitlana;Shevchuk;Tymurivna;Female;2;2024-09-01;5;f006;sp023;CONTRACT;ACTIVE;s.shevchuk@ukma.edu.ua;+380501235365;2005-09-09;20
st20240872;Maksym;Sydorenko;Artemovych;Male;2;2024-09-01;5;f006;sp023;CONTRACT;ACTIVE;m.sydorenko1@ukma.edu.ua;+380501235351;2006-07-02;19
st20240873;Mykola;Taran;Antonovych;Male;2;2024-09-01;5;f006;sp023;CONTRACT;ACTIVE;m.taran@ukma.edu.ua;+380501235373;2006-11-26;19
st20240874;Ivan;Tkachenko;Arturovych;Male;2;2024-09-01;5;f006;sp023;CONTRACT;ACTIVE;i.tkachenko3@ukma.edu.ua;+380501235341;2005-03-27;21
st20230838;Stepan;Rudenko;Kyrylovych;Male;3;2023-09-01;5;f006;sp023;CONTRACT;ACTIVE;s.rudenko5@ukma.edu.ua;+380501236269;2004-06-13;21
st20230839;Uliana;Rudenko;Arturivna;Female;3;2023-09-01;5;f006;sp023;BUDGET;ACTIVE;u.rudenko2@ukma.edu.ua;+380501236273;2004-09-23;21
st20230840;Kyrylo;Shevchenko;Maksymovych;Male;3;2023-09-01;5;f006;sp023;CONTRACT;ACTIVE;k.shevchenko3@ukma.edu.ua;+380501236293;2005-02-11;21
st20230841;Olena;Shevchuk;Andriivna;Female;3;2023-09-01;5;f006;sp023;CONTRACT;ACTIVE;o.shevchuk1@ukma.edu.ua;+380501236268;2004-03-11;22
st20230842;Taras;Shevchuk;Arturovych;Male;3;2023-09-01;5;f006;sp023;BUDGET;ACTIVE;t.shevchuk1@ukma.edu.ua;+380501236275;2004-08-16;21
st20230843;Valentyn;Shevchuk;Rostyslavovych;Male;3;2023-09-01;5;f006;sp023;BUDGET;ACTIVE;v.shevchuk2@ukma.edu.ua;+380501236296;2005-08-06;20
st20230844;Ihor;Sydorenko;Vladyslavovych;Male;3;2023-09-01;5;f006;sp023;BUDGET;ACTIVE;i.sydorenko4@ukma.edu.ua;+380501236267;2005-06-14;20
st20220870;Anton;Shevchuk;Valentynovych;Male;4;2022-09-01;5;f006;sp023;CONTRACT;ACTIVE;a.shevchuk23@ukma.edu.ua;+380501237246;2004-07-01;21
st20220871;Kyrylo;Sydorenko;Ivanovych;Male;4;2022-09-01;5;f006;sp023;BUDGET;ACTIVE;k.sydorenko6@ukma.edu.ua;+380501237225;2004-07-03;21
st20220872;Uliana;Sydorenko;Romanivna;Female;4;2022-09-01;5;f006;sp023;CONTRACT;ACTIVE;u.sydorenko3@ukma.edu.ua;+380501237227;2004-11-13;21
st20220873;Vitalii;Taran;Denysovych;Male;4;2022-09-01;5;f006;sp023;BUDGET;ACTIVE;v.taran19@ukma.edu.ua;+380501237226;2004-10-18;21
st20220874;Uliana;Taran;Rostyslavivna;Female;4;2022-09-01;5;f006;sp023;BUDGET;ACTIVE;u.taran2@ukma.edu.ua;+380501237231;2004-11-24;21
st20220875;Liubov;Tkachenko;Hlibivna;Female;4;2022-09-01;5;f006;sp023;CONTRACT;ACTIVE;l.tkachenko2@ukma.edu.ua;+380501237236;2004-05-20;21
st20240875;Svitlana;Vlasenko;Serhiivna;Female;2;2024-09-01;6;f006;sp023;CONTRACT;ACTIVE;s.vlasenko4@ukma.edu.ua;+380501235357;2005-10-18;20
st20240876;Nazar;Vlasenko;Artemovych;Male;2;2024-09-01;6;f006;sp023;BUDGET;ACTIVE;n.vlasenko1@ukma.edu.ua;+380501235362;2005-08-05;20
st20230845;Tymur;Tkachenko;Volodymyrovych;Male;3;2023-09-01;6;f006;sp023;CONTRACT;ACTIVE;t.tkachenko1@ukma.edu.ua;+380501236290;2004-09-12;21
st20230846;Sofiia;Tkachuk;Olehivna;Female;3;2023-09-01;6;f006;sp023;BUDGET;ACTIVE;s.tkachuk3@ukma.edu.ua;+380501236291;2004-08-23;21
st20220876;Ihor;Tkachuk;Yuriiovych;Male;4;2022-09-01;6;f006;sp023;CONTRACT;ACTIVE;i.tkachuk8@ukma.edu.ua;+380501237247;2003-09-01;22
st20250896;Sofiia;Stefanychyn;Vitaliivna;Female;1;2025-09-01;1;f006;sp024;BUDGET;ACTIVE;s.stefanychyn@ukma.edu.ua;+380501235186;2006-11-19;19
st20250897;Arina;Rukhtina;Oleksivna;Female;1;2025-09-01;1;f006;sp024;BUDGET;ACTIVE;a.rukhtina@ukma.edu.ua;+380501235187;2007-05-23;18
st20250898;Daryna;Ivanova;Serhiivna;Female;1;2025-09-01;1;f006;sp024;BUDGET;ACTIVE;d.ivanova@ukma.edu.ua;+380501235188;2006-01-04;20
st20250899;Uliana;Kucherenko;Andriivna;Female;1;2025-09-01;1;f006;sp024;BUDGET;ACTIVE;u.kucherenko@ukma.edu.ua;+380501235189;2007-09-29;18
st20250900;Anna;Babenko;Andriivna;Female;1;2025-09-01;1;f006;sp024;BUDGET;ACTIVE;a.babenko@ukma.edu.ua;+380501235190;2006-12-14;19
st20250901;Polina;Kudlai;Serhiivna;Female;1;2025-09-01;1;f006;sp024;BUDGET;ACTIVE;p.kudlai@ukma.edu.ua;+380501235191;2007-03-08;19
st20250902;Daria;Labuzova;Oleksandrivna;Female;1;2025-09-01;1;f006;sp024;BUDGET;ACTIVE;d.labuzova@ukma.edu.ua;+380501235192;2006-06-21;19
st20250903;Polina;Didenko;Kostiantynivna;Female;1;2025-09-01;1;f006;sp024;CONTRACT;ACTIVE;p.didenko@ukma.edu.ua;+380501235193;2007-11-28;18
st20250904;Marharyta;Balatska;Yuriivna;Female;1;2025-09-01;1;f006;sp024;CONTRACT;ACTIVE;m.balatska@ukma.edu.ua;+380501235194;2006-04-15;20
st20250905;Viktoriia;Haluzinska;Vitaliivna;Female;1;2025-09-01;1;f006;sp024;CONTRACT;ACTIVE;v.haluzinska@ukma.edu.ua;+380501235195;2007-08-01;18
st20240877;Veronika;Babenko;Hlibivna;Female;2;2024-09-01;1;f006;sp024;BUDGET;ACTIVE;v.babenko4@ukma.edu.ua;+380501235384;2006-11-02;19
st20240878;Yevhen;Babenko;Maksymovych;Male;2;2024-09-01;1;f006;sp024;CONTRACT;ACTIVE;y.babenko1@ukma.edu.ua;+380501235417;2006-08-07;19
st20240879;Hlib;Bondar;Vladyslavovych;Male;2;2024-09-01;1;f006;sp024;CONTRACT;ACTIVE;h.bondar@ukma.edu.ua;+380501235394;2006-12-21;19
st20240880;Yevhen;Bondar;Tymurovych;Male;2;2024-09-01;1;f006;sp024;BUDGET;ACTIVE;y.bondar1@ukma.edu.ua;+380501235397;2006-09-18;19
st20240881;Artem;Havryliuk;Romanovych;Male;2;2024-09-01;1;f006;sp024;CONTRACT;ACTIVE;a.havryliuk3@ukma.edu.ua;+380501235379;2006-12-06;19
st20240882;Bohdan;Honcharenko;Olehovych;Male;2;2024-09-01;1;f006;sp024;BUDGET;ACTIVE;b.honcharenko@ukma.edu.ua;+380501235385;2006-06-21;19
st20240883;Mykola;Honcharenko;Kyrylovych;Male;2;2024-09-01;1;f006;sp024;BUDGET;ACTIVE;m.honcharenko2@ukma.edu.ua;+380501235389;2005-10-20;20
st20230847;Denys;Babenko;Kyrylovych;Male;3;2023-09-01;1;f006;sp024;CONTRACT;ACTIVE;d.babenko6@ukma.edu.ua;+380501236329;2005-11-12;20
st20230848;Valeriia;Boiko;Yuriivna;Female;3;2023-09-01;1;f006;sp024;BUDGET;ACTIVE;v.boiko8@ukma.edu.ua;+380501236331;2004-11-21;21
st20230849;Yana;Bondar;Tymurivna;Female;3;2023-09-01;1;f006;sp024;BUDGET;ACTIVE;y.bondar3@ukma.edu.ua;+380501236313;2004-12-07;21
st20230850;Tetiana;Bondar;Tarasivna;Female;3;2023-09-01;1;f006;sp024;CONTRACT;ACTIVE;t.bondar@ukma.edu.ua;+380501236323;2005-08-19;20
st20230851;Khrystyna;Havryliuk;Bohdanivna;Female;3;2023-09-01;1;f006;sp024;CONTRACT;ACTIVE;k.havryliuk1@ukma.edu.ua;+380501236309;2005-08-28;20
st20230852;Hlib;Havryliuk;Hlibovych;Male;3;2023-09-01;1;f006;sp024;CONTRACT;ACTIVE;h.havryliuk1@ukma.edu.ua;+380501236333;2004-01-19;22
st20220877;Yuliia;Babenko;Hlibivna;Female;4;2022-09-01;1;f006;sp024;CONTRACT;ACTIVE;y.babenko9@ukma.edu.ua;+380501237270;2004-06-08;21
st20220878;Veronika;Bondar;Stepanivna;Female;4;2022-09-01;1;f006;sp024;CONTRACT;ACTIVE;v.bondar16@ukma.edu.ua;+380501237259;2003-09-19;22
st20220879;Veronika;Dmytrenko;Volodymyrivna;Female;4;2022-09-01;1;f006;sp024;BUDGET;ACTIVE;v.dmytrenko8@ukma.edu.ua;+380501237262;2003-10-21;22
st20220880;Artur;Havryliuk;Volodymyrovych;Male;4;2022-09-01;1;f006;sp024;BUDGET;ACTIVE;a.havryliuk14@ukma.edu.ua;+380501237251;2003-05-22;22
st20220881;Ivan;Havryliuk;Rostyslavovych;Male;4;2022-09-01;1;f006;sp024;BUDGET;ACTIVE;i.havryliuk3@ukma.edu.ua;+380501237257;2003-12-24;22
st20220882;Yurii;Havryliuk;Hlibovych;Male;4;2022-09-01;1;f006;sp024;BUDGET;ACTIVE;y.havryliuk5@ukma.edu.ua;+380501237279;2004-01-01;22
st20250906;Anastasiia;Hovorukha;Maksymivna;Female;1;2025-09-01;2;f006;sp024;CONTRACT;ACTIVE;a.hovorukha@ukma.edu.ua;+380501235196;2006-12-13;19
st20250907;Oleksandra;Krasheninnikova;Oleksiivna;Female;1;2025-09-01;2;f006;sp024;CONTRACT;ACTIVE;o.krasheninnikova@ukma.edu.ua;+380501235197;2007-04-26;18
st20250908;Yaryna;Petrova;Oleksandrivna;Female;1;2025-09-01;2;f006;sp024;CONTRACT;ACTIVE;y.petrova@ukma.edu.ua;+380501235198;2006-06-18;19
st20250909;Kristina;Androniichuk;Romanivna;Female;1;2025-09-01;2;f006;sp024;CONTRACT;ACTIVE;k.androniichuk@ukma.edu.ua;+380501235199;2007-11-09;18
st20250910;Yelyzaveta;Pinchuk;Stanislavivna;Female;1;2025-09-01;2;f006;sp024;CONTRACT;ACTIVE;y.pinchuk@ukma.edu.ua;+380501235200;2006-03-10;20
st20250911;Yeva;Horban;Oleksiivna;Female;1;2025-09-01;2;f006;sp024;CONTRACT;ACTIVE;y.horban@ukma.edu.ua;+380501235201;2007-08-27;18
st20250912;Yuliia;Kraieva;Oleksandrivna;Female;1;2025-09-01;2;f006;sp024;CONTRACT;ACTIVE;y.kraieva@ukma.edu.ua;+380501235202;2006-01-05;20
st20250913;Oleksandra;Naduieva;Volodymyrivna;Female;1;2025-09-01;2;f006;sp024;CONTRACT;ACTIVE;o.naduieva@ukma.edu.ua;+380501235203;2007-03-12;19
st20250914;Yelyzaveta;Dalenko;Serhiivna;Female;1;2025-09-01;2;f006;sp024;CONTRACT;ACTIVE;y.dalenko@ukma.edu.ua;+380501235204;2006-11-20;19
st20250915;Yelyzaveta;Shliakhova;Valeriivna;Female;1;2025-09-01;2;f006;sp024;CONTRACT;ACTIVE;y.shliakhova@ukma.edu.ua;+380501235205;2007-05-08;18
st20240884;Nadiia;Hrytsenko;Vladyslavivna;Female;2;2024-09-01;2;f006;sp024;CONTRACT;ACTIVE;n.hrytsenko1@ukma.edu.ua;+380501235392;2005-11-04;20
st20240885;Khrystyna;Ivanenko;Oleksandrivna;Female;2;2024-09-01;2;f006;sp024;CONTRACT;ACTIVE;k.ivanenko1@ukma.edu.ua;+380501235380;2005-02-04;21
st20240886;Anhelina;Ivanenko;Yevhenivna;Female;2;2024-09-01;2;f006;sp024;CONTRACT;ACTIVE;a.ivanenko2@ukma.edu.ua;+380501235382;2006-02-11;20
st20240887;Veronika;Ivanenko;Mykhailivna;Female;2;2024-09-01;2;f006;sp024;BUDGET;ACTIVE;v.ivanenko3@ukma.edu.ua;+380501235402;2006-04-07;20
st20240888;Hlib;Karpenko;Tarasovych;Male;2;2024-09-01;2;f006;sp024;BUDGET;ACTIVE;h.karpenko1@ukma.edu.ua;+380501235387;2006-04-09;20
st20240889;Artem;Karpenko;Andriiovych;Male;2;2024-09-01;2;f006;sp024;BUDGET;ACTIVE;a.karpenko5@ukma.edu.ua;+380501235388;2005-02-27;21
st20240890;Vasyl;Koval;Vitaliiovych;Male;2;2024-09-01;2;f006;sp024;CONTRACT;ACTIVE;v.koval2@ukma.edu.ua;+380501235377;2006-06-02;19
st20230853;Oksana;Ivanenko;Artemivna;Female;3;2023-09-01;2;f006;sp024;BUDGET;ACTIVE;o.ivanenko6@ukma.edu.ua;+380501236330;2005-07-20;20
st20230854;Nadiia;Karpenko;Bohdanivna;Female;3;2023-09-01;2;f006;sp024;BUDGET;ACTIVE;n.karpenko5@ukma.edu.ua;+380501236322;2005-01-14;21
st20230855;Yelyzaveta;Karpenko;Yuriivna;Female;3;2023-09-01;2;f006;sp024;CONTRACT;ACTIVE;y.karpenko5@ukma.edu.ua;+380501236324;2005-10-02;20
st20230856;Mykhailo;Khomenko;Ivanovych;Male;3;2023-09-01;2;f006;sp024;BUDGET;ACTIVE;m.khomenko5@ukma.edu.ua;+380501236303;2005-09-18;20
st20230857;Bohdan;Koval;Mykolaiovych;Male;3;2023-09-01;2;f006;sp024;CONTRACT;ACTIVE;b.koval4@ukma.edu.ua;+380501236302;2004-02-12;22
st20230858;Denys;Koval;Tarasovych;Male;3;2023-09-01;2;f006;sp024;BUDGET;ACTIVE;d.koval3@ukma.edu.ua;+380501236327;2004-07-22;21
st20220883;Vitalii;Honcharenko;Serhiiovych;Male;4;2022-09-01;2;f006;sp024;CONTRACT;ACTIVE;v.honcharenko18@ukma.edu.ua;+380501237266;2004-08-22;21
st20220884;Daria;Honcharenko;Serhiivna;Female;4;2022-09-01;2;f006;sp024;BUDGET;ACTIVE;d.honcharenko4@ukma.edu.ua;+380501237273;2004-10-11;21
st20220885;Iryna;Hrytsenko;Volodymyrivna;Female;4;2022-09-01;2;f006;sp024;CONTRACT;ACTIVE;i.hrytsenko6@ukma.edu.ua;+380501237261;2003-10-18;22
st20220886;Dmytro;Hrytsenko;Yevhenovych;Male;4;2022-09-01;2;f006;sp024;BUDGET;ACTIVE;d.hrytsenko6@ukma.edu.ua;+380501237264;2004-02-21;22
st20220887;Daria;Hrytsenko;Bohdanivna;Female;4;2022-09-01;2;f006;sp024;BUDGET;ACTIVE;d.hrytsenko7@ukma.edu.ua;+380501237281;2003-07-21;22
st20220888;Valeriia;Khomenko;Olehivna;Female;4;2022-09-01;2;f006;sp024;CONTRACT;ACTIVE;v.khomenko13@ukma.edu.ua;+380501237256;2003-07-13;22
st20250916;Anastasiia;Havrylova;Yuriivna;Female;1;2025-09-01;3;f006;sp024;CONTRACT;ACTIVE;a.havrylova@ukma.edu.ua;+380501235206;2006-08-14;19
st20250917;Maryna;Omelianenko;Oleksandrivna;Female;1;2025-09-01;3;f006;sp024;CONTRACT;ACTIVE;m.omelianenko@ukma.edu.ua;+380501235207;2007-02-22;19
st20250918;Yevheniia;Mishchenko;Yevhenivna;Female;1;2025-09-01;3;f006;sp024;CONTRACT;ACTIVE;y.mishchenko@ukma.edu.ua;+380501235208;2006-12-05;19
st20250919;Mariia;Popova;Oleksandrivna;Female;1;2025-09-01;3;f006;sp024;CONTRACT;ACTIVE;m.popova@ukma.edu.ua;+380501235209;2007-09-11;18
st20250920;Daryna;Chala;Yuriivna;Female;1;2025-09-01;3;f006;sp024;CONTRACT;ACTIVE;d.chala@ukma.edu.ua;+380501235210;2006-10-27;19
st20250921;Yeva;Nelipa;Andriivna;Female;1;2025-09-01;3;f006;sp024;CONTRACT;ACTIVE;y.nelipa@ukma.edu.ua;+380501235211;2007-04-16;19
st20250922;Kseniia;Hromyko;Olehivna;Female;1;2025-09-01;3;f006;sp024;CONTRACT;ACTIVE;k.hromyko@ukma.edu.ua;+380501235212;2006-07-03;19
st20250923;Karyna;Horkun;Yevhenivna;Female;1;2025-09-01;3;f006;sp024;CONTRACT;ACTIVE;k.horkun@ukma.edu.ua;+380501235213;2007-05-19;18
st20250924;Hanna;Starovytska;Serhiivna;Female;1;2025-09-01;3;f006;sp024;CONTRACT;ACTIVE;h.starovytska@ukma.edu.ua;+380501235214;2006-09-24;19
st20250925;Kseniia;Voronkova;Serhiivna;Female;1;2025-09-01;3;f006;sp024;CONTRACT;ACTIVE;k.voronkova@ukma.edu.ua;+380501235215;2007-03-31;19
st20240891;Vira;Koval;Andriivna;Female;2;2024-09-01;3;f006;sp024;CONTRACT;ACTIVE;v.koval3@ukma.edu.ua;+380501235390;2005-09-26;20
st20240892;Halyna;Kovalenko;Mykhailivna;Female;2;2024-09-01;3;f006;sp024;CONTRACT;ACTIVE;h.kovalenko@ukma.edu.ua;+380501235399;2005-03-11;21
st20240893;Anastasiia;Kravchenko;Vladyslavivna;Female;2;2024-09-01;3;f006;sp024;CONTRACT;ACTIVE;a.kravchenko4@ukma.edu.ua;+380501235414;2006-06-23;19
st20240894;Taras;Lysenko;Illich;Male;2;2024-09-01;3;f006;sp024;BUDGET;ACTIVE;t.lysenko1@ukma.edu.ua;+380501235386;2006-06-20;19
st20240895;Volodymyr;Lysenko;Vladyslavovych;Male;2;2024-09-01;3;f006;sp024;BUDGET;ACTIVE;v.lysenko4@ukma.edu.ua;+380501235409;2005-07-18;20
st20240896;Hlib;Marchenko;Tarasovych;Male;2;2024-09-01;3;f006;sp024;BUDGET;ACTIVE;h.marchenko1@ukma.edu.ua;+380501235403;2006-02-15;20
st20240897;Alina;Marchenko;Illivna;Female;2;2024-09-01;3;f006;sp024;CONTRACT;ACTIVE;a.marchenko6@ukma.edu.ua;+380501235406;2005-01-24;21
st20230859;Alina;Kovalenko;Mykolaivna;Female;3;2023-09-01;3;f006;sp024;BUDGET;ACTIVE;a.kovalenko4@ukma.edu.ua;+380501236321;2004-04-12;22
st20230860;Nataliia;Lysenko;Ivanivna;Female;3;2023-09-01;3;f006;sp024;CONTRACT;ACTIVE;n.lysenko1@ukma.edu.ua;+380501236304;2004-10-19;21
st20230861;Olena;Lysenko;Tarasivna;Female;3;2023-09-01;3;f006;sp024;CONTRACT;ACTIVE;o.lysenko@ukma.edu.ua;+380501236314;2005-02-18;21
st20230862;Vasyl;Lysenko;Denysovych;Male;3;2023-09-01;3;f006;sp024;CONTRACT;ACTIVE;v.lysenko10@ukma.edu.ua;+380501236318;2004-03-01;22
st20230863;Ivan;Melnyk;Tymurovych;Male;3;2023-09-01;3;f006;sp024;BUDGET;ACTIVE;i.melnyk2@ukma.edu.ua;+380501236328;2005-09-11;20
st20230864;Uliana;Panchenko;Dmytrivna;Female;3;2023-09-01;3;f006;sp024;CONTRACT;ACTIVE;u.panchenko@ukma.edu.ua;+380501236317;2005-02-07;21
st20220889;Artem;Khomenko;Olehovych;Male;4;2022-09-01;3;f006;sp024;BUDGET;ACTIVE;a.khomenko12@ukma.edu.ua;+380501237280;2004-07-16;21
st20220890;Svitlana;Koval;Romanivna;Female;4;2022-09-01;3;f006;sp024;BUDGET;ACTIVE;s.koval8@ukma.edu.ua;+380501237277;2003-03-06;23
st20220891;Denys;Kovalenko;Arturovych;Male;4;2022-09-01;3;f006;sp024;CONTRACT;ACTIVE;d.kovalenko6@ukma.edu.ua;+380501237255;2004-02-17;22
st20220892;Maksym;Kravchenko;Oleksandrovych;Male;4;2022-09-01;3;f006;sp024;CONTRACT;ACTIVE;m.kravchenko5@ukma.edu.ua;+380501237253;2004-02-05;22
st20220893;Iryna;Lysenko;Arturivna;Female;4;2022-09-01;3;f006;sp024;CONTRACT;ACTIVE;i.lysenko5@ukma.edu.ua;+380501237275;2003-05-12;22
st20220894;Mykhailo;Lysenko;Andriiovych;Male;4;2022-09-01;3;f006;sp024;BUDGET;ACTIVE;m.lysenko2@ukma.edu.ua;+380501237276;2003-10-11;22
st20250926;Sofiia;Skobelska;Serhiivna;Female;1;2025-09-01;4;f006;sp024;CONTRACT;ACTIVE;s.skobelska@ukma.edu.ua;+380501235216;2006-01-09;20
st20250927;Veronika;Ratynska;Viacheslavivna;Female;1;2025-09-01;4;f006;sp024;CONTRACT;ACTIVE;v.ratynska@ukma.edu.ua;+380501235217;2007-11-04;18
st20250928;Mariia;Behmat;Oleksandrivna;Female;1;2025-09-01;4;f006;sp024;CONTRACT;ACTIVE;m.behmat@ukma.edu.ua;+380501235218;2006-08-21;19
st20250929;Kyryl;Harnaha;Maksymovych;Male;1;2025-09-01;4;f006;sp024;CONTRACT;ACTIVE;k.harnaha@ukma.edu.ua;+380501235219;2007-06-15;18
st20250930;Dariia;Tkachenko;Volodymyrivna;Female;1;2025-09-01;4;f006;sp024;CONTRACT;ACTIVE;d.tkachenko@ukma.edu.ua;+380501235220;2006-04-30;19
st20250931;Sofiia;Pantieieva;Denysivna;Female;1;2025-09-01;4;f006;sp024;CONTRACT;ACTIVE;s.pantieieva@ukma.edu.ua;+380501235221;2007-10-12;18
st20250932;Anastasiia;Abramova;Oleksivna;Female;1;2025-09-01;4;f006;sp024;CONTRACT;ACTIVE;a.abramova@ukma.edu.ua;+380501235222;2006-02-28;20
st20250933;Kseniia;Muravska;Serhiivna;Female;1;2025-09-01;4;f006;sp024;CONTRACT;ACTIVE;k.muravska@ukma.edu.ua;+380501235223;2007-07-07;18
st20250934;Karina;Pauk;Illivna;Female;1;2025-09-01;4;f006;sp024;CONTRACT;ACTIVE;k.pauk@ukma.edu.ua;+380501235224;2006-11-19;19
st20250935;Veronika;Kozhyna;Dmytrivna;Female;1;2025-09-01;4;f006;sp024;CONTRACT;ACTIVE;v.kozhyna@ukma.edu.ua;+380501235225;2007-05-23;18
st20240898;Anastasiia;Melnyk;Ivanivna;Female;2;2024-09-01;4;f006;sp024;CONTRACT;ACTIVE;a.melnyk7@ukma.edu.ua;+380501235395;2005-10-24;20
st20240899;Ihor;Moroz;Yevhenovych;Male;2;2024-09-01;4;f006;sp024;BUDGET;ACTIVE;i.moroz2@ukma.edu.ua;+380501235378;2006-06-10;19
st20240900;Alina;Polishchuk;Tarasivna;Female;2;2024-09-01;4;f006;sp024;BUDGET;ACTIVE;a.polishchuk3@ukma.edu.ua;+380501235411;2005-08-05;20
st20240901;Illia;Ponomarenko;Arturovych;Male;2;2024-09-01;4;f006;sp024;BUDGET;ACTIVE;i.ponomarenko1@ukma.edu.ua;+380501235383;2006-08-20;19
st20240902;Yana;Ponomarenko;Volodymyrivna;Female;2;2024-09-01;4;f006;sp024;BUDGET;ACTIVE;y.ponomarenko5@ukma.edu.ua;+380501235404;2006-09-14;19
st20240903;Oleh;Ponomarenko;Tarasovych;Male;2;2024-09-01;4;f006;sp024;CONTRACT;ACTIVE;o.ponomarenko1@ukma.edu.ua;+380501235418;2005-02-23;21
st20240904;Nadiia;Radchenko;Serhiivna;Female;2;2024-09-01;4;f006;sp024;BUDGET;ACTIVE;n.radchenko1@ukma.edu.ua;+380501235410;2005-10-27;20
st20230865;Mykola;Polishchuk;Hlibovych;Male;3;2023-09-01;4;f006;sp024;BUDGET;ACTIVE;m.polishchuk1@ukma.edu.ua;+380501236301;2004-10-15;21
st20230866;Rostyslav;Polishchuk;Vladyslavovych;Male;3;2023-09-01;4;f006;sp024;CONTRACT;ACTIVE;r.polishchuk@ukma.edu.ua;+380501236311;2004-12-13;21
st20230867;Daria;Ponomarenko;Antonivna;Female;3;2023-09-01;4;f006;sp024;CONTRACT;ACTIVE;d.ponomarenko6@ukma.edu.ua;+380501236319;2004-05-14;21
st20230868;Khrystyna;Ponomarenko;Ivanivna;Female;3;2023-09-01;4;f006;sp024;CONTRACT;ACTIVE;k.ponomarenko5@ukma.edu.ua;+380501236332;2004-09-28;21
st20230869;Artem;Savchenko;Arturovych;Male;3;2023-09-01;4;f006;sp024;CONTRACT;ACTIVE;a.savchenko7@ukma.edu.ua;+380501236305;2004-08-09;21
st20230870;Polina;Savchenko;Valentynivna;Female;3;2023-09-01;4;f006;sp024;BUDGET;ACTIVE;p.savchenko1@ukma.edu.ua;+380501236312;2005-10-10;20
st20220895;Yana;Marchenko;Illivna;Female;4;2022-09-01;4;f006;sp024;CONTRACT;ACTIVE;y.marchenko13@ukma.edu.ua;+380501237254;2003-04-03;23
st20220896;Artem;Melnyk;Dmytrovych;Male;4;2022-09-01;4;f006;sp024;BUDGET;ACTIVE;a.melnyk16@ukma.edu.ua;+380501237258;2004-04-21;21
st20220897;Vitalii;Melnyk;Ivanovych;Male;4;2022-09-01;4;f006;sp024;CONTRACT;ACTIVE;v.melnyk14@ukma.edu.ua;+380501237263;2004-03-27;22
st20220898;Tetiana;Panchenko;Volodymyrivna;Female;4;2022-09-01;4;f006;sp024;CONTRACT;ACTIVE;t.panchenko5@ukma.edu.ua;+380501237269;2004-01-12;22
st20220899;Nazar;Petrenko;Denysovych;Male;4;2022-09-01;4;f006;sp024;CONTRACT;ACTIVE;n.petrenko2@ukma.edu.ua;+380501237265;2004-04-25;21
st20220900;Roman;Petrenko;Artemovych;Male;4;2022-09-01;4;f006;sp024;BUDGET;ACTIVE;r.petrenko4@ukma.edu.ua;+380501237271;2004-06-18;21
st20250936;Kateryna;Romanova;Pavlivna;Female;1;2025-09-01;5;f006;sp024;CONTRACT;ACTIVE;k.romanova@ukma.edu.ua;+380501235226;2006-01-04;20
st20250937;Sofiia;Hushieva;Viktorivna;Female;1;2025-09-01;5;f006;sp024;CONTRACT;ACTIVE;s.hushieva@ukma.edu.ua;+380501235227;2007-09-29;18
st20250938;Tetiana;Overchuk;Viktorivna;Female;1;2025-09-01;5;f006;sp024;CONTRACT;ACTIVE;t.overchuk@ukma.edu.ua;+380501235228;2006-12-14;19
st20250939;Anna;Korol;Yevhenivna;Female;1;2025-09-01;5;f006;sp024;CONTRACT;ACTIVE;a.korol@ukma.edu.ua;+380501235229;2007-03-08;19
st20250940;Yelyzaveta;Barylska;Yuriivna;Female;1;2025-09-01;5;f006;sp024;CONTRACT;ACTIVE;y.barylska@ukma.edu.ua;+380501235230;2006-06-21;19
st20250941;Anastasiia;Skrypkina;Ihorivna;Female;1;2025-09-01;5;f006;sp024;CONTRACT;ACTIVE;a.skrypkina@ukma.edu.ua;+380501235231;2007-11-28;18
st20250942;Poliina;Yaremenko;Romanivna;Female;1;2025-09-01;5;f006;sp024;CONTRACT;ACTIVE;p.yaremenko@ukma.edu.ua;+380501235232;2006-04-15;20
st20250943;Yana;Denysiuk;Vasylivna;Female;1;2025-09-01;5;f006;sp024;CONTRACT;ACTIVE;y.denysiuk@ukma.edu.ua;+380501235233;2007-08-01;18
st20250944;Ivanna;Ivanenko;Ihorivna;Female;1;2025-09-01;5;f006;sp024;CONTRACT;ACTIVE;i.ivanenko@ukma.edu.ua;+380501235234;2006-12-13;19
st20250945;Olena;Vlasiuk;Oleksandrivna;Female;1;2025-09-01;5;f006;sp024;CONTRACT;ACTIVE;o.vlasiuk@ukma.edu.ua;+380501235235;2007-04-26;18
st20240905;Tetiana;Radchenko;Yevhenivna;Female;2;2024-09-01;5;f006;sp024;BUDGET;ACTIVE;t.radchenko1@ukma.edu.ua;+380501235412;2005-04-12;21
st20240906;Nadiia;Rudenko;Volodymyrivna;Female;2;2024-09-01;5;f006;sp024;CONTRACT;ACTIVE;n.rudenko@ukma.edu.ua;+380501235396;2005-09-23;20
st20240907;Mariia;Rudenko;Maksymivna;Female;2;2024-09-01;5;f006;sp024;CONTRACT;ACTIVE;m.rudenko2@ukma.edu.ua;+380501235413;2005-06-21;20
st20240908;Roman;Rudenko;Andriiovych;Male;2;2024-09-01;5;f006;sp024;CONTRACT;ACTIVE;r.rudenko@ukma.edu.ua;+380501235416;2006-05-06;19
st20240909;Yevhen;Savchenko;Denysovych;Male;2;2024-09-01;5;f006;sp024;CONTRACT;ACTIVE;y.savchenko2@ukma.edu.ua;+380501235393;2005-08-11;20
st20240910;Rostyslav;Shevchuk;Yuriiovych;Male;2;2024-09-01;5;f006;sp024;BUDGET;ACTIVE;r.shevchuk@ukma.edu.ua;+380501235408;2005-08-13;20
st20240911;Artem;Sydorenko;Romanovych;Male;2;2024-09-01;5;f006;sp024;BUDGET;ACTIVE;a.sydorenko@ukma.edu.ua;+380501235381;2005-05-02;20
st20230871;Pavlo;Savchenko;Yuriiovych;Male;3;2023-09-01;5;f006;sp024;BUDGET;ACTIVE;p.savchenko2@ukma.edu.ua;+380501236320;2004-02-13;22
st20230872;Artur;Shevchuk;Volodymyrovych;Male;3;2023-09-01;5;f006;sp024;CONTRACT;ACTIVE;a.shevchuk12@ukma.edu.ua;+380501236306;2004-07-13;21
st20230873;Kateryna;Shevchuk;Illivna;Female;3;2023-09-01;5;f006;sp024;BUDGET;ACTIVE;k.shevchuk7@ukma.edu.ua;+380501236310;2005-01-13;21
st20230874;Ivan;Sydorenko;Serhiiovych;Male;3;2023-09-01;5;f006;sp024;BUDGET;ACTIVE;i.sydorenko5@ukma.edu.ua;+380501236308;2005-03-21;21
st20230875;Oleksandr;Taran;Vitaliiovych;Male;3;2023-09-01;5;f006;sp024;CONTRACT;ACTIVE;o.taran3@ukma.edu.ua;+380501236316;2004-03-24;22
st20230876;Valeriia;Taran;Volodymyrivna;Female;3;2023-09-01;5;f006;sp024;BUDGET;ACTIVE;v.taran11@ukma.edu.ua;+380501236334;2004-08-22;21
st20220901;Hlib;Petrenko;Romanovych;Male;4;2022-09-01;5;f006;sp024;BUDGET;ACTIVE;h.petrenko@ukma.edu.ua;+380501237278;2003-02-11;23
st20220902;Yana;Ponomarenko;Antonivna;Female;4;2022-09-01;5;f006;sp024;CONTRACT;ACTIVE;y.ponomarenko12@ukma.edu.ua;+380501237268;2003-06-20;22
st20220903;Valeriia;Savchenko;Stepanivna;Female;4;2022-09-01;5;f006;sp024;BUDGET;ACTIVE;v.savchenko9@ukma.edu.ua;+380501237272;2003-09-06;22
st20220904;Oleh;Shevchenko;Maksymovych;Male;4;2022-09-01;5;f006;sp024;CONTRACT;ACTIVE;o.shevchenko8@ukma.edu.ua;+380501237274;2003-02-23;23
st20220905;Daria;Shevchuk;Oleksandrivna;Female;4;2022-09-01;5;f006;sp024;CONTRACT;ACTIVE;d.shevchuk8@ukma.edu.ua;+380501237260;2003-05-18;22
st20220906;Ivan;Sydorenko;Vitaliiovych;Male;4;2022-09-01;5;f006;sp024;CONTRACT;ACTIVE;i.sydorenko6@ukma.edu.ua;+380501237250;2003-04-21;22
st20250946;Nazar;Dziuba;Serhiiovych;Male;1;2025-09-01;6;f006;sp024;CONTRACT;ACTIVE;n.dziuba@ukma.edu.ua;+380501235236;2006-06-18;19
st20250947;Kateryna;Babak;Oleksandrivna;Female;1;2025-09-01;6;f006;sp024;CONTRACT;ACTIVE;k.babak@ukma.edu.ua;+380501235237;2007-11-09;18
st20250948;Tala;Polishchuk;Volodymyrivna;Female;1;2025-09-01;6;f006;sp024;CONTRACT;ACTIVE;t.polishchuk@ukma.edu.ua;+380501235238;2006-03-10;20
st20250949;Veronika;Dmytryk;Serhiivna;Female;1;2025-09-01;6;f006;sp024;CONTRACT;ACTIVE;v.dmytryk@ukma.edu.ua;+380501235239;2007-08-27;18
st20250950;Anna;Melnyk;Yaroslavivna;Female;1;2025-09-01;6;f006;sp024;CONTRACT;ACTIVE;a.melnyk@ukma.edu.ua;+380501235240;2006-01-05;20
st20250951;Yeva;Duda;Viktorivna;Female;1;2025-09-01;6;f006;sp024;CONTRACT;ACTIVE;y.duda@ukma.edu.ua;+380501235241;2007-03-12;19
st20250952;Matvii;Vovk;Yaroslavovych;Male;1;2025-09-01;6;f006;sp024;CONTRACT;ACTIVE;m.vovk@ukma.edu.ua;+380501235242;2006-11-20;19
st20250953;Viktoriia;Demchuk;Ihorivna;Female;1;2025-09-01;6;f006;sp024;CONTRACT;ACTIVE;v.demchuk@ukma.edu.ua;+380501235243;2007-05-08;18
st20250954;Vladyslava;Panicherska;Vitaliivna;Female;1;2025-09-01;6;f006;sp024;CONTRACT;ACTIVE;v.panicherska@ukma.edu.ua;+380501235244;2006-08-14;19
st20250955;Valeriia;Hromykovska;Oleksiivna;Female;1;2025-09-01;6;f006;sp024;CONTRACT;ACTIVE;v.hromykovska@ukma.edu.ua;+380501235245;2007-02-22;19
st20240912;Stepan;Taran;Romanovych;Male;2;2024-09-01;6;f006;sp024;BUDGET;ACTIVE;s.taran@ukma.edu.ua;+380501235401;2005-05-01;20
st20240913;Kseniia;Taran;Tarasivna;Female;2;2024-09-01;6;f006;sp024;CONTRACT;ACTIVE;k.taran@ukma.edu.ua;+380501235407;2005-12-01;20
st20240914;Kseniia;Tkachenko;Tarasivna;Female;2;2024-09-01;6;f006;sp024;BUDGET;ACTIVE;k.tkachenko2@ukma.edu.ua;+380501235398;2006-06-14;19
st20240915;Nadiia;Tkachenko;Yevhenivna;Female;2;2024-09-01;6;f006;sp024;BUDGET;ACTIVE;n.tkachenko1@ukma.edu.ua;+380501235415;2006-08-11;19
st20240916;Alina;Tkachuk;Mykhailivna;Female;2;2024-09-01;6;f006;sp024;CONTRACT;ACTIVE;a.tkachuk4@ukma.edu.ua;+380501235391;2005-09-12;20
st20240917;Vasyl;Tkachuk;Tymurovych;Male;2;2024-09-01;6;f006;sp024;CONTRACT;ACTIVE;v.tkachuk11@ukma.edu.ua;+380501235400;2005-12-05;20
st20240918;Dmytro;Tkachuk;Vitaliiovych;Male;2;2024-09-01;6;f006;sp024;CONTRACT;ACTIVE;d.tkachuk@ukma.edu.ua;+380501235405;2005-11-08;20
st20230877;Yurii;Tkachenko;Rostyslavovych;Male;3;2023-09-01;6;f006;sp024;CONTRACT;ACTIVE;y.tkachenko4@ukma.edu.ua;+380501236315;2004-08-20;21
st20230878;Anton;Tkachuk;Romanovych;Male;3;2023-09-01;6;f006;sp024;CONTRACT;ACTIVE;a.tkachuk11@ukma.edu.ua;+380501236307;2005-04-28;20
st20230879;Daria;Vlasenko;Arturivna;Female;3;2023-09-01;6;f006;sp024;CONTRACT;ACTIVE;d.vlasenko5@ukma.edu.ua;+380501236325;2005-08-14;20
st20230880;Anna;Vlasenko;Vladyslavivna;Female;3;2023-09-01;6;f006;sp024;CONTRACT;ACTIVE;a.vlasenko7@ukma.edu.ua;+380501236326;2004-06-16;21
st20220907;Rostyslav;Sydorenko;Vladyslavovych;Male;4;2022-09-01;6;f006;sp024;CONTRACT;ACTIVE;r.sydorenko2@ukma.edu.ua;+380501237267;2003-01-13;23
st20220908;Hlib;Taran;Mykolaiovych;Male;4;2022-09-01;6;f006;sp024;CONTRACT;ACTIVE;h.taran2@ukma.edu.ua;+380501237252;2003-11-28;22
st20220909;Volodymyr;Tkachenko;Olehovych;Male;4;2022-09-01;6;f006;sp024;CONTRACT;ACTIVE;v.tkachenko14@ukma.edu.ua;+380501237282;2003-12-08;22
st20250956;Emiliia;Ruzhevych;Romanivna;Female;1;2025-09-01;7;f006;sp024;CONTRACT;ACTIVE;e.ruzhevych@ukma.edu.ua;+380501235246;2006-12-05;19
st20250957;Daria;Kladko;Oleksandrivna;Female;1;2025-09-01;7;f006;sp024;CONTRACT;ACTIVE;d.kladko@ukma.edu.ua;+380501235247;2007-09-11;18
st20250958;Liliia;Lehka;Oleksandrivna;Female;1;2025-09-01;7;f006;sp024;CONTRACT;ACTIVE;l.lehka@ukma.edu.ua;+380501235248;2006-10-27;19
st20250959;Mariia;Smolkova;Serhiivna;Female;1;2025-09-01;7;f006;sp024;CONTRACT;ACTIVE;m.smolkova@ukma.edu.ua;+380501235249;2007-04-16;19
st20250960;Hanna;Vashchuk;Oleksandrivna;Female;1;2025-09-01;7;f006;sp024;CONTRACT;ACTIVE;h.vashchuk@ukma.edu.ua;+380501235250;2006-07-03;19
st20250961;Oleksandra;Pypot;Mykhailivna;Female;1;2025-09-01;7;f006;sp024;CONTRACT;ACTIVE;o.pypot@ukma.edu.ua;+380501235251;2007-05-19;18
st20250962;Ahnesa;Petrosian;Akopivna;Female;1;2025-09-01;7;f006;sp024;CONTRACT;ACTIVE;a.petrosian@ukma.edu.ua;+380501235252;2006-09-24;19
st20250963;Myroslava;Chornat;Serhiivna;Female;1;2025-09-01;7;f006;sp024;CONTRACT;ACTIVE;m.chornat@ukma.edu.ua;+380501235253;2007-03-31;19
st20250964;Poliina;Stukan;Serhiivna;Female;1;2025-09-01;7;f006;sp024;CONTRACT;ACTIVE;p.stukan@ukma.edu.ua;+380501235254;2006-01-09;20
st20250965;Karolina;Shevchenko;Antonivna;Female;1;2025-09-01;7;f006;sp024;CONTRACT;ACTIVE;k.shevchenko@ukma.edu.ua;+380501235255;2007-11-04;18
st20250966;Solomiia;Dziubynska;Ihorivna;Female;1;2025-09-01;8;f006;sp024;CONTRACT;ACTIVE;s.dziubynska@ukma.edu.ua;+380501235256;2006-04-30;19
st20250967;Mariia;Parko;Oleksandrivna;Female;1;2025-09-01;8;f006;sp024;CONTRACT;ACTIVE;m.parko@ukma.edu.ua;+380501235257;2007-10-12;18
st20250968;Sofiia;Fedochenko;Mykolaivna;Female;1;2025-09-01;8;f006;sp024;CONTRACT;ACTIVE;s.fedochenko@ukma.edu.ua;+380501235258;2006-02-28;20
st20250969;Illia;Bolshun;Valentynovych;Male;1;2025-09-01;8;f006;sp024;CONTRACT;ACTIVE;i.bolshun@ukma.edu.ua;+380501235259;2007-07-07;18
st20250970;Tetiana;Arkusha;Serhiivna;Female;1;2025-09-01;8;f006;sp024;CONTRACT;ACTIVE;t.arkusha@ukma.edu.ua;+380501235260;2006-11-19;19
st20250971;Anastasiia;Vovk;Dmytrivna;Female;1;2025-09-01;8;f006;sp024;CONTRACT;ACTIVE;a.vovk@ukma.edu.ua;+380501235261;2007-05-23;18
st20250972;Larysa;Irzhytska;Yuriivna;Female;1;2025-09-01;8;f006;sp024;CONTRACT;ACTIVE;l.irzhytska@ukma.edu.ua;+380501235262;2006-01-04;20
st20250973;Veronika;Nyrka;Ihorivna;Female;1;2025-09-01;8;f006;sp024;CONTRACT;ACTIVE;v.nyrka@ukma.edu.ua;+380501235263;2007-09-29;18
st20250974;Anna;Malonos;Dmytrivna;Female;1;2025-09-01;8;f006;sp024;CONTRACT;ACTIVE;a.malonos@ukma.edu.ua;+380501235264;2006-12-14;19
st20250975;Anna;Badaieva;Serhiivna;Female;1;2025-09-01;8;f006;sp024;CONTRACT;ACTIVE;a.badaieva@ukma.edu.ua;+380501235265;2007-03-08;19
st20250976;Yuliia;Ilnytska;Oleksandrivna;Female;1;2025-09-01;9;f006;sp024;CONTRACT;ACTIVE;y.ilnytska@ukma.edu.ua;+380501235266;2006-07-21;19
st20250977;Kristina;Yanchuk;Valeriivna;Female;1;2025-09-01;9;f006;sp024;CONTRACT;ACTIVE;k.yanchuk@ukma.edu.ua;+380501235267;2007-01-11;19
st20250978;Karina;Halyha;Bohdanivna;Female;1;2025-09-01;9;f006;sp024;CONTRACT;ACTIVE;k.halyha@ukma.edu.ua;+380501235268;2006-06-25;19
st20250979;Uliana;Nesterenko;Antonivna;Female;1;2025-09-01;9;f006;sp024;CONTRACT;ACTIVE;u.nesterenko@ukma.edu.ua;+380501235269;2007-02-05;19
st20250980;Oleksandra;Patsiorna;Volodymyrivna;Female;1;2025-09-01;9;f006;sp024;CONTRACT;ACTIVE;o.patsiorna@ukma.edu.ua;+380501235270;2006-08-16;19
st20250981;Yevheniia;Slobodian;Yevhenivna;Female;1;2025-09-01;9;f006;sp024;CONTRACT;ACTIVE;y.slobodian@ukma.edu.ua;+380501235271;2007-11-04;18
st20250982;Anna;Zaslavska;Yaroslavivna;Female;1;2025-09-01;9;f006;sp024;CONTRACT;ACTIVE;a.zaslavska@ukma.edu.ua;+380501235272;2006-04-19;20
st20250983;Diana;Barabash;Vasylivna;Female;1;2025-09-01;9;f006;sp024;CONTRACT;ACTIVE;d.barabash@ukma.edu.ua;+380501235273;2007-10-09;18
st20250984;Oleksandra;Antoniuk;Serhiivna;Female;1;2025-09-01;9;f006;sp024;CONTRACT;ACTIVE;o.antoniuk@ukma.edu.ua;+380501235274;2006-06-25;19
st20250985;Dariia;Stepanenko;Petrivna;Female;1;2025-09-01;1;f006;sp025;BUDGET;ACTIVE;d.stepanenko@ukma.edu.ua;+380501235275;2007-02-05;19
st20250986;Sofiia;Pliasova;Denysivna;Female;1;2025-09-01;1;f006;sp025;BUDGET;ACTIVE;s.pliasova@ukma.edu.ua;+380501235276;2006-01-11;20
st20250987;Daria;Kyrychenko;Ivanivna;Female;1;2025-09-01;1;f006;sp025;BUDGET;ACTIVE;d.kyrychenko@ukma.edu.ua;+380501235277;2007-05-29;18
st20250988;Roman;Khalaim;Olesovych;Male;1;2025-09-01;1;f006;sp025;BUDGET;ACTIVE;r.khalaim@ukma.edu.ua;+380501235278;2006-12-02;19
st20250989;Olha;Kaidanovych;Valeriivna;Female;1;2025-09-01;1;f006;sp025;BUDGET;ACTIVE;o.kaidanovych@ukma.edu.ua;+380501235279;2007-09-17;18
st20250990;Anastasiia;Lototska;Hennadiivna;Female;1;2025-09-01;1;f006;sp025;BUDGET;ACTIVE;a.lototska@ukma.edu.ua;+380501235280;2006-08-22;19
st20250991;Volodymyr;Yaroshenko;Volodymyrovych;Male;1;2025-09-01;1;f006;sp025;BUDGET;ACTIVE;v.yaroshenko@ukma.edu.ua;+380501235281;2007-03-08;19
st20250992;Melaniia-Anna;Huk;Andriivna;Female;1;2025-09-01;1;f006;sp025;BUDGET;ACTIVE;m.huk@ukma.edu.ua;+380501235282;2006-10-31;19
st20250993;Mariia;Dushko;Kyrylivna;Female;1;2025-09-01;1;f006;sp025;BUDGET;ACTIVE;m.dushko@ukma.edu.ua;+380501235283;2007-07-14;18
st20250994;Arina;Yaremchuk;Ruslanivna;Female;1;2025-09-01;1;f006;sp025;BUDGET;ACTIVE;a.yaremchuk@ukma.edu.ua;+380501235284;2006-05-03;19
st20240919;Dmytro;Babenko;Mykolaiovych;Male;2;2024-09-01;1;f006;sp025;BUDGET;ACTIVE;d.babenko4@ukma.edu.ua;+380501235429;2006-02-04;20
st20240920;Taras;Babenko;Arturovych;Male;2;2024-09-01;1;f006;sp025;CONTRACT;ACTIVE;t.babenko@ukma.edu.ua;+380501235433;2006-04-16;20
st20240921;Mariia;Bondar;Yevhenivna;Female;2;2024-09-01;1;f006;sp025;BUDGET;ACTIVE;m.bondar2@ukma.edu.ua;+380501235447;2005-08-20;20
st20240922;Dmytro;Bondar;Antonovych;Male;2;2024-09-01;1;f006;sp025;CONTRACT;ACTIVE;d.bondar2@ukma.edu.ua;+380501235454;2006-05-23;19
st20240923;Anastasiia;Bondarenko;Tarasivna;Female;2;2024-09-01;1;f006;sp025;CONTRACT;ACTIVE;a.bondarenko5@ukma.edu.ua;+380501235421;2005-02-02;21
st20240924;Anhelina;Bondarenko;Tymurivna;Female;2;2024-09-01;1;f006;sp025;BUDGET;ACTIVE;a.bondarenko6@ukma.edu.ua;+380501235428;2005-08-22;20
st20230881;Bozhena;Babenko;Arturivna;Female;3;2023-09-01;1;f006;sp025;CONTRACT;ACTIVE;b.babenko1@ukma.edu.ua;+380501236354;2004-07-08;21
st20230882;Pavlo;Boiko;Illich;Male;3;2023-09-01;1;f006;sp025;CONTRACT;ACTIVE;p.boiko1@ukma.edu.ua;+380501236357;2004-03-15;22
st20230883;Rostyslav;Boiko;Vitaliiovych;Male;3;2023-09-01;1;f006;sp025;CONTRACT;ACTIVE;r.boiko2@ukma.edu.ua;+380501236363;2004-03-18;22
st20230884;Sofiia;Bondar;Mykolaivna;Female;3;2023-09-01;1;f006;sp025;CONTRACT;ACTIVE;s.bondar5@ukma.edu.ua;+380501236349;2004-08-06;21
st20230885;Polina;Bondarenko;Andriivna;Female;3;2023-09-01;1;f006;sp025;BUDGET;ACTIVE;p.bondarenko1@ukma.edu.ua;+380501236366;2004-07-06;21
st20230886;Viktoriia;Bondarenko;Andriivna;Female;3;2023-09-01;1;f006;sp025;CONTRACT;ACTIVE;v.bondarenko11@ukma.edu.ua;+380501236367;2005-11-16;20
st20230887;Vitalii;Dmytrenko;Romanovych;Male;3;2023-09-01;1;f006;sp025;CONTRACT;ACTIVE;v.dmytrenko6@ukma.edu.ua;+380501236358;2005-04-15;21
st20220910;Mariia;Boiko;Volodymyrivna;Female;4;2022-09-01;1;f006;sp025;BUDGET;ACTIVE;m.boiko7@ukma.edu.ua;+380501237308;2003-06-10;22
st20220911;Svitlana;Dmytrenko;Artemivna;Female;4;2022-09-01;1;f006;sp025;BUDGET;ACTIVE;s.dmytrenko6@ukma.edu.ua;+380501237286;2004-11-12;21
st20220912;Kyrylo;Dmytrenko;Yevhenovych;Male;4;2022-09-01;1;f006;sp025;CONTRACT;ACTIVE;k.dmytrenko6@ukma.edu.ua;+380501237310;2003-07-25;22
st20220913;Veronika;Havryliuk;Vladyslavivna;Female;4;2022-09-01;1;f006;sp025;CONTRACT;ACTIVE;v.havryliuk7@ukma.edu.ua;+380501237285;2004-04-11;22
st20220914;Alisa;Havryliuk;Serhiivna;Female;4;2022-09-01;1;f006;sp025;BUDGET;ACTIVE;a.havryliuk15@ukma.edu.ua;+380501237301;2004-11-26;21
st20220915;Volodymyr;Honcharenko;Yuriiovych;Male;4;2022-09-01;1;f006;sp025;BUDGET;ACTIVE;v.honcharenko19@ukma.edu.ua;+380501237302;2003-05-13;22
st20250995;Maksym;Rubchak;Mykolaiovych;Male;1;2025-09-01;2;f006;sp025;BUDGET;ACTIVE;m.rubchak@ukma.edu.ua;+380501235285;2007-11-26;18
st20250996;Kateryna;Ismailova;Rakhativna;Female;1;2025-09-01;2;f006;sp025;BUDGET;ACTIVE;k.ismailova@ukma.edu.ua;+380501235286;2006-02-18;20
st20250997;Sofiia;Rusenko;Kostiantynivna;Female;1;2025-09-01;2;f006;sp025;BUDGET;ACTIVE;s.rusenko@ukma.edu.ua;+380501235287;2007-04-10;19
st20250998;Evelina;Kupriienko;Yevheniivna;Female;1;2025-09-01;2;f006;sp025;BUDGET;ACTIVE;e.kupriienko@ukma.edu.ua;+380501235288;2006-12-08;19
st20250999;Veronika;Shupylo;Ruslanivna;Female;1;2025-09-01;2;f006;sp025;BUDGET;ACTIVE;v.shupylo@ukma.edu.ua;+380501235289;2007-08-16;18
st20251000;Yana;Senkiv;Andriivna;Female;1;2025-09-01;2;f006;sp025;CONTRACT;ACTIVE;y.senkiv@ukma.edu.ua;+380501235290;2006-06-02;19
st20251001;Yeva;Shevchenko;Tarasivna;Female;1;2025-09-01;2;f006;sp025;CONTRACT;ACTIVE;y.shevchenko@ukma.edu.ua;+380501235291;2007-01-22;19
st20251002;Mykhailo;Sapozhnyk;Mykolaiovych;Male;1;2025-09-01;2;f006;sp025;CONTRACT;ACTIVE;m.sapozhnyk@ukma.edu.ua;+380501235292;2006-09-14;19
st20251003;Sofiia;Yushchenko;Tarasivna;Female;1;2025-09-01;2;f006;sp025;CONTRACT;ACTIVE;s.yushchenko@ukma.edu.ua;+380501235293;2007-10-28;18
st20251004;Yelyzaveta;Popovych;Bohdanivna;Female;1;2025-09-01;2;f006;sp025;CONTRACT;ACTIVE;y.popovych@ukma.edu.ua;+380501235294;2006-03-05;20
st20240925;Dmytro;Ivanenko;Andriiovych;Male;2;2024-09-01;2;f006;sp025;CONTRACT;ACTIVE;d.ivanenko2@ukma.edu.ua;+380501235426;2006-07-12;19
st20240926;Artur;Karpenko;Arturovych;Male;2;2024-09-01;2;f006;sp025;CONTRACT;ACTIVE;a.karpenko6@ukma.edu.ua;+380501235423;2006-01-05;20
st20240927;Kseniia;Karpenko;Andriivna;Female;2;2024-09-01;2;f006;sp025;CONTRACT;ACTIVE;k.karpenko@ukma.edu.ua;+380501235443;2005-07-02;20
st20240928;Solomiia;Khomenko;Tarasivna;Female;2;2024-09-01;2;f006;sp025;CONTRACT;ACTIVE;s.khomenko3@ukma.edu.ua;+380501235431;2005-11-13;20
st20240929;Solomiia;Khomenko;Arturivna;Female;2;2024-09-01;2;f006;sp025;BUDGET;ACTIVE;s.khomenko4@ukma.edu.ua;+380501235435;2005-06-19;20
st20240930;Vira;Khomenko;Kyrylivna;Female;2;2024-09-01;2;f006;sp025;BUDGET;ACTIVE;v.khomenko3@ukma.edu.ua;+380501235439;2006-04-05;20
st20230888;Andrii;Havryliuk;Antonovych;Male;3;2023-09-01;2;f006;sp025;BUDGET;ACTIVE;a.havryliuk7@ukma.edu.ua;+380501236342;2004-04-21;21
st20230889;Mykola;Havryliuk;Arturovych;Male;3;2023-09-01;2;f006;sp025;CONTRACT;ACTIVE;m.havryliuk3@ukma.edu.ua;+380501236362;2004-03-27;22
st20230890;Nadiia;Havryliuk;Antonivna;Female;3;2023-09-01;2;f006;sp025;BUDGET;ACTIVE;n.havryliuk6@ukma.edu.ua;+380501236370;2004-05-07;21
st20230891;Daria;Hrytsenko;Valentynivna;Female;3;2023-09-01;2;f006;sp025;CONTRACT;ACTIVE;d.hrytsenko2@ukma.edu.ua;+380501236353;2004-11-02;21
st20230892;Daria;Hrytsenko;Illivna;Female;3;2023-09-01;2;f006;sp025;CONTRACT;ACTIVE;d.hrytsenko3@ukma.edu.ua;+380501236373;2005-07-08;20
st20230893;Valentyn;Ivanenko;Illich;Male;3;2023-09-01;2;f006;sp025;CONTRACT;ACTIVE;v.ivanenko7@ukma.edu.ua;+380501236369;2004-08-18;21
st20230894;Yuliia;Khomenko;Andriivna;Female;3;2023-09-01;2;f006;sp025;BUDGET;ACTIVE;y.khomenko6@ukma.edu.ua;+380501236355;2004-05-01;21
st20220916;Yelyzaveta;Hrytsenko;Mykolaivna;Female;4;2022-09-01;2;f006;sp025;BUDGET;ACTIVE;y.hrytsenko8@ukma.edu.ua;+380501237292;2004-08-16;21
st20220917;Dmytro;Ivanenko;Serhiiovych;Male;4;2022-09-01;2;f006;sp025;CONTRACT;ACTIVE;d.ivanenko7@ukma.edu.ua;+380501237289;2004-04-16;22
st20220918;Kseniia;Ivanenko;Kyrylivna;Female;4;2022-09-01;2;f006;sp025;CONTRACT;ACTIVE;k.ivanenko3@ukma.edu.ua;+380501237297;2004-11-09;21
st20220919;Stepan;Ivanenko;Mykhailovych;Male;4;2022-09-01;2;f006;sp025;CONTRACT;ACTIVE;s.ivanenko7@ukma.edu.ua;+380501237311;2004-12-27;21
st20220920;Mykhailo;Karpenko;Illich;Male;4;2022-09-01;2;f006;sp025;CONTRACT;ACTIVE;m.karpenko3@ukma.edu.ua;+380501237294;2003-12-04;22
st20220921;Nazar;Kravchenko;Kyrylovych;Male;4;2022-09-01;2;f006;sp025;BUDGET;ACTIVE;n.kravchenko4@ukma.edu.ua;+380501237284;2003-07-17;22
st20251005;Oleksandra;Kiiutina;Pavlivna;Female;1;2025-09-01;3;f006;sp025;CONTRACT;ACTIVE;o.kiiutina@ukma.edu.ua;+380501235295;2007-05-11;18
st20251006;Denys;Reva;Rustamovych;Male;1;2025-09-01;3;f006;sp025;CONTRACT;ACTIVE;d.reva@ukma.edu.ua;+380501235296;2006-11-20;19
st20251007;Uliana;Honcharuk;Olehivna;Female;1;2025-09-01;3;f006;sp025;CONTRACT;ACTIVE;u.honcharuk@ukma.edu.ua;+380501235297;2007-07-03;18
st20251008;Tetiana;Chaban;Viacheslavivna;Female;1;2025-09-01;3;f006;sp025;CONTRACT;ACTIVE;t.chaban@ukma.edu.ua;+380501235298;2006-01-29;20
st20251009;Yehor;Pohrebniak;Oleksiiovych;Male;1;2025-09-01;3;f006;sp025;CONTRACT;ACTIVE;y.pohrebniak@ukma.edu.ua;+380501235299;2007-02-15;19
st20251010;Yelyzaveta;Hutsol;Andriivna;Female;1;2025-09-01;3;f006;sp025;CONTRACT;ACTIVE;y.hutsol@ukma.edu.ua;+380501235300;2006-08-01;19
st20251011;Oleksandra;Yakimenko;Yehorivna;Female;1;2025-09-01;3;f006;sp025;CONTRACT;ACTIVE;o.yakimenko@ukma.edu.ua;+380501235301;2007-09-08;18
st20251012;Sofiia;Hrynkiv;Romanivna;Female;1;2025-09-01;3;f006;sp025;CONTRACT;ACTIVE;s.hrynkiv@ukma.edu.ua;+380501235302;2006-12-13;19
st20251013;Poliina;Kurbal;Mykhailivna;Female;1;2025-09-01;3;f006;sp025;CONTRACT;ACTIVE;p.kurbal@ukma.edu.ua;+380501235303;2007-04-26;18
st20251014;Mariia;Hrabova;Volodymyrivna;Female;1;2025-09-01;3;f006;sp025;CONTRACT;ACTIVE;m.hrabova@ukma.edu.ua;+380501235304;2006-06-18;19
st20240931;Hlib;Kravchenko;Yuriiovych;Male;2;2024-09-01;3;f006;sp025;CONTRACT;ACTIVE;h.kravchenko@ukma.edu.ua;+380501235442;2005-10-07;20
st20240932;Liubov;Kravchenko;Serhiivna;Female;2;2024-09-01;3;f006;sp025;CONTRACT;ACTIVE;l.kravchenko1@ukma.edu.ua;+380501235449;2006-04-03;20
st20240933;Rostyslav;Kravchenko;Yevhenovych;Male;2;2024-09-01;3;f006;sp025;CONTRACT;ACTIVE;r.kravchenko@ukma.edu.ua;+380501235453;2005-09-28;20
st20240934;Rostyslav;Melnyk;Andriiovych;Male;2;2024-09-01;3;f006;sp025;BUDGET;ACTIVE;r.melnyk1@ukma.edu.ua;+380501235422;2005-09-17;20
st20240935;Oksana;Melnyk;Dmytrivna;Female;2;2024-09-01;3;f006;sp025;BUDGET;ACTIVE;o.melnyk1@ukma.edu.ua;+380501235441;2006-08-16;19
st20240936;Kseniia;Melnyk;Volodymyrivna;Female;2;2024-09-01;3;f006;sp025;CONTRACT;ACTIVE;k.melnyk2@ukma.edu.ua;+380501235448;2005-03-04;21
st20230895;Yevhen;Khomenko;Hlibovych;Male;3;2023-09-01;3;f006;sp025;BUDGET;ACTIVE;y.khomenko7@ukma.edu.ua;+380501236359;2004-03-16;22
st20230896;Taras;Khomenko;Tarasovych;Male;3;2023-09-01;3;f006;sp025;CONTRACT;ACTIVE;t.khomenko2@ukma.edu.ua;+380501236361;2005-04-26;20
st20230897;Vasyl;Koval;Tymurovych;Male;3;2023-09-01;3;f006;sp025;CONTRACT;ACTIVE;v.koval8@ukma.edu.ua;+380501236338;2004-02-03;22
st20230898;Andrii;Koval;Denysovych;Male;3;2023-09-01;3;f006;sp025;BUDGET;ACTIVE;a.koval8@ukma.edu.ua;+380501236345;2004-06-23;21
st20230899;Alisa;Koval;Dmytrivna;Female;3;2023-09-01;3;f006;sp025;BUDGET;ACTIVE;a.koval9@ukma.edu.ua;+380501236356;2004-07-10;21
st20230900;Stepan;Kovalenko;Yuriiovych;Male;3;2023-09-01;3;f006;sp025;BUDGET;ACTIVE;s.kovalenko3@ukma.edu.ua;+380501236347;2004-06-08;21
st20230901;Diana;Kovalenko;Arturivna;Female;3;2023-09-01;3;f006;sp025;CONTRACT;ACTIVE;d.kovalenko5@ukma.edu.ua;+380501236360;2005-06-13;20
st20220922;Stepan;Kravchenko;Mykolaiovych;Male;4;2022-09-01;3;f006;sp025;CONTRACT;ACTIVE;s.kravchenko6@ukma.edu.ua;+380501237291;2003-08-18;22
st20220923;Illia;Lysenko;Arturovych;Male;4;2022-09-01;3;f006;sp025;BUDGET;ACTIVE;i.lysenko6@ukma.edu.ua;+380501237304;2004-12-01;21
st20220924;Mykhailo;Lysenko;Illich;Male;4;2022-09-01;3;f006;sp025;CONTRACT;ACTIVE;m.lysenko3@ukma.edu.ua;+380501237305;2004-08-03;21
st20220925;Anton;Marchenko;Illich;Male;4;2022-09-01;3;f006;sp025;CONTRACT;ACTIVE;a.marchenko17@ukma.edu.ua;+380501237309;2004-08-05;21
st20220926;Bozhena;Moroz;Denysivna;Female;4;2022-09-01;3;f006;sp025;CONTRACT;ACTIVE;b.moroz4@ukma.edu.ua;+380501237283;2003-04-11;23
st20220927;Maksym;Moroz;Yevhenovych;Male;4;2022-09-01;3;f006;sp025;CONTRACT;ACTIVE;m.moroz3@ukma.edu.ua;+380501237295;2004-01-16;22
st20251015;Anastasiia;Vaskovska;Oleksiivna;Female;1;2025-09-01;4;f006;sp025;CONTRACT;ACTIVE;a.vaskovska@ukma.edu.ua;+380501235305;2007-11-09;18
st20251016;Yelyzaveta;Perelot;Volodymyrivna;Female;1;2025-09-01;4;f006;sp025;CONTRACT;ACTIVE;y.perelot@ukma.edu.ua;+380501235306;2006-03-10;20
st20251017;Yeva;Chernova;Denysivna;Female;1;2025-09-01;4;f006;sp025;CONTRACT;ACTIVE;y.chernova@ukma.edu.ua;+380501235307;2007-08-27;18
st20251018;Sofiia;Konchyts;Volodymyrivna;Female;1;2025-09-01;4;f006;sp025;CONTRACT;ACTIVE;s.konchyts@ukma.edu.ua;+380501235308;2006-01-05;20
st20251019;Yelyzaveta;Mezentseva;Volodymyrivna;Female;1;2025-09-01;4;f006;sp025;CONTRACT;ACTIVE;y.mezentseva@ukma.edu.ua;+380501235309;2007-03-12;19
st20251020;Sofiia;Kalinichenko;Vasylivna;Female;1;2025-09-01;4;f006;sp025;CONTRACT;ACTIVE;s.kalinichenko@ukma.edu.ua;+380501235310;2006-11-20;19
st20251021;Alina;Antoniuk;Denysivna;Female;1;2025-09-01;4;f006;sp025;CONTRACT;ACTIVE;a.antoniuk@ukma.edu.ua;+380501235311;2007-05-08;18
st20251022;Veronika;Shevchenko;Oleksandrivna;Female;1;2025-09-01;4;f006;sp025;CONTRACT;ACTIVE;v.shevchenko@ukma.edu.ua;+380501235312;2006-08-14;19
st20251023;Anastasiia;Bahinska;Vitaliivna;Female;1;2025-09-01;4;f006;sp025;CONTRACT;ACTIVE;a.bahinska@ukma.edu.ua;+380501235313;2007-02-22;19
st20251024;Kateryna;Pavlova;Vadymivna;Female;1;2025-09-01;4;f006;sp025;CONTRACT;ACTIVE;k.pavlova@ukma.edu.ua;+380501235314;2006-12-05;19
st20240937;Yelyzaveta;Panchenko;Yuriivna;Female;2;2024-09-01;4;f006;sp025;CONTRACT;ACTIVE;y.panchenko4@ukma.edu.ua;+380501235419;2005-07-06;20
st20240938;Bozhena;Panchenko;Hlibivna;Female;2;2024-09-01;4;f006;sp025;CONTRACT;ACTIVE;b.panchenko1@ukma.edu.ua;+380501235424;2006-02-21;20
st20240939;Artem;Panchenko;Mykhailovych;Male;2;2024-09-01;4;f006;sp025;CONTRACT;ACTIVE;a.panchenko2@ukma.edu.ua;+380501235432;2005-01-09;21
st20240940;Oksana;Panchenko;Stepanivna;Female;2;2024-09-01;4;f006;sp025;BUDGET;ACTIVE;o.panchenko1@ukma.edu.ua;+380501235445;2006-06-01;19
st20240941;Roman;Petrenko;Maksymovych;Male;2;2024-09-01;4;f006;sp025;CONTRACT;ACTIVE;r.petrenko1@ukma.edu.ua;+380501235440;2006-01-21;20
st20240942;Khrystyna;Petrenko;Artemivna;Female;2;2024-09-01;4;f006;sp025;CONTRACT;ACTIVE;k.petrenko4@ukma.edu.ua;+380501235444;2005-11-10;20
st20230902;Artur;Kovalenko;Tymurovych;Male;3;2023-09-01;4;f006;sp025;BUDGET;ACTIVE;a.kovalenko5@ukma.edu.ua;+380501236364;2005-09-28;20
st20230903;Solomiia;Kravchenko;Oleksandrivna;Female;3;2023-09-01;4;f006;sp025;CONTRACT;ACTIVE;s.kravchenko5@ukma.edu.ua;+380501236335;2004-10-16;21
st20230904;Nazar;Kravchenko;Mykolaiovych;Male;3;2023-09-01;4;f006;sp025;BUDGET;ACTIVE;n.kravchenko2@ukma.edu.ua;+380501236368;2004-04-24;21
st20230905;Vira;Marchenko;Vitaliivna;Female;3;2023-09-01;4;f006;sp025;BUDGET;ACTIVE;v.marchenko7@ukma.edu.ua;+380501236372;2004-03-16;22
st20230906;Kyrylo;Panchenko;Serhiiovych;Male;3;2023-09-01;4;f006;sp025;BUDGET;ACTIVE;k.panchenko4@ukma.edu.ua;+380501236341;2005-04-26;20
st20230907;Veronika;Petrenko;Stepanivna;Female;3;2023-09-01;4;f006;sp025;CONTRACT;ACTIVE;v.petrenko8@ukma.edu.ua;+380501236365;2005-10-09;20
st20230908;Tetiana;Polishchuk;Kyrylivna;Female;3;2023-09-01;4;f006;sp025;BUDGET;ACTIVE;t.polishchuk4@ukma.edu.ua;+380501236340;2004-01-07;22
st20220928;Viktoriia;Moroz;Volodymyrivna;Female;4;2022-09-01;4;f006;sp025;CONTRACT;ACTIVE;v.moroz15@ukma.edu.ua;+380501237303;2003-10-22;22
st20220929;Liubov;Moroz;Vladyslavivna;Female;4;2022-09-01;4;f006;sp025;CONTRACT;ACTIVE;l.moroz@ukma.edu.ua;+380501237307;2004-02-25;22
st20220930;Vitalii;Oliinyk;Ivanovych;Male;4;2022-09-01;4;f006;sp025;CONTRACT;ACTIVE;v.oliinyk9@ukma.edu.ua;+380501237290;2004-03-03;22
st20220931;Artur;Polishchuk;Denysovych;Male;4;2022-09-01;4;f006;sp025;CONTRACT;ACTIVE;a.polishchuk11@ukma.edu.ua;+380501237313;2004-01-20;22
st20220932;Denys;Ponomarenko;Mykolaiovych;Male;4;2022-09-01;4;f006;sp025;CONTRACT;ACTIVE;d.ponomarenko7@ukma.edu.ua;+380501237314;2003-05-04;22
st20220933;Nataliia;Shevchenko;Kyrylivna;Female;4;2022-09-01;4;f006;sp025;BUDGET;ACTIVE;n.shevchenko3@ukma.edu.ua;+380501237288;2003-06-22;22
st20251025;Sofya;Husakova;Oleksiivna;Female;1;2025-09-01;5;f006;sp025;CONTRACT;ACTIVE;s.husakova@ukma.edu.ua;+380501235315;2007-09-11;18
st20251026;Yeva;Podoliak;Oleksandrivna;Female;1;2025-09-01;5;f006;sp025;CONTRACT;ACTIVE;y.podoliak@ukma.edu.ua;+380501235316;2006-10-27;19
st20251027;Tymofii;Antonov;Yevhenovych;Male;1;2025-09-01;5;f006;sp025;CONTRACT;ACTIVE;t.antonov@ukma.edu.ua;+380501235317;2007-04-16;19
st20251028;Anna;Kriuchkova;Oleksandrivna;Female;1;2025-09-01;5;f006;sp025;CONTRACT;ACTIVE;a.kriuchkova@ukma.edu.ua;+380501235318;2006-07-03;19
st20251029;Anastasiia;Koval;Romanivna;Female;1;2025-09-01;5;f006;sp025;CONTRACT;ACTIVE;a.koval@ukma.edu.ua;+380501235319;2007-05-19;18
st20251030;Veronika;Polyvach;Viktorivna;Female;1;2025-09-01;5;f006;sp025;CONTRACT;ACTIVE;v.polyvach@ukma.edu.ua;+380501235320;2006-09-24;19
st20251031;Sofiia;Tsvietkova;Kostiantynivna;Female;1;2025-09-01;5;f006;sp025;CONTRACT;ACTIVE;s.tsvietkova@ukma.edu.ua;+380501235321;2007-03-31;19
st20251032;Izabella;Domuz;Oleksandrivna;Female;1;2025-09-01;5;f006;sp025;CONTRACT;ACTIVE;i.domuz@ukma.edu.ua;+380501235322;2006-01-09;20
st20251033;Daryna;Burlaka;Vasylivna;Female;1;2025-09-01;5;f006;sp025;CONTRACT;ACTIVE;d.burlaka@ukma.edu.ua;+380501235323;2007-11-04;18
st20251034;Mariia;Pavlova;Andriivna;Female;1;2025-09-01;5;f006;sp025;CONTRACT;ACTIVE;m.pavlova@ukma.edu.ua;+380501235324;2006-08-21;19
st20240943;Ivan;Petrenko;Tarasovych;Male;2;2024-09-01;5;f006;sp025;CONTRACT;ACTIVE;i.petrenko3@ukma.edu.ua;+380501235452;2006-11-06;19
st20240944;Illia;Radchenko;Bohdanovych;Male;2;2024-09-01;5;f006;sp025;CONTRACT;ACTIVE;i.radchenko1@ukma.edu.ua;+380501235437;2006-02-05;20
st20240945;Nadiia;Savchenko;Tymurivna;Female;2;2024-09-01;5;f006;sp025;BUDGET;ACTIVE;n.savchenko3@ukma.edu.ua;+380501235446;2005-01-12;21
st20240946;Nadiia;Shevchenko;Valentynivna;Female;2;2024-09-01;5;f006;sp025;BUDGET;ACTIVE;n.shevchenko@ukma.edu.ua;+380501235434;2006-07-06;19
st20240947;Roman;Shevchenko;Rostyslavovych;Male;2;2024-09-01;5;f006;sp025;CONTRACT;ACTIVE;r.shevchenko@ukma.edu.ua;+380501235436;2005-05-01;20
st20240948;Vitalii;Shevchuk;Vladyslavovych;Male;2;2024-09-01;5;f006;sp025;BUDGET;ACTIVE;v.shevchuk1@ukma.edu.ua;+380501235450;2006-05-12;19
st20230909;Oleh;Polishchuk;Artemovych;Male;3;2023-09-01;5;f006;sp025;BUDGET;ACTIVE;o.polishchuk2@ukma.edu.ua;+380501236348;2004-04-08;22
st20230910;Anna;Radchenko;Oleksandrivna;Female;3;2023-09-01;5;f006;sp025;CONTRACT;ACTIVE;a.radchenko7@ukma.edu.ua;+380501236352;2004-04-23;21
st20230911;Artur;Savchenko;Serhiiovych;Male;3;2023-09-01;5;f006;sp025;BUDGET;ACTIVE;a.savchenko8@ukma.edu.ua;+380501236371;2004-01-21;22
st20230912;Bohdan;Shevchenko;Yuriiovych;Male;3;2023-09-01;5;f006;sp025;BUDGET;ACTIVE;b.shevchenko2@ukma.edu.ua;+380501236343;2004-08-02;21
st20230913;Oleh;Shevchenko;Stepanovych;Male;3;2023-09-01;5;f006;sp025;CONTRACT;ACTIVE;o.shevchenko3@ukma.edu.ua;+380501236351;2004-10-13;21
st20230914;Stepan;Shevchuk;Ivanovych;Male;3;2023-09-01;5;f006;sp025;CONTRACT;ACTIVE;s.shevchuk4@ukma.edu.ua;+380501236350;2005-04-08;21
st20230915;Denys;Sydorenko;Vladyslavovych;Male;3;2023-09-01;5;f006;sp025;CONTRACT;ACTIVE;d.sydorenko1@ukma.edu.ua;+380501236339;2005-02-27;21
st20220934;Denys;Shevchenko;Andriiovych;Male;4;2022-09-01;5;f006;sp025;CONTRACT;ACTIVE;d.shevchenko6@ukma.edu.ua;+380501237296;2003-01-13;23
st20220935;Ivan;Shevchuk;Arturovych;Male;4;2022-09-01;5;f006;sp025;BUDGET;ACTIVE;i.shevchuk4@ukma.edu.ua;+380501237287;2003-09-11;22
st20220936;Volodymyr;Taran;Volodymyrovych;Male;4;2022-09-01;5;f006;sp025;CONTRACT;ACTIVE;v.taran20@ukma.edu.ua;+380501237306;2003-01-28;23
st20220937;Alina;Taran;Rostyslavivna;Female;4;2022-09-01;5;f006;sp025;CONTRACT;ACTIVE;a.taran11@ukma.edu.ua;+380501237312;2004-12-20;21
st20220938;Olena;Tkachenko;Vitaliivna;Female;4;2022-09-01;5;f006;sp025;BUDGET;ACTIVE;o.tkachenko2@ukma.edu.ua;+380501237298;2004-06-07;21
st20220939;Oksana;Tkachenko;Yevhenivna;Female;4;2022-09-01;5;f006;sp025;BUDGET;ACTIVE;o.tkachenko3@ukma.edu.ua;+380501237299;2004-09-06;21
st20251035;Veronika;Potapska;Oleksiivna;Female;1;2025-09-01;6;f006;sp025;CONTRACT;ACTIVE;v.potapska@ukma.edu.ua;+380501235325;2007-06-15;18
st20251036;Karolina;Shurpylo;Serhiivna;Female;1;2025-09-01;6;f006;sp025;CONTRACT;ACTIVE;k.shurpylo@ukma.edu.ua;+380501235326;2006-04-30;19
st20251037;Iryna;Virych;Viacheslavivna;Female;1;2025-09-01;6;f006;sp025;CONTRACT;ACTIVE;i.virych@ukma.edu.ua;+380501235327;2007-10-12;18
st20251038;Sofiia;Karpova;Artemivna;Female;1;2025-09-01;6;f006;sp025;CONTRACT;ACTIVE;s.karpova@ukma.edu.ua;+380501235328;2006-02-28;20
st20251039;Anastasiia;Kyrstia;Oleksandrivna;Female;1;2025-09-01;6;f006;sp025;CONTRACT;ACTIVE;a.kyrstia@ukma.edu.ua;+380501235329;2007-07-07;18
st20251040;Veronika;Tatarova;Olehivna;Female;1;2025-09-01;6;f006;sp025;CONTRACT;ACTIVE;v.tatarova@ukma.edu.ua;+380501235330;2006-11-12;19
st20251041;Solomiia;Boiko;Vasylivna;Female;1;2025-09-01;6;f006;sp025;CONTRACT;ACTIVE;s.boiko@ukma.edu.ua;+380501235331;2007-08-04;18
st20251042;Poliina;Kuzmina;Andriivna;Female;1;2025-09-01;6;f006;sp025;CONTRACT;ACTIVE;p.kuzmina@ukma.edu.ua;+380501235332;2006-04-19;20
st20251043;Iryna;Bihun;Volodymyrivna;Female;1;2025-09-01;6;f006;sp025;CONTRACT;ACTIVE;i.bihun@ukma.edu.ua;+380501235333;2007-10-09;18
st20251044;Viktoriia;Savenko;Vasylivna;Female;1;2025-09-01;6;f006;sp025;CONTRACT;ACTIVE;v.savenko@ukma.edu.ua;+380501235334;2006-06-25;19
st20240949;Nazar;Shevchuk;Andriiovych;Male;2;2024-09-01;6;f006;sp025;BUDGET;ACTIVE;n.shevchuk2@ukma.edu.ua;+380501235451;2005-07-21;20
st20240950;Anastasiia;Sydorenko;Yevhenivna;Female;2;2024-09-01;6;f006;sp025;CONTRACT;ACTIVE;a.sydorenko1@ukma.edu.ua;+380501235427;2006-01-27;20
st20240951;Nataliia;Taran;Arturivna;Female;2;2024-09-01;6;f006;sp025;CONTRACT;ACTIVE;n.taran@ukma.edu.ua;+380501235420;2006-10-07;19
st20240952;Iryna;Tkachuk;Volodymyrivna;Female;2;2024-09-01;6;f006;sp025;BUDGET;ACTIVE;i.tkachuk1@ukma.edu.ua;+380501235425;2006-08-18;19
st20240953;Oleksandr;Tkachuk;Volodymyrovych;Male;2;2024-09-01;6;f006;sp025;BUDGET;ACTIVE;o.tkachuk1@ukma.edu.ua;+380501235430;2006-11-25;19
st20240954;Illia;Tkachuk;Romanovych;Male;2;2024-09-01;6;f006;sp025;CONTRACT;ACTIVE;i.tkachuk2@ukma.edu.ua;+380501235438;2006-08-01;19
st20230916;Rostyslav;Taran;Maksymovych;Male;3;2023-09-01;6;f006;sp025;CONTRACT;ACTIVE;r.taran1@ukma.edu.ua;+380501236336;2005-12-01;20
st20230917;Kyrylo;Tkachenko;Dmytrovych;Male;3;2023-09-01;6;f006;sp025;BUDGET;ACTIVE;k.tkachenko4@ukma.edu.ua;+380501236344;2004-01-05;22
st20230918;Valentyn;Tkachuk;Mykolaiovych;Male;3;2023-09-01;6;f006;sp025;CONTRACT;ACTIVE;v.tkachuk14@ukma.edu.ua;+380501236337;2004-08-01;21
st20230919;Hlib;Vlasenko;Illich;Male;3;2023-09-01;6;f006;sp025;BUDGET;ACTIVE;h.vlasenko@ukma.edu.ua;+380501236346;2005-07-25;20
st20220940;Liubov;Tkachuk;Stepanivna;Female;4;2022-09-01;6;f006;sp025;BUDGET;ACTIVE;l.tkachuk@ukma.edu.ua;+380501237293;2004-08-06;21
st20220941;Yevhen;Vlasenko;Stepanovych;Male;4;2022-09-01;6;f006;sp025;BUDGET;ACTIVE;y.vlasenko5@ukma.edu.ua;+380501237300;2004-05-07;21
st20251045;Kateryna;Khorenko;Ihorivna;Female;1;2025-09-01;7;f006;sp025;CONTRACT;ACTIVE;k.khorenko@ukma.edu.ua;+380501235335;2007-02-05;19
st20251046;Yelyzaveta;Pavliuk;Andriivna;Female;1;2025-09-01;7;f006;sp025;CONTRACT;ACTIVE;y.pavliuk@ukma.edu.ua;+380501235336;2006-01-11;20
st20251047;Kseniia;Yakovleva;Viktorivna;Female;1;2025-09-01;7;f006;sp025;CONTRACT;ACTIVE;k.yakovleva@ukma.edu.ua;+380501235337;2007-05-29;18
st20251048;Svitlana;Khailuk;Olehivna;Female;1;2025-09-01;7;f006;sp025;CONTRACT;ACTIVE;s.khailuk@ukma.edu.ua;+380501235338;2006-12-02;19
st20251049;Poliina;Ilkhovska;Oleksandrivna;Female;1;2025-09-01;7;f006;sp025;CONTRACT;ACTIVE;p.ilkhovska@ukma.edu.ua;+380501235339;2007-09-17;18
st20251050;Diana;Spivak;Rostyslavivna;Female;1;2025-09-01;7;f006;sp025;CONTRACT;ACTIVE;d.spivak@ukma.edu.ua;+380501235340;2006-08-22;19
st20251051;Ivan;Briukhanov;Olehovych;Male;1;2025-09-01;7;f006;sp025;CONTRACT;ACTIVE;i.briukhanov@ukma.edu.ua;+380501235341;2007-03-08;19
st20251052;Sofiia;Romanieieva;Oleksandrivna;Female;1;2025-09-01;7;f006;sp025;CONTRACT;ACTIVE;s.romanieieva@ukma.edu.ua;+380501235342;2006-10-31;19
st20251053;Viktoriia;Chereshniuk;Viktorivna;Female;1;2025-09-01;7;f006;sp025;CONTRACT;ACTIVE;v.chereshniuk@ukma.edu.ua;+380501235343;2007-07-14;18
st20251054;Milana;Kyrylenko;Serhiivna;Female;1;2025-09-01;7;f006;sp025;CONTRACT;ACTIVE;m.kyrylenko@ukma.edu.ua;+380501235344;2006-05-03;19
st20251055;Yuliia;Vasylenko;Volodymyrivna;Female;1;2025-09-01;8;f006;sp025;CONTRACT;ACTIVE;y.vasylenko@ukma.edu.ua;+380501235345;2007-11-26;18
st20251056;Yuliia;Polonets;Serhiivna;Female;1;2025-09-01;8;f006;sp025;CONTRACT;ACTIVE;y.polonets@ukma.edu.ua;+380501235346;2006-02-18;20
st20251057;Oleksandr;Hrytsai;Oleksandrovych;Male;1;2025-09-01;8;f006;sp025;CONTRACT;ACTIVE;o.hrytsai@ukma.edu.ua;+380501235347;2007-04-10;19
st20251058;Olha;Pirohova;Sviatoslavivna;Female;1;2025-09-01;8;f006;sp025;CONTRACT;ACTIVE;o.pirohova@ukma.edu.ua;+380501235348;2006-12-08;19
st20251059;Haiane;Pohosova;Romanivna;Female;1;2025-09-01;8;f006;sp025;CONTRACT;ACTIVE;h.pohosova@ukma.edu.ua;+380501235349;2007-08-16;18
st20251060;Zakhar;Yashchenko;Oleksandrovych;Male;1;2025-09-01;8;f006;sp025;CONTRACT;ACTIVE;z.yashchenko@ukma.edu.ua;+380501235350;2006-06-02;19
st20251061;Sofiia;Nalimova;Serhiivna;Female;1;2025-09-01;8;f006;sp025;CONTRACT;ACTIVE;s.nalimova@ukma.edu.ua;+380501235351;2007-01-22;19
st20251062;Anastasiia;Smitiukh;Vasylivna;Female;1;2025-09-01;8;f006;sp025;CONTRACT;ACTIVE;a.smitiukh@ukma.edu.ua;+380501235352;2006-09-14;19
st20251063;Valeriia;Korol;Tymurivna;Female;1;2025-09-01;8;f006;sp025;CONTRACT;ACTIVE;v.korol@ukma.edu.ua;+380501235353;2007-10-28;18
st20251064;Vladyslava;Trofimchuk;Vadymivna;Female;1;2025-09-01;8;f006;sp025;CONTRACT;ACTIVE;v.trofimchuk@ukma.edu.ua;+380501235354;2006-03-05;20
st20251065;Karyna;Derezenko;Yaroslavivna;Female;1;2025-09-01;9;f006;sp025;CONTRACT;ACTIVE;k.derezenko@ukma.edu.ua;+380501235355;2007-05-11;18
st20251066;Yelyzaveta;Litvyshchenko;Antonivna;Female;1;2025-09-01;9;f006;sp025;CONTRACT;ACTIVE;y.litvyshchenko@ukma.edu.ua;+380501235356;2006-11-20;19
st20251067;Yana;Stanislavska;Hennadiivna;Female;1;2025-09-01;9;f006;sp025;CONTRACT;ACTIVE;y.stanislavska@ukma.edu.ua;+380501235357;2007-07-03;18
st20251068;Oleksandr;Kuzmenko;Vitaliiovych;Male;1;2025-09-01;9;f006;sp025;CONTRACT;ACTIVE;o.kuzmenko@ukma.edu.ua;+380501235358;2006-01-29;20
st20251069;Mariia;Radkevych;Oleksandrivna;Female;1;2025-09-01;9;f006;sp025;CONTRACT;ACTIVE;m.radkevych@ukma.edu.ua;+380501235359;2007-02-15;19
st20251070;Andrii;Kyshenia;Maksymovych;Male;1;2025-09-01;9;f006;sp025;CONTRACT;ACTIVE;a.kyshenia@ukma.edu.ua;+380501235360;2006-08-01;19
st20251071;Anastasiia;Yatsuk;Yevheniivna;Female;1;2025-09-01;9;f006;sp025;CONTRACT;ACTIVE;a.yatsuk@ukma.edu.ua;+380501235361;2007-09-08;18
st20251072;Viktoriia;Yurchuk;Vitaliivna;Female;1;2025-09-01;9;f006;sp025;CONTRACT;ACTIVE;v.yurchuk@ukma.edu.ua;+380501235362;2006-12-13;19
st20251073;Yuliia;Bohatova;Yevhenivna;Female;1;2025-09-01;9;f006;sp025;CONTRACT;ACTIVE;y.bohatova@ukma.edu.ua;+380501235363;2007-04-26;18
